,id,scrape_id,host_id,host_listings_count,host_total_listings_count,neighbourhood_group_cleansed,latitude,longitude,accommodates,bathrooms,bedrooms,beds,minimum_nights,maximum_nights,minimum_minimum_nights,maximum_minimum_nights,minimum_maximum_nights,maximum_maximum_nights,minimum_nights_avg_ntm,maximum_nights_avg_ntm,calendar_updated,availability_30,availability_60,availability_90,availability_365,number_of_reviews,number_of_reviews_ltm,number_of_reviews_l30d,availability_eoy,number_of_reviews_ly,estimated_occupancy_l365d,estimated_revenue_l365d,review_scores_rating,review_scores_accuracy,review_scores_cleanliness,review_scores_checkin,review_scores_communication,review_scores_location,review_scores_value,calculated_host_listings_count,calculated_host_listings_count_entire_homes,calculated_host_listings_count_private_rooms,calculated_host_listings_count_shared_rooms,reviews_per_month,price_clean,log_price,price_per_accommodates,log_price_per_accommodates,log_reviews,log_accommodates,log_beds,price_zscore,price_percentile,log_price_zscore,reviews_zscore,reviews_percentile,reviews_per_month_zscore,occupancy_rate,occupancy_rate_booked,occupancy_is_capped,est_annual_revenue,est_annual_revenue_booked,revenue_per_accommodates,revenue_per_bedroom,log_est_revenue,host_listings_in_city,host_is_professional,pct_professional_hosts,pct_large_operators,median_host_listings,gini_host_concentration,market_professionalization_score,purchase_price,monthly_payment,zori_rent,annual_cash_flow,cash_on_cash_roi,cap_rate,price_to_rent_ratio,revenue_yield,annual_cash_flow_booked,cash_on_cash_roi_booked,cap_rate_booked,revenue_yield_booked
id,1.0,,0.42472798271610274,0.08964435637771821,0.10646243394684118,,-0.05814178491861089,0.08244685121378433,0.042606232038961536,0.016048781742517084,0.12029275384035824,0.019337724764641927,-0.028841417303804198,-0.20227256641014693,-0.050939903478208405,-0.00589416251354959,-0.30693781628293904,-0.2910088947996955,-0.04412087641856973,-0.2910476863268914,,0.08046107807040254,0.07984404502615161,0.08107814764784851,0.05663976349705333,-0.4814376363880194,-0.15667697177268586,-0.025685685599904202,0.07320928198413251,-0.2582489849930225,-0.21496227724671316,-0.13408882703521238,-0.060151561085857654,-0.09428832946920317,0.0004603259611503409,-0.11655397340716585,-0.08779471917463146,-0.13662411571173494,-0.08423105904016825,0.11320728136971711,0.07368515165057533,0.14719242914180009,-0.05985623900627425,0.10979871031667131,0.052391766880831164,0.057048206106323954,0.010725111611788362,0.013052245342242419,-0.5686208576123308,0.03202283818047685,0.01827333484895005,0.05239176688083266,0.06111803042849289,0.057048206106327645,-0.48143763638801773,-0.576114099151163,0.10979871031666896,-0.056639763497052395,-0.21496227724671416,-0.12987170692506192,0.004921338703795276,-0.13408882703521238,-0.002251560944319318,-0.02167982102900713,-0.05383124843306038,0.11320728136971711,0.16056206558597147,,,,,,,,,0.004921338703795276,0.004921338703792752,0.0049213387037928885,0.04231504666029442,0.0049213387037928885,-0.13408882703521238,-0.13408882703521352,-0.13408882703521435,-0.13408882703521435
scrape_id,,,,,,,,,,,,,,,,,,,,,,,,,,,,,,,,,,,,,,,,,,,,,,,,,,,,,,,,,,,,,,,,,,,,,,,,,,,,,,,,,,,,
host_id,0.42472798271610274,,1.0,0.019668368802243548,0.020105485499234386,,-0.08349132819285943,0.062219319886667235,0.0061032473931647135,-0.0674154084453861,0.0857784888338741,0.003025971261678448,-0.08583461586595244,-0.1259888305225585,-0.07960125873873372,-0.08476486598034655,-0.19519899881632446,-0.172710021192395,-0.08325518491635685,-0.1756576598711529,,0.11514926362534242,0.11653003282076509,0.11463590221564784,0.026560462518366884,-0.2153398756501908,-0.06388660666737489,-0.02290235054202901,0.08070596245746868,-0.10619978529997148,-0.13108547376283447,-0.07868286535247339,-0.1318076571371964,-0.12827158670925187,-0.08429679332867976,-0.14506159592202342,-0.15589941704315974,-0.15623368151333009,-0.13062315477756892,-0.08367049284894047,-0.15910054616985658,0.24838486495040057,-0.009199812548927953,0.0821430579355967,0.01787412292865877,-0.0031147719639537247,0.020783350744262134,0.014612373278463093,-0.26788108799312416,-0.026167560923042274,-0.006555976282026282,0.017874122928659513,0.006105100290140772,-0.0031147719639516287,-0.21533987565019017,-0.2693991434881945,0.08214305793559597,-0.026560462518366305,-0.13108547376283508,-0.07156929211847143,-0.04764092624096647,-0.07868286535247339,-0.03507864301503669,-0.06915003495288845,-0.09717861094926422,-0.08367049284894047,0.1081818012239202,,,,,,,,,-0.04764092624096647,-0.04764092624096754,-0.04764092624096779,0.06430770582994987,-0.04764092624096779,-0.07868286535247339,-0.0786828653524741,-0.07868286535247428,-0.07868286535247428
host_listings_count,0.08964435637771821,,0.019668368802243548,1.0,0.9561144284565767,,-0.08769846122804721,-0.08096500684564409,-0.15225349178389588,-0.08165608570249273,-0.09402365451392876,-0.11449344901966348,0.10154396985187536,0.2688268919718873,0.11407753605608774,0.7066309769587763,0.13272783468235894,0.12219316919455891,0.14623029293780948,0.12728397277118267,,-0.05334014910170474,-0.07102495214492854,-0.06648034789562386,0.09614842164181701,-0.1538831717473172,-0.1753277714722626,-0.17408349571579856,-0.008496302131653467,-0.15931987690319124,-0.22439852823515863,-0.15038768849417566,-0.10496910143816561,-0.11721340539002288,-0.04479828580415487,-0.10520832819254337,-0.18182992335316056,4.3648113781398365e-05,-0.2270116285164991,0.5809877508048253,0.5844124565377442,0.050177063745758865,-0.020910056954635468,-0.14042505323385465,0.1556301094376441,0.1877155708154776,0.35636936621515214,0.35253731911470904,-0.3356339703698221,-0.16044878505942153,-0.1312251862164531,0.15563010943764444,0.2053755274333868,0.18771557081547746,-0.15388317174731775,-0.32185752360143854,-0.14042505323385432,-0.09614842164181703,-0.22439852823515752,-0.09438131259805076,0.029142772258563092,-0.15038768849417566,0.14203779599236965,0.09054100154174706,0.008027198696462965,0.5809877508048253,0.2051726672444489,,,,,,,,,0.029142772258563092,0.029142772258563005,0.029142772258563127,-0.006709551170204927,0.029142772258563127,-0.1503876884941756,-0.15038768849417586,-0.15038768849417591,-0.15038768849417591
host_total_listings_count,0.10646243394684118,,0.020105485499234386,0.9561144284565767,1.0,,-0.09946274065892337,-0.07932283207515421,-0.13595935623293523,-0.07435454795332459,-0.07711838876079889,-0.08892567971189065,0.08903866862744003,0.2516763657895571,0.10016681323924065,0.6356015884401889,0.09478658100810836,0.11203744781693346,0.12825725621778744,0.1133056160497123,,-0.010769547320227798,-0.03156584705056934,-0.02747448411321889,0.11310245778846872,-0.16803069303431714,-0.18775031878414147,-0.18872090355284524,0.026910647216222692,-0.16936924039901707,-0.24127178213370395,-0.14990945267048086,-0.11941622605746723,-0.13521664528355945,-0.05212894699877758,-0.13240791668841692,-0.2030956078104147,0.00243672254120992,-0.23082273767331224,0.561464934507774,0.5529784433736342,0.08860625325433562,-0.023178253089106225,-0.16284759156386974,0.1948141306984875,0.2084930284650815,0.3514622382850024,0.3567762296529238,-0.34781204179076924,-0.1480118616596711,-0.10549792221146766,0.1948141306984883,0.21647668127426656,0.20849302846508153,-0.1680306930343175,-0.3348367322308277,-0.16284759156386946,-0.11310245778846872,-0.2412717821337031,-0.10498014590495237,0.04691633684386504,-0.14990945267048086,0.1315932303341757,0.09015720503126691,-0.0028512273739217204,0.561464934507774,0.2307730963814745,,,,,,,,,0.04691633684386504,0.04691633684386511,0.046916336843864946,0.0198136824528779,0.046916336843864946,-0.1499094526704809,-0.14990945267048014,-0.14990945267048014,-0.14990945267048014
neighbourhood_group_cleansed,,,,,,,,,,,,,,,,,,,,,,,,,,,,,,,,,,,,,,,,,,,,,,,,,,,,,,,,,,,,,,,,,,,,,,,,,,,,,,,,,,,,
latitude,-0.05814178491861089,,-0.08349132819285943,-0.08769846122804721,-0.09946274065892337,,1.0,-0.4430215253109102,-0.03374025452801469,-0.038913222657430226,0.0017891092059154296,-0.021506781932750497,-0.00035572201007410615,-0.018308904882322733,-0.011057465382693954,-0.0616055278660376,-0.018010239425068686,-0.037815257181431826,-0.01371363943666779,-0.03362392150873795,,-0.03258968106018468,-0.03298874873036194,-0.03772902745686957,-0.0304527300088304,0.01364667044199569,-0.003193433330254839,-0.011054522829703504,-0.03867896509613456,0.010307769549600826,0.021031486841296975,-0.0597544177062598,0.05028232569101763,0.05302596307212285,0.020156408797057126,0.05045054325123947,0.05476677685484328,0.1619064696749379,0.059399963578442606,-0.07106661364991375,-0.08578647360415485,0.04438179401667979,-0.04333933000794599,-0.037326343545233974,-0.10420577095201383,-0.12863492184845357,-0.07741713494194005,-0.08770681473556423,0.058696934246259214,-0.04010343220985232,-0.02609004088267301,-0.10420577095201333,-0.14326970174594172,-0.12863492184845404,0.013646670441995716,0.055063469517372114,-0.03732634354523372,0.030452730008830305,0.02103148684129712,-0.0006856628486694488,-0.04240313463682742,-0.0597544177062598,-0.03409582208133364,-0.052430570217201246,-0.025104511204358262,-0.07106661364991375,-0.08682078753122212,,,,,,,,,-0.04240313463682742,-0.042403134636827176,-0.042403134636827315,-0.015577647383953244,-0.042403134636827315,-0.0597544177062598,-0.05975441770625975,-0.05975441770625936,-0.05975441770625936
longitude,0.08244685121378433,,0.062219319886667235,-0.08096500684564409,-0.07932283207515421,,-0.4430215253109102,1.0,0.12372018345164962,0.08562956570879181,0.10631307576500242,0.11320780810825641,-0.08387673447503803,-0.054610613128596684,-0.06684912434168856,-0.06992762520545516,0.006102809001768759,-0.02596241480811366,-0.06862775159151985,-0.014662814359844666,,0.02369224390206904,0.040558388394155515,0.053328313675944705,0.016837380412452443,-0.041643612130775685,0.008081181631190783,0.04397243282998472,0.050063614715718276,0.0010871157612429793,0.0029886316664184684,-0.04872364451350173,-0.026571863644283555,-0.0251874816217824,-0.02712250727635777,0.0020815865102840714,0.003954957772026516,-0.31535575565914614,-0.007596736322164303,-0.12108706733803035,-0.1120572224340277,-0.042493307376183405,0.005389536549059217,0.019170078872765933,-0.07308377814455243,-0.11881726207945631,-0.17819749486717634,-0.25261568236729504,0.0053747487158908175,0.1001743824542174,0.10899578044540136,-0.0730837781445526,-0.11355119737367556,-0.11881726207945507,-0.041643612130775734,-0.0003852526040088655,0.019170078872765662,-0.016837380412452276,0.0029886316664184415,-0.03794750165700443,-0.046715224200274345,-0.04872364451350173,-0.10081164673144356,-0.08902077755516431,-0.05420611583379539,-0.12108706733803035,-0.07035145215939642,,,,,,,,,-0.04671522420027436,-0.04671522420027455,-0.04671522420027471,0.011299569328893694,-0.04671522420027471,-0.04872364451350175,-0.048723644513501946,-0.048723644513501974,-0.048723644513501974
accommodates,0.042606232038961536,,0.0061032473931647135,-0.15225349178389588,-0.13595935623293523,,-0.03374025452801469,0.12372018345164962,1.0,0.6372684039710275,0.7430363357379904,0.8127181315741472,-0.13850900825361784,-0.033892280080550174,-0.16077914203586802,-0.15639304837165074,0.07469638600964959,0.07994568853325429,-0.15772326539247772,0.07812457082485184,,0.06483644910731455,0.08946228397142755,0.08203181652390965,0.02573349443410314,0.01857488826429443,0.10525943607523076,0.11308987035543654,0.062398717185944905,0.08670907957713389,0.08260135337819575,0.3406253880121942,0.05909850393367707,0.04600860296707002,0.06296084423815629,0.036906486871253974,0.036352163199398664,-0.020778162469253122,0.05448542162981768,-0.12878131923645647,-0.07353837140983707,-0.20115898896186632,-0.010281266120852664,0.07153490843975976,0.49978400419218777,0.5634763273941905,-0.2699814860017576,-0.38960852124282214,0.13377797782463363,0.9275461873105958,0.7970785344854391,0.49978400419218777,0.5416498643613278,0.5634763273941906,0.01857488826429448,0.12740442085710135,0.07153490843975947,-0.025733494434103128,0.08260135337819642,0.011141986593730453,0.3187674218622009,0.3406253880121942,-0.1451248300582015,-0.001634741562405895,0.23859330811010204,-0.12878131923645647,-0.04547593070040414,,,,,,,,,0.3187674218622009,0.318767421862203,0.31876742186220003,-0.07516409548265013,0.31876742186220003,0.3406253880121942,0.3406253880121952,0.3406253880121946,0.3406253880121946
bathrooms,0.016048781742517084,,-0.0674154084453861,-0.08165608570249273,-0.07435454795332459,,-0.038913222657430226,0.08562956570879181,0.6372684039710275,1.0,0.5676761274511825,0.5806837753122103,-0.0489337408679128,-0.015973094998654572,-0.06395463613508773,-0.055958351613878826,0.026342638540245846,0.032363914101196226,-0.05902316235168921,0.031554532546005834,,0.048322332191485816,0.054104887867604146,0.03794478697237127,0.02552144567123867,-0.081029678177162,-0.02778186827881555,-0.011278708500018542,0.02172609356341282,-0.035200239740376456,-0.018545960599770345,0.21938721344988504,0.002836979577487748,-0.008927136147928885,-0.03171247921771948,0.004538571637775685,-0.004329934384269975,-0.05184765631690852,-0.0013056271532270035,-0.12629547981545888,-0.03680644684009844,-0.2768203746632596,-0.032728399572202485,-0.07855663048519905,0.4531920663614644,0.434858002966838,-0.06752208384162521,-0.10595896489846733,0.006444487936806915,0.539940604537551,0.5449974317579411,0.4531920663614652,0.40900161518234124,0.4348580029668367,-0.08102967817716199,-0.002177030224151203,-0.07855663048519906,-0.0255214456712387,-0.01854596059977023,-0.05710538863630782,0.2967423407011043,0.21938721344988504,-0.04482595369310138,-0.01927477476383121,0.170047950262497,-0.12629547981545888,0.017818295072988318,,,,,,,,,0.2967423407011043,0.2967423407011054,0.2967423407011055,-0.0432840097082725,0.2967423407011055,0.21938721344988502,0.21938721344988546,0.21938721344988513,0.21938721344988513
bedrooms,0.12029275384035824,,0.0857784888338741,-0.09402365451392876,-0.07711838876079889,,0.0017891092059154296,0.10631307576500242,0.7430363357379904,0.5676761274511825,1.0,0.665883575421449,-0.02788648210839451,-0.04451093142993726,-0.04563150130451734,-0.08742680624498557,0.0009641710552815424,-0.007447460030992031,-0.04394245822301034,-0.005835671928807177,,-0.0006500633997207501,0.014724417150901635,0.013216326092893487,-0.026082238532615414,-0.12820847547585504,-0.04774301906588208,-0.02364470861287814,0.01208933869122135,-0.05959643446460415,-0.06955607941885819,0.19434947105615177,0.042764095839205915,0.02021020939508678,0.03695921634920427,0.035417492390303104,0.034210499376001666,-0.06409249510750675,0.03751993381140086,-0.048927649349123234,-0.08755444647855558,0.12998399993135187,-0.030785609390928507,-0.04770965711214713,0.4134736476513843,0.39403582660574954,-0.13198818781432461,-0.17133591913661111,-0.06766443128718183,0.6227155456706535,0.6321290862162445,0.4134736476513849,0.38058873717522684,0.3940358266057491,-0.12820847547585446,-0.07250219526227719,-0.047709657112147114,0.02608223853261551,-0.06955607941885783,-0.08060965345744796,0.28017672856457665,0.19434947105615177,-0.043060066545913614,-0.10757661179021738,0.18724886324917261,-0.048927649349123234,0.028580049194824448,,,,,,,,,0.28017672856457665,0.280176728564577,0.2801767285645779,-0.04833409578249245,0.2801767285645779,0.19434947105615177,0.19434947105615194,0.19434947105615133,0.19434947105615133
beds,0.019337724764641927,,0.003025971261678448,-0.11449344901966348,-0.08892567971189065,,-0.021506781932750497,0.11320780810825641,0.8127181315741472,0.5806837753122103,0.665883575421449,1.0,-0.10791721057861911,-0.047795402994310746,-0.1166457921245631,-0.12690678639457229,0.05709624294461884,0.057776254006155214,-0.11525647107142364,0.056922095844888124,,0.05740972008658251,0.07909484094318016,0.07759649441404504,0.014770769114358696,-0.008974807158327647,0.06797404540567047,0.06666984743538068,0.05812535413335925,0.05184635982294412,0.04748383135169385,0.30308035865651783,0.04145967391674504,0.020778676043436518,0.033014573141627916,0.03778084642134474,0.03531426838092399,-0.008987688226034218,0.04323549481336052,-0.11351213315341827,-0.07264654468962269,-0.13682108268403137,0.1301181628452278,0.047460363859321904,0.4392160847355493,0.46009653095352,-0.1863348756897449,-0.2704890604656956,0.0793829555930148,0.7133991828471519,0.9564013895612351,0.4392160847355518,0.4382185716643956,0.4600965309535202,-0.008974807158327628,0.0735215319751546,0.047460363859321994,-0.014770769114358609,0.04748383135169378,-0.003237710412298175,0.28250829568643304,0.30308035865651783,-0.10388339512599405,-0.0262271338539644,0.19700127431664755,-0.11351213315341827,-0.03339212122124192,,,,,,,,,0.28250829568643304,0.28250829568643265,0.2825082956864318,-0.061816833844862425,0.2825082956864318,0.3030803586565178,0.30308035865651833,0.30308035865651795,0.30308035865651795
minimum_nights,-0.028841417303804198,,-0.08583461586595244,0.10154396985187536,0.08903866862744003,,-0.00035572201007410615,-0.08387673447503803,-0.13850900825361784,-0.0489337408679128,-0.02788648210839451,-0.10791721057861911,1.0,0.13825005902141543,0.8305433996820131,0.49136863315168866,0.07104574528828074,0.042985030670878,0.8592084706736941,0.04918204979744153,,-0.1382978074718423,-0.1561366170606352,-0.13651870075509878,0.03887813184150129,-0.1656989632565781,-0.26154501959842436,-0.25684394546370437,-0.05056421811810214,-0.23827241945165614,-0.17120150684585786,-0.19645387856704521,-0.0278886963020732,-0.015790876172594327,-0.06186626713801088,-0.033417964457019424,-0.006043018096825862,0.003777646000836483,-0.057941461002272196,0.23507530017259373,0.21299717314055847,0.09815806880014442,0.003430106593242142,-0.2601570008148243,-0.10158907356857456,-0.1595844160564169,0.0699247783505046,0.05027117811591118,-0.2891780930637577,-0.16281262040161712,-0.11870487314324872,-0.10158907356857486,-0.15351245263372612,-0.15958441605641785,-0.16569896325657868,-0.2819697395521523,-0.26015700081482424,-0.03887813184150124,-0.1712015068458586,-0.048850685566664755,-0.10497191418841356,-0.19645387856704521,-0.04148423734578837,-0.10940327127164091,-0.100070974454468,0.23507530017259373,0.06449549580385887,,,,,,,,,-0.10497191418841356,-0.10497191418841377,-0.10497191418841355,0.03267333476731918,-0.10497191418841355,-0.19645387856704516,-0.1964538785670447,-0.1964538785670459,-0.1964538785670459
maximum_nights,-0.20227256641014693,,-0.1259888305225585,0.2688268919718873,0.2516763657895571,,-0.018308904882322733,-0.054610613128596684,-0.033892280080550174,-0.015973094998654572,-0.04451093142993726,-0.047795402994310746,0.13825005902141543,1.0,0.16792941826425317,0.31195096387940624,0.4773954862438314,0.5216127335048906,0.17470587134673848,0.510071114669169,,-0.054834332154362966,-0.06560400232998508,-0.05083502891571746,0.15042406662415042,-0.003970152615357159,-0.1407985919208783,-0.143346401224864,0.04305982547473085,-0.11595850767630796,-0.13005744525665075,-0.11862105035820554,-0.058936710659346345,-0.04873655005002768,-0.06588189205409717,-0.01987380082832449,-0.060786961825536244,-0.01758023603916459,-0.06736102417536224,0.15311829934391014,0.16694168633969397,-0.03126281687997106,0.019950886604176758,-0.15012319846123326,0.008504214702409675,0.015385666094714789,0.08291866150301608,0.07105842685186871,-0.04344925889390653,-0.03829464667027515,-0.057030519103255066,0.008504214702409224,0.021327966173292173,0.015385666094713462,-0.003970152615357165,-0.041008509047098025,-0.15012319846123295,-0.1504240666241512,-0.1300574452566506,-0.07791807295597779,-0.08780086667789326,-0.11862105035820554,-0.06899800668364357,-0.08713968294039925,-0.10327038033973086,0.15311829934391014,0.05592244025286228,,,,,,,,,-0.08780086667789326,-0.0878008666778927,-0.08780086667789301,0.023889072288326634,-0.08780086667789301,-0.11862105035820554,-0.11862105035820465,-0.11862105035820468,-0.11862105035820468
minimum_minimum_nights,-0.050939903478208405,,-0.07960125873873372,0.11407753605608774,0.10016681323924065,,-0.011057465382693954,-0.06684912434168856,-0.16077914203586802,-0.06395463613508773,-0.04563150130451734,-0.1166457921245631,0.8305433996820131,0.16792941826425317,1.0,0.5231705497352741,0.06587329739520342,0.03322385300313182,0.9731614689989763,0.04118706777038009,,-0.1373924544891354,-0.1521046755729217,-0.1248614780077065,0.06813222149459067,-0.1791400319695008,-0.2922934381607309,-0.287600277122345,-0.026247619116210687,-0.2651633101796872,-0.22258623423106702,-0.258615322809946,-0.0176557973797582,-0.013767107603997944,-0.0595559334134444,0.00781840758440177,-0.0019083328336284195,0.0044803372230597036,-0.040609763736453586,0.16429951947896856,0.13373685762635354,0.12057065454356333,0.008107099507183855,-0.2674097645044117,-0.11126548690979847,-0.18369232950475653,0.08067778632519552,0.055511790785786164,-0.31461853134062,-0.1958325377544041,-0.1301300138407674,-0.1112654869097986,-0.17950333664546542,-0.1836923295047584,-0.17914003196950073,-0.30682229115561693,-0.26740976450440973,-0.06813222149459064,-0.222586234231067,-0.10124616702508182,-0.11360303832784366,-0.258615322809946,-0.038281068802595714,-0.11239158354365276,-0.11883855113550608,0.16429951947896856,0.05591433329231576,,,,,,,,,-0.11360303832784364,-0.11360303832784414,-0.11360303832784385,0.043204842778106475,-0.11360303832784385,-0.2586153228099459,-0.2586153228099462,-0.25861532280994626,-0.25861532280994626
maximum_minimum_nights,-0.00589416251354959,,-0.08476486598034655,0.7066309769587763,0.6356015884401889,,-0.0616055278660376,-0.06992762520545516,-0.15639304837165074,-0.055958351613878826,-0.08742680624498557,-0.12690678639457229,0.49136863315168866,0.31195096387940624,0.5231705497352741,1.0,0.17016600247869082,0.14899229683812204,0.5867932308909231,0.1555986201500795,,-0.18257248944749918,-0.19591810295057208,-0.17883766660679407,0.04434596890417043,-0.1667391437116476,-0.22587425851414894,-0.2192993703379894,-0.08579906252116756,-0.2072703956876474,-0.22283739505405217,-0.19867152856214307,-0.08299722246611116,-0.07414969009879217,-0.06516874505071245,-0.07250918855281704,-0.12621514946962226,-0.005141107233515687,-0.1631673206604721,0.4725144344388459,0.4833762761509003,0.013782096589232625,-0.010772294386060225,-0.22776907450788206,0.04253406981479461,0.05884486226177723,0.2385851757364779,0.24674616030884233,-0.3314429841806529,-0.1685848838003309,-0.14327978463746388,0.042534069814794524,0.08412024609298975,0.058844862261777264,-0.16673914371164783,-0.31948135146173207,-0.22776907450788095,-0.044345968904170315,-0.2228373950540528,-0.09272061024994303,-0.0030308300688147126,-0.19867152856214307,0.11224110319604358,0.05671361294257388,0.021292863100556343,0.4725144344388459,0.1408230791927455,,,,,,,,,-0.0030308300688147044,-0.003030830068814679,-0.0030308300688147633,-0.01880150009947735,-0.0030308300688147633,-0.19867152856214307,-0.19867152856214323,-0.19867152856214318,-0.19867152856214318
minimum_maximum_nights,-0.30693781628293904,,-0.19519899881632446,0.13272783468235894,0.09478658100810836,,-0.018010239425068686,0.006102809001768759,0.07469638600964959,0.026342638540245846,0.0009641710552815424,0.05709624294461884,0.07104574528828074,0.4773954862438314,0.06587329739520342,0.17016600247869082,1.0,0.9082508323625924,0.06957102050482654,0.9424100450859376,,-0.10910084407311636,-0.10187295391837704,-0.09526634631810467,0.0772346537133192,0.17874759097813098,0.07361738211468667,0.016638072681539818,-0.008130231161697993,0.11181819815232448,0.09719547750777506,0.09247063460178351,0.01786227582416652,0.027303428239766482,0.005265513798690878,0.04903954575980482,0.03774491690140409,0.02285922261312755,0.004250746680660342,0.17664995288102658,0.2075711267549477,-0.08681262329177519,-0.013333785638261764,0.0065155474215600395,-0.0045270825974373366,0.048915480326299624,-0.013392255345259771,-0.02478957593580603,0.1990059026188304,0.08208692238634165,0.05000880645205505,-0.004527082597437847,0.058985484914045046,0.0489154803262986,0.17874759097813084,0.20350251753908608,0.006515547421560695,-0.0772346537133195,0.09719547750777592,0.061719867998789445,-0.050782560975553746,0.09247063460178351,-0.08134220813721872,-0.0495725332981679,0.004831557068663152,0.17664995288102658,0.011302631663037637,,,,,,,,,-0.050782560975553746,-0.0507825609755531,-0.050782560975553115,-0.06723056112574129,-0.050782560975553115,0.09247063460178351,0.09247063460178405,0.09247063460178417,0.09247063460178417
maximum_maximum_nights,-0.2910088947996955,,-0.172710021192395,0.12219316919455891,0.11203744781693346,,-0.037815257181431826,-0.02596241480811366,0.07994568853325429,0.032363914101196226,-0.007447460030992031,0.057776254006155214,0.042985030670878,0.5216127335048906,0.03322385300313182,0.14899229683812204,0.9082508323625924,1.0,0.03776638788761402,0.9868170847308382,,-0.012785760482299326,-0.01941576769297679,-0.02422671738022632,0.12375008976703117,0.1611104516587664,0.05622764924927124,-0.005169400873931731,0.04134993279529247,0.09682184413855127,0.06763747710394129,0.1017471706657043,-0.02317371262117665,-0.012489382721990015,-0.01199729482711583,-0.01650648173582271,-0.043036948744359614,0.03885112402239498,-0.03800570959662424,0.17110869494528524,0.20607224053695028,-0.10143703264213723,-0.013511551845512079,-0.028618395616777495,0.0579149202974597,0.12085685396831837,0.030745632353720014,0.03117324781352292,0.1772012329830121,0.09980197269665049,0.05675583447094202,0.05791492029745913,0.13488146007961893,0.12085685396831787,0.16111045165876609,0.18156635642509072,-0.02861839561677696,-0.1237500897670317,0.06763747710394172,0.05515937532701287,-0.07116252565808578,0.1017471706657043,-0.10837734709227345,-0.07398146977709612,-0.03427593838628558,0.17110869494528524,0.06778245018208752,,,,,,,,,-0.07116252565808578,-0.07116252565808537,-0.07116252565808524,-0.026472751307559203,-0.07116252565808524,0.10174717066570431,0.10174717066570485,0.1017471706657048,0.1017471706657048
minimum_nights_avg_ntm,-0.04412087641856973,,-0.08325518491635685,0.14623029293780948,0.12825725621778744,,-0.01371363943666779,-0.06862775159151985,-0.15772326539247772,-0.05902316235168921,-0.04394245822301034,-0.11525647107142364,0.8592084706736941,0.17470587134673848,0.9731614689989763,0.5867932308909231,0.06957102050482654,0.03776638788761402,1.0,0.04514576381273903,,-0.15273540566423155,-0.16816547574206156,-0.14155113345309278,0.05815784768879211,-0.18462932851391672,-0.2951308175744632,-0.2891938828958688,-0.04236199698117781,-0.2698410663836284,-0.21586823727174864,-0.24863902657272144,-0.01862288053184451,-0.012915916451055045,-0.05926203928893282,-0.0022010602030170094,-0.005183925003439611,0.009197604685753775,-0.046197445534266475,0.18823710372091454,0.1620668394627348,0.10824877741616595,0.003982615978935369,-0.27307606795266764,-0.10457241412722688,-0.1699884772458537,0.08579402278682315,0.060809657703653215,-0.3202156332167,-0.18986034614393907,-0.12857254070774565,-0.10457241412722695,-0.16275262534853566,-0.16998847724585417,-0.18462932851391753,-0.31246378522345697,-0.27307606795266787,-0.05815784768879207,-0.21586823727174817,-0.09117692767232286,-0.10671974389214263,-0.24863902657272144,-0.030062949505956286,-0.10278073743446066,-0.1081403841555369,0.18823710372091454,0.07227980631960777,,,,,,,,,-0.10671974389214263,-0.1067197438921429,-0.10671974389214307,0.03690091625934181,-0.10671974389214307,-0.2486390265727214,-0.2486390265727214,-0.24863902657272077,-0.24863902657272077
maximum_nights_avg_ntm,-0.2910476863268914,,-0.1756576598711529,0.12728397277118267,0.1133056160497123,,-0.03362392150873795,-0.014662814359844666,0.07812457082485184,0.031554532546005834,-0.005835671928807177,0.056922095844888124,0.04918204979744153,0.510071114669169,0.04118706777038009,0.1555986201500795,0.9424100450859376,0.9868170847308382,0.04514576381273903,1.0,,-0.031142190238367874,-0.037560574897175014,-0.041450902040027396,0.11211435307339403,0.16310853935580322,0.055395620128189486,-0.004844100561894433,0.02773614858626387,0.09806022704646881,0.06720109235627275,0.0904464644875785,-0.015623349080837503,-0.005842916749731993,-0.008756820710960882,-0.006931484040646236,-0.02988447805264446,0.035005670695802384,-0.031967582649854345,0.1765457656939227,0.21082904701122834,-0.0981422353037447,-0.018922674850574264,-0.027333340140793447,0.04168202088340902,0.10450967796616555,0.01917485602154091,0.018870532008412107,0.17635383733180288,0.09621470458874024,0.054216957964691746,0.04168202088340856,0.11653906468150046,0.1045096779661651,0.16310853935580302,0.1809560085725959,-0.027333340140792924,-0.11211435307339447,0.06720109235627313,0.05314828183956466,-0.06879794000605761,0.0904464644875785,-0.1031901410918718,-0.0705695022136642,-0.024907432712010315,0.1765457656939227,0.053492822946899374,,,,,,,,,-0.06879794000605761,-0.06879794000605724,-0.06879794000605702,-0.033999592920919364,-0.06879794000605702,0.0904464644875785,0.09044646448757883,0.09044646448757904,0.09044646448757904
calendar_updated,,,,,,,,,,,,,,,,,,,,,,,,,,,,,,,,,,,,,,,,,,,,,,,,,,,,,,,,,,,,,,,,,,,,,,,,,,,,,,,,,,,,
availability_30,0.08046107807040254,,0.11514926362534242,-0.05334014910170474,-0.010769547320227798,,-0.03258968106018468,0.02369224390206904,0.06483644910731455,0.048322332191485816,-0.0006500633997207501,0.05740972008658251,-0.1382978074718423,-0.054834332154362966,-0.1373924544891354,-0.18257248944749918,-0.10910084407311636,-0.012785760482299326,-0.15273540566423155,-0.031142190238367874,,1.0,0.9211733978593982,0.8290287363181711,0.3752350537111321,-0.041308363370813214,0.013425909116640914,0.06206378628905277,0.5647524561614379,0.0032253300151455586,-0.08820436031050193,-0.040130841218742094,-0.1087619268734004,-0.1118733723045425,-0.049578696835567135,-0.14092573083506296,-0.12142510819300056,-0.06758304241949703,-0.10182587131176066,-0.15334247903160983,-0.12333225132685009,-0.11947651330652406,0.09095297265192916,0.026464910759504457,0.17559030058691152,0.23140983235709198,0.1570490872103778,0.14773173865774658,-0.038245594251920624,0.08403877464471403,0.05525961911617951,0.17559030058691188,0.22797620660482054,0.23140983235709275,-0.041308363370813214,-0.03950276699164762,0.026464910759504218,-0.3752350537111321,-0.08820436031050229,-0.05839079151147949,-0.12127082678554754,-0.040130841218742094,-0.18052847565526192,-0.15022299697182315,-0.3108764520624372,-0.15334247903160983,0.0441258666944183,,,,,,,,,-0.12127082678554753,-0.12127082678554808,-0.12127082678554812,0.3571297625897583,-0.12127082678554812,-0.040130841218742073,-0.04013084121874234,-0.040130841218742566,-0.040130841218742566
availability_60,0.07984404502615161,,0.11653003282076509,-0.07102495214492854,-0.03156584705056934,,-0.03298874873036194,0.040558388394155515,0.08946228397142755,0.054104887867604146,0.014724417150901635,0.07909484094318016,-0.1561366170606352,-0.06560400232998508,-0.1521046755729217,-0.19591810295057208,-0.10187295391837704,-0.01941576769297679,-0.16816547574206156,-0.037560574897175014,,0.9211733978593982,1.0,0.9494679161336651,0.4430014291194306,-0.011763830874755313,0.05567932476479979,0.09972698464189748,0.6771183794451024,0.04093909905470749,-0.03746106945098165,-0.0005981793133734273,-0.08628515074664662,-0.09225430657537657,-0.030339819250108417,-0.1156172998114817,-0.09301858891148197,-0.06566231854535834,-0.0805980063109586,-0.1610282218271188,-0.13521698939857,-0.10568807138555014,0.07888754191453216,0.06805867694432598,0.16656559425009934,0.22631982171567214,0.1287716655103153,0.11526731441050207,-0.0008531287394639232,0.10798156952374835,0.08321226907438099,0.16656559425009915,0.22470847574944275,0.22631982171567286,-0.011763830874755243,-0.00171960752295503,0.06805867694432556,-0.4430014291194316,-0.03746106945098194,-0.031142972555380087,-0.14577832918973962,-0.0005981793133734273,-0.2265898146797945,-0.18427022096962792,-0.3322697970884713,-0.1610282218271188,0.028913702907408276,,,,,,,,,-0.14577832918973965,-0.1457783291897391,-0.14577832918973957,0.325876971912179,-0.14577832918973957,-0.0005981793133734313,-0.0005981793133734927,-0.0005981793133735368,-0.0005981793133735368
availability_90,0.08107814764784851,,0.11463590221564784,-0.06648034789562386,-0.02747448411321889,,-0.03772902745686957,0.053328313675944705,0.08203181652390965,0.03794478697237127,0.013216326092893487,0.07759649441404504,-0.13651870075509878,-0.05083502891571746,-0.1248614780077065,-0.17883766660679407,-0.09526634631810467,-0.02422671738022632,-0.14155113345309278,-0.041450902040027396,,0.8290287363181711,0.9494679161336651,1.0,0.5548414125385976,-0.008427743789262858,0.059227516976431485,0.10108577868094255,0.8067164903817348,0.04263964002494088,-0.015129339502420182,0.007756912314216055,-0.08598640623969454,-0.08773298116280162,-0.034289289662613666,-0.10179850793202071,-0.07882210594135111,-0.07562777565799249,-0.08408978421829749,-0.12122428989025814,-0.10908004316376753,-0.055104336582585525,0.06997867732671754,0.0722830523303321,0.13387882171489016,0.18252324423106944,0.1038241696723242,0.08873840293661875,-0.0030524988019690114,0.09077850526285075,0.08363141204143383,0.13387882171489035,0.18623155910701833,0.1825232442310703,-0.008427743789262839,-0.003318099138260415,0.07228305233033189,-0.5548414125385974,-0.015129339502420238,-0.02132391375778805,-0.22115197817823573,0.007756912314216055,-0.31179148789844346,-0.27194235509684234,-0.395239415358594,-0.12122428989025814,0.05071607713264413,,,,,,,,,-0.22115197817823568,-0.22115197817823615,-0.22115197817823581,0.31095613461100147,-0.22115197817823581,0.007756912314216061,0.007756912314215961,0.00775691231421587,0.00775691231421587
availability_365,0.05663976349705333,,0.026560462518366884,0.09614842164181701,0.11310245778846872,,-0.0304527300088304,0.016837380412452443,0.02573349443410314,0.02552144567123867,-0.026082238532615414,0.014770769114358696,0.03887813184150129,0.15042406662415042,0.06813222149459067,0.04434596890417043,0.0772346537133192,0.12375008976703117,0.05815784768879211,0.11211435307339403,,0.3752350537111321,0.4430014291194306,0.5548414125385976,1.0,-0.06359056033931049,-0.06247893572533845,-0.04048415894342071,0.8447800622672622,-0.06229788447478969,-0.060835750660720674,-0.06657443006697655,-0.13160228570832044,-0.12050754089742764,-0.0940922690833076,-0.10430519395100338,-0.10171640028897827,-0.09264856517140176,-0.1465519359066284,0.11853430431817036,0.1312151818697326,-0.033299250822285284,0.05867528063772557,-0.04387492871011061,0.04277829692381269,0.05690651917140386,0.08800230164027795,0.061955835915799506,-0.1210886682662423,0.019828841582846486,0.007939188505571662,0.04277829692381269,0.07331974578289482,0.05690651917140416,-0.0635905603393105,-0.11894562164503265,-0.04387492871011075,-1.0000000000000029,-0.06083575066072095,-0.033428486346118814,-0.5901873545361667,-0.06657443006697655,-0.7138030615032362,-0.6902287273074873,-0.7856548754301852,0.11853430431817036,0.17782894159609305,,,,,,,,,-0.5901873545361667,-0.5901873545361669,-0.5901873545361671,0.3440291706091384,-0.5901873545361671,-0.06657443006697655,-0.06657443006697658,-0.06657443006697661,-0.06657443006697661
number_of_reviews,-0.4814376363880194,,-0.2153398756501908,-0.1538831717473172,-0.16803069303431714,,0.01364667044199569,-0.041643612130775685,0.01857488826429443,-0.081029678177162,-0.12820847547585504,-0.008974807158327647,-0.1656989632565781,-0.003970152615357159,-0.1791400319695008,-0.1667391437116476,0.17874759097813098,0.1611104516587664,-0.18462932851391672,0.16310853935580322,,-0.041308363370813214,-0.011763830874755313,-0.008427743789262858,-0.06359056033931049,1.0,0.6536742440838275,0.44914241402804767,-0.021394844497761325,0.7122014153752422,0.568438351447466,0.4081909495751906,0.11709354718657775,0.13114848132857224,0.09691882980006332,0.12514560473180777,0.1181093648084351,0.1324191685962981,0.1515102408705999,-0.16182127791083276,-0.13504326795256677,-0.10736482678192352,-0.002403690916307859,0.568233216932531,-0.07620833831470486,-0.033214249939164366,-0.11692724827290343,-0.11129808697584663,0.738449159171066,0.06019765343439043,0.004372455557185055,-0.07620833831470546,-0.039472560301109405,-0.03321424993916713,1.0000000000000022,0.7526255649580743,0.5682332169325287,0.06359056033930971,0.5684383514474713,0.4845613101902091,0.00635391601639075,0.4081909495751906,0.0032412934387759888,0.0662302822329209,0.10093872666093152,-0.16182127791083276,-0.17292367370821826,,,,,,,,,0.006353916016390728,0.006353916016392114,0.00635391601639206,-0.09343478213960618,0.00635391601639206,0.4081909495751906,0.4081909495751927,0.40819094957519303,0.40819094957519303
number_of_reviews_ltm,-0.15667697177268586,,-0.06388660666737489,-0.1753277714722626,-0.18775031878414147,,-0.003193433330254839,0.008081181631190783,0.10525943607523076,-0.02778186827881555,-0.04774301906588208,0.06797404540567047,-0.26154501959842436,-0.1407985919208783,-0.2922934381607309,-0.22587425851414894,0.07361738211468667,0.05622764924927124,-0.2951308175744632,0.055395620128189486,,0.013425909116640914,0.05567932476479979,0.059227516976431485,-0.06247893572533845,0.6536742440838275,1.0,0.7530242168040462,0.0232465877647312,0.9284616707372514,0.8063690536498208,0.6553561899347093,0.1503871261861511,0.14389414357221647,0.14095474760353432,0.12181949620886279,0.1276896432170558,0.1152621520839152,0.17126651412386873,-0.16179816561116328,-0.12863418940867596,-0.12946726190259178,-0.00457979418538275,0.8321219926209896,-0.02859886744808049,0.04956510221151188,-0.13029688189134123,-0.12042452316924954,0.6665099244801522,0.14858957397744815,0.08849044264149249,-0.028598867448080708,0.055630241928606376,0.04956510221151237,0.6536742440838235,0.6745191704955368,0.8321219926209914,0.062478935725338296,0.8063690536498185,0.6989712654959622,0.0445304600505841,0.6553561899347093,0.01805093345268041,0.092526372560476,0.1473683880642474,-0.16179816561116328,-0.18295563939198822,,,,,,,,,0.04453046005058409,0.04453046005058439,0.04453046005058456,-0.10609882446540628,0.04453046005058456,0.6553561899347092,0.655356189934713,0.6553561899347112,0.6553561899347112
number_of_reviews_l30d,-0.025685685599904202,,-0.02290235054202901,-0.17408349571579856,-0.18872090355284524,,-0.011054522829703504,0.04397243282998472,0.11308987035543654,-0.011278708500018542,-0.02364470861287814,0.06666984743538068,-0.25684394546370437,-0.143346401224864,-0.287600277122345,-0.2192993703379894,0.016638072681539818,-0.005169400873931731,-0.2891938828958688,-0.004844100561894433,,0.06206378628905277,0.09972698464189748,0.10108577868094255,-0.04048415894342071,0.44914241402804767,0.7530242168040462,1.0,0.049000356971012085,0.6047726533860454,0.6211664012969765,0.5008342765008537,0.1589990304544548,0.1487742553723999,0.1544023780736797,0.11615376978812479,0.13583778976560898,0.0972667983691128,0.17792357366107536,-0.1864662924517434,-0.15335439054870376,-0.13038063736712766,-0.034818992331211704,0.7544273833875453,-0.0202881860280177,0.06019991798531353,-0.13429637215721935,-0.11697879681504876,0.5147063878933215,0.15514352323622665,0.08531943535798017,-0.02028818602801767,0.06655926378399314,0.06019991798531416,0.4491424140280461,0.5128924207596964,0.7544273833875478,0.04048415894342087,0.6211664012969774,0.490327466460925,0.05073099678241704,0.5008342765008537,0.025275191338415926,0.09379849932904857,0.1290452948420643,-0.1864662924517434,-0.21416514540359077,,,,,,,,,0.05073099678241703,0.05073099678241679,0.050730996782416896,-0.08182555136820369,0.050730996782416896,0.5008342765008535,0.5008342765008528,0.5008342765008512,0.5008342765008512
availability_eoy,0.07320928198413251,,0.08070596245746868,-0.008496302131653467,0.026910647216222692,,-0.03867896509613456,0.050063614715718276,0.062398717185944905,0.02172609356341282,0.01208933869122135,0.05812535413335925,-0.05056421811810214,0.04305982547473085,-0.026247619116210687,-0.08579906252116756,-0.008130231161697993,0.04134993279529247,-0.04236199698117781,0.02773614858626387,,0.5647524561614379,0.6771183794451024,0.8067164903817348,0.8447800622672622,-0.021394844497761325,0.0232465877647312,0.049000356971012085,1.0,0.01199814946946563,-0.006853792988911405,-0.010463170866937899,-0.11136555291696992,-0.1005460381054009,-0.06710884259065011,-0.09413185561060042,-0.08157030892402646,-0.09466790405607901,-0.1159469301463884,0.005706438128693245,0.0018259479331280974,0.011941613267464882,0.05927664781073405,0.039320554975864015,0.05835569368384491,0.07858086693183401,0.06004397098891462,0.03545998541680794,-0.04129619123321101,0.05498290377391068,0.05831565774857227,0.05835569368384508,0.09104456036534919,0.07858086693183491,-0.02139484449776129,-0.04031094268038422,0.039320554975863634,-0.8447800622672601,-0.00685379298891147,-0.015115015374628076,-0.46375687386782555,-0.010463170866937899,-0.5903935343444028,-0.5609259893931919,-0.6000859603840039,0.005706438128693245,0.13131954614353303,,,,,,,,,-0.46375687386782555,-0.46375687386782843,-0.4637568738678272,0.2959669212665963,-0.4637568738678272,-0.01046317086693787,-0.010463170866937897,-0.010463170866937982,-0.010463170866937982
number_of_reviews_ly,-0.2582489849930225,,-0.10619978529997148,-0.15931987690319124,-0.16936924039901707,,0.010307769549600826,0.0010871157612429793,0.08670907957713389,-0.035200239740376456,-0.05959643446460415,0.05184635982294412,-0.23827241945165614,-0.11595850767630796,-0.2651633101796872,-0.2072703956876474,0.11181819815232448,0.09682184413855127,-0.2698410663836284,0.09806022704646881,,0.0032253300151455586,0.04093909905470749,0.04263964002494088,-0.06229788447478969,0.7122014153752422,0.9284616707372514,0.6047726533860454,0.01199814946946563,1.0,0.7506066418684687,0.6017471637776175,0.1383028106815897,0.13571041701840197,0.126964517960332,0.11979424533548277,0.1199018023909202,0.10830688707720515,0.15661865468376762,-0.1416532333341656,-0.11137472681786374,-0.11762270540914033,0.001381320136815541,0.7251651799981895,-0.03289057947450092,0.03272422684712217,-0.11729856462156234,-0.1115827126994977,0.6842590043415002,0.1270692141425038,0.06920307324172356,-0.032890579474501226,0.03571648668236382,0.032724226847122395,0.7122014153752421,0.6996489068586329,0.7251651799981902,0.06229788447478956,0.7506066418684717,0.668326693068131,0.03446030055210379,0.6017471637776175,0.015128577173290041,0.07991481432620555,0.1281559099764976,-0.1416532333341656,-0.17221001776564587,,,,,,,,,0.034460300552103786,0.03446030055210416,0.03446030055210438,-0.09727702624281241,0.03446030055210438,0.6017471637776174,0.601747163777621,0.601747163777622,0.601747163777622
estimated_occupancy_l365d,-0.21496227724671316,,-0.13108547376283447,-0.22439852823515863,-0.24127178213370395,,0.021031486841296975,0.0029886316664184684,0.08260135337819575,-0.018545960599770345,-0.06955607941885819,0.04748383135169385,-0.17120150684585786,-0.13005744525665075,-0.22258623423106702,-0.22283739505405217,0.09719547750777506,0.06763747710394129,-0.21586823727174864,0.06720109235627275,,-0.08820436031050193,-0.03746106945098165,-0.015129339502420182,-0.060835750660720674,0.568438351447466,0.8063690536498208,0.6211664012969765,-0.006853792988911405,0.7506066418684687,1.0,0.7658431584701282,0.1800330538204386,0.17021602745025521,0.14843129464590063,0.15572170005453295,0.16885966131745017,0.12019337921491914,0.18522090517208417,-0.13979429225799098,-0.09625497435286123,-0.16233454356083413,-0.028910393603386382,0.638375627098767,-0.09166564576106916,-0.024687626320428105,-0.1862919192152414,-0.17273466656739353,0.7131146140858289,0.1232459084687823,0.07562096663224616,-0.09166564576106956,-0.015643189081088044,-0.024687626320427897,0.5684383514474678,0.7167179410250191,0.638375627098768,0.060835750660720646,1.0000000000000029,0.6914682360773745,0.015349669879404984,0.7658431584701282,-0.007370075428521115,0.07348501389613663,0.154695429257924,-0.13979429225799098,-0.18082196857279864,,,,,,,,,0.015349669879404984,0.015349669879405493,0.015349669879405637,-0.14948551081266295,0.015349669879405637,0.7658431584701282,0.765843158470129,0.765843158470123,0.765843158470123
estimated_revenue_l365d,-0.13408882703521238,,-0.07868286535247339,-0.15038768849417566,-0.14990945267048086,,-0.0597544177062598,-0.04872364451350173,0.3406253880121942,0.21938721344988504,0.19434947105615177,0.30308035865651783,-0.19645387856704521,-0.11862105035820554,-0.258615322809946,-0.19867152856214307,0.09247063460178351,0.1017471706657043,-0.24863902657272144,0.0904464644875785,,-0.040130841218742094,-0.0005981793133734273,0.007756912314216055,-0.06657443006697655,0.4081909495751906,0.6553561899347093,0.5008342765008537,-0.010463170866937899,0.6017471637776175,0.7658431584701282,1.0,0.16340328413094604,0.1414230122214474,0.1586744594465675,0.11575611434172037,0.11459376776609788,0.16588134247505468,0.14621543988736074,-0.05217216564090743,0.0006489279594968244,-0.16092520794717602,-0.0468679371651324,0.5014307106446495,0.28585897807112065,0.37645360003890804,-0.032471580989928306,0.02443389121252044,0.566166075568772,0.3625208400202671,0.31435536927830304,0.2858589780711206,0.379234022534632,0.37645360003890765,0.40819094957519003,0.5688562993578808,0.5014307106446485,0.06657443006697662,0.7658431584701266,0.5264806605011723,0.22450565420402382,1.0,0.061226457542648764,0.14302135179477365,0.27083797915195484,-0.05217216564090743,-0.10542937660063248,,,,,,,,,0.22450565420402377,0.22450565420402444,0.22450565420402446,-0.14606281005612512,0.22450565420402446,1.0,0.9999999999999993,1.0,1.0
review_scores_rating,-0.060151561085857654,,-0.1318076571371964,-0.10496910143816561,-0.11941622605746723,,0.05028232569101763,-0.026571863644283555,0.05909850393367707,0.002836979577487748,0.042764095839205915,0.04145967391674504,-0.0278886963020732,-0.058936710659346345,-0.0176557973797582,-0.08299722246611116,0.01786227582416652,-0.02317371262117665,-0.01862288053184451,-0.015623349080837503,,-0.1087619268734004,-0.08628515074664662,-0.08598640623969454,-0.13160228570832044,0.11709354718657775,0.1503871261861511,0.1589990304544548,-0.11136555291696992,0.1383028106815897,0.1800330538204386,0.16340328413094604,1.0,0.8543283386606343,0.7892181929683603,0.6678728181207726,0.7743608309027735,0.5627665089672865,0.8506147704772157,-0.07845318044524906,-0.06056603884410466,-0.1988935986813685,-0.06025965497833351,0.1534927521443791,0.05456653553808603,0.10376858755599164,0.0048379217064670075,0.04826698768678286,0.1857096712531797,0.06818175507883284,0.051901416749463795,0.05456653553808594,0.09210084839919791,0.10376858755599216,0.11709354718657848,0.18225125594827338,0.15349275214437894,0.13160228570832044,0.18003305382043872,0.10509832675415905,0.13429242092923283,0.16340328413094607,0.15782369160737095,0.18319267931941635,0.19868982310542418,-0.07845318044524906,-0.16688618596039698,,,,,,,,,0.13429242092923283,0.13429242092923252,0.13429242092923266,-0.1629575001728323,0.13429242092923266,0.16340328413094607,0.16340328413094565,0.1634032841309457,0.1634032841309457
review_scores_accuracy,-0.09428832946920317,,-0.12827158670925187,-0.11721340539002288,-0.13521664528355945,,0.05302596307212285,-0.0251874816217824,0.04600860296707002,-0.008927136147928885,0.02021020939508678,0.020778676043436518,-0.015790876172594327,-0.04873655005002768,-0.013767107603997944,-0.07414969009879217,0.027303428239766482,-0.012489382721990015,-0.012915916451055045,-0.005842916749731993,,-0.1118733723045425,-0.09225430657537657,-0.08773298116280162,-0.12050754089742764,0.13114848132857224,0.14389414357221647,0.1487742553723999,-0.1005460381054009,0.13571041701840197,0.17021602745025521,0.1414230122214474,0.8543283386606343,1.0,0.7245813070280234,0.6209645242485634,0.6991643166050071,0.5262591139115983,0.8014987218284856,-0.07141854091976722,-0.05562956062758472,-0.1764773342181732,-0.048959618767009105,0.14793903648854315,0.03482976682171039,0.08781710845862199,0.01288998605383996,0.04137242292968666,0.20166673960739087,0.059252121989301215,0.029723105145939593,0.034829766821710365,0.07894094014887305,0.08781710845862142,0.13114848132857218,0.19845300431540275,0.14793903648854279,0.12050754089742743,0.1702160274502557,0.09958005295274402,0.11700905882584309,0.14142301222144743,0.1412910572566545,0.17085466605395658,0.19070186559975136,-0.07141854091976722,-0.16410139641968755,,,,,,,,,0.11700905882584309,0.1170090588258432,0.117009058825843,-0.160067352617963,0.117009058825843,0.1414230122214474,0.14142301222144815,0.14142301222144724,0.14142301222144724
review_scores_cleanliness,0.0004603259611503409,,-0.08429679332867976,-0.04479828580415487,-0.05212894699877758,,0.020156408797057126,-0.02712250727635777,0.06296084423815629,-0.03171247921771948,0.03695921634920427,0.033014573141627916,-0.06186626713801088,-0.06588189205409717,-0.0595559334134444,-0.06516874505071245,0.005265513798690878,-0.01199729482711583,-0.05926203928893282,-0.008756820710960882,,-0.049578696835567135,-0.030339819250108417,-0.034289289662613666,-0.0940922690833076,0.09691882980006332,0.14095474760353432,0.1544023780736797,-0.06710884259065011,0.126964517960332,0.14843129464590063,0.1586744594465675,0.7892181929683603,0.7245813070280234,1.0,0.5470750076554217,0.6339849355962986,0.4807585875542729,0.7095743940847747,-0.0206612103508964,0.004663484496042166,-0.2749770998408878,-0.07264925294445077,0.15483335354251818,0.1025569477277851,0.1851160257984637,0.08187864345354787,0.11379201728862341,0.14725778853291385,0.09038769934683981,0.05211663577245697,0.10255694772778481,0.1733941184060466,0.18511602579846426,0.09691882980006358,0.14649019283054873,0.15483335354251798,0.09409226908330733,0.1484312946459017,0.09398704463145792,0.12706108038597852,0.15867445944656755,0.14409421818298868,0.17993310185250247,0.18730057901994485,-0.0206612103508964,-0.1314414068388811,,,,,,,,,0.12706108038597855,0.12706108038597816,0.1270610803859781,-0.16012849695275347,0.1270610803859781,0.15867445944656752,0.15867445944656774,0.15867445944656758,0.15867445944656758
review_scores_checkin,-0.11655397340716585,,-0.14506159592202342,-0.10520832819254337,-0.13240791668841692,,0.05045054325123947,0.0020815865102840714,0.036906486871253974,0.004538571637775685,0.035417492390303104,0.03778084642134474,-0.033417964457019424,-0.01987380082832449,0.00781840758440177,-0.07250918855281704,0.04903954575980482,-0.01650648173582271,-0.0022010602030170094,-0.006931484040646236,,-0.14092573083506296,-0.1156172998114817,-0.10179850793202071,-0.10430519395100338,0.12514560473180777,0.12181949620886279,0.11615376978812479,-0.09413185561060042,0.11979424533548277,0.15572170005453295,0.11575611434172037,0.6678728181207726,0.6209645242485634,0.5470750076554217,1.0,0.7155750349417193,0.4119488727189799,0.650029495183905,-0.09127553685769607,-0.08178082298503386,-0.1076136364460578,-0.05763704857591372,0.11247916133992925,-0.007306243859833676,0.012715838915339102,-0.023466950772976797,-0.01030513880934573,0.19244968150167993,0.03022688147644832,0.04176994872834023,-0.007306243859833674,-0.0006801608678256133,0.012715838915337892,0.12514560473180739,0.1885876689971005,0.11247916133992863,0.10430519395100349,0.1557217000545341,0.07871498636644232,0.08269041380405077,0.11575611434172046,0.1022313037455281,0.11089999190776104,0.15296182195620053,-0.09127553685769607,-0.14830554835215878,,,,,,,,,0.08269041380405075,0.08269041380405036,0.08269041380405016,-0.15309979115005729,0.08269041380405016,0.11575611434172044,0.11575611434172123,0.11575611434172038,0.11575611434172038
review_scores_communication,-0.08779471917463146,,-0.15589941704315974,-0.18182992335316056,-0.2030956078104147,,0.05476677685484328,0.003954957772026516,0.036352163199398664,-0.004329934384269975,0.034210499376001666,0.03531426838092399,-0.006043018096825862,-0.060786961825536244,-0.0019083328336284195,-0.12621514946962226,0.03774491690140409,-0.043036948744359614,-0.005183925003439611,-0.02988447805264446,,-0.12142510819300056,-0.09301858891148197,-0.07882210594135111,-0.10171640028897827,0.1181093648084351,0.1276896432170558,0.13583778976560898,-0.08157030892402646,0.1199018023909202,0.16885966131745017,0.11459376776609788,0.7743608309027735,0.6991643166050071,0.6339849355962986,0.7155750349417193,1.0,0.38102135809475995,0.7113840432208127,-0.0938765983016477,-0.08155381881960769,-0.1398012490874847,-0.06507131799147814,0.1336027730560098,-0.01859076107471532,0.012412340863261435,-0.04001267816149645,-0.019016207875056423,0.19635357314510313,0.03580906271512268,0.04734227991870378,-0.01859076107471528,0.0002999225654983541,0.012412340863260585,0.11810936480843531,0.1909130447812153,0.13360277305600946,0.101716400288978,0.16885966131745092,0.08680360601484316,0.09139961988027914,0.11459376776609795,0.1052217006435312,0.1257322848487647,0.15590970765623563,-0.0938765983016477,-0.16264568709893226,,,,,,,,,0.09139961988027916,0.09139961988027875,0.09139961988027873,-0.1502343534039495,0.09139961988027873,0.11459376776609793,0.11459376776609868,0.11459376776609798,0.11459376776609798
review_scores_location,-0.13662411571173494,,-0.15623368151333009,4.3648113781398365e-05,0.00243672254120992,,0.1619064696749379,-0.31535575565914614,-0.020778162469253122,-0.05184765631690852,-0.06409249510750675,-0.008987688226034218,0.003777646000836483,-0.01758023603916459,0.0044803372230597036,-0.005141107233515687,0.02285922261312755,0.03885112402239498,0.009197604685753775,0.035005670695802384,,-0.06758304241949703,-0.06566231854535834,-0.07562777565799249,-0.09264856517140176,0.1324191685962981,0.1152621520839152,0.0972667983691128,-0.09466790405607901,0.10830688707720515,0.12019337921491914,0.16588134247505468,0.5627665089672865,0.5262591139115983,0.4807585875542729,0.4119488727189799,0.38102135809475995,1.0,0.5328658697937725,0.05769176381527267,0.0686688619256347,-0.11741858248418914,-0.011239807271022147,0.10142638976863012,0.13532252979982592,0.21554573265944094,0.17703654318320886,0.22746579332928182,0.16377207431713248,0.0071584592903303984,-0.0035714834719883094,0.13532252979982554,0.21313845397090192,0.21554573265943996,0.13241916859629843,0.1651935946114241,0.10142638976863005,0.09264856517140174,0.12019337921491971,0.09583265621886619,0.13920332037162425,0.16588134247505468,0.17540913742426256,0.20526905937902412,0.19287789977258996,0.05769176381527267,-0.1001211461286762,,,,,,,,,0.13920332037162425,0.13920332037162442,0.13920332037162372,-0.10949852119287312,0.13920332037162372,0.16588134247505462,0.16588134247505545,0.16588134247505457,0.16588134247505457
review_scores_value,-0.08423105904016825,,-0.13062315477756892,-0.2270116285164991,-0.23082273767331224,,0.059399963578442606,-0.007596736322164303,0.05448542162981768,-0.0013056271532270035,0.03751993381140086,0.04323549481336052,-0.057941461002272196,-0.06736102417536224,-0.040609763736453586,-0.1631673206604721,0.004250746680660342,-0.03800570959662424,-0.046197445534266475,-0.031967582649854345,,-0.10182587131176066,-0.0805980063109586,-0.08408978421829749,-0.1465519359066284,0.1515102408705999,0.17126651412386873,0.17792357366107536,-0.1159469301463884,0.15661865468376762,0.18522090517208417,0.14621543988736074,0.8506147704772157,0.8014987218284856,0.7095743940847747,0.650029495183905,0.7113840432208127,0.5328658697937725,1.0,-0.17066265887825405,-0.15603161652780775,-0.17369929382439034,-0.03243210388329694,0.1835718802982587,0.009068309865597915,0.04267457372886295,-0.03491645922127502,-0.005173836516990812,0.2408351299441931,0.05732418642586659,0.05153035961184436,0.00906830986559795,0.03222985219845061,0.042674573728862235,0.1515102408706001,0.23461063102031623,0.18357188029825874,0.1465519359066282,0.18522090517208467,0.10881987604998565,0.11555165563726469,0.14621543988736072,0.13704599900769565,0.15724638578225394,0.18993203573886017,-0.17066265887825405,-0.20443327140306297,,,,,,,,,0.1155516556372647,0.11555165563726469,0.1155516556372647,-0.1544183327293273,0.1155516556372647,0.14621543988736066,0.14621543988736174,0.1462154398873607,0.1462154398873607
calculated_host_listings_count,0.11320728136971711,,-0.08367049284894047,0.5809877508048253,0.561464934507774,,-0.07106661364991375,-0.12108706733803035,-0.12878131923645647,-0.12629547981545888,-0.048927649349123234,-0.11351213315341827,0.23507530017259373,0.15311829934391014,0.16429951947896856,0.4725144344388459,0.17664995288102658,0.17110869494528524,0.18823710372091454,0.1765457656939227,,-0.15334247903160983,-0.1610282218271188,-0.12122428989025814,0.11853430431817036,-0.16182127791083276,-0.16179816561116328,-0.1864662924517434,0.005706438128693245,-0.1416532333341656,-0.13979429225799098,-0.05217216564090743,-0.07845318044524906,-0.07141854091976722,-0.0206612103508964,-0.09127553685769607,-0.0938765983016477,0.05769176381527267,-0.17066265887825405,1.0,0.9584361817736006,0.23975107579867913,-0.022091684411832898,-0.12148388824822051,0.05531392928208883,0.08762283716501372,0.18887023857881258,0.24394538665783466,-0.3022731884895717,-0.1341922308079303,-0.12211593745688808,0.05531392928208925,0.12138222492406014,0.08762283716501447,-0.1618212779108323,-0.29202257586854824,-0.12148388824822055,-0.11853430431816961,-0.13979429225799145,-0.044534101832993896,-0.043273610553323835,-0.05217216564090741,0.044733221920703434,-0.0045691297974232966,-0.022305208560892704,1.0,0.314254302772324,,,,,,,,,-0.043273610553323835,-0.04327361055332415,-0.04327361055332414,-0.027889309775318283,-0.04327361055332414,-0.05217216564090743,-0.05217216564090763,-0.05217216564090747,-0.05217216564090747
calculated_host_listings_count_entire_homes,0.07368515165057533,,-0.15910054616985658,0.5844124565377442,0.5529784433736342,,-0.08578647360415485,-0.1120572224340277,-0.07353837140983707,-0.03680644684009844,-0.08755444647855558,-0.07264654468962269,0.21299717314055847,0.16694168633969397,0.13373685762635354,0.4833762761509003,0.2075711267549477,0.20607224053695028,0.1620668394627348,0.21082904701122834,,-0.12333225132685009,-0.13521698939857,-0.10908004316376753,0.1312151818697326,-0.13504326795256677,-0.12863418940867596,-0.15335439054870376,0.0018259479331280974,-0.11137472681786374,-0.09625497435286123,0.0006489279594968244,-0.06056603884410466,-0.05562956062758472,0.004663484496042166,-0.08178082298503386,-0.08155381881960769,0.0686688619256347,-0.15603161652780775,0.9584361817736006,1.0,-0.047050551438261104,-0.02915894185260981,-0.11036531309105851,0.11045030878075712,0.19151254848438548,0.1937361438618231,0.23740567171992813,-0.2426579267057907,-0.04403730503064384,-0.07278481974759857,0.11045030878075739,0.22188060453922354,0.19151254848438592,-0.13504326795256685,-0.23418135756760822,-0.1103653130910584,-0.13121518186973324,-0.09625497435286133,-0.024463237270001565,-0.01548516701705898,0.0006489279594968198,0.0337319984360873,0.03436344969078462,0.0033076466034968168,0.9584361817736007,0.27506224096860904,,,,,,,,,-0.01548516701705898,-0.015485167017059277,-0.015485167017059242,-0.026648128098757214,-0.015485167017059242,0.0006489279594968141,0.0006489279594965974,0.000648927959496578,0.000648927959496578
calculated_host_listings_count_private_rooms,0.14719242914180009,,0.24838486495040057,0.050177063745758865,0.08860625325433562,,0.04438179401667979,-0.042493307376183405,-0.20115898896186632,-0.2768203746632596,0.12998399993135187,-0.13682108268403137,0.09815806880014442,-0.03126281687997106,0.12057065454356333,0.013782096589232625,-0.08681262329177519,-0.10143703264213723,0.10824877741616595,-0.0981422353037447,,-0.11947651330652406,-0.10568807138555014,-0.055104336582585525,-0.033299250822285284,-0.10736482678192352,-0.12946726190259178,-0.13038063736712766,0.011941613267464882,-0.11762270540914033,-0.16233454356083413,-0.16092520794717602,-0.1988935986813685,-0.1764773342181732,-0.2749770998408878,-0.1076136364460578,-0.1398012490874847,-0.11741858248418914,-0.17369929382439034,0.23975107579867913,-0.047050551438261104,1.0,-0.004420557847141012,-0.13297139680071063,-0.15301496908412365,-0.29049091988252074,0.009914268668431973,0.051470577359720854,-0.23358919809641265,-0.319954905132892,-0.16168433535636456,-0.15301496908412374,-0.2765547238049222,-0.2904909198825221,-0.10736482678192373,-0.22647597163808628,-0.13297139680071043,0.03329925082228548,-0.16233454356083463,-0.07363284937259314,-0.08499908077347795,-0.16092520794717602,0.039889985274379036,-0.10472601144734103,-0.07456532664584956,0.23975107579867913,0.16276778661216637,,,,,,,,,-0.08499908077347795,-0.08499908077347829,-0.08499908077347833,-0.008599800694816896,-0.08499908077347833,-0.16092520794717602,-0.16092520794717619,-0.16092520794717577,-0.16092520794717577
calculated_host_listings_count_shared_rooms,-0.05985623900627425,,-0.009199812548927953,-0.020910056954635468,-0.023178253089106225,,-0.04333933000794599,0.005389536549059217,-0.010281266120852664,-0.032728399572202485,-0.030785609390928507,0.1301181628452278,0.003430106593242142,0.019950886604176758,0.008107099507183855,-0.010772294386060225,-0.013333785638261764,-0.013511551845512079,0.003982615978935369,-0.018922674850574264,,0.09095297265192916,0.07888754191453216,0.06997867732671754,0.05867528063772557,-0.002403690916307859,-0.00457979418538275,-0.034818992331211704,0.05927664781073405,0.001381320136815541,-0.028910393603386382,-0.0468679371651324,-0.06025965497833351,-0.048959618767009105,-0.07264925294445077,-0.05763704857591372,-0.06507131799147814,-0.011239807271022147,-0.03243210388329694,-0.022091684411832898,-0.02915894185260981,-0.004420557847141012,1.0,-0.021303226954833655,-0.04655191977330276,-0.08661581562671698,0.00692717273508224,-0.04335339186231601,0.0007755082350830298,-0.038604191873732985,0.08685698499156631,-0.04655191977330296,-0.07893068738927052,-0.08661581562671715,-0.0024036909163075762,-0.000319181870636309,-0.02130322695483361,-0.05867528063772561,-0.028910393603386562,-0.004435451796059652,-0.052045798004454774,-0.046867937165132385,-0.05334036670666374,-0.06051937678792006,-0.10923660802423478,-0.0220916844118329,0.060570800758181394,,,,,,,,,-0.052045798004454774,-0.05204579800445477,-0.05204579800445453,0.06716949262628179,-0.05204579800445453,-0.0468679371651324,-0.04686793716513278,-0.04686793716513254,-0.04686793716513254
reviews_per_month,0.10979871031667131,,0.0821430579355967,-0.14042505323385465,-0.16284759156386974,,-0.037326343545233974,0.019170078872765933,0.07153490843975976,-0.07855663048519905,-0.04770965711214713,0.047460363859321904,-0.2601570008148243,-0.15012319846123326,-0.2674097645044117,-0.22776907450788206,0.0065155474215600395,-0.028618395616777495,-0.27307606795266764,-0.027333340140793447,,0.026464910759504457,0.06805867694432598,0.0722830523303321,-0.04387492871011061,0.568233216932531,0.8321219926209896,0.7544273833875453,0.039320554975864015,0.7251651799981895,0.638375627098767,0.5014307106446495,0.1534927521443791,0.14793903648854315,0.15483335354251818,0.11247916133992925,0.1336027730560098,0.10142638976863012,0.1835718802982587,-0.12148388824822051,-0.11036531309105851,-0.13297139680071063,-0.021303226954833655,1.0,-0.0292119755027666,0.04817650318708172,-0.13844301371769838,-0.11079708389368237,0.5748579056772781,0.12234713755422023,0.06410002229508648,-0.029211975502766455,0.054679142560331406,0.04817650318708136,0.5682332169325319,0.5714538755107011,1.0000000000000038,0.04387492871011096,0.6383756270987667,0.5351224118222708,0.041887260700250006,0.5014307106446495,0.02704853557115214,0.10103528241414075,0.11696569652814254,-0.12148388824822051,-0.1656973724173126,,,,,,,,,0.041887260700250055,0.04188726070024981,0.04188726070024995,-0.08427771602577643,0.04188726070024995,0.5014307106446495,0.5014307106446491,0.5014307106446498,0.5014307106446498
price_clean,0.052391766880831164,,0.01787412292865877,0.1556301094376441,0.1948141306984875,,-0.10420577095201383,-0.07308377814455243,0.49978400419218777,0.4531920663614644,0.4134736476513843,0.4392160847355493,-0.10158907356857456,0.008504214702409675,-0.11126548690979847,0.04253406981479461,-0.0045270825974373366,0.0579149202974597,-0.10457241412722688,0.04168202088340902,,0.17559030058691152,0.16656559425009934,0.13387882171489016,0.04277829692381269,-0.07620833831470486,-0.02859886744808049,-0.0202881860280177,0.05835569368384491,-0.03289057947450092,-0.09166564576106916,0.28585897807112065,0.05456653553808603,0.03482976682171039,0.1025569477277851,-0.007306243859833676,-0.01859076107471532,0.13532252979982592,0.009068309865597915,0.05531392928208883,0.11045030878075712,-0.15301496908412365,-0.04655191977330276,-0.0292119755027666,1.0,0.8393150815052378,0.5136493840370902,0.4432113671114101,-0.06665471465047239,0.4572960137800522,0.41918886302655484,1.0000000000000007,0.7333564752169388,0.8393150815052386,-0.07620833831470446,-0.06737926462790049,-0.0292119755027667,-0.0427782969238126,-0.091665645761069,-0.04735123600244657,0.6198702490533995,0.28585897807112065,0.27130545723997396,0.35002827820564836,0.27391236572329264,0.05531392928208883,0.030003185688076257,,,,,,,,,0.6198702490533995,0.6198702490533996,0.6198702490533982,-0.033082025542413275,0.6198702490533982,0.28585897807112065,0.28585897807112043,0.2858589780711195,0.2858589780711195
log_price,0.057048206106323954,,-0.0031147719639537247,0.1877155708154776,0.2084930284650815,,-0.12863492184845357,-0.11881726207945631,0.5634763273941905,0.434858002966838,0.39403582660574954,0.46009653095352,-0.1595844160564169,0.015385666094714789,-0.18369232950475653,0.05884486226177723,0.048915480326299624,0.12085685396831837,-0.1699884772458537,0.10450967796616555,,0.23140983235709198,0.22631982171567214,0.18252324423106944,0.05690651917140386,-0.033214249939164366,0.04956510221151188,0.06019991798531353,0.07858086693183401,0.03272422684712217,-0.024687626320428105,0.37645360003890804,0.10376858755599164,0.08781710845862199,0.1851160257984637,0.012715838915339102,0.012412340863261435,0.21554573265944094,0.04267457372886295,0.08762283716501372,0.19151254848438548,-0.29049091988252074,-0.08661581562671698,0.04817650318708172,0.8393150815052378,1.0,0.43766983038085727,0.4655264473136507,0.0019351001970337146,0.6013032710445303,0.47371874598174546,0.8393150815052387,0.9658288900429944,1.0000000000000027,-0.03321424993916439,0.0009728732976585085,0.04817650318708144,-0.056906519171404026,-0.024687626320428428,-0.002232306121837371,0.46656868555320924,0.37645360003890804,0.19421065686051653,0.2929345147197939,0.322453480099822,0.08762283716501375,-0.005801171561418454,,,,,,,,,0.46656868555320924,0.4665686855532088,0.4665686855532084,-0.06036894412773827,0.4665686855532084,0.37645360003890804,0.376453600038909,0.37645360003891004,0.37645360003891004
price_per_accommodates,0.010725111611788362,,0.020783350744262134,0.35636936621515214,0.3514622382850024,,-0.07741713494194005,-0.17819749486717634,-0.2699814860017576,-0.06752208384162521,-0.13198818781432461,-0.1863348756897449,0.0699247783505046,0.08291866150301608,0.08067778632519552,0.2385851757364779,-0.013392255345259771,0.030745632353720014,0.08579402278682315,0.01917485602154091,,0.1570490872103778,0.1287716655103153,0.1038241696723242,0.08800230164027795,-0.11692724827290343,-0.13029688189134123,-0.13429637215721935,0.06004397098891462,-0.11729856462156234,-0.1862919192152414,-0.032471580989928306,0.0048379217064670075,0.01288998605383996,0.08187864345354787,-0.023466950772976797,-0.04001267816149645,0.17703654318320886,-0.03491645922127502,0.18887023857881258,0.1937361438618231,0.009914268668431973,0.00692717273508224,-0.13844301371769838,0.5136493840370902,0.43766983038085727,1.0,0.8416433319419613,-0.20785947551957148,-0.3127294216344671,-0.21491336531857289,0.51364938403709,0.3873932729815785,0.43766983038085505,-0.11692724827290356,-0.20196594941298032,-0.13844301371769854,-0.08800230164027802,-0.1862919192152419,-0.07662889276409153,0.20811204881832324,-0.03247158098992832,0.3741728641289963,0.3130466036695944,0.03378621474810974,0.18887023857881258,0.10016708462753374,,,,,,,,,0.20811204881832324,0.20811204881832324,0.20811204881832365,0.03889390063005511,0.20811204881832365,-0.03247158098992833,-0.03247158098992853,-0.032471580989928465,-0.032471580989928465
log_price_per_accommodates,0.013052245342242419,,0.014612373278463093,0.35253731911470904,0.3567762296529238,,-0.08770681473556423,-0.25261568236729504,-0.38960852124282214,-0.10595896489846733,-0.17133591913661111,-0.2704890604656956,0.05027117811591118,0.07105842685186871,0.055511790785786164,0.24674616030884233,-0.02478957593580603,0.03117324781352292,0.060809657703653215,0.018870532008412107,,0.14773173865774658,0.11526731441050207,0.08873840293661875,0.061955835915799506,-0.11129808697584663,-0.12042452316924954,-0.11697879681504876,0.03545998541680794,-0.1115827126994977,-0.17273466656739353,0.02443389121252044,0.04826698768678286,0.04137242292968666,0.11379201728862341,-0.01030513880934573,-0.019016207875056423,0.22746579332928182,-0.005173836516990812,0.24394538665783466,0.23740567171992813,0.051470577359720854,-0.04335339186231601,-0.11079708389368237,0.4432113671114101,0.4655264473136507,0.8416433319419613,1.0,-0.20014939171735746,-0.42723805076095683,-0.3038566805985712,0.44321136711140907,0.44029375365060375,0.4655264473136496,-0.1112980869758462,-0.19497866270244213,-0.11079708389368279,-0.06195583591579999,-0.17273466656739378,-0.06425461104525015,0.20000049039227152,0.024433891212520466,0.40379526603417515,0.2885565355711479,0.07970064129222106,0.24394538665783483,0.11514053107292939,,,,,,,,,0.20000049039227152,0.20000049039227183,0.20000049039227127,0.01750412883541504,0.20000049039227127,0.024433891212520476,0.024433891212520646,0.02443389121252051,0.02443389121252051
log_reviews,-0.5686208576123308,,-0.26788108799312416,-0.3356339703698221,-0.34781204179076924,,0.058696934246259214,0.0053747487158908175,0.13377797782463363,0.006444487936806915,-0.06766443128718183,0.0793829555930148,-0.2891780930637577,-0.04344925889390653,-0.31461853134062,-0.3314429841806529,0.1990059026188304,0.1772012329830121,-0.3202156332167,0.17635383733180288,,-0.038245594251920624,-0.0008531287394639232,-0.0030524988019690114,-0.1210886682662423,0.738449159171066,0.6665099244801522,0.5147063878933215,-0.04129619123321101,0.6842590043415002,0.7131146140858289,0.566166075568772,0.1857096712531797,0.20166673960739087,0.14725778853291385,0.19244968150167993,0.19635357314510313,0.16377207431713248,0.2408351299441931,-0.3022731884895717,-0.2426579267057907,-0.23358919809641265,0.0007755082350830298,0.5748579056772781,-0.06665471465047239,0.0019351001970337146,-0.20785947551957148,-0.20014939171735746,1.0,0.18387699113216857,0.10477729059573408,-0.0666547146504732,-0.0013155419356693323,0.0019351001970318287,0.7384491591710695,0.9969249817004717,0.5748579056772809,0.12108866826624215,0.7131146140858299,0.42853553492942525,0.0414319293968146,0.566166075568772,-0.014890347995435003,0.08304375824259869,0.1575443078354795,-0.3022731884895717,-0.26511124333185965,,,,,,,,,0.0414319293968146,0.041431929396815906,0.0414319293968161,-0.12415443531231755,0.0414319293968161,0.566166075568772,0.5661660755687732,0.5661660755687722,0.5661660755687722
log_accommodates,0.03202283818047685,,-0.026167560923042274,-0.16044878505942153,-0.1480118616596711,,-0.04010343220985232,0.1001743824542174,0.9275461873105958,0.539940604537551,0.6227155456706535,0.7133991828471519,-0.16281262040161712,-0.03829464667027515,-0.1958325377544041,-0.1685848838003309,0.08208692238634165,0.09980197269665049,-0.18986034614393907,0.09621470458874024,,0.08403877464471403,0.10798156952374835,0.09077850526285075,0.019828841582846486,0.06019765343439043,0.14858957397744815,0.15514352323622665,0.05498290377391068,0.1270692141425038,0.1232459084687823,0.3625208400202671,0.06818175507883284,0.059252121989301215,0.09038769934683981,0.03022688147644832,0.03580906271512268,0.0071584592903303984,0.05732418642586659,-0.1341922308079303,-0.04403730503064384,-0.319954905132892,-0.038604191873732985,0.12234713755422023,0.4572960137800522,0.6013032710445303,-0.3127294216344671,-0.42723805076095683,0.18387699113216857,1.0,0.7573412977931047,0.4572960137800544,0.5891749343985131,0.6013032710445322,0.0601976534343904,0.1780572003308587,0.12234713755421943,-0.019828841582846472,0.12324590846878257,0.043787618787214065,0.2960772880427319,0.362520840020267,-0.16614886346211685,0.04285860603525494,0.255042297295723,-0.13419223080793027,-0.09330019892417626,,,,,,,,,0.2960772880427319,0.2960772880427301,0.2960772880427304,-0.07668813078248786,0.2960772880427304,0.362520840020267,0.3625208400202681,0.3625208400202681,0.3625208400202681
log_beds,0.01827333484895005,,-0.006555976282026282,-0.1312251862164531,-0.10549792221146766,,-0.02609004088267301,0.10899578044540136,0.7970785344854391,0.5449974317579411,0.6321290862162445,0.9564013895612351,-0.11870487314324872,-0.057030519103255066,-0.1301300138407674,-0.14327978463746388,0.05000880645205505,0.05675583447094202,-0.12857254070774565,0.054216957964691746,,0.05525961911617951,0.08321226907438099,0.08363141204143383,0.007939188505571662,0.004372455557185055,0.08849044264149249,0.08531943535798017,0.05831565774857227,0.06920307324172356,0.07562096663224616,0.31435536927830304,0.051901416749463795,0.029723105145939593,0.05211663577245697,0.04176994872834023,0.04734227991870378,-0.0035714834719883094,0.05153035961184436,-0.12211593745688808,-0.07278481974759857,-0.16168433535636456,0.08685698499156631,0.06410002229508648,0.41918886302655484,0.47371874598174546,-0.21491336531857289,-0.3038566805985712,0.10477729059573408,0.7573412977931047,1.0,0.41918886302655617,0.4619335802405085,0.4737187459817443,0.00437245555718505,0.09901433731550292,0.06410002229508661,-0.007939188505571529,0.07562096663224593,0.012582433715121246,0.27812461889100676,0.314355369278303,-0.11777517913322075,-0.014772605918280134,0.20830587656885802,-0.12211593745688808,-0.05231888807923678,,,,,,,,,0.27812461889100676,0.2781246188910068,0.27812461889100665,-0.06639776697005786,0.27812461889100665,0.314355369278303,0.3143553692783043,0.3143553692783035,0.3143553692783035
price_zscore,0.05239176688083266,,0.017874122928659513,0.15563010943764444,0.1948141306984883,,-0.10420577095201333,-0.0730837781445526,0.49978400419218777,0.4531920663614652,0.4134736476513849,0.4392160847355518,-0.10158907356857486,0.008504214702409224,-0.1112654869097986,0.042534069814794524,-0.004527082597437847,0.05791492029745913,-0.10457241412722695,0.04168202088340856,,0.17559030058691188,0.16656559425009915,0.13387882171489035,0.04277829692381269,-0.07620833831470546,-0.028598867448080708,-0.02028818602801767,0.05835569368384508,-0.032890579474501226,-0.09166564576106956,0.2858589780711206,0.05456653553808594,0.034829766821710365,0.10255694772778481,-0.007306243859833674,-0.01859076107471528,0.13532252979982554,0.00906830986559795,0.05531392928208925,0.11045030878075739,-0.15301496908412374,-0.04655191977330296,-0.029211975502766455,1.0000000000000007,0.8393150815052387,0.51364938403709,0.44321136711140907,-0.0666547146504732,0.4572960137800544,0.41918886302655617,1.0,0.7333564752169422,0.8393150815052383,-0.0762083383147055,-0.0673792646279013,-0.029211975502766597,-0.042778296923812596,-0.09166564576106934,-0.047351236002447034,0.6198702490534008,0.28585897807112065,0.2713054572399736,0.35002827820564664,0.27391236572329203,0.05531392928208925,0.030003185688076552,,,,,,,,,0.6198702490534008,0.6198702490533988,0.6198702490534,-0.033082025542413115,0.6198702490534,0.28585897807112065,0.28585897807112115,0.28585897807111865,0.28585897807111865
price_percentile,0.06111803042849289,,0.006105100290140772,0.2053755274333868,0.21647668127426656,,-0.14326970174594172,-0.11355119737367556,0.5416498643613278,0.40900161518234124,0.38058873717522684,0.4382185716643956,-0.15351245263372612,0.021327966173292173,-0.17950333664546542,0.08412024609298975,0.058985484914045046,0.13488146007961893,-0.16275262534853566,0.11653906468150046,,0.22797620660482054,0.22470847574944275,0.18623155910701833,0.07331974578289482,-0.039472560301109405,0.055630241928606376,0.06655926378399314,0.09104456036534919,0.03571648668236382,-0.015643189081088044,0.379234022534632,0.09210084839919791,0.07894094014887305,0.1733941184060466,-0.0006801608678256133,0.0002999225654983541,0.21313845397090192,0.03222985219845061,0.12138222492406014,0.22188060453922354,-0.2765547238049222,-0.07893068738927052,0.054679142560331406,0.7333564752169388,0.9658288900429944,0.3873932729815785,0.44029375365060375,-0.0013155419356693323,0.5891749343985131,0.4619335802405085,0.7333564752169422,1.0,0.9658288900429907,-0.039472560301109454,-0.0023629929034215957,0.05467914256033119,-0.07331974578289482,-0.015643189081088228,0.004377407009322174,0.3841671238271818,0.379234022534632,0.15610715000032696,0.24892520840895757,0.2970518868966632,0.12138222492406017,0.014550299945657022,,,,,,,,,0.3841671238271818,0.38416712382717955,0.38416712382718,-0.04741740137129272,0.38416712382718,0.37923402253463195,0.3792340225346327,0.37923402253463356,0.37923402253463356
log_price_zscore,0.057048206106327645,,-0.0031147719639516287,0.18771557081547746,0.20849302846508153,,-0.12863492184845404,-0.11881726207945507,0.5634763273941906,0.4348580029668367,0.3940358266057491,0.4600965309535202,-0.15958441605641785,0.015385666094713462,-0.1836923295047584,0.058844862261777264,0.0489154803262986,0.12085685396831787,-0.16998847724585417,0.1045096779661651,,0.23140983235709275,0.22631982171567286,0.1825232442310703,0.05690651917140416,-0.03321424993916713,0.04956510221151237,0.06019991798531416,0.07858086693183491,0.032724226847122395,-0.024687626320427897,0.37645360003890765,0.10376858755599216,0.08781710845862142,0.18511602579846426,0.012715838915337892,0.012412340863260585,0.21554573265943996,0.042674573728862235,0.08762283716501447,0.19151254848438592,-0.2904909198825221,-0.08661581562671715,0.04817650318708136,0.8393150815052386,1.0000000000000027,0.43766983038085505,0.4655264473136496,0.0019351001970318287,0.6013032710445322,0.4737187459817443,0.8393150815052383,0.9658288900429907,1.0,-0.03321424993916715,0.000972873297656319,0.04817650318708123,-0.056906519171404185,-0.024687626320427987,-0.0022323061218371795,0.4665686855532088,0.37645360003890765,0.1942106568605154,0.292934514719794,0.3224534800998218,0.08762283716501447,-0.005801171561417905,,,,,,,,,0.46656868555320874,0.46656868555320785,0.4665686855532084,-0.06036894412773788,0.4665686855532084,0.37645360003890765,0.3764536000389099,0.3764536000389091,0.3764536000389091
reviews_zscore,-0.48143763638801773,,-0.21533987565019017,-0.15388317174731775,-0.1680306930343175,,0.013646670441995716,-0.041643612130775734,0.01857488826429448,-0.08102967817716199,-0.12820847547585446,-0.008974807158327628,-0.16569896325657868,-0.003970152615357165,-0.17914003196950073,-0.16673914371164783,0.17874759097813084,0.16111045165876609,-0.18462932851391753,0.16310853935580302,,-0.041308363370813214,-0.011763830874755243,-0.008427743789262839,-0.0635905603393105,1.0000000000000022,0.6536742440838235,0.4491424140280461,-0.02139484449776129,0.7122014153752421,0.5684383514474678,0.40819094957519003,0.11709354718657848,0.13114848132857218,0.09691882980006358,0.12514560473180739,0.11810936480843531,0.13241916859629843,0.1515102408706001,-0.1618212779108323,-0.13504326795256685,-0.10736482678192373,-0.0024036909163075762,0.5682332169325319,-0.07620833831470446,-0.03321424993916439,-0.11692724827290356,-0.1112980869758462,0.7384491591710695,0.0601976534343904,0.00437245555718505,-0.0762083383147055,-0.039472560301109454,-0.03321424993916715,1.0,0.7526255649580756,0.5682332169325338,0.06359056033930982,0.5684383514474687,0.48456131019020937,0.006353916016390699,0.40819094957519014,0.003241293438775973,0.06623028223292096,0.1009387266609313,-0.1618212779108323,-0.17292367370821926,,,,,,,,,0.006353916016390685,0.006353916016392046,0.006353916016392012,-0.09343478213960563,0.006353916016392012,0.40819094957519014,0.4081909495751928,0.4081909495751925,0.4081909495751925
reviews_percentile,-0.576114099151163,,-0.2693991434881945,-0.32185752360143854,-0.3348367322308277,,0.055063469517372114,-0.0003852526040088655,0.12740442085710135,-0.002177030224151203,-0.07250219526227719,0.0735215319751546,-0.2819697395521523,-0.041008509047098025,-0.30682229115561693,-0.31948135146173207,0.20350251753908608,0.18156635642509072,-0.31246378522345697,0.1809560085725959,,-0.03950276699164762,-0.00171960752295503,-0.003318099138260415,-0.11894562164503265,0.7526255649580743,0.6745191704955368,0.5128924207596964,-0.04031094268038422,0.6996489068586329,0.7167179410250191,0.5688562993578808,0.18225125594827338,0.19845300431540275,0.14649019283054873,0.1885876689971005,0.1909130447812153,0.1651935946114241,0.23461063102031623,-0.29202257586854824,-0.23418135756760822,-0.22647597163808628,-0.000319181870636309,0.5714538755107011,-0.06737926462790049,0.0009728732976585085,-0.20196594941298032,-0.19497866270244213,0.9969249817004717,0.1780572003308587,0.09901433731550292,-0.0673792646279013,-0.0023629929034215957,0.000972873297656319,0.7526255649580756,1.0,0.5714538755107019,0.1189456216450325,0.716717941025022,0.4393175535784772,0.04036231288464483,0.5688562993578808,-0.011630750993320841,0.08514566876837437,0.15779243541087423,-0.29202257586854824,-0.26339586516632574,,,,,,,,,0.04036231288464483,0.04036231288464647,0.040362312884646374,-0.12494558846853275,0.040362312884646374,0.5688562993578808,0.5688562993578837,0.5688562993578838,0.5688562993578838
reviews_per_month_zscore,0.10979871031666896,,0.08214305793559597,-0.14042505323385432,-0.16284759156386946,,-0.03732634354523372,0.019170078872765662,0.07153490843975947,-0.07855663048519906,-0.047709657112147114,0.047460363859321994,-0.26015700081482424,-0.15012319846123295,-0.26740976450440973,-0.22776907450788095,0.006515547421560695,-0.02861839561677696,-0.27307606795266787,-0.027333340140792924,,0.026464910759504218,0.06805867694432556,0.07228305233033189,-0.04387492871011075,0.5682332169325287,0.8321219926209914,0.7544273833875478,0.039320554975863634,0.7251651799981902,0.638375627098768,0.5014307106446485,0.15349275214437894,0.14793903648854279,0.15483335354251798,0.11247916133992863,0.13360277305600946,0.10142638976863005,0.18357188029825874,-0.12148388824822055,-0.1103653130910584,-0.13297139680071043,-0.02130322695483361,1.0000000000000038,-0.0292119755027667,0.04817650318708144,-0.13844301371769854,-0.11079708389368279,0.5748579056772809,0.12234713755421943,0.06410002229508661,-0.029211975502766597,0.05467914256033119,0.04817650318708123,0.5682332169325338,0.5714538755107019,1.0,0.043874928710111116,0.6383756270987706,0.5351224118222736,0.04188726070025008,0.5014307106446485,0.027048535571152214,0.10103528241414049,0.116965696528143,-0.12148388824822055,-0.16569737241731275,,,,,,,,,0.041887260700250104,0.04188726070024969,0.04188726070024977,-0.08427771602577663,0.04188726070024977,0.5014307106446486,0.5014307106446498,0.5014307106446494,0.5014307106446494
occupancy_rate,-0.056639763497052395,,-0.026560462518366305,-0.09614842164181703,-0.11310245778846872,,0.030452730008830305,-0.016837380412452276,-0.025733494434103128,-0.0255214456712387,0.02608223853261551,-0.014770769114358609,-0.03887813184150124,-0.1504240666241512,-0.06813222149459064,-0.044345968904170315,-0.0772346537133195,-0.1237500897670317,-0.05815784768879207,-0.11211435307339447,,-0.3752350537111321,-0.4430014291194316,-0.5548414125385974,-1.0000000000000029,0.06359056033930971,0.062478935725338296,0.04048415894342087,-0.8447800622672601,0.06229788447478956,0.060835750660720646,0.06657443006697662,0.13160228570832044,0.12050754089742743,0.09409226908330733,0.10430519395100349,0.101716400288978,0.09264856517140174,0.1465519359066282,-0.11853430431816961,-0.13121518186973324,0.03329925082228548,-0.05867528063772561,0.04387492871011096,-0.0427782969238126,-0.056906519171404026,-0.08800230164027802,-0.06195583591579999,0.12108866826624215,-0.019828841582846472,-0.007939188505571529,-0.042778296923812596,-0.07331974578289482,-0.056906519171404185,0.06359056033930982,0.1189456216450325,0.043874928710111116,1.0,0.06083575066072055,0.033428486346118676,0.590187354536166,0.06657443006697662,0.7138030615032338,0.6902287273074862,0.7856548754301846,-0.11853430431816961,-0.1778289415960937,,,,,,,,,0.5901873545361659,0.5901873545361666,0.5901873545361664,-0.3440291706091383,0.5901873545361664,0.06657443006697661,0.0665744300669765,0.06657443006697646,0.06657443006697646
occupancy_rate_booked,-0.21496227724671416,,-0.13108547376283508,-0.22439852823515752,-0.2412717821337031,,0.02103148684129712,0.0029886316664184415,0.08260135337819642,-0.01854596059977023,-0.06955607941885783,0.04748383135169378,-0.1712015068458586,-0.1300574452566506,-0.222586234231067,-0.2228373950540528,0.09719547750777592,0.06763747710394172,-0.21586823727174817,0.06720109235627313,,-0.08820436031050229,-0.03746106945098194,-0.015129339502420238,-0.06083575066072095,0.5684383514474713,0.8063690536498185,0.6211664012969774,-0.00685379298891147,0.7506066418684717,1.0000000000000029,0.7658431584701266,0.18003305382043872,0.1702160274502557,0.1484312946459017,0.1557217000545341,0.16885966131745092,0.12019337921491971,0.18522090517208467,-0.13979429225799145,-0.09625497435286133,-0.16233454356083463,-0.028910393603386562,0.6383756270987667,-0.091665645761069,-0.024687626320428428,-0.1862919192152419,-0.17273466656739378,0.7131146140858299,0.12324590846878257,0.07562096663224593,-0.09166564576106934,-0.015643189081088228,-0.024687626320427987,0.5684383514474687,0.716717941025022,0.6383756270987706,0.06083575066072055,1.0,0.6914682360773741,0.01534966987940493,0.7658431584701266,-0.007370075428521073,0.07348501389613664,0.15469542925792434,-0.13979429225799148,-0.18082196857279956,,,,,,,,,0.015349669879404915,0.015349669879405423,0.01534966987940561,-0.1494855108126622,0.01534966987940561,0.7658431584701265,0.7658431584701305,0.765843158470127,0.765843158470127
occupancy_is_capped,-0.12987170692506192,,-0.07156929211847143,-0.09438131259805076,-0.10498014590495237,,-0.0006856628486694488,-0.03794750165700443,0.011141986593730453,-0.05710538863630782,-0.08060965345744796,-0.003237710412298175,-0.048850685566664755,-0.07791807295597779,-0.10124616702508182,-0.09272061024994303,0.061719867998789445,0.05515937532701287,-0.09117692767232286,0.05314828183956466,,-0.05839079151147949,-0.031142972555380087,-0.02132391375778805,-0.033428486346118814,0.4845613101902091,0.6989712654959622,0.490327466460925,-0.015115015374628076,0.668326693068131,0.6914682360773745,0.5264806605011723,0.10509832675415905,0.09958005295274402,0.09398704463145792,0.07871498636644232,0.08680360601484316,0.09583265621886619,0.10881987604998565,-0.044534101832993896,-0.024463237270001565,-0.07363284937259314,-0.004435451796059652,0.5351224118222708,-0.04735123600244657,-0.002232306121837371,-0.07662889276409153,-0.06425461104525015,0.42853553492942525,0.043787618787214065,0.012582433715121246,-0.047351236002447034,0.004377407009322174,-0.0022323061218371795,0.48456131019020937,0.4393175535784772,0.5351224118222736,0.033428486346118676,0.6914682360773741,1.0,0.006465054441772674,0.5264806605011723,0.012127215617402083,0.06025126882308792,0.0913553592833327,-0.0445341018329939,-0.09523177737919815,,,,,,,,,0.006465054441772665,0.006465054441772928,0.006465054441773027,-0.08177403012329228,0.006465054441773027,0.5264806605011723,0.5264806605011744,0.5264806605011748,0.5264806605011748
est_annual_revenue,0.004921338703795276,,-0.04764092624096647,0.029142772258563092,0.04691633684386504,,-0.04240313463682742,-0.046715224200274345,0.3187674218622009,0.2967423407011043,0.28017672856457665,0.28250829568643304,-0.10497191418841356,-0.08780086667789326,-0.11360303832784366,-0.0030308300688147126,-0.050782560975553746,-0.07116252565808578,-0.10671974389214263,-0.06879794000605761,,-0.12127082678554754,-0.14577832918973962,-0.22115197817823573,-0.5901873545361667,0.00635391601639075,0.0445304600505841,0.05073099678241704,-0.46375687386782555,0.03446030055210379,0.015349669879404984,0.22450565420402382,0.13429242092923283,0.11700905882584309,0.12706108038597852,0.08269041380405077,0.09139961988027914,0.13920332037162425,0.11555165563726469,-0.043273610553323835,-0.01548516701705898,-0.08499908077347795,-0.052045798004454774,0.041887260700250006,0.6198702490533995,0.46656868555320924,0.20811204881832324,0.20000049039227152,0.0414319293968146,0.2960772880427319,0.27812461889100676,0.6198702490534008,0.3841671238271818,0.4665686855532088,0.006353916016390699,0.04036231288464483,0.04188726070025008,0.590187354536166,0.01534966987940493,0.006465054441772674,1.0,0.22450565420402377,0.7312157128939857,0.7962260897482063,0.6741861474242083,-0.043273610553323835,-0.09225557852418696,,,,,,,,,1.0,0.9999999999999981,1.0000000000000024,-0.20953793590116654,1.0000000000000024,0.22450565420402377,0.22450565420402468,0.22450565420402413,0.22450565420402413
est_annual_revenue_booked,-0.13408882703521238,,-0.07868286535247339,-0.15038768849417566,-0.14990945267048086,,-0.0597544177062598,-0.04872364451350173,0.3406253880121942,0.21938721344988504,0.19434947105615177,0.30308035865651783,-0.19645387856704521,-0.11862105035820554,-0.258615322809946,-0.19867152856214307,0.09247063460178351,0.1017471706657043,-0.24863902657272144,0.0904464644875785,,-0.040130841218742094,-0.0005981793133734273,0.007756912314216055,-0.06657443006697655,0.4081909495751906,0.6553561899347093,0.5008342765008537,-0.010463170866937899,0.6017471637776175,0.7658431584701282,1.0,0.16340328413094607,0.14142301222144743,0.15867445944656755,0.11575611434172046,0.11459376776609795,0.16588134247505468,0.14621543988736072,-0.05217216564090741,0.0006489279594968198,-0.16092520794717602,-0.046867937165132385,0.5014307106446495,0.28585897807112065,0.37645360003890804,-0.03247158098992832,0.024433891212520466,0.566166075568772,0.362520840020267,0.314355369278303,0.28585897807112065,0.379234022534632,0.37645360003890765,0.40819094957519014,0.5688562993578808,0.5014307106446485,0.06657443006697662,0.7658431584701266,0.5264806605011723,0.22450565420402377,1.0,0.061226457542648764,0.14302135179477365,0.27083797915195484,-0.05217216564090743,-0.10542937660063248,,,,,,,,,0.22450565420402377,0.22450565420402444,0.22450565420402446,-0.14606281005612512,0.22450565420402446,1.0,0.9999999999999993,1.0,1.0
revenue_per_accommodates,-0.002251560944319318,,-0.03507864301503669,0.14203779599236965,0.1315932303341757,,-0.03409582208133364,-0.10081164673144356,-0.1451248300582015,-0.04482595369310138,-0.043060066545913614,-0.10388339512599405,-0.04148423734578837,-0.06899800668364357,-0.038281068802595714,0.11224110319604358,-0.08134220813721872,-0.10837734709227345,-0.030062949505956286,-0.1031901410918718,,-0.18052847565526192,-0.2265898146797945,-0.31179148789844346,-0.7138030615032362,0.0032412934387759888,0.01805093345268041,0.025275191338415926,-0.5903935343444028,0.015128577173290041,-0.007370075428521115,0.061226457542648764,0.15782369160737095,0.1412910572566545,0.14409421818298868,0.1022313037455281,0.1052217006435312,0.17540913742426256,0.13704599900769565,0.044733221920703434,0.0337319984360873,0.039889985274379036,-0.05334036670666374,0.02704853557115214,0.27130545723997396,0.19421065686051653,0.3741728641289963,0.40379526603417515,-0.014890347995435003,-0.16614886346211685,-0.11777517913322075,0.2713054572399736,0.15610715000032696,0.1942106568605154,0.003241293438775973,-0.011630750993320841,0.027048535571152214,0.7138030615032338,-0.007370075428521073,0.012127215617402083,0.7312157128939857,0.061226457542648764,1.0,0.8968820364323978,0.6522050905745284,0.04473322192070341,-0.07298651461371429,,,,,,,,,0.7312157128939858,0.7312157128939862,0.7312157128939875,-0.24578353784714796,0.7312157128939875,0.06122645754264872,0.061226457542648806,0.061226457542648965,0.061226457542648965
revenue_per_bedroom,-0.02167982102900713,,-0.06915003495288845,0.09054100154174706,0.09015720503126691,,-0.052430570217201246,-0.08902077755516431,-0.001634741562405895,-0.01927477476383121,-0.10757661179021738,-0.0262271338539644,-0.10940327127164091,-0.08713968294039925,-0.11239158354365276,0.05671361294257388,-0.0495725332981679,-0.07398146977709612,-0.10278073743446066,-0.0705695022136642,,-0.15022299697182315,-0.18427022096962792,-0.27194235509684234,-0.6902287273074873,0.0662302822329209,0.092526372560476,0.09379849932904857,-0.5609259893931919,0.07991481432620555,0.07348501389613663,0.14302135179477365,0.18319267931941635,0.17085466605395658,0.17993310185250247,0.11089999190776104,0.1257322848487647,0.20526905937902412,0.15724638578225394,-0.0045691297974232966,0.03436344969078462,-0.10472601144734103,-0.06051937678792006,0.10103528241414075,0.35002827820564836,0.2929345147197939,0.3130466036695944,0.2885565355711479,0.08304375824259869,0.04285860603525494,-0.014772605918280134,0.35002827820564664,0.24892520840895757,0.292934514719794,0.06623028223292096,0.08514566876837437,0.10103528241414049,0.6902287273074862,0.07348501389613664,0.06025126882308792,0.7962260897482063,0.14302135179477365,0.8968820364323978,1.0,0.6762023670057232,-0.004569129797423309,-0.12999751477809365,,,,,,,,,0.7962260897482063,0.7962260897482054,0.7962260897482045,-0.24359042089749275,0.7962260897482045,0.14302135179477368,0.1430213517947744,0.14302135179477407,0.14302135179477407
log_est_revenue,-0.05383124843306038,,-0.09717861094926422,0.008027198696462965,-0.0028512273739217204,,-0.025104511204358262,-0.05420611583379539,0.23859330811010204,0.170047950262497,0.18724886324917261,0.19700127431664755,-0.100070974454468,-0.10327038033973086,-0.11883855113550608,0.021292863100556343,0.004831557068663152,-0.03427593838628558,-0.1081403841555369,-0.024907432712010315,,-0.3108764520624372,-0.3322697970884713,-0.395239415358594,-0.7856548754301852,0.10093872666093152,0.1473683880642474,0.1290452948420643,-0.6000859603840039,0.1281559099764976,0.154695429257924,0.27083797915195484,0.19868982310542418,0.19070186559975136,0.18730057901994485,0.15296182195620053,0.15590970765623563,0.19287789977258996,0.18993203573886017,-0.022305208560892704,0.0033076466034968168,-0.07456532664584956,-0.10923660802423478,0.11696569652814254,0.27391236572329264,0.322453480099822,0.03378621474810974,0.07970064129222106,0.1575443078354795,0.255042297295723,0.20830587656885802,0.27391236572329203,0.2970518868966632,0.3224534800998218,0.1009387266609313,0.15779243541087423,0.116965696528143,0.7856548754301846,0.15469542925792434,0.0913553592833327,0.6741861474242083,0.27083797915195484,0.6522050905745284,0.6762023670057232,1.0,-0.022305208560892725,-0.1649114345396378,,,,,,,,,0.6741861474242082,0.6741861474242109,0.674186147424208,-0.6447202674252562,0.674186147424208,0.27083797915195496,0.27083797915195407,0.2708379791519536,0.2708379791519536
host_listings_in_city,0.11320728136971711,,-0.08367049284894047,0.5809877508048253,0.561464934507774,,-0.07106661364991375,-0.12108706733803035,-0.12878131923645647,-0.12629547981545888,-0.048927649349123234,-0.11351213315341827,0.23507530017259373,0.15311829934391014,0.16429951947896856,0.4725144344388459,0.17664995288102658,0.17110869494528524,0.18823710372091454,0.1765457656939227,,-0.15334247903160983,-0.1610282218271188,-0.12122428989025814,0.11853430431817036,-0.16182127791083276,-0.16179816561116328,-0.1864662924517434,0.005706438128693245,-0.1416532333341656,-0.13979429225799098,-0.05217216564090743,-0.07845318044524906,-0.07141854091976722,-0.0206612103508964,-0.09127553685769607,-0.0938765983016477,0.05769176381527267,-0.17066265887825405,1.0,0.9584361817736007,0.23975107579867913,-0.0220916844118329,-0.12148388824822051,0.05531392928208883,0.08762283716501375,0.18887023857881258,0.24394538665783483,-0.3022731884895717,-0.13419223080793027,-0.12211593745688808,0.05531392928208925,0.12138222492406017,0.08762283716501447,-0.1618212779108323,-0.29202257586854824,-0.12148388824822055,-0.11853430431816961,-0.13979429225799148,-0.0445341018329939,-0.043273610553323835,-0.05217216564090743,0.04473322192070341,-0.004569129797423309,-0.022305208560892725,1.0,0.314254302772324,,,,,,,,,-0.043273610553323835,-0.04327361055332415,-0.04327361055332414,-0.027889309775318283,-0.04327361055332414,-0.05217216564090743,-0.05217216564090763,-0.05217216564090747,-0.05217216564090747
host_is_professional,0.16056206558597147,,0.1081818012239202,0.2051726672444489,0.2307730963814745,,-0.08682078753122212,-0.07035145215939642,-0.04547593070040414,0.017818295072988318,0.028580049194824448,-0.03339212122124192,0.06449549580385887,0.05592244025286228,0.05591433329231576,0.1408230791927455,0.011302631663037637,0.06778245018208752,0.07227980631960777,0.053492822946899374,,0.0441258666944183,0.028913702907408276,0.05071607713264413,0.17782894159609305,-0.17292367370821826,-0.18295563939198822,-0.21416514540359077,0.13131954614353303,-0.17221001776564587,-0.18082196857279864,-0.10542937660063248,-0.16688618596039698,-0.16410139641968755,-0.1314414068388811,-0.14830554835215878,-0.16264568709893226,-0.1001211461286762,-0.20443327140306297,0.314254302772324,0.27506224096860904,0.16276778661216637,0.060570800758181394,-0.1656973724173126,0.030003185688076257,-0.005801171561418454,0.10016708462753374,0.11514053107292939,-0.26511124333185965,-0.09330019892417626,-0.05231888807923678,0.030003185688076552,0.014550299945657022,-0.005801171561417905,-0.17292367370821926,-0.26339586516632574,-0.16569737241731275,-0.1778289415960937,-0.18082196857279956,-0.09523177737919815,-0.09225557852418696,-0.10542937660063248,-0.07298651461371429,-0.12999751477809365,-0.1649114345396378,0.314254302772324,1.0,,,,,,,,,-0.09225557852418696,-0.09225557852418771,-0.09225557852418739,0.0747233057321777,-0.09225557852418739,-0.10542937660063247,-0.10542937660063313,-0.1054293766006328,-0.1054293766006328
pct_professional_hosts,,,,,,,,,,,,,,,,,,,,,,,,,,,,,,,,,,,,,,,,,,,,,,,,,,,,,,,,,,,,,,,,,,,,,,,,,,,,,,,,,,,,
pct_large_operators,,,,,,,,,,,,,,,,,,,,,,,,,,,,,,,,,,,,,,,,,,,,,,,,,,,,,,,,,,,,,,,,,,,,,,,,,,,,,,,,,,,,
median_host_listings,,,,,,,,,,,,,,,,,,,,,,,,,,,,,,,,,,,,,,,,,,,,,,,,,,,,,,,,,,,,,,,,,,,,,,,,,,,,,,,,,,,,
gini_host_concentration,,,,,,,,,,,,,,,,,,,,,,,,,,,,,,,,,,,,,,,,,,,,,,,,,,,,,,,,,,,,,,,,,,,,,,,,,,,,,,,,,,,,
market_professionalization_score,,,,,,,,,,,,,,,,,,,,,,,,,,,,,,,,,,,,,,,,,,,,,,,,,,,,,,,,,,,,,,,,,,,,,,,,,,,,,,,,,,,,
purchase_price,,,,,,,,,,,,,,,,,,,,,,,,,,,,,,,,,,,,,,,,,,,,,,,,,,,,,,,,,,,,,,,,,,,,,,,,,,,,,,,,,,,,
monthly_payment,,,,,,,,,,,,,,,,,,,,,,,,,,,,,,,,,,,,,,,,,,,,,,,,,,,,,,,,,,,,,,,,,,,,,,,,,,,,,,,,,,,,
zori_rent,,,,,,,,,,,,,,,,,,,,,,,,,,,,,,,,,,,,,,,,,,,,,,,,,,,,,,,,,,,,,,,,,,,,,,,,,,,,,,,,,,,,
annual_cash_flow,0.004921338703795276,,-0.04764092624096647,0.029142772258563092,0.04691633684386504,,-0.04240313463682742,-0.04671522420027436,0.3187674218622009,0.2967423407011043,0.28017672856457665,0.28250829568643304,-0.10497191418841356,-0.08780086667789326,-0.11360303832784364,-0.0030308300688147044,-0.050782560975553746,-0.07116252565808578,-0.10671974389214263,-0.06879794000605761,,-0.12127082678554753,-0.14577832918973965,-0.22115197817823568,-0.5901873545361667,0.006353916016390728,0.04453046005058409,0.05073099678241703,-0.46375687386782555,0.034460300552103786,0.015349669879404984,0.22450565420402377,0.13429242092923283,0.11700905882584309,0.12706108038597855,0.08269041380405075,0.09139961988027916,0.13920332037162425,0.1155516556372647,-0.043273610553323835,-0.01548516701705898,-0.08499908077347795,-0.052045798004454774,0.041887260700250055,0.6198702490533995,0.46656868555320924,0.20811204881832324,0.20000049039227152,0.0414319293968146,0.2960772880427319,0.27812461889100676,0.6198702490534008,0.3841671238271818,0.46656868555320874,0.006353916016390685,0.04036231288464483,0.041887260700250104,0.5901873545361659,0.015349669879404915,0.006465054441772665,1.0,0.22450565420402377,0.7312157128939858,0.7962260897482063,0.6741861474242082,-0.043273610553323835,-0.09225557852418696,,,,,,,,,1.0,0.9999999999999981,1.0000000000000024,-0.20953793590116654,1.0000000000000024,0.22450565420402377,0.22450565420402468,0.22450565420402413,0.22450565420402413
cash_on_cash_roi,0.004921338703792752,,-0.04764092624096754,0.029142772258563005,0.04691633684386511,,-0.042403134636827176,-0.04671522420027455,0.318767421862203,0.2967423407011054,0.280176728564577,0.28250829568643265,-0.10497191418841377,-0.0878008666778927,-0.11360303832784414,-0.003030830068814679,-0.0507825609755531,-0.07116252565808537,-0.1067197438921429,-0.06879794000605724,,-0.12127082678554808,-0.1457783291897391,-0.22115197817823615,-0.5901873545361669,0.006353916016392114,0.04453046005058439,0.05073099678241679,-0.46375687386782843,0.03446030055210416,0.015349669879405493,0.22450565420402444,0.13429242092923252,0.1170090588258432,0.12706108038597816,0.08269041380405036,0.09139961988027875,0.13920332037162442,0.11555165563726469,-0.04327361055332415,-0.015485167017059277,-0.08499908077347829,-0.05204579800445477,0.04188726070024981,0.6198702490533996,0.4665686855532088,0.20811204881832324,0.20000049039227183,0.041431929396815906,0.2960772880427301,0.2781246188910068,0.6198702490533988,0.38416712382717955,0.46656868555320785,0.006353916016392046,0.04036231288464647,0.04188726070024969,0.5901873545361666,0.015349669879405423,0.006465054441772928,0.9999999999999981,0.22450565420402444,0.7312157128939862,0.7962260897482054,0.6741861474242109,-0.04327361055332415,-0.09225557852418771,,,,,,,,,0.9999999999999981,1.0,0.9999999999999974,-0.20953793590116615,0.9999999999999974,0.22450565420402444,0.22450565420402493,0.22450565420402452,0.22450565420402452
cap_rate,0.0049213387037928885,,-0.04764092624096779,0.029142772258563127,0.046916336843864946,,-0.042403134636827315,-0.04671522420027471,0.31876742186220003,0.2967423407011055,0.2801767285645779,0.2825082956864318,-0.10497191418841355,-0.08780086667789301,-0.11360303832784385,-0.0030308300688147633,-0.050782560975553115,-0.07116252565808524,-0.10671974389214307,-0.06879794000605702,,-0.12127082678554812,-0.14577832918973957,-0.22115197817823581,-0.5901873545361671,0.00635391601639206,0.04453046005058456,0.050730996782416896,-0.4637568738678272,0.03446030055210438,0.015349669879405637,0.22450565420402446,0.13429242092923266,0.117009058825843,0.1270610803859781,0.08269041380405016,0.09139961988027873,0.13920332037162372,0.1155516556372647,-0.04327361055332414,-0.015485167017059242,-0.08499908077347833,-0.05204579800445453,0.04188726070024995,0.6198702490533982,0.4665686855532084,0.20811204881832365,0.20000049039227127,0.0414319293968161,0.2960772880427304,0.27812461889100665,0.6198702490534,0.38416712382718,0.4665686855532084,0.006353916016392012,0.040362312884646374,0.04188726070024977,0.5901873545361664,0.01534966987940561,0.006465054441773027,1.0000000000000024,0.22450565420402446,0.7312157128939875,0.7962260897482045,0.674186147424208,-0.04327361055332414,-0.09225557852418739,,,,,,,,,1.0000000000000024,0.9999999999999974,1.0,-0.20953793590116623,1.0,0.22450565420402438,0.2245056542040249,0.22450565420402463,0.22450565420402463
price_to_rent_ratio,0.04231504666029442,,0.06430770582994987,-0.006709551170204927,0.0198136824528779,,-0.015577647383953244,0.011299569328893694,-0.07516409548265013,-0.0432840097082725,-0.04833409578249245,-0.061816833844862425,0.03267333476731918,0.023889072288326634,0.043204842778106475,-0.01880150009947735,-0.06723056112574129,-0.026472751307559203,0.03690091625934181,-0.033999592920919364,,0.3571297625897583,0.325876971912179,0.31095613461100147,0.3440291706091384,-0.09343478213960618,-0.10609882446540628,-0.08182555136820369,0.2959669212665963,-0.09727702624281241,-0.14948551081266295,-0.14606281005612512,-0.1629575001728323,-0.160067352617963,-0.16012849695275347,-0.15309979115005729,-0.1502343534039495,-0.10949852119287312,-0.1544183327293273,-0.027889309775318283,-0.026648128098757214,-0.008599800694816896,0.06716949262628179,-0.08427771602577643,-0.033082025542413275,-0.06036894412773827,0.03889390063005511,0.01750412883541504,-0.12415443531231755,-0.07668813078248786,-0.06639776697005786,-0.033082025542413115,-0.04741740137129272,-0.06036894412773788,-0.09343478213960563,-0.12494558846853275,-0.08427771602577663,-0.3440291706091383,-0.1494855108126622,-0.08177403012329228,-0.20953793590116654,-0.14606281005612512,-0.24578353784714796,-0.24359042089749275,-0.6447202674252562,-0.027889309775318283,0.0747233057321777,,,,,,,,,-0.20953793590116654,-0.20953793590116615,-0.20953793590116623,1.0,-0.20953793590116623,-0.14606281005612506,-0.14606281005612526,-0.14606281005612523,-0.14606281005612523
revenue_yield,0.0049213387037928885,,-0.04764092624096779,0.029142772258563127,0.046916336843864946,,-0.042403134636827315,-0.04671522420027471,0.31876742186220003,0.2967423407011055,0.2801767285645779,0.2825082956864318,-0.10497191418841355,-0.08780086667789301,-0.11360303832784385,-0.0030308300688147633,-0.050782560975553115,-0.07116252565808524,-0.10671974389214307,-0.06879794000605702,,-0.12127082678554812,-0.14577832918973957,-0.22115197817823581,-0.5901873545361671,0.00635391601639206,0.04453046005058456,0.050730996782416896,-0.4637568738678272,0.03446030055210438,0.015349669879405637,0.22450565420402446,0.13429242092923266,0.117009058825843,0.1270610803859781,0.08269041380405016,0.09139961988027873,0.13920332037162372,0.1155516556372647,-0.04327361055332414,-0.015485167017059242,-0.08499908077347833,-0.05204579800445453,0.04188726070024995,0.6198702490533982,0.4665686855532084,0.20811204881832365,0.20000049039227127,0.0414319293968161,0.2960772880427304,0.27812461889100665,0.6198702490534,0.38416712382718,0.4665686855532084,0.006353916016392012,0.040362312884646374,0.04188726070024977,0.5901873545361664,0.01534966987940561,0.006465054441773027,1.0000000000000024,0.22450565420402446,0.7312157128939875,0.7962260897482045,0.674186147424208,-0.04327361055332414,-0.09225557852418739,,,,,,,,,1.0000000000000024,0.9999999999999974,1.0,-0.20953793590116623,1.0,0.22450565420402438,0.2245056542040249,0.22450565420402463,0.22450565420402463
annual_cash_flow_booked,-0.13408882703521238,,-0.07868286535247339,-0.1503876884941756,-0.1499094526704809,,-0.0597544177062598,-0.04872364451350175,0.3406253880121942,0.21938721344988502,0.19434947105615177,0.3030803586565178,-0.19645387856704516,-0.11862105035820554,-0.2586153228099459,-0.19867152856214307,0.09247063460178351,0.10174717066570431,-0.2486390265727214,0.0904464644875785,,-0.040130841218742073,-0.0005981793133734313,0.007756912314216061,-0.06657443006697655,0.4081909495751906,0.6553561899347092,0.5008342765008535,-0.01046317086693787,0.6017471637776174,0.7658431584701282,1.0,0.16340328413094607,0.1414230122214474,0.15867445944656752,0.11575611434172044,0.11459376776609793,0.16588134247505462,0.14621543988736066,-0.05217216564090743,0.0006489279594968141,-0.16092520794717602,-0.0468679371651324,0.5014307106446495,0.28585897807112065,0.37645360003890804,-0.03247158098992833,0.024433891212520476,0.566166075568772,0.362520840020267,0.314355369278303,0.28585897807112065,0.37923402253463195,0.37645360003890765,0.40819094957519014,0.5688562993578808,0.5014307106446486,0.06657443006697661,0.7658431584701265,0.5264806605011723,0.22450565420402377,1.0,0.06122645754264872,0.14302135179477368,0.27083797915195496,-0.05217216564090743,-0.10542937660063247,,,,,,,,,0.22450565420402377,0.22450565420402444,0.22450565420402438,-0.14606281005612506,0.22450565420402438,1.0,0.9999999999999993,1.0,1.0
cash_on_cash_roi_booked,-0.13408882703521352,,-0.0786828653524741,-0.15038768849417586,-0.14990945267048014,,-0.05975441770625975,-0.048723644513501946,0.3406253880121952,0.21938721344988546,0.19434947105615194,0.30308035865651833,-0.1964538785670447,-0.11862105035820465,-0.2586153228099462,-0.19867152856214323,0.09247063460178405,0.10174717066570485,-0.2486390265727214,0.09044646448757883,,-0.04013084121874234,-0.0005981793133734927,0.007756912314215961,-0.06657443006697658,0.4081909495751927,0.655356189934713,0.5008342765008528,-0.010463170866937897,0.601747163777621,0.765843158470129,0.9999999999999993,0.16340328413094565,0.14142301222144815,0.15867445944656774,0.11575611434172123,0.11459376776609868,0.16588134247505545,0.14621543988736174,-0.05217216564090763,0.0006489279594965974,-0.16092520794717619,-0.04686793716513278,0.5014307106446491,0.28585897807112043,0.376453600038909,-0.03247158098992853,0.024433891212520646,0.5661660755687732,0.3625208400202681,0.3143553692783043,0.28585897807112115,0.3792340225346327,0.3764536000389099,0.4081909495751928,0.5688562993578837,0.5014307106446498,0.0665744300669765,0.7658431584701305,0.5264806605011744,0.22450565420402468,0.9999999999999993,0.061226457542648806,0.1430213517947744,0.27083797915195407,-0.05217216564090763,-0.10542937660063313,,,,,,,,,0.22450565420402468,0.22450565420402493,0.2245056542040249,-0.14606281005612526,0.2245056542040249,0.9999999999999993,1.0,1.000000000000003,1.000000000000003
cap_rate_booked,-0.13408882703521435,,-0.07868286535247428,-0.15038768849417591,-0.14990945267048014,,-0.05975441770625936,-0.048723644513501974,0.3406253880121946,0.21938721344988513,0.19434947105615133,0.30308035865651795,-0.1964538785670459,-0.11862105035820468,-0.25861532280994626,-0.19867152856214318,0.09247063460178417,0.1017471706657048,-0.24863902657272077,0.09044646448757904,,-0.040130841218742566,-0.0005981793133735368,0.00775691231421587,-0.06657443006697661,0.40819094957519303,0.6553561899347112,0.5008342765008512,-0.010463170866937982,0.601747163777622,0.765843158470123,1.0,0.1634032841309457,0.14142301222144724,0.15867445944656758,0.11575611434172038,0.11459376776609798,0.16588134247505457,0.1462154398873607,-0.05217216564090747,0.000648927959496578,-0.16092520794717577,-0.04686793716513254,0.5014307106446498,0.2858589780711195,0.37645360003891004,-0.032471580989928465,0.02443389121252051,0.5661660755687722,0.3625208400202681,0.3143553692783035,0.28585897807111865,0.37923402253463356,0.3764536000389091,0.4081909495751925,0.5688562993578838,0.5014307106446494,0.06657443006697646,0.765843158470127,0.5264806605011748,0.22450565420402413,1.0,0.061226457542648965,0.14302135179477407,0.2708379791519536,-0.05217216564090747,-0.1054293766006328,,,,,,,,,0.22450565420402413,0.22450565420402452,0.22450565420402463,-0.14606281005612523,0.22450565420402463,1.0,1.000000000000003,1.0,1.0
revenue_yield_booked,-0.13408882703521435,,-0.07868286535247428,-0.15038768849417591,-0.14990945267048014,,-0.05975441770625936,-0.048723644513501974,0.3406253880121946,0.21938721344988513,0.19434947105615133,0.30308035865651795,-0.1964538785670459,-0.11862105035820468,-0.25861532280994626,-0.19867152856214318,0.09247063460178417,0.1017471706657048,-0.24863902657272077,0.09044646448757904,,-0.040130841218742566,-0.0005981793133735368,0.00775691231421587,-0.06657443006697661,0.40819094957519303,0.6553561899347112,0.5008342765008512,-0.010463170866937982,0.601747163777622,0.765843158470123,1.0,0.1634032841309457,0.14142301222144724,0.15867445944656758,0.11575611434172038,0.11459376776609798,0.16588134247505457,0.1462154398873607,-0.05217216564090747,0.000648927959496578,-0.16092520794717577,-0.04686793716513254,0.5014307106446498,0.2858589780711195,0.37645360003891004,-0.032471580989928465,0.02443389121252051,0.5661660755687722,0.3625208400202681,0.3143553692783035,0.28585897807111865,0.37923402253463356,0.3764536000389091,0.4081909495751925,0.5688562993578838,0.5014307106446494,0.06657443006697646,0.765843158470127,0.5264806605011748,0.22450565420402413,1.0,0.061226457542648965,0.14302135179477407,0.2708379791519536,-0.05217216564090747,-0.1054293766006328,,,,,,,,,0.22450565420402413,0.22450565420402452,0.22450565420402463,-0.14606281005612523,0.22450565420402463,1.0,1.000000000000003,1.0,1.0
