,id,scrape_id,host_id,host_listings_count,host_total_listings_count,neighbourhood_group_cleansed,latitude,longitude,accommodates,bathrooms,bedrooms,beds,minimum_nights,maximum_nights,minimum_minimum_nights,maximum_minimum_nights,minimum_maximum_nights,maximum_maximum_nights,minimum_nights_avg_ntm,maximum_nights_avg_ntm,calendar_updated,availability_30,availability_60,availability_90,availability_365,number_of_reviews,number_of_reviews_ltm,number_of_reviews_l30d,availability_eoy,number_of_reviews_ly,estimated_occupancy_l365d,estimated_revenue_l365d,review_scores_rating,review_scores_accuracy,review_scores_cleanliness,review_scores_checkin,review_scores_communication,review_scores_location,review_scores_value,calculated_host_listings_count,calculated_host_listings_count_entire_homes,calculated_host_listings_count_private_rooms,calculated_host_listings_count_shared_rooms,reviews_per_month,price_clean,log_price,price_per_accommodates,log_price_per_accommodates,log_reviews,log_accommodates,log_beds,price_zscore,price_percentile,log_price_zscore,reviews_zscore,reviews_percentile,reviews_per_month_zscore,occupancy_rate,occupancy_rate_booked,occupancy_is_capped,est_annual_revenue,est_annual_revenue_booked,revenue_per_accommodates,revenue_per_bedroom,log_est_revenue,host_listings_in_city,host_is_professional,pct_professional_hosts,pct_large_operators,median_host_listings,gini_host_concentration,market_professionalization_score,purchase_price,monthly_payment,zori_rent,annual_cash_flow,cash_on_cash_roi,cap_rate,price_to_rent_ratio,revenue_yield,annual_cash_flow_booked,cash_on_cash_roi_booked,cap_rate_booked,revenue_yield_booked
id,1.0,,0.3647769994059208,0.04371429315479628,-0.015304173055217743,,0.04794633598187393,-0.09093548011200463,0.14726358926806768,0.08220632460598724,0.15019566167828735,0.12185863412796104,-0.16034904397254957,-0.229115237233311,-0.17482855184403093,-0.0898547179238074,-0.2659719591315008,-0.27718293066884125,-0.17108664965468406,-0.27525624682052663,,-0.014036257171083588,0.04192705657924846,0.059794897424992804,0.06408961079453733,-0.48778824102603635,-0.06363137232242051,0.09335434066401695,0.05503376561321243,-0.25599764107169615,-0.16585938838291708,-0.05639084084262058,-0.04239660481075452,-0.06773246610563201,0.01147842516931882,-0.06856335632696703,-0.015480279727257651,-0.08888913851077136,-0.05993761610178586,-0.04239638039767825,-0.11890043558818622,0.019021016698000055,0.021100199296423556,0.251933733935257,0.09495111914623688,0.12112132765064393,0.011140987631217679,-0.020611362392916922,-0.48527989970056973,0.12273612117791557,0.11962323538528073,0.09495111914623733,0.1326045454424673,0.1211213276506439,-0.48778824102603535,-0.479464196487383,0.25193373393525736,-0.06408961079453958,-0.16585938838291478,-0.13401184478584363,0.040407990738233576,-0.05639084084262058,-0.07092892531791006,-0.03660588586599302,-0.03375932739362065,-0.04239638039767825,0.0027362345385721883,,,,,,,,,0.04040799073823456,0.0404079907382333,0.040407990738233195,0.05732004899889621,0.040407990738233195,-0.05639084084262144,-0.05639084084262184,-0.05639084084262063,-0.05639084084262063
scrape_id,,,,,,,,,,,,,,,,,,,,,,,,,,,,,,,,,,,,,,,,,,,,,,,,,,,,,,,,,,,,,,,,,,,,,,,,,,,,,,,,,,,,
host_id,0.3647769994059208,,1.0,-0.029957216437867952,-0.04236245489105439,,-0.029681537147930436,-0.13652546968725782,0.18904090331753795,0.09922343509438622,0.18657047059445706,0.19872704837073615,-0.10131551113561177,-0.13434616606084662,-0.0930900525478403,-0.09826092821293991,-0.08760947086561599,-0.06140595702895334,-0.09674558692524755,-0.08216564250253879,,0.07894613268444495,0.08721346577369059,0.08014486223800477,0.00618997758573187,-0.183220444602669,0.006443436679770442,0.10922913378393301,0.07116103034147259,-0.10243163704664739,-0.0483665974024301,0.04126739160776904,-0.03600723503483928,-0.04197961871943856,-0.02991622863673749,-0.05800729621841911,-0.020601430435717955,-0.08443885733313115,-0.022267878144747153,-0.20597244037451407,-0.08823773662297993,-0.17739251851847573,0.024553113691343133,0.1538283896916597,0.10278979361690442,0.13167573364626617,0.003791597209400185,-0.04322140136559706,-0.14953132115559153,0.15470558101748286,0.19303887606897566,0.10278979361690467,0.13233421100513143,0.13167573364626609,-0.18322044460266892,-0.1490857337941597,0.15382838969165977,-0.006189977585732637,-0.04836659740242924,-0.05138083274378755,0.04528884078875814,0.04126739160776904,-0.047553180701438894,-0.022878581109408228,0.038232523164545916,-0.20597244037451407,-0.05560483347562579,,,,,,,,,0.04528884078875854,0.04528884078875813,0.045288840788758035,-0.01680371866016705,0.045288840788758035,0.04126739160776884,0.04126739160776851,0.04126739160776912,0.04126739160776912
host_listings_count,0.04371429315479628,,-0.029957216437867952,1.0,0.8850119992131368,,-0.01360996927307108,0.11855183766506591,-0.06024300744829599,0.013150494498196514,-0.03829848315124067,-0.04400834290943551,0.03806491898380107,0.28369418727381746,0.04085804038964382,0.509100799048084,0.09500287545019129,0.16655089621649502,0.05557141380558363,0.10482995283256162,,-0.014047214674026358,-0.038017524188066344,-0.047271923370413964,0.055457329087454696,-0.09366053472697085,-0.12269759380218775,-0.10357757511229299,-0.04100200337304474,-0.103881198255381,-0.16218931199880673,-0.0956336935109152,-0.033701080512036,-0.027313009177390095,-0.017905326415455093,-0.10890339295009678,-0.08798501047452971,0.014997229956258965,-0.08822138199302001,0.13022998807575029,0.23406084696414398,-0.013048086110261163,-0.007141704007186463,-0.1344169965612051,0.0673165019447835,0.1082232390813681,0.10039038652968872,0.19172588093807694,-0.19216230124907757,-0.03875880757203068,-0.036112850240832675,0.06731650194478325,0.11920774882277183,0.10822323908136815,-0.09366053472697067,-0.18894780856727128,-0.13441699656120504,-0.05545732908745462,-0.1621893119988067,-0.10106886622105757,0.0543142451393434,-0.0956336935109152,0.13726030330163533,0.11436574883560771,0.055737522320718914,0.13022998807575029,0.10786426715679906,,,,,,,,,0.05431424513934344,0.054314245139343485,0.05431424513934334,-0.012699627918022434,0.05431424513934334,-0.09563369351091525,-0.09563369351091505,-0.09563369351091527,-0.09563369351091527
host_total_listings_count,-0.015304173055217743,,-0.04236245489105439,0.8850119992131368,1.0,,-0.03453437235505747,0.21570123377582523,-0.04596114491431323,-0.019504319492372742,-0.047296436220314375,-0.04569076982181195,0.044283781157829744,0.34704285091197107,0.04928129481836418,0.40035502289377,0.11865698678359189,0.19438418099152538,0.06047759801339829,0.1280450580624904,,0.06764828528419094,0.043051559920006414,0.03243814094180093,0.07398703741539919,-0.14074234889921292,-0.1868768596082294,-0.14902794791687385,0.03506527060867977,-0.15807051257964472,-0.24967283350254593,-0.12778178197807488,-0.1401242083705395,-0.14154550996065476,-0.1139999724931311,-0.17363652674684424,-0.15832310325780583,0.009965405967557014,-0.1842218077016445,0.2785854692709747,0.5683595675168698,-0.044239476002040284,-0.010926064043904912,-0.22196128513809152,0.05915853828173762,0.11251092327681733,0.08404822057518693,0.1660159213591242,-0.24416696001055543,-0.007227000371339942,-0.033519845370734325,0.05915853828173745,0.1277852208308414,0.11251092327681714,-0.1407423488992129,-0.24322148595223303,-0.22196128513809155,-0.0739870374153991,-0.249672833502546,-0.15365548379280436,0.07539229382951995,-0.12778178197807488,0.13794299905331567,0.1542499239813316,0.07442298026946866,0.2785854692709747,0.15989230818392794,,,,,,,,,0.07539229382951995,0.07539229382951985,0.0753922938295198,-0.015252476491489676,0.0753922938295198,-0.12778178197807502,-0.12778178197807452,-0.12778178197807483,-0.12778178197807483
neighbourhood_group_cleansed,,,,,,,,,,,,,,,,,,,,,,,,,,,,,,,,,,,,,,,,,,,,,,,,,,,,,,,,,,,,,,,,,,,,,,,,,,,,,,,,,,,,
latitude,0.04794633598187393,,-0.029681537147930436,-0.01360996927307108,-0.03453437235505747,,1.0,0.6005173644417122,0.02687443038550701,0.08033394139209907,0.02056678925750173,0.017918075724824276,-0.02784603359599275,-0.0046244104976940195,-0.02481472044397864,-0.0019413745613666017,-0.005382044039006088,-0.003183106980415896,-0.018261408075170103,-0.0021935938968899397,,-0.09540869171812727,-0.07208592718893747,-0.07261402977936116,-0.07336132470313683,-0.010773558499587142,0.012931903908690768,0.037456823446234924,-0.07145308175574691,-0.007886178744270333,-0.024503248504966272,0.04853479456247067,0.09124991633678459,0.062166633074919465,0.07043740556942965,0.07458988160897724,0.04687995919980958,0.20053711733093763,0.058221536836553386,0.05802197331806203,-0.0043129490987345405,0.06644101751783948,-0.017900090009579355,0.040915475491518125,0.04284988625338914,0.03438032899903326,0.013376767111472471,0.04936770727251797,-0.03944216869347169,-0.004909584694842104,0.020831421534488574,0.04284988625338922,0.037438999630173775,0.03438032899903365,-0.010773558499587131,-0.03944624771420289,0.040915475491518076,0.07336132470313653,-0.024503248504966203,-0.01332210044635612,0.060840414547092186,0.04853479456247067,0.06207943998879671,0.059918299713450585,0.08991031926499808,0.05802197331806203,0.046015696045758295,,,,,,,,,0.06084041454709218,0.0608404145470922,0.06084041454709216,-0.03805188601034397,0.06084041454709216,0.048534794562470694,0.048534794562470895,0.04853479456247091,0.04853479456247091
longitude,-0.09093548011200463,,-0.13652546968725782,0.11855183766506591,0.21570123377582523,,0.6005173644417122,1.0,-0.052242526947403334,-0.03346736245239906,-0.10132753995324502,-0.07278327170081343,0.077150687650677,0.09827064494381246,0.0792101144101079,0.09611813754406393,0.005073636429467751,0.03517804676054539,0.08774264817008526,0.011737847162939387,,-0.06850409017173131,-0.08216021917304045,-0.09119742774981089,-0.022717668679333527,0.013909123675527948,-0.05106459368695067,-0.010813299058226875,-0.08565292038657704,-0.05928616960765918,-0.13293288514900406,0.055480937991574386,0.0797062138550293,0.04980846935697945,0.04370761761190675,0.01977850100668963,0.002253269671542662,0.2993546609560419,0.005747232351011729,0.10573467515915554,0.2741875990712143,-0.0473261997541158,-0.024093314761921995,-0.05567466511169432,0.12340793627881672,0.17635580163397066,0.12615664539475627,0.2851796378247399,-0.0908040996041549,-0.021924094059692114,-0.06412744637243056,0.12340793627881681,0.18106914128662513,0.1763558016339711,0.013909123675527778,-0.09421277054070419,-0.055674665111694555,0.022717668679333423,-0.1329328851490045,-0.07597772405113497,0.1308751171782115,0.055480937991574386,0.17205270929642114,0.20042018152975508,0.17116510108300292,0.10573467515915554,0.03649701426069118,,,,,,,,,0.13087511717821146,0.13087511717821163,0.13087511717821168,-0.06817297160003553,0.13087511717821168,0.05548093799157458,0.055480937991574435,0.05548093799157446,0.05548093799157446
accommodates,0.14726358926806768,,0.18904090331753795,-0.06024300744829599,-0.04596114491431323,,0.02687443038550701,-0.052242526947403334,1.0,0.5096490086399047,0.8316147951089984,0.8568543736360743,-0.14555655346512714,-0.004157649809056208,-0.16572356162682755,-0.12913463146886328,0.08318134877790294,0.05950897961784184,-0.16726791057003892,0.07943519991249776,,0.07615009349502903,0.07890757478570429,0.05650553398100578,0.07058621463588227,0.030260315096753924,0.1695981108700115,0.23555649509368334,0.04491698633298419,0.04445628611028553,0.05429632108905468,0.45648534583010236,0.09777174991762987,0.06542800960136987,0.11977635678204152,0.06895192408452881,0.08812156100745214,0.006739958991297994,0.09611350250978931,-0.21641306634251772,0.11424444490247303,-0.294862780199053,-0.04424849899743063,0.31754819184981725,0.5049508901570577,0.7208293429247565,-0.10478365304180674,-0.23368049602585558,0.06954342420471399,0.9265900807683306,0.8253486241227954,0.5049508901570579,0.7162998006347806,0.7208293429247584,0.03026031509675402,0.07029213352271131,0.3175481918498173,-0.07058621463588256,0.054296321089055265,0.08032990808685672,0.37210337431897367,0.45648534583010236,-0.13243958375266499,0.041346929614800736,0.3656851623312927,-0.21641306634251772,-0.08840643459656587,,,,,,,,,0.3721033743189741,0.3721033743189744,0.37210337431897456,-0.15528444605154962,0.37210337431897456,0.45648534583010253,0.45648534583010475,0.45648534583010336,0.45648534583010336
bathrooms,0.08220632460598724,,0.09922343509438622,0.013150494498196514,-0.019504319492372742,,0.08033394139209907,-0.03346736245239906,0.5096490086399047,1.0,0.5745637133308927,0.48141980284283653,-0.031915703836244265,0.049775054804544624,-0.06803380140265058,-0.01732592828085857,0.03697186071364174,0.02620479407369376,-0.05579562295801823,0.03770761298929893,,-0.008524627275602579,-0.023033320405964078,-0.02734915684875277,0.034196354646012866,-0.09380457271068841,-0.00804037334689684,0.02731631445755516,-0.020007685804516947,-0.07924414923820612,-0.039399253482673195,0.2507593728147891,0.056392774799584766,0.02713325003923846,0.03597892323218609,0.03160599262012439,0.021091308687433787,0.012246066343709821,0.04309049609371703,0.010212390503633923,0.028526527749022885,-0.0008884504528295639,-0.025155049703862235,0.04547964405024794,0.35746393018926076,0.3273571648067205,-0.0045475543845324,-0.02058609744387076,-0.045344769552996315,0.3606014676715545,0.39603474345867284,0.35746393018926154,0.299642303963493,0.3273571648067197,-0.09380457271068804,-0.042607366992526645,0.04547964405024776,-0.03419635464601286,-0.03939925348267322,-0.05010333322668948,0.23217608599673384,0.2507593728147891,-0.0348564945191624,-0.04915701091774097,0.13415244379582375,0.010212390503633923,0.04391193721307033,,,,,,,,,0.2321760859967339,0.2321760859967339,0.23217608599673406,-0.052300123391712285,0.23217608599673406,0.25075937281478916,0.2507593728147891,0.2507593728147894,0.2507593728147894
bedrooms,0.15019566167828735,,0.18657047059445706,-0.03829848315124067,-0.047296436220314375,,0.02056678925750173,-0.10132753995324502,0.8316147951089984,0.5745637133308927,1.0,0.7928362894310705,-0.10773641701311457,-0.009667214857145993,-0.12702298414401417,-0.08733380804733028,0.06784356405418208,0.04901989083204384,-0.12782575558031192,0.0668310336163684,,0.0329814885825866,0.027334879939416173,0.007430276248838171,-0.007926180952084388,-0.018048110003914913,0.09540900170002961,0.14624831790484186,-0.004255851041882666,0.0031150267334796797,0.012218190094423516,0.3999459902930554,0.08309368900116082,0.06540433037711828,0.09078853625653899,0.06858483976276586,0.07417095766248423,-0.007625946838192011,0.09387978659086307,-0.22637573540885594,0.03782134577866712,-0.2626309227435927,-0.02172640630500234,0.21414207163210897,0.49416302381411964,0.6380948354931535,-0.041460414396465736,-0.09826970184127597,0.01334776332317863,0.7444489920512872,0.7604199774174666,0.4941630238141189,0.6268341596313838,0.6380948354931545,-0.018048110003914982,0.015720541747123555,0.2141420716321095,0.007926180952084493,0.012218190094423285,0.04618628598366011,0.36733331643197553,0.3999459902930554,-0.05388651423183121,-0.037282857165005026,0.33616262594418644,-0.22637573540885594,-0.07823242085562812,,,,,,,,,0.36733331643197537,0.3673333164319746,0.36733331643197464,-0.1251036295166224,0.36733331643197464,0.39994599029305533,0.3999459902930545,0.39994599029305467,0.39994599029305467
beds,0.12185863412796104,,0.19872704837073615,-0.04400834290943551,-0.04569076982181195,,0.017918075724824276,-0.07278327170081343,0.8568543736360743,0.48141980284283653,0.7928362894310705,1.0,-0.11777816935795192,0.020439194806133775,-0.16602770384787804,-0.11783775446992434,0.11098861732081927,0.09777914274631376,-0.16417586767708703,0.10746618831439712,,0.04058837479695297,0.03755101666677361,0.010355232802347937,0.04037473096053246,0.022429332955532323,0.1518182063687972,0.22895814226916297,-0.0018654997594566975,0.02513033790233617,0.06511916919034816,0.4292975770716195,0.12296285406666262,0.09846865662780332,0.12029650307115537,0.09790520659448958,0.09876189196902169,0.05290726536542686,0.12250335073053163,-0.2557134345692666,0.05062776364276774,-0.2825119858401469,-0.039664326709302915,0.2671831794075005,0.4246056209398319,0.6063959702212227,-0.08065903324994499,-0.18507910077537135,0.07186987674959512,0.7714518275196576,0.9476568332381196,0.42460562093983245,0.6027047313864359,0.6063959702212227,0.022429332955532198,0.07119143897992124,0.26718317940750086,-0.040374730960532644,0.06511916919034813,0.08956497163386992,0.3024652319248314,0.4292975770716195,-0.10712118639041332,-0.010502085109407467,0.31090931592670684,-0.2557134345692666,-0.09039027442986718,,,,,,,,,0.3024652319248313,0.30246523192483044,0.3024652319248313,-0.12373619222244267,0.3024652319248313,0.4292975770716193,0.42929757707161886,0.42929757707162,0.42929757707162
minimum_nights,-0.16034904397254957,,-0.10131551113561177,0.03806491898380107,0.044283781157829744,,-0.02784603359599275,0.077150687650677,-0.14555655346512714,-0.031915703836244265,-0.10773641701311457,-0.11777816935795192,1.0,0.07441721555844145,0.9632846762554449,0.7505082531955893,-0.0315944149773288,-0.04253749889594649,0.9732066531042521,-0.03874622279266385,,0.17840783786957626,0.10445381971758023,0.09313708218771455,0.12298153289765838,-0.1604922292654318,-0.29138107575394756,-0.274853759693545,0.10852245357871987,-0.19661036641673219,-0.20578935031862772,-0.1681037579835037,-0.022848250089991553,-0.03381581513728493,-0.06667530588234394,-0.03487629263749285,-0.07274543429442722,0.06351881394963095,-0.059233845865767284,0.025691297141728322,0.08784748211838071,-0.022797847672380918,0.00844096905765599,-0.3202028326962369,0.03859458654488479,-0.09589690353774107,0.18562190258646086,0.09040041818377526,-0.23335858154510106,-0.16202529880419533,-0.14955741196632763,0.03859458654488474,-0.12407198707422605,-0.09589690353774107,-0.16049222926543216,-0.2334949460857188,-0.3202028326962374,-0.1229815328976579,-0.20578935031862855,-0.08657662255497632,-0.10777070397882564,-0.1681037579835037,-0.10020986311383591,-0.14414065672884885,-0.2363565001093564,0.025691297141728322,0.015597168034986716,,,,,,,,,-0.10777070397882585,-0.1077707039788255,-0.10777070397882528,0.17551875228154215,-0.10777070397882528,-0.16810375798350377,-0.16810375798350358,-0.16810375798350347,-0.16810375798350347
maximum_nights,-0.229115237233311,,-0.13434616606084662,0.28369418727381746,0.34704285091197107,,-0.0046244104976940195,0.09827064494381246,-0.004157649809056208,0.049775054804544624,-0.009667214857145993,0.020439194806133775,0.07441721555844145,1.0,0.0799103955404963,0.14932743941073603,0.4764961747241922,0.5154121402847969,0.08188958208851928,0.4973114680364917,,0.10587055826923453,0.07184098496915703,0.06039648369548995,0.19480092319726047,-0.02989266840773097,-0.1331161733335282,-0.11260502278490335,0.0746613690724849,-0.09807186468855757,-0.09319176278652903,-0.025085387432913407,0.0032978500494924186,0.0034182997239984667,-0.020026658273110183,-0.019696178970724277,-0.03184282359092587,0.038476565661324756,-0.007765561588588132,0.13310176193950585,0.23597060741921885,0.0022488331718976354,0.02334749360899252,-0.14950903927604337,0.011639290866701436,-0.007901793708947764,-0.0012034061567375157,-0.007264183896288091,-0.028330624084371786,0.005084936686418313,0.026803544377020667,0.011639290866701374,-0.0035225109540382563,-0.007901793708947431,-0.02989266840773161,-0.029884985093594437,-0.14950903927604392,-0.19480092319726036,-0.09319176278652952,-0.062374417732205076,-0.022313833887646347,-0.025085387432913407,-0.08598992578581495,-0.06989758059683714,-0.11092102558407549,0.13310176193950585,0.08828177829970375,,,,,,,,,-0.022313833887646628,-0.02231383388764629,-0.022313833887646337,0.07302515787896459,-0.022313833887646337,-0.025085387432913164,-0.025085387432913067,-0.02508538743291325,-0.02508538743291325
minimum_minimum_nights,-0.17482855184403093,,-0.0930900525478403,0.04085804038964382,0.04928129481836418,,-0.02481472044397864,0.0792101144101079,-0.16572356162682755,-0.06803380140265058,-0.12702298414401417,-0.16602770384787804,0.9632846762554449,0.0799103955404963,1.0,0.7446185037874069,-0.018826892896295105,-0.02975192426861201,0.9908465125483247,-0.025768574833565365,,0.2002621398844961,0.12253724518580056,0.10856053063994038,0.13351128133942425,-0.15718922772217173,-0.2919921258562474,-0.2808846776008287,0.12242845432097624,-0.19525038876417392,-0.2225535358226033,-0.21852659894106852,-0.031504209660293596,-0.04183546763796405,-0.07846166514135978,-0.04136703859124949,-0.08201740657519187,0.05788630792605852,-0.06981885344819921,0.013903095223795512,0.09302386175211337,-0.038581662948722166,0.00994157748821303,-0.32522748957288694,0.024632275099698637,-0.10842982213055634,0.19168358676377353,0.09076713743867898,-0.23361432072614607,-0.17189798214742233,-0.17364491168272847,0.024632275099698783,-0.13222580228778627,-0.10842982213055644,-0.15718922772217192,-0.2339414241529006,-0.3252274895728867,-0.13351128133942347,-0.22255353582260298,-0.10233628287353416,-0.1407746591133406,-0.21852659894106852,-0.10854753532201623,-0.155276373765006,-0.28044881510250164,0.013903095223795512,0.006875176399365418,,,,,,,,,-0.14077465911334072,-0.1407746591133409,-0.1407746591133408,0.20324623063667727,-0.1407746591133408,-0.21852659894106863,-0.21852659894106813,-0.2185265989410686,-0.2185265989410686
maximum_minimum_nights,-0.0898547179238074,,-0.09826092821293991,0.509100799048084,0.40035502289377,,-0.0019413745613666017,0.09611813754406393,-0.12913463146886328,-0.01732592828085857,-0.08733380804733028,-0.11783775446992434,0.7505082531955893,0.14932743941073603,0.7446185037874069,1.0,0.060510253656500604,0.048118196966360494,0.7753651265291357,0.05418283978130011,,0.09106872940421937,0.017370336129813063,0.005998400758258654,0.08569670459109681,-0.15243935546090362,-0.2418904661357648,-0.23380779783977632,0.021119858773816298,-0.18287330955196107,-0.21694139154922393,-0.17732270823393145,-0.031134331145484154,-0.04137411457833803,-0.07357914794739855,-0.04215416126781459,-0.07552894709514296,0.05674872769608398,-0.07068061759210019,0.029230175777483786,0.15250511795799668,-0.05518151357697462,0.003284822814722046,-0.27071200424855824,0.06771265375908117,-0.0009150976596700668,0.19964525971254082,0.18249286057754274,-0.24849907656276296,-0.12514250091299872,-0.12638434382452043,0.06771265375908127,-0.014422067407281526,-0.0009150976596699065,-0.15243935546090315,-0.24618009326491003,-0.2707120042485581,-0.08569670459109666,-0.21694139154922462,-0.0963742374557397,-0.049100933550980316,-0.17732270823393145,0.014180084749308996,-0.028779751235252154,-0.06167251072733051,0.029230175777483786,0.03269221926987356,,,,,,,,,-0.0491009335509805,-0.04910093355098048,-0.04910093355098024,0.07315436115283408,-0.04910093355098024,-0.17732270823393134,-0.17732270823393131,-0.17732270823393098,-0.17732270823393098
minimum_maximum_nights,-0.2659719591315008,,-0.08760947086561599,0.09500287545019129,0.11865698678359189,,-0.005382044039006088,0.005073636429467751,0.08318134877790294,0.03697186071364174,0.06784356405418208,0.11098861732081927,-0.0315944149773288,0.4764961747241922,-0.018826892896295105,0.060510253656500604,1.0,0.9471370787674939,-0.01792519200669008,0.9872623699227927,,0.03776460152182431,0.005984578543097579,-0.013313773072970759,0.09382473137862406,0.17972984982713477,0.08022011968818049,0.07308373352056118,-0.010170357289819248,0.10077379433964072,0.09549226990009875,0.13815692892346332,0.024407461030046484,0.028901342092432912,0.007338266121147102,-0.0008765853521922446,-0.026903327644236794,-0.009227103316152795,0.03044025221037455,-0.0982493010081503,0.13916247683695998,-0.1793591904898866,0.0036296854009275886,0.056584631802542536,0.03301836924697729,0.06029611911872689,-0.019458435657562823,-0.014380411028885487,0.17526688587066255,0.08287638077896964,0.12015097534732813,0.03301836924697749,0.06870783132435959,0.060296119118727204,0.1797298498271347,0.17059194807466785,0.056584631802542314,-0.09382473137862297,0.09549226990009808,0.11696622874741128,0.0045866526105308985,0.13815692892346332,-0.047741228368616044,-0.035355998628331387,-0.00580258520731561,-0.0982493010081503,0.04410250608977286,,,,,,,,,0.004586652610530693,0.004586652610530942,0.004586652610530993,0.032058663584393056,0.004586652610530993,0.13815692892346346,0.13815692892346357,0.13815692892346326,0.13815692892346326
maximum_maximum_nights,-0.27718293066884125,,-0.06140595702895334,0.16655089621649502,0.19438418099152538,,-0.003183106980415896,0.03517804676054539,0.05950897961784184,0.02620479407369376,0.04901989083204384,0.09777914274631376,-0.04253749889594649,0.5154121402847969,-0.02975192426861201,0.048118196966360494,0.9471370787674939,1.0,-0.029885948398846732,0.977069681928648,,0.051906208602774284,0.024716978734732966,0.003397024502447324,0.09792554548379127,0.2044545674778786,0.09079014297181938,0.07092178126824303,0.007893988490889646,0.11279245565552566,0.10060089235456003,0.15072255417465205,0.025130161385741992,0.03325861885797018,0.013778802106100645,-0.007140430271806317,-0.028586926363008205,0.00504785258526554,0.025676367080642578,-0.08073202349289778,0.11941021274653847,-0.15926000048864444,0.001600436033034244,0.06212156049179141,0.033918281469865995,0.06732988522052549,-0.00897474279221772,0.01595223734706325,0.18913677837650153,0.05873089822523094,0.10676800355771618,0.03391828146986594,0.07530080242861549,0.0673298852205256,0.20445456747787827,0.18501018360956087,0.06212156049179111,-0.09792554548379057,0.10060089235455943,0.11259858811557422,0.014216144224320357,0.15072255417465205,-0.017971676036528335,-0.019353365556068355,0.01304360951715983,-0.08073202349289778,0.0660246146972075,,,,,,,,,0.014216144224320127,0.014216144224320435,0.014216144224320455,0.023572299205393516,0.014216144224320455,0.15072255417465227,0.1507225541746523,0.15072255417465188,0.15072255417465188
minimum_nights_avg_ntm,-0.17108664965468406,,-0.09674558692524755,0.05557141380558363,0.06047759801339829,,-0.018261408075170103,0.08774264817008526,-0.16726791057003892,-0.05579562295801823,-0.12782575558031192,-0.16417586767708703,0.9732066531042521,0.08188958208851928,0.9908465125483247,0.7753651265291357,-0.01792519200669008,-0.029885948398846732,1.0,-0.025200729467026922,,0.1865111817611959,0.10979187386834988,0.09717149636709509,0.1267932905202606,-0.16202297618327177,-0.2945622026628901,-0.2828400598527949,0.11197719584266078,-0.20096364101966624,-0.22467158717212932,-0.21509369493850905,-0.02765531621773398,-0.037682736479393256,-0.07670832988470595,-0.03835187679345565,-0.0770247969879952,0.06608344904806891,-0.0652925638273964,0.022958037260609205,0.0991208497875132,-0.03215175431152559,0.00868003103053785,-0.32860507950145185,0.02432820625172486,-0.10792153272056407,0.19219331660081648,0.09374934771558449,-0.23777244004239875,-0.1747189106398634,-0.1731946449009252,0.024328206251724802,-0.13175758465438364,-0.10792153272056387,-0.16202297618327155,-0.23795674343837664,-0.32860507950145235,-0.12679329052025995,-0.22467158717213073,-0.1045805794422905,-0.1375004979490847,-0.21509369493850905,-0.10257132595293829,-0.15090035710984306,-0.2655812448030458,0.022958037260609205,0.013700887834604322,,,,,,,,,-0.1375004979490847,-0.1375004979490847,-0.13750049794908487,0.19131002221022317,-0.13750049794908487,-0.21509369493850894,-0.21509369493850988,-0.2150936949385102,-0.2150936949385102
maximum_nights_avg_ntm,-0.27525624682052663,,-0.08216564250253879,0.10482995283256162,0.1280450580624904,,-0.0021935938968899397,0.011737847162939387,0.07943519991249776,0.03770761298929893,0.0668310336163684,0.10746618831439712,-0.03874622279266385,0.4973114680364917,-0.025768574833565365,0.05418283978130011,0.9872623699227927,0.977069681928648,-0.025200729467026922,1.0,,0.04202141203577987,0.011150597927773044,-0.009234509610325544,0.09163199624613665,0.19504268796086183,0.09289213236139636,0.0774641856879959,-0.005736465174803636,0.11077716471172382,0.1051676962161803,0.1497964583173373,0.025609000840948946,0.03136488044547299,0.011202527606605525,-0.00023545884726358104,-0.026966928801785164,-0.003919759695787546,0.03031921716526787,-0.09505924406835206,0.13484107180846486,-0.17493164019915783,0.0028355863586448774,0.0638028714381071,0.03511228895842436,0.06668660522498787,-0.01585132069046246,-0.001977810155587158,0.19082801667571808,0.07963319446218399,0.11728142185761194,0.035112288958424366,0.07532392392226853,0.06668660522498815,0.19504268796086166,0.1864461487790466,0.06380287143810683,-0.09163199624613608,0.10516769621617963,0.12174991563494482,0.011436078921331366,0.1497964583173373,-0.034882702472361866,-0.02913124533823528,0.004420261709752364,-0.09505924406835206,0.051169072332058814,,,,,,,,,0.011436078921331137,0.011436078921331434,0.011436078921331477,0.028057651121673625,0.011436078921331477,0.1497964583173376,0.14979645831733823,0.14979645831733743,0.14979645831733743
calendar_updated,,,,,,,,,,,,,,,,,,,,,,,,,,,,,,,,,,,,,,,,,,,,,,,,,,,,,,,,,,,,,,,,,,,,,,,,,,,,,,,,,,,,
availability_30,-0.014036257171083588,,0.07894613268444495,-0.014047214674026358,0.06764828528419094,,-0.09540869171812727,-0.06850409017173131,0.07615009349502903,-0.008524627275602579,0.0329814885825866,0.04058837479695297,0.17840783786957626,0.10587055826923453,0.2002621398844961,0.09106872940421937,0.03776460152182431,0.051906208602774284,0.1865111817611959,0.04202141203577987,,1.0,0.9101198647954587,0.8296062419685842,0.3915029922032052,-0.16060405676393208,-0.2012818199677249,-0.18804548549959488,0.8166169266368518,-0.16878810022318494,-0.18831036345157923,-0.05768128241009148,-0.10053444987581193,-0.10677793275097573,-0.09934672083370981,-0.13613802872720585,-0.11363439491121954,-0.09385178551296192,-0.13003891550846572,0.006947725032639503,0.179975302771677,-0.09857171511607458,0.06436242833868426,-0.1751392605386482,0.13023475315007307,0.12990633341568114,0.1016593586574207,0.10368814422299959,-0.1941665051901887,0.07372008499038145,0.045836417760629106,0.1302347531500735,0.12351726895206114,0.12990633341568097,-0.16060405676393208,-0.19369468892306257,-0.17513926053864814,-0.39150299220320556,-0.18831036345157895,-0.09750570225659895,-0.08882638447572676,-0.05768128241009148,-0.1715701613043346,-0.15371919977935553,-0.25528059299498107,0.006947725032639503,-0.01946175930924474,,,,,,,,,-0.08882638447572666,-0.08882638447572684,-0.08882638447572673,0.30710713391996264,-0.08882638447572673,-0.057681282410091406,-0.057681282410091475,-0.057681282410091385,-0.057681282410091385
availability_60,0.04192705657924846,,0.08721346577369059,-0.038017524188066344,0.043051559920006414,,-0.07208592718893747,-0.08216021917304045,0.07890757478570429,-0.023033320405964078,0.027334879939416173,0.03755101666677361,0.10445381971758023,0.07184098496915703,0.12253724518580056,0.017370336129813063,0.005984578543097579,0.024716978734732966,0.10979187386834988,0.011150597927773044,,0.9101198647954587,1.0,0.9644657890292251,0.4520133406251577,-0.14916273483509768,-0.14194978268905326,-0.13055638547587584,0.9499118331979423,-0.14175096182513264,-0.1463114247173429,-0.05113573872289691,-0.1176351161819087,-0.1209565717453421,-0.09165141890884665,-0.14544827996329973,-0.12623738379839977,-0.13412405988847192,-0.14742933799183786,0.07704136021835305,0.16128285346746152,-0.012538234683231867,0.055496724922587386,-0.10233228812992819,0.09641092270931308,0.09813805992728454,0.06819240357609359,0.04777734830533588,-0.161099995037753,0.08294469859004067,0.04969687333962131,0.09641092270931341,0.09808975878108178,0.09813805992728457,-0.14916273483509823,-0.16005159674302014,-0.10233228812992844,-0.4520133406251571,-0.14631142471734326,-0.10057054983929456,-0.12377573114624779,-0.05113573872289691,-0.22554263330668797,-0.1918948232320444,-0.2954519289721237,0.07704136021835305,0.02998484154365586,,,,,,,,,-0.12377573114624772,-0.123775731146248,-0.12377573114624801,0.27519344179938526,-0.12377573114624801,-0.05113573872289693,-0.051135738722897076,-0.051135738722896874,-0.051135738722896874
availability_90,0.059794897424992804,,0.08014486223800477,-0.047271923370413964,0.03243814094180093,,-0.07261402977936116,-0.09119742774981089,0.05650553398100578,-0.02734915684875277,0.007430276248838171,0.010355232802347937,0.09313708218771455,0.06039648369548995,0.10856053063994038,0.005998400758258654,-0.013313773072970759,0.003397024502447324,0.09717149636709509,-0.009234509610325544,,0.8296062419685842,0.9644657890292251,1.0,0.4932514160113527,-0.16368645909974847,-0.14537006408831848,-0.13528506502340013,0.9950822527997434,-0.1460310840435026,-0.14298972392710255,-0.08361305875241468,-0.12429360421066327,-0.12885198061161215,-0.08853503068008245,-0.14452286051059743,-0.12918360224717162,-0.1480530714173349,-0.1567841291607138,0.1200708002873518,0.1519040763983438,0.03936751163257818,0.05070889986268889,-0.10777732973134845,0.06302594394258025,0.04789547578364848,0.051360682318553966,0.014491238735346449,-0.1703968890741528,0.05934378069206154,0.020747366158410198,0.06302594394258045,0.046852773877088506,0.047895475783648625,-0.1636864590997481,-0.168892759084965,-0.10777732973134845,-0.4932514160113527,-0.1429897239271027,-0.11054114274882859,-0.16226799413309675,-0.08361305875241468,-0.2657323390008937,-0.23352195505393186,-0.34165302685405075,0.1200708002873518,0.06928678448738372,,,,,,,,,-0.1622679941330967,-0.16226799413309695,-0.1622679941330969,0.2609797351324632,-0.1622679941330969,-0.08361305875241465,-0.08361305875241479,-0.08361305875241466,-0.08361305875241466
availability_365,0.06408961079453733,,0.00618997758573187,0.055457329087454696,0.07398703741539919,,-0.07336132470313683,-0.022717668679333527,0.07058621463588227,0.034196354646012866,-0.007926180952084388,0.04037473096053246,0.12298153289765838,0.19480092319726047,0.13351128133942425,0.08569670459109681,0.09382473137862406,0.09792554548379127,0.1267932905202606,0.09163199624613665,,0.3915029922032052,0.4520133406251577,0.4932514160113527,1.0,-0.11801010885296544,-0.11915394194392492,-0.08383330372784853,0.5249790692825892,-0.13417660777628956,-0.15281950044079848,-0.04561460446710172,-0.00521003657555759,-0.015146824230432622,0.029176311859915365,-0.0623991658138481,-0.07232159482634655,-0.04670881952375783,-0.05707673015054705,0.13355742229582757,0.08212051163348316,0.09317265999720996,0.027271038153758708,-0.04907749225333205,0.05320016673431118,0.04585890248056421,0.04247591695812347,0.009823058756110573,-0.19325862795919352,0.06742154724270605,0.03182489291193139,0.05320016673431145,0.047935715038874664,0.0458589024805643,-0.11801010885296556,-0.19359397212184998,-0.04907749225333198,-1.0000000000000007,-0.1528195004407986,-0.08109511629296919,-0.4962322475511504,-0.04561460446710172,-0.7316592415011386,-0.6839031962296386,-0.7229295764404724,0.13355742229582757,0.06022053327027811,,,,,,,,,-0.4962322475511502,-0.4962322475511522,-0.4962322475511501,0.2988083952045824,-0.4962322475511501,-0.045614604467101805,-0.04561460446710189,-0.045614604467101715,-0.045614604467101715
number_of_reviews,-0.48778824102603635,,-0.183220444602669,-0.09366053472697085,-0.14074234889921292,,-0.010773558499587142,0.013909123675527948,0.030260315096753924,-0.09380457271068841,-0.018048110003914913,0.022429332955532323,-0.1604922292654318,-0.02989266840773097,-0.15718922772217173,-0.15243935546090362,0.17972984982713477,0.2044545674778786,-0.16202297618327177,0.19504268796086183,,-0.16060405676393208,-0.14916273483509768,-0.16368645909974847,-0.11801010885296544,1.0,0.5890510150313012,0.3219746131257066,-0.17595178337137826,0.6960756022320045,0.4863148553620175,0.3124503149022278,0.09386780849934868,0.12328829988605032,0.11006205724766789,0.10887387603590813,0.09687628583774356,0.04333752674001752,0.13496826974145543,-0.13817287288357735,-0.140938511935878,-0.06700113437585137,-0.021214571147518575,0.4258654737067619,-0.04328435350451555,0.029939256341535322,-0.04066803916203371,-0.034178879345762705,0.7434631645278018,0.05546578017330101,0.042158652265060936,-0.04328435350451565,0.027902422902237413,0.029939256341535495,1.000000000000005,0.7279716615415263,0.4258654737067619,0.11801010885296623,0.4863148553620162,0.4429973106988015,0.028020680681858184,0.3124503149022278,0.07250399641112842,0.08365649049844495,0.15090068161149364,-0.13817287288357735,-0.06691403046118467,,,,,,,,,0.02802068068185765,0.028020680681858298,0.028020680681858347,-0.10515610415963059,0.028020680681858347,0.31245031490222863,0.3124503149022287,0.3124503149022278,0.3124503149022278
number_of_reviews_ltm,-0.06363137232242051,,0.006443436679770442,-0.12269759380218775,-0.1868768596082294,,0.012931903908690768,-0.05106459368695067,0.1695981108700115,-0.00804037334689684,0.09540900170002961,0.1518182063687972,-0.29138107575394756,-0.1331161733335282,-0.2919921258562474,-0.2418904661357648,0.08022011968818049,0.09079014297181938,-0.2945622026628901,0.09289213236139636,,-0.2012818199677249,-0.14194978268905326,-0.14537006408831848,-0.11915394194392492,0.5890510150313012,1.0,0.6820690623591263,-0.1645161127735724,0.7915134200324784,0.7529728071531886,0.6281030542159415,0.1781928877463402,0.17726068326703306,0.20055161681507166,0.13875146365430108,0.15433462216525926,0.06228370341516858,0.20016080764900385,-0.17465566962678572,-0.1667282258581677,-0.09103132034473825,-0.027776038518767268,0.7812607401579168,0.02586749406623835,0.16733924976194842,-0.06331128085979837,-0.05363475672877396,0.7148657941295917,0.2105218436565021,0.1818672532382272,0.025867494066238218,0.17950839951241573,0.1673392497619477,0.589051015031303,0.7243010511928811,0.7812607401579157,0.11915394194392503,0.7529728071531874,0.7016219087841231,0.09794181617085414,0.6281030542159415,0.07382354362246724,0.10861852543067105,0.2619967363162348,-0.17465566962678572,-0.06935273704927651,,,,,,,,,0.09794181617085394,0.09794181617085414,0.09794181617085401,-0.15315301975157886,0.09794181617085401,0.6281030542159417,0.6281030542159427,0.6281030542159428,0.6281030542159428
number_of_reviews_l30d,0.09335434066401695,,0.10922913378393301,-0.10357757511229299,-0.14902794791687385,,0.037456823446234924,-0.010813299058226875,0.23555649509368334,0.02731631445755516,0.14624831790484186,0.22895814226916297,-0.274853759693545,-0.11260502278490335,-0.2808846776008287,-0.23380779783977632,0.07308373352056118,0.07092178126824303,-0.2828400598527949,0.0774641856879959,,-0.18804548549959488,-0.13055638547587584,-0.13528506502340013,-0.08383330372784853,0.3219746131257066,0.6820690623591263,1.0,-0.15502065508615775,0.4093023513478148,0.4443733858841371,0.4343054574405598,0.16437535610445903,0.15297774074536916,0.18315367972119234,0.11742594322020554,0.13742766743663773,0.10416745889413116,0.17601100684674195,-0.21205198816676948,-0.09950310952030508,-0.16981694141684847,-0.025741996073386897,0.7665934729623542,0.060786648262056514,0.20771710945435343,-0.055348999651657134,-0.05463653049763577,0.4360756523305332,0.25504700711913925,0.25787068083949194,0.060786648262056556,0.2239527681428253,0.20771710945435354,0.3219746131257068,0.43745828029887085,0.7665934729623535,0.0838333037278483,0.4443733858841381,0.38090092853119023,0.12337824565522612,0.4343054574405598,0.0659914879451156,0.12598700679750158,0.2632403305695473,-0.21205198816676948,-0.10732330318713769,,,,,,,,,0.12337824565522616,0.12337824565522611,0.12337824565522608,-0.1434511306406692,0.12337824565522608,0.43430545744056015,0.43430545744056015,0.43430545744056054,0.43430545744056054
availability_eoy,0.05503376561321243,,0.07116103034147259,-0.04100200337304474,0.03506527060867977,,-0.07145308175574691,-0.08565292038657704,0.04491698633298419,-0.020007685804516947,-0.004255851041882666,-0.0018654997594566975,0.10852245357871987,0.0746613690724849,0.12242845432097624,0.021119858773816298,-0.010170357289819248,0.007893988490889646,0.11197719584266078,-0.005736465174803636,,0.8166169266368518,0.9499118331979423,0.9950822527997434,0.5249790692825892,-0.17595178337137826,-0.1645161127735724,-0.15502065508615775,1.0,-0.1601996320762671,-0.1529486386502795,-0.0984619164337138,-0.11965803376770921,-0.12534224733803256,-0.08491156639319469,-0.13858352099758386,-0.1268530261062947,-0.14159976629651796,-0.15552007189819947,0.13996300491276653,0.15032523311594662,0.061614748766857325,0.05181315152563361,-0.12710140991151395,0.056470533401052736,0.029943969254596216,0.053044474478669355,0.0132430697625548,-0.1860673689349079,0.043974263401906286,0.004672162755918937,0.05647053340105278,0.027372783044396148,0.029943969254596102,-0.17595178337137835,-0.1847494784595879,-0.12710140991151417,-0.5249790692825882,-0.1529486386502794,-0.1172769309669643,-0.18555685937252173,-0.0984619164337138,-0.2938949526196463,-0.2647210755395355,-0.37949424632854123,0.13996300491276653,0.0786228163003879,,,,,,,,,-0.18555685937252145,-0.18555685937252173,-0.18555685937252178,0.2721268537344064,-0.18555685937252178,-0.09846191643371381,-0.09846191643371383,-0.09846191643371387,-0.09846191643371387
number_of_reviews_ly,-0.25599764107169615,,-0.10243163704664739,-0.103881198255381,-0.15807051257964472,,-0.007886178744270333,-0.05928616960765918,0.04445628611028553,-0.07924414923820612,0.0031150267334796797,0.02513033790233617,-0.19661036641673219,-0.09807186468855757,-0.19525038876417392,-0.18287330955196107,0.10077379433964072,0.11279245565552566,-0.20096364101966624,0.11077716471172382,,-0.16878810022318494,-0.14175096182513264,-0.1460310840435026,-0.13417660777628956,0.6960756022320045,0.7915134200324784,0.4093023513478148,-0.1601996320762671,1.0,0.6648599037004301,0.4769688385534423,0.14559852540411589,0.1469611600685994,0.15054352633119797,0.13169105974039252,0.13626494778751685,0.034700453005343856,0.15764422746144058,-0.14319504963042184,-0.15029453224044198,-0.06703554524597986,-0.014661320621705156,0.5349482450636728,-0.016417211870048277,0.07825725877220858,-0.03863579806863295,-0.008293508414150674,0.7235119870183461,0.09053974188673487,0.0468441823038586,-0.01641721187004847,0.08009749990781904,0.07825725877220668,0.696075602232005,0.7382678014595981,0.5349482450636723,0.13417660777629006,0.6648599037004296,0.6426177983692766,0.05043809000075751,0.4769688385534423,0.07860094901094217,0.09878010398905729,0.18654126085803818,-0.14319504963042184,-0.06926940210892409,,,,,,,,,0.05043809000075738,0.05043809000075748,0.05043809000075757,-0.10791082919615011,0.05043809000075757,0.47696883855344263,0.4769688385534425,0.47696883855344335,0.47696883855344335
estimated_occupancy_l365d,-0.16585938838291708,,-0.0483665974024301,-0.16218931199880673,-0.24967283350254593,,-0.024503248504966272,-0.13293288514900406,0.05429632108905468,-0.039399253482673195,0.012218190094423516,0.06511916919034816,-0.20578935031862772,-0.09319176278652903,-0.2225535358226033,-0.21694139154922393,0.09549226990009875,0.10060089235456003,-0.22467158717212932,0.1051676962161803,,-0.18831036345157923,-0.1463114247173429,-0.14298972392710255,-0.15281950044079848,0.4863148553620175,0.7529728071531886,0.4443733858841371,-0.1529486386502795,0.6648599037004301,1.0,0.6929018820593019,0.18112276396747587,0.18247620209720927,0.19058184826828412,0.16243470028672385,0.15952634675306354,0.03948013035414183,0.20400618112105867,-0.13047665546404955,-0.2411913255210321,-0.0008752875245014924,-0.015529215388687838,0.5268276823486541,-0.06653434241050007,0.029021067630964712,-0.08337165781072944,-0.07596449277521894,0.7746570930477076,0.08187631500501771,0.0814938459454552,-0.06653434241050027,0.037046751655980405,0.02902106763096311,0.4863148553620168,0.7765030472734225,0.526827682348654,0.15281950044079906,1.0000000000000009,0.765222095571405,0.025838805228037467,0.6929018820593019,0.06513960824234216,0.06761628081874693,0.2178410261361959,-0.13047665546404955,-0.03335283929744008,,,,,,,,,0.02583880522803703,0.025838805228037404,0.025838805228037366,-0.15329814320262694,0.025838805228037366,0.6929018820593019,0.692901882059301,0.6929018820593024,0.6929018820593024
estimated_revenue_l365d,-0.05639084084262058,,0.04126739160776904,-0.0956336935109152,-0.12778178197807488,,0.04853479456247067,0.055480937991574386,0.45648534583010236,0.2507593728147891,0.3999459902930554,0.4292975770716195,-0.1681037579835037,-0.025085387432913407,-0.21852659894106852,-0.17732270823393145,0.13815692892346332,0.15072255417465205,-0.21509369493850905,0.1497964583173373,,-0.05768128241009148,-0.05113573872289691,-0.08361305875241468,-0.04561460446710172,0.3124503149022278,0.6281030542159415,0.4343054574405598,-0.0984619164337138,0.4769688385534423,0.6929018820593019,1.0,0.2195076410539178,0.19261903356899565,0.22542129422644966,0.1446121919283623,0.14471209868207713,0.13218938912951644,0.20941829012539784,-0.23876846523084105,-0.04005565059150274,-0.22882184986185614,-0.013644580950629443,0.4803975051338986,0.2823368016846706,0.491894277428409,-0.006062328288136522,0.09369250882146891,0.5502316899434729,0.45399892162365096,0.42963077831884183,0.2823368016846698,0.5049542776969775,0.49189427742840935,0.31245031490222663,0.5556772929601654,0.48039750513389856,0.045614604467101943,0.692901882059301,0.588032703761194,0.24844969784749357,1.0,0.05676414336990974,0.1134511332122423,0.3561972144375337,-0.23876846523084105,-0.0973456786061646,,,,,,,,,0.24844969784749332,0.24844969784749354,0.24844969784749374,-0.1496943781795774,0.24844969784749374,1.0,1.0000000000000027,1.0000000000000016,1.0000000000000016
review_scores_rating,-0.04239660481075452,,-0.03600723503483928,-0.033701080512036,-0.1401242083705395,,0.09124991633678459,0.0797062138550293,0.09777174991762987,0.056392774799584766,0.08309368900116082,0.12296285406666262,-0.022848250089991553,0.0032978500494924186,-0.031504209660293596,-0.031134331145484154,0.024407461030046484,0.025130161385741992,-0.02765531621773398,0.025609000840948946,,-0.10053444987581193,-0.1176351161819087,-0.12429360421066327,-0.00521003657555759,0.09386780849934868,0.1781928877463402,0.16437535610445903,-0.11965803376770921,0.14559852540411589,0.18112276396747587,0.2195076410539178,1.0,0.8886665361343902,0.8135533175650979,0.6719617041186866,0.7252511299178896,0.7004505369003817,0.860042690932613,-0.1923119727774537,-0.15110184633217644,-0.12464433874014409,0.01802251776411277,0.18168786516617424,0.05628631016446073,0.1500193956631182,0.015247384363351506,0.07012421851376485,0.1708913084035363,0.0918675964082421,0.12685153067994406,0.056286310164460805,0.16052979082196678,0.15001939566311828,0.09386780849934855,0.17250527477636265,0.1816878651661738,0.005210036575557687,0.18112276396747554,0.15219457054117855,0.014029345981343038,0.21950764105391785,0.021486409557883772,-0.008934988445527085,0.12188310464858529,-0.1923119727774537,-0.1293068039397419,,,,,,,,,0.014029345981342941,0.01402934598134292,0.014029345981342905,-0.09509907264693081,0.014029345981342905,0.2195076410539178,0.21950764105391812,0.2195076410539182,0.2195076410539182
review_scores_accuracy,-0.06773246610563201,,-0.04197961871943856,-0.027313009177390095,-0.14154550996065476,,0.062166633074919465,0.04980846935697945,0.06542800960136987,0.02713325003923846,0.06540433037711828,0.09846865662780332,-0.03381581513728493,0.0034182997239984667,-0.04183546763796405,-0.04137411457833803,0.028901342092432912,0.03325861885797018,-0.037682736479393256,0.03136488044547299,,-0.10677793275097573,-0.1209565717453421,-0.12885198061161215,-0.015146824230432622,0.12328829988605032,0.17726068326703306,0.15297774074536916,-0.12534224733803256,0.1469611600685994,0.18247620209720927,0.19261903356899565,0.8886665361343902,1.0,0.8036887124487452,0.6430405083005049,0.6353416250720072,0.6785952205100303,0.8365933645301639,-0.16998838976189545,-0.15624255887960964,-0.09806988857352436,0.01092947725059263,0.18190887889543317,0.016797494088239287,0.11243883696046905,-0.014842539134553504,0.04632531515066054,0.200426992703395,0.06173227647075021,0.10178891462170572,0.016797494088239297,0.12441843292561863,0.11243883696046907,0.12328829988605018,0.2004322169146632,0.18190887889543308,0.015146824230432673,0.1824762020972092,0.14826865052759136,-0.0006582489325375672,0.1926190335689958,0.02174326075161332,-0.021102973809831855,0.11648464133387516,-0.16998838976189545,-0.137454626067368,,,,,,,,,-0.0006582489325376289,-0.0006582489325375688,-0.0006582489325375871,-0.09681145892835519,-0.0006582489325375871,0.19261903356899585,0.1926190335689958,0.1926190335689955,0.1926190335689955
review_scores_cleanliness,0.01147842516931882,,-0.02991622863673749,-0.017905326415455093,-0.1139999724931311,,0.07043740556942965,0.04370761761190675,0.11977635678204152,0.03597892323218609,0.09078853625653899,0.12029650307115537,-0.06667530588234394,-0.020026658273110183,-0.07846166514135978,-0.07357914794739855,0.007338266121147102,0.013778802106100645,-0.07670832988470595,0.011202527606605525,,-0.09934672083370981,-0.09165141890884665,-0.08853503068008245,0.029176311859915365,0.11006205724766789,0.20055161681507166,0.18315367972119234,-0.08491156639319469,0.15054352633119797,0.19058184826828412,0.22542129422644966,0.8135533175650979,0.8036887124487452,1.0,0.5757563761600277,0.6177589205672797,0.5639762076802781,0.7349731954265356,-0.15004999327286747,-0.12932668957142743,-0.09155341482142526,0.01956182666693797,0.2228025350772441,0.06585303612705638,0.18975866257837534,0.008207290075058426,0.06161149311647659,0.1877114650451282,0.133340824340244,0.13330262765246872,0.0658530361270564,0.2034393393555113,0.18975866257837537,0.110062057247668,0.1886308131886461,0.22280253507724398,-0.029176311859915434,0.19058184826828428,0.1511196571871148,0.015508640380875382,0.22542129422644963,-0.00727897796458095,-0.02239355231133293,0.1373379539272762,-0.15004999327286747,-0.12366667541055887,,,,,,,,,0.015508640380875405,0.015508640380875438,0.015508640380875401,-0.14475918121727524,0.015508640380875401,0.22542129422644966,0.22542129422644921,0.2254212942264499,0.2254212942264499
review_scores_checkin,-0.06856335632696703,,-0.05800729621841911,-0.10890339295009678,-0.17363652674684424,,0.07458988160897724,0.01977850100668963,0.06895192408452881,0.03160599262012439,0.06858483976276586,0.09790520659448958,-0.03487629263749285,-0.019696178970724277,-0.04136703859124949,-0.04215416126781459,-0.0008765853521922446,-0.007140430271806317,-0.03835187679345565,-0.00023545884726358104,,-0.13613802872720585,-0.14544827996329973,-0.14452286051059743,-0.0623991658138481,0.10887387603590813,0.13875146365430108,0.11742594322020554,-0.13858352099758386,0.13169105974039252,0.16243470028672385,0.1446121919283623,0.6719617041186866,0.6430405083005049,0.5757563761600277,1.0,0.7278032245658792,0.5922034978030631,0.6192445611581164,-0.08890926203627891,-0.12818701249194075,-0.023049957730867324,-0.02549696226795484,0.12795575463496078,-0.0029091663076372546,0.05829204500053634,-0.07127703751837187,-0.004823883571010258,0.16904793129391898,0.051271743158723335,0.10193947538890817,-0.0029091663076372667,0.07062464210210732,0.05829204500053611,0.10887387603590823,0.17083702849755317,0.1279557546349607,0.06239916581384807,0.16243470028672338,0.11642787298765932,-0.01272949144992167,0.14461219192836228,-0.012047597935141041,-0.030484917104956,0.0930047002876569,-0.08890926203627891,-0.1053148063894036,,,,,,,,,-0.01272949144992185,-0.012729491449921792,-0.012729491449921764,-0.0744921265589231,-0.012729491449921764,0.14461219192836233,0.14461219192836264,0.1446121919283623,0.1446121919283623
review_scores_communication,-0.015480279727257651,,-0.020601430435717955,-0.08798501047452971,-0.15832310325780583,,0.04687995919980958,0.002253269671542662,0.08812156100745214,0.021091308687433787,0.07417095766248423,0.09876189196902169,-0.07274543429442722,-0.03184282359092587,-0.08201740657519187,-0.07552894709514296,-0.026903327644236794,-0.028586926363008205,-0.0770247969879952,-0.026966928801785164,,-0.11363439491121954,-0.12623738379839977,-0.12918360224717162,-0.07232159482634655,0.09687628583774356,0.15433462216525926,0.13742766743663773,-0.1268530261062947,0.13626494778751685,0.15952634675306354,0.14471209868207713,0.7252511299178896,0.6353416250720072,0.6177589205672797,0.7278032245658792,1.0,0.5463592338920241,0.6514571718844081,-0.13918024294902598,-0.13445064223257058,-0.07631449294044935,0.010306213971036496,0.15767191341894293,0.01382040396320543,0.09986028387147679,-0.033825915546189085,0.011054368076555241,0.17027492755065365,0.08389273719051356,0.11110040124675301,0.013820403963205392,0.11508608349948997,0.09986028387147673,0.09687628583774362,0.17292954743040506,0.15767191341894293,0.07232159482634644,0.15952634675306385,0.13584546417976662,0.009822847834021963,0.1447120986820772,0.004556783054556142,-0.009135766972959177,0.10005172571167821,-0.13918024294902598,-0.09664508953544926,,,,,,,,,0.009822847834021833,0.00982284783402192,0.00982284783402193,-0.05855839384953409,0.00982284783402193,0.1447120986820772,0.14471209868207757,0.14471209868207732,0.14471209868207732
review_scores_location,-0.08888913851077136,,-0.08443885733313115,0.014997229956258965,0.009965405967557014,,0.20053711733093763,0.2993546609560419,0.006739958991297994,0.012246066343709821,-0.007625946838192011,0.05290726536542686,0.06351881394963095,0.038476565661324756,0.05788630792605852,0.05674872769608398,-0.009227103316152795,0.00504785258526554,0.06608344904806891,-0.003919759695787546,,-0.09385178551296192,-0.13412405988847192,-0.1480530714173349,-0.04670881952375783,0.04333752674001752,0.06228370341516858,0.10416745889413116,-0.14159976629651796,0.034700453005343856,0.03948013035414183,0.13218938912951644,0.7004505369003817,0.6785952205100303,0.5639762076802781,0.5922034978030631,0.5463592338920241,1.0,0.6731465923836658,-0.1062630995853668,0.018148546798087927,-0.12429885297973428,0.023822304965316125,0.07130273520979995,0.03370680877475309,0.09970694092402364,0.04761132561683985,0.12963059069991148,0.057417451728369526,-0.003357932880073773,0.05467813328461979,0.03370680877475303,0.11361192172381213,0.09970694092402331,0.043337526740017486,0.0560165544506481,0.07130273520979984,0.04670881952375803,0.039480130354141676,0.05458326917057536,0.036064917841818346,0.13218938912951644,0.0651376885070527,0.057364044566967295,0.13594397302670533,-0.1062630995853668,-0.11404550556725826,,,,,,,,,0.03606491784181826,0.036064917841818256,0.036064917841818325,-0.08511885412282134,0.036064917841818325,0.13218938912951636,0.1321893891295166,0.13218938912951655,0.13218938912951655
review_scores_value,-0.05993761610178586,,-0.022267878144747153,-0.08822138199302001,-0.1842218077016445,,0.058221536836553386,0.005747232351011729,0.09611350250978931,0.04309049609371703,0.09387978659086307,0.12250335073053163,-0.059233845865767284,-0.007765561588588132,-0.06981885344819921,-0.07068061759210019,0.03044025221037455,0.025676367080642578,-0.0652925638273964,0.03031921716526787,,-0.13003891550846572,-0.14742933799183786,-0.1567841291607138,-0.05707673015054705,0.13496826974145543,0.20016080764900385,0.17601100684674195,-0.15552007189819947,0.15764422746144058,0.20400618112105867,0.20941829012539784,0.860042690932613,0.8365933645301639,0.7349731954265356,0.6192445611581164,0.6514571718844081,0.6731465923836658,1.0,-0.19162338602453438,-0.17387588204462545,-0.11035501449984063,0.017848301956732787,0.20354314144710334,0.02734656717387313,0.10922946513919546,-0.03519463593462181,0.018582415427389087,0.22244444456284812,0.08782167844000956,0.12796437052508133,0.027346567173873116,0.1184447418630281,0.10922946513919547,0.13496826974145498,0.22173407847697102,0.20354314144710364,0.057076730150546984,0.20400618112105848,0.16144389338160398,0.026434152675282156,0.20941829012539792,0.03306956885637619,-0.006919003167662513,0.1305751815743574,-0.19162338602453438,-0.13631992436695342,,,,,,,,,0.0264341526752821,0.026434152675282086,0.026434152675282076,-0.0962310992662384,0.026434152675282076,0.2094182901253979,0.20941829012539803,0.20941829012539792,0.20941829012539792
calculated_host_listings_count,-0.04239638039767825,,-0.20597244037451407,0.13022998807575029,0.2785854692709747,,0.05802197331806203,0.10573467515915554,-0.21641306634251772,0.010212390503633923,-0.22637573540885594,-0.2557134345692666,0.025691297141728322,0.13310176193950585,0.013903095223795512,0.029230175777483786,-0.0982493010081503,-0.08073202349289778,0.022958037260609205,-0.09505924406835206,,0.006947725032639503,0.07704136021835305,0.1200708002873518,0.13355742229582757,-0.13817287288357735,-0.17465566962678572,-0.21205198816676948,0.13996300491276653,-0.14319504963042184,-0.13047665546404955,-0.23876846523084105,-0.1923119727774537,-0.16998838976189545,-0.15004999327286747,-0.08890926203627891,-0.13918024294902598,-0.1062630995853668,-0.19162338602453438,1.0,0.391062051221891,0.8545198647213686,-0.024305856408719604,-0.24621071494976898,-0.18895409564872973,-0.3569755038283187,-0.08772255297369189,-0.19110877047559136,-0.09823205286618365,-0.21239191093942478,-0.2832959988236514,-0.1889540956487299,-0.36540358165918946,-0.3569755038283194,-0.138172872883578,-0.10262026536662322,-0.24621071494976937,-0.1335574222958279,-0.13047665546405057,-0.2001806113377161,-0.1524137414320196,-0.238768465230841,-0.1255808889320483,-0.12621786832716153,-0.24934139022580062,1.0,0.3992266986702949,,,,,,,,,-0.15241374143201966,-0.15241374143201963,-0.15241374143201947,0.06093886550351029,-0.15241374143201947,-0.2387684652308412,-0.23876846523084178,-0.23876846523084183,-0.23876846523084183
calculated_host_listings_count_entire_homes,-0.11890043558818622,,-0.08823773662297993,0.23406084696414398,0.5683595675168698,,-0.0043129490987345405,0.2741875990712143,0.11424444490247303,0.028526527749022885,0.03782134577866712,0.05062776364276774,0.08784748211838071,0.23597060741921885,0.09302386175211337,0.15250511795799668,0.13916247683695998,0.11941021274653847,0.0991208497875132,0.13484107180846486,,0.179975302771677,0.16128285346746152,0.1519040763983438,0.08212051163348316,-0.140938511935878,-0.1667282258581677,-0.09950310952030508,0.15032523311594662,-0.15029453224044198,-0.2411913255210321,-0.04005565059150274,-0.15110184633217644,-0.15624255887960964,-0.12932668957142743,-0.12818701249194075,-0.13445064223257058,0.018148546798087927,-0.17387588204462545,0.391062051221891,1.0,-0.14145330608757942,-0.02255128365413392,-0.1759464170814969,0.12728183319013114,0.25556715160544136,0.018555557367235385,0.08217252193675889,-0.17464867287371205,0.17822529965282222,0.07770665809694742,0.12728183319013137,0.27382248888474026,0.25556715160544113,-0.14093851193587772,-0.1767663669165309,-0.17594641708149716,-0.0821205116334828,-0.24119132552103278,-0.1276997442355536,0.12236329228432095,-0.040055650591502755,0.03515959309232781,0.14901803382241013,0.16937870055587342,0.391062051221891,0.2679991172538472,,,,,,,,,0.12236329228432098,0.12236329228432104,0.12236329228432091,-0.06531487461773405,0.12236329228432091,-0.040055650591502845,-0.040055650591502893,-0.04005565059150274,-0.04005565059150274
calculated_host_listings_count_private_rooms,0.019021016698000055,,-0.17739251851847573,-0.013048086110261163,-0.044239476002040284,,0.06644101751783948,-0.0473261997541158,-0.294862780199053,-0.0008884504528295639,-0.2626309227435927,-0.2825119858401469,-0.022797847672380918,0.0022488331718976354,-0.038581662948722166,-0.05518151357697462,-0.1793591904898866,-0.15926000048864444,-0.03215175431152559,-0.17493164019915783,,-0.09857171511607458,-0.012538234683231867,0.03936751163257818,0.09317265999720996,-0.06700113437585137,-0.09103132034473825,-0.16981694141684847,0.061614748766857325,-0.06703554524597986,-0.0008752875245014924,-0.22882184986185614,-0.12464433874014409,-0.09806988857352436,-0.09155341482142526,-0.023049957730867324,-0.07631449294044935,-0.12429885297973428,-0.11035501449984063,0.8545198647213686,-0.14145330608757942,1.0,-0.01649338025970627,-0.16799970897931601,-0.24485261239231237,-0.4686531424241126,-0.09755136951193943,-0.2292320020325589,-0.002461384785487149,-0.32654317314177855,-0.32161151322006104,-0.24485261239231268,-0.4846250681285044,-0.46865314242411416,-0.06700113437585135,-0.00604910725742409,-0.1679997089793157,-0.09317265999720968,-0.0008752875245015138,-0.14124155819384537,-0.20538895615483813,-0.22882184986185614,-0.14298344312358052,-0.18790102315032822,-0.322670069068976,0.8545198647213686,0.27652468668323893,,,,,,,,,-0.20538895615483813,-0.205388956154839,-0.20538895615483846,0.088407787955521,-0.20538895615483846,-0.22882184986185644,-0.22882184986185675,-0.22882184986185644,-0.22882184986185644
calculated_host_listings_count_shared_rooms,0.021100199296423556,,0.024553113691343133,-0.007141704007186463,-0.010926064043904912,,-0.017900090009579355,-0.024093314761921995,-0.04424849899743063,-0.025155049703862235,-0.02172640630500234,-0.039664326709302915,0.00844096905765599,0.02334749360899252,0.00994157748821303,0.003284822814722046,0.0036296854009275886,0.001600436033034244,0.00868003103053785,0.0028355863586448774,,0.06436242833868426,0.055496724922587386,0.05070889986268889,0.027271038153758708,-0.021214571147518575,-0.027776038518767268,-0.025741996073386897,0.05181315152563361,-0.014661320621705156,-0.015529215388687838,-0.013644580950629443,0.01802251776411277,0.01092947725059263,0.01956182666693797,-0.02549696226795484,0.010306213971036496,0.023822304965316125,0.017848301956732787,-0.024305856408719604,-0.02255128365413392,-0.01649338025970627,1.0,-0.029887954288263244,-0.01740262673243635,-0.028984705108799254,0.035911341447092716,0.06560359168545594,-0.02598717012787377,-0.07282970855893525,-0.058470386448878475,-0.017402626732436345,-0.0286593155961889,-0.028984705108799354,-0.021214571147518662,-0.027389805825896577,-0.02988795428826324,-0.02727103815375864,-0.015529215388687855,0.005228558763047772,-0.019090871457164905,-0.013644580950629443,0.015262918181079565,-0.0026029505978773107,0.0005114254749661719,-0.0243058564087196,-0.005228558763047777,,,,,,,,,-0.019090871457164926,-0.01909087145716496,-0.019090871457164954,-0.007420199660422235,-0.019090871457164954,-0.013644580950629502,-0.013644580950629412,-0.01364458095062941,-0.01364458095062941
reviews_per_month,0.251933733935257,,0.1538283896916597,-0.1344169965612051,-0.22196128513809152,,0.040915475491518125,-0.05567466511169432,0.31754819184981725,0.04547964405024794,0.21414207163210897,0.2671831794075005,-0.3202028326962369,-0.14950903927604337,-0.32522748957288694,-0.27071200424855824,0.056584631802542536,0.06212156049179141,-0.32860507950145185,0.0638028714381071,,-0.1751392605386482,-0.10233228812992819,-0.10777732973134845,-0.04907749225333205,0.4258654737067619,0.7812607401579168,0.7665934729623542,-0.12710140991151395,0.5349482450636728,0.5268276823486541,0.4803975051338986,0.18168786516617424,0.18190887889543317,0.2228025350772441,0.12795575463496078,0.15767191341894293,0.07130273520979995,0.20354314144710334,-0.24621071494976898,-0.1759464170814969,-0.16799970897931601,-0.029887954288263244,1.0,0.14598021514658382,0.31046975199108756,-0.091317022740487,-0.05816691875919526,0.5470225554530109,0.33683814158960806,0.2951105405418901,0.14598021514658424,0.32276833881320016,0.3104697519910886,0.42586547370676114,0.547365964573375,0.9999999999999982,0.04907749225333189,0.5268276823486538,0.47602119613422517,0.13344076272017588,0.48039750513389856,0.013550547327681559,0.08955186566068758,0.2673866575352461,-0.24621071494976893,-0.1220226968963083,,,,,,,,,0.13344076272017635,0.133440762720176,0.13344076272017594,-0.16472623752074683,0.13344076272017594,0.48039750513389856,0.4803975051338982,0.4803975051338991,0.4803975051338991
price_clean,0.09495111914623688,,0.10278979361690442,0.0673165019447835,0.05915853828173762,,0.04284988625338914,0.12340793627881672,0.5049508901570577,0.35746393018926076,0.49416302381411964,0.4246056209398319,0.03859458654488479,0.011639290866701436,0.024632275099698637,0.06771265375908117,0.03301836924697729,0.033918281469865995,0.02432820625172486,0.03511228895842436,,0.13023475315007307,0.09641092270931308,0.06302594394258025,0.05320016673431118,-0.04328435350451555,0.02586749406623835,0.060786648262056514,0.056470533401052736,-0.016417211870048277,-0.06653434241050007,0.2823368016846706,0.05628631016446073,0.016797494088239287,0.06585303612705638,-0.0029091663076372546,0.01382040396320543,0.03370680877475309,0.02734656717387313,-0.18895409564872973,0.12728183319013114,-0.24485261239231237,-0.01740262673243635,0.14598021514658382,1.0,0.7378970024367819,0.6500315048783486,0.4456692592258044,-0.06293541789528652,0.46596973196556735,0.4029543183358714,0.9999999999999993,0.6206409340547733,0.7378970024367798,-0.043284353504515524,-0.0596907494567578,0.14598021514658394,-0.05320016673431133,-0.0665343424104999,0.006546867277306843,0.6144498320388926,0.2823368016846706,0.21905341528440184,0.3474972821938396,0.35862097474116433,-0.18895409564872973,-0.11372774526613144,,,,,,,,,0.6144498320388928,0.6144498320388909,0.6144498320388934,-0.11354939544584773,0.6144498320388934,0.2823368016846705,0.28233680168467007,0.28233680168466996,0.28233680168466996
log_price,0.12112132765064393,,0.13167573364626617,0.1082232390813681,0.11251092327681733,,0.03438032899903326,0.17635580163397066,0.7208293429247565,0.3273571648067205,0.6380948354931535,0.6063959702212227,-0.09589690353774107,-0.007901793708947764,-0.10842982213055634,-0.0009150976596700668,0.06029611911872689,0.06732988522052549,-0.10792153272056407,0.06668660522498787,,0.12990633341568114,0.09813805992728454,0.04789547578364848,0.04585890248056421,0.029939256341535322,0.16733924976194842,0.20771710945435343,0.029943969254596216,0.07825725877220858,0.029021067630964712,0.491894277428409,0.1500193956631182,0.11243883696046905,0.18975866257837534,0.05829204500053634,0.09986028387147679,0.09970694092402364,0.10922946513919546,-0.3569755038283187,0.25556715160544136,-0.4686531424241126,-0.028984705108799254,0.31046975199108756,0.7378970024367819,1.0,0.3005034124243669,0.41235876060975174,0.04351981975535567,0.7665523147031841,0.6308321834533015,0.7378970024367801,0.9807854870169632,1.0000000000000009,0.02993925634153511,0.04837096121451749,0.3104697519910867,-0.04585890248056459,0.02902106763096472,0.10457826093950526,0.5028635669198334,0.491894277428409,0.16870584785381953,0.3054800894897396,0.5131018906744984,-0.35697550382831883,-0.2002057675769295,,,,,,,,,0.5028635669198338,0.5028635669198344,0.5028635669198341,-0.21046386575864928,0.5028635669198341,0.4918942774284094,0.4918942774284103,0.49189427742840947,0.49189427742840947
price_per_accommodates,0.011140987631217679,,0.003791597209400185,0.10039038652968872,0.08404822057518693,,0.013376767111472471,0.12615664539475627,-0.10478365304180674,-0.0045475543845324,-0.041460414396465736,-0.08065903324994499,0.18562190258646086,-0.0012034061567375157,0.19168358676377353,0.19964525971254082,-0.019458435657562823,-0.00897474279221772,0.19219331660081648,-0.01585132069046246,,0.1016593586574207,0.06819240357609359,0.051360682318553966,0.04247591695812347,-0.04066803916203371,-0.06331128085979837,-0.055348999651657134,0.053044474478669355,-0.03863579806863295,-0.08337165781072944,-0.006062328288136522,0.015247384363351506,-0.014842539134553504,0.008207290075058426,-0.07127703751837187,-0.033825915546189085,0.04761132561683985,-0.03519463593462181,-0.08772255297369189,0.018555557367235385,-0.09755136951193943,0.035911341447092716,-0.091317022740487,0.6500315048783486,0.3005034124243669,1.0,0.6263127862364333,-0.09427753400321912,-0.12378999482288425,-0.08530944954630577,0.6500315048783498,0.199089454412382,0.3005034124243664,-0.040668039162033695,-0.09245085693751069,-0.09131702274048668,-0.04247591695812345,-0.08337165781072939,-0.033383867914213265,0.14436634973721282,-0.006062328288136522,0.21880625818953525,0.1632271611902391,0.09456454523553276,-0.08772255297369187,-0.09807578716046618,,,,,,,,,0.1443663497372127,0.14436634973721313,0.1443663497372128,-0.018738358090762092,0.1443663497372128,-0.006062328288136585,-0.006062328288136499,-0.006062328288136445,-0.006062328288136445
log_price_per_accommodates,-0.020611362392916922,,-0.04322140136559706,0.19172588093807694,0.1660159213591242,,0.04936770727251797,0.2851796378247399,-0.23368049602585558,-0.02058609744387076,-0.09826970184127597,-0.18507910077537135,0.09040041818377526,-0.007264183896288091,0.09076713743867898,0.18249286057754274,-0.014380411028885487,0.01595223734706325,0.09374934771558449,-0.001977810155587158,,0.10368814422299959,0.04777734830533588,0.014491238735346449,0.009823058756110573,-0.034178879345762705,-0.05363475672877396,-0.05463653049763577,0.0132430697625548,-0.008293508414150674,-0.07596449277521894,0.09369250882146891,0.07012421851376485,0.04632531515066054,0.06161149311647659,-0.004823883571010258,0.011054368076555241,0.12963059069991148,0.018582415427389087,-0.19110877047559136,0.08217252193675889,-0.2292320020325589,0.06560359168545594,-0.05816691875919526,0.4456692592258044,0.41235876060975174,0.6263127862364333,1.0,-0.08587227454303015,-0.268946952137547,-0.20278832765953447,0.4456692592258056,0.3695553669797122,0.4123587606097509,-0.03417887934576279,-0.08255022506634778,-0.05816691875919518,-0.009823058756110524,-0.075964492775219,-0.00903856537595476,0.24974619536255185,0.09369250882146889,0.4689223122464324,0.34141856311203983,0.18781353406974563,-0.19110877047559127,-0.11369042591949514,,,,,,,,,0.24974619536255196,0.24974619536255308,0.24974619536255266,-0.024065471332664606,0.24974619536255266,0.09369250882146887,0.09369250882146897,0.09369250882146879,0.09369250882146879
log_reviews,-0.48527989970056973,,-0.14953132115559153,-0.19216230124907757,-0.24416696001055543,,-0.03944216869347169,-0.0908040996041549,0.06954342420471399,-0.045344769552996315,0.01334776332317863,0.07186987674959512,-0.23335858154510106,-0.028330624084371786,-0.23361432072614607,-0.24849907656276296,0.17526688587066255,0.18913677837650153,-0.23777244004239875,0.19082801667571808,,-0.1941665051901887,-0.161099995037753,-0.1703968890741528,-0.19325862795919352,0.7434631645278018,0.7148657941295917,0.4360756523305332,-0.1860673689349079,0.7235119870183461,0.7746570930477076,0.5502316899434729,0.1708913084035363,0.200426992703395,0.1877114650451282,0.16904793129391898,0.17027492755065365,0.057417451728369526,0.22244444456284812,-0.09823205286618365,-0.17464867287371205,-0.002461384785487149,-0.02598717012787377,0.5470225554530109,-0.06293541789528652,0.04351981975535567,-0.09427753400321912,-0.08587227454303015,1.0,0.10865119949458639,0.09497901611099813,-0.06293541789528692,0.04830799870148365,0.04351981975535492,0.7434631645278025,0.997307639216686,0.5470225554530106,0.19325862795919452,0.774657093047708,0.5727393075075747,0.06586975749010758,0.5502316899434729,0.10656570274610477,0.12528340777366273,0.24962578767940938,-0.09823205286618365,-0.0380532315185335,,,,,,,,,0.06586975749010704,0.06586975749010779,0.06586975749010787,-0.18123497791724225,0.06586975749010787,0.5502316899434734,0.5502316899434763,0.5502316899434722,0.5502316899434722
log_accommodates,0.12273612117791557,,0.15470558101748286,-0.03875880757203068,-0.007227000371339942,,-0.004909584694842104,-0.021924094059692114,0.9265900807683306,0.3606014676715545,0.7444489920512872,0.7714518275196576,-0.16202529880419533,0.005084936686418313,-0.17189798214742233,-0.12514250091299872,0.08287638077896964,0.05873089822523094,-0.1747189106398634,0.07963319446218399,,0.07372008499038145,0.08294469859004067,0.05934378069206154,0.06742154724270605,0.05546578017330101,0.2105218436565021,0.25504700711913925,0.043974263401906286,0.09053974188673487,0.08187631500501771,0.45399892162365096,0.0918675964082421,0.06173227647075021,0.133340824340244,0.051271743158723335,0.08389273719051356,-0.003357932880073773,0.08782167844000956,-0.21239191093942478,0.17822529965282222,-0.32654317314177855,-0.07282970855893525,0.33683814158960806,0.46596973196556735,0.7665523147031841,-0.12378999482288425,-0.268946952137547,0.10865119949458639,1.0,0.8097659734500595,0.4659697319655681,0.7764104889354317,0.7665523147031844,0.05546578017330119,0.1107236530543074,0.33683814158960784,-0.0674215472427067,0.08187631500501827,0.11301460745461235,0.35559321176807607,0.4539989216236509,-0.15218468435407523,0.08712389947994657,0.40938236692296237,-0.21239191093942478,-0.1280630432446355,,,,,,,,,0.35559321176807623,0.3555932117680765,0.35559321176807607,-0.2044573329428385,0.35559321176807607,0.453998921623651,0.45399892162365074,0.45399892162365163,0.45399892162365163
log_beds,0.11962323538528073,,0.19303887606897566,-0.036112850240832675,-0.033519845370734325,,0.020831421534488574,-0.06412744637243056,0.8253486241227954,0.39603474345867284,0.7604199774174666,0.9476568332381196,-0.14955741196632763,0.026803544377020667,-0.17364491168272847,-0.12638434382452043,0.12015097534732813,0.10676800355771618,-0.1731946449009252,0.11728142185761194,,0.045836417760629106,0.04969687333962131,0.020747366158410198,0.03182489291193139,0.042158652265060936,0.1818672532382272,0.25787068083949194,0.004672162755918937,0.0468441823038586,0.0814938459454552,0.42963077831884183,0.12685153067994406,0.10178891462170572,0.13330262765246872,0.10193947538890817,0.11110040124675301,0.05467813328461979,0.12796437052508133,-0.2832959988236514,0.07770665809694742,-0.32161151322006104,-0.058470386448878475,0.2951105405418901,0.4029543183358714,0.6308321834533015,-0.08530944954630577,-0.20278832765953447,0.09497901611099813,0.8097659734500595,1.0,0.4029543183358718,0.6423494183191284,0.6308321834533013,0.04215865226506094,0.09501668392564758,0.29511054054188984,-0.03182489291193164,0.0814938459454549,0.10635278970517015,0.299032112852134,0.4296307783188419,-0.10912024301286252,0.00504615482737779,0.33420642969886216,-0.2832959988236515,-0.11253182106436084,,,,,,,,,0.299032112852134,0.2990321128521337,0.29903211285213377,-0.13678292978912882,0.29903211285213377,0.4296307783188416,0.4296307783188423,0.42963077831884267,0.42963077831884267
price_zscore,0.09495111914623733,,0.10278979361690467,0.06731650194478325,0.05915853828173745,,0.04284988625338922,0.12340793627881681,0.5049508901570579,0.35746393018926154,0.4941630238141189,0.42460562093983245,0.03859458654488474,0.011639290866701374,0.024632275099698783,0.06771265375908127,0.03301836924697749,0.03391828146986594,0.024328206251724802,0.035112288958424366,,0.1302347531500735,0.09641092270931341,0.06302594394258045,0.05320016673431145,-0.04328435350451565,0.025867494066238218,0.060786648262056556,0.05647053340105278,-0.01641721187004847,-0.06653434241050027,0.2823368016846698,0.056286310164460805,0.016797494088239297,0.0658530361270564,-0.0029091663076372667,0.013820403963205392,0.03370680877475303,0.027346567173873116,-0.1889540956487299,0.12728183319013137,-0.24485261239231268,-0.017402626732436345,0.14598021514658424,0.9999999999999993,0.7378970024367801,0.6500315048783498,0.4456692592258056,-0.06293541789528692,0.4659697319655681,0.4029543183358718,1.0,0.6206409340547749,0.7378970024367812,-0.04328435350451571,-0.059690749456758126,0.14598021514658396,-0.053200166734311445,-0.06653434241050031,0.006546867277306673,0.6144498320388939,0.2823368016846698,0.2190534152844023,0.34749728219384013,0.35862097474116406,-0.1889540956487299,-0.11372774526613154,,,,,,,,,0.6144498320388943,0.6144498320388946,0.6144498320388937,-0.11354939544584776,0.6144498320388937,0.2823368016846699,0.28233680168467074,0.2823368016846702,0.2823368016846702
price_percentile,0.1326045454424673,,0.13233421100513143,0.11920774882277183,0.1277852208308414,,0.037438999630173775,0.18106914128662513,0.7162998006347806,0.299642303963493,0.6268341596313838,0.6027047313864359,-0.12407198707422605,-0.0035225109540382563,-0.13222580228778627,-0.014422067407281526,0.06870783132435959,0.07530080242861549,-0.13175758465438364,0.07532392392226853,,0.12351726895206114,0.09808975878108178,0.046852773877088506,0.047935715038874664,0.027902422902237413,0.17950839951241573,0.2239527681428253,0.027372783044396148,0.08009749990781904,0.037046751655980405,0.5049542776969775,0.16052979082196678,0.12441843292561863,0.2034393393555113,0.07062464210210732,0.11508608349948997,0.11361192172381213,0.1184447418630281,-0.36540358165918946,0.27382248888474026,-0.4846250681285044,-0.0286593155961889,0.32276833881320016,0.6206409340547733,0.9807854870169632,0.199089454412382,0.3695553669797122,0.04830799870148365,0.7764104889354317,0.6423494183191284,0.6206409340547749,1.0,0.9807854870169619,0.027902422902237226,0.05325708671433688,0.32276833881319933,-0.047935715038874734,0.03704675165598039,0.108486234734862,0.4391202443845175,0.5049542776969776,0.1389343783299884,0.2681776908711062,0.5052277585648881,-0.36540358165918946,-0.19949655784459214,,,,,,,,,0.43912024438451785,0.4391202443845176,0.4391202443845177,-0.2055895289672421,0.4391202443845177,0.5049542776969775,0.5049542776969795,0.5049542776969775,0.5049542776969775
log_price_zscore,0.1211213276506439,,0.13167573364626609,0.10822323908136815,0.11251092327681714,,0.03438032899903365,0.1763558016339711,0.7208293429247584,0.3273571648067197,0.6380948354931545,0.6063959702212227,-0.09589690353774107,-0.007901793708947431,-0.10842982213055644,-0.0009150976596699065,0.060296119118727204,0.0673298852205256,-0.10792153272056387,0.06668660522498815,,0.12990633341568097,0.09813805992728457,0.047895475783648625,0.0458589024805643,0.029939256341535495,0.1673392497619477,0.20771710945435354,0.029943969254596102,0.07825725877220668,0.02902106763096311,0.49189427742840935,0.15001939566311828,0.11243883696046907,0.18975866257837537,0.05829204500053611,0.09986028387147673,0.09970694092402331,0.10922946513919547,-0.3569755038283194,0.25556715160544113,-0.46865314242411416,-0.028984705108799354,0.3104697519910886,0.7378970024367798,1.0000000000000009,0.3005034124243664,0.4123587606097509,0.04351981975535492,0.7665523147031844,0.6308321834533013,0.7378970024367812,0.9807854870169619,1.0,0.029939256341535297,0.0483709612145162,0.3104697519910884,-0.04585890248056428,0.029021067630963165,0.10457826093950416,0.502863566919834,0.49189427742840935,0.16870584785381926,0.3054800894897401,0.513101890674499,-0.3569755038283195,-0.20020576757692932,,,,,,,,,0.5028635669198342,0.5028635669198344,0.5028635669198348,-0.2104638657586495,0.5028635669198348,0.4918942774284099,0.49189427742840824,0.49189427742840863,0.49189427742840863
reviews_zscore,-0.48778824102603535,,-0.18322044460266892,-0.09366053472697067,-0.1407423488992129,,-0.010773558499587131,0.013909123675527778,0.03026031509675402,-0.09380457271068804,-0.018048110003914982,0.022429332955532198,-0.16049222926543216,-0.02989266840773161,-0.15718922772217192,-0.15243935546090315,0.1797298498271347,0.20445456747787827,-0.16202297618327155,0.19504268796086166,,-0.16060405676393208,-0.14916273483509823,-0.1636864590997481,-0.11801010885296556,1.000000000000005,0.589051015031303,0.3219746131257068,-0.17595178337137835,0.696075602232005,0.4863148553620168,0.31245031490222663,0.09386780849934855,0.12328829988605018,0.110062057247668,0.10887387603590823,0.09687628583774362,0.043337526740017486,0.13496826974145498,-0.138172872883578,-0.14093851193587772,-0.06700113437585135,-0.021214571147518662,0.42586547370676114,-0.043284353504515524,0.02993925634153511,-0.040668039162033695,-0.03417887934576279,0.7434631645278025,0.05546578017330119,0.04215865226506094,-0.04328435350451571,0.027902422902237226,0.029939256341535297,1.0,0.7279716615415271,0.42586547370676076,0.11801010885296633,0.486314855362017,0.44299731069880194,0.028020680681858087,0.31245031490222663,0.07250399641112822,0.08365649049844477,0.15090068161149436,-0.138172872883578,-0.06691403046118455,,,,,,,,,0.02802068068185762,0.028020680681858205,0.02802068068185824,-0.10515610415963077,0.02802068068185824,0.3124503149022272,0.3124503149022278,0.3124503149022269,0.3124503149022269
reviews_percentile,-0.479464196487383,,-0.1490857337941597,-0.18894780856727128,-0.24322148595223303,,-0.03944624771420289,-0.09421277054070419,0.07029213352271131,-0.042607366992526645,0.015720541747123555,0.07119143897992124,-0.2334949460857188,-0.029884985093594437,-0.2339414241529006,-0.24618009326491003,0.17059194807466785,0.18501018360956087,-0.23795674343837664,0.1864461487790466,,-0.19369468892306257,-0.16005159674302014,-0.168892759084965,-0.19359397212184998,0.7279716615415263,0.7243010511928811,0.43745828029887085,-0.1847494784595879,0.7382678014595981,0.7765030472734225,0.5556772929601654,0.17250527477636265,0.2004322169146632,0.1886308131886461,0.17083702849755317,0.17292954743040506,0.0560165544506481,0.22173407847697102,-0.10262026536662322,-0.1767663669165309,-0.00604910725742409,-0.027389805825896577,0.547365964573375,-0.0596907494567578,0.04837096121451749,-0.09245085693751069,-0.08255022506634778,0.997307639216686,0.1107236530543074,0.09501668392564758,-0.059690749456758126,0.05325708671433688,0.0483709612145162,0.7279716615415271,1.0,0.5473659645733748,0.193593972121851,0.7765030472734223,0.5833360711245977,0.06681714470557527,0.5556772929601654,0.10687897662042628,0.12544065173782454,0.2510034778238673,-0.10262026536662322,-0.04015275749102691,,,,,,,,,0.06681714470557483,0.06681714470557518,0.0668171447055754,-0.18020891381452897,0.0668171447055754,0.5556772929601658,0.5556772929601665,0.5556772929601653,0.5556772929601653
reviews_per_month_zscore,0.25193373393525736,,0.15382838969165977,-0.13441699656120504,-0.22196128513809155,,0.040915475491518076,-0.055674665111694555,0.3175481918498173,0.04547964405024776,0.2141420716321095,0.26718317940750086,-0.3202028326962374,-0.14950903927604392,-0.3252274895728867,-0.2707120042485581,0.056584631802542314,0.06212156049179111,-0.32860507950145235,0.06380287143810683,,-0.17513926053864814,-0.10233228812992844,-0.10777732973134845,-0.04907749225333198,0.4258654737067619,0.7812607401579157,0.7665934729623535,-0.12710140991151417,0.5349482450636723,0.526827682348654,0.48039750513389856,0.1816878651661738,0.18190887889543308,0.22280253507724398,0.1279557546349607,0.15767191341894293,0.07130273520979984,0.20354314144710364,-0.24621071494976937,-0.17594641708149716,-0.1679997089793157,-0.02988795428826324,0.9999999999999982,0.14598021514658394,0.3104697519910867,-0.09131702274048668,-0.05816691875919518,0.5470225554530106,0.33683814158960784,0.29511054054188984,0.14598021514658396,0.32276833881319933,0.3104697519910884,0.42586547370676076,0.5473659645733748,1.0,0.04907749225333195,0.5268276823486542,0.4760211961342264,0.13344076272017594,0.48039750513389873,0.01355054732768153,0.0895518656606877,0.2673866575352464,-0.2462107149497694,-0.12202269689630835,,,,,,,,,0.13344076272017605,0.1334407627201759,0.1334407627201761,-0.16472623752074692,0.1334407627201761,0.4803975051338986,0.4803975051338976,0.480397505133898,0.480397505133898
occupancy_rate,-0.06408961079453958,,-0.006189977585732637,-0.05545732908745462,-0.0739870374153991,,0.07336132470313653,0.022717668679333423,-0.07058621463588256,-0.03419635464601286,0.007926180952084493,-0.040374730960532644,-0.1229815328976579,-0.19480092319726036,-0.13351128133942347,-0.08569670459109666,-0.09382473137862297,-0.09792554548379057,-0.12679329052025995,-0.09163199624613608,,-0.39150299220320556,-0.4520133406251571,-0.4932514160113527,-1.0000000000000007,0.11801010885296623,0.11915394194392503,0.0838333037278483,-0.5249790692825882,0.13417660777629006,0.15281950044079906,0.045614604467101943,0.005210036575557687,0.015146824230432673,-0.029176311859915434,0.06239916581384807,0.07232159482634644,0.04670881952375803,0.057076730150546984,-0.1335574222958279,-0.0821205116334828,-0.09317265999720968,-0.02727103815375864,0.04907749225333189,-0.05320016673431133,-0.04585890248056459,-0.04247591695812345,-0.009823058756110524,0.19325862795919452,-0.0674215472427067,-0.03182489291193164,-0.053200166734311445,-0.047935715038874734,-0.04585890248056428,0.11801010885296633,0.193593972121851,0.04907749225333195,1.0,0.15281950044079923,0.08109511629296995,0.49623224755114953,0.04561460446710197,0.7316592415011386,0.6839031962296387,0.7229295764404715,-0.13355742229582793,-0.060220533270277925,,,,,,,,,0.4962322475511492,0.49623224755115164,0.49623224755115125,-0.2988083952045829,0.49623224755115125,0.04561460446710197,0.04561460446710206,0.04561460446710194,0.04561460446710194
occupancy_rate_booked,-0.16585938838291478,,-0.04836659740242924,-0.1621893119988067,-0.249672833502546,,-0.024503248504966203,-0.1329328851490045,0.054296321089055265,-0.03939925348267322,0.012218190094423285,0.06511916919034813,-0.20578935031862855,-0.09319176278652952,-0.22255353582260298,-0.21694139154922462,0.09549226990009808,0.10060089235455943,-0.22467158717213073,0.10516769621617963,,-0.18831036345157895,-0.14631142471734326,-0.1429897239271027,-0.1528195004407986,0.4863148553620162,0.7529728071531874,0.4443733858841381,-0.1529486386502794,0.6648599037004296,1.0000000000000009,0.692901882059301,0.18112276396747554,0.1824762020972092,0.19058184826828428,0.16243470028672338,0.15952634675306385,0.039480130354141676,0.20400618112105848,-0.13047665546405057,-0.24119132552103278,-0.0008752875245015138,-0.015529215388687855,0.5268276823486538,-0.0665343424104999,0.02902106763096472,-0.08337165781072939,-0.075964492775219,0.774657093047708,0.08187631500501827,0.0814938459454549,-0.06653434241050031,0.03704675165598039,0.029021067630963165,0.486314855362017,0.7765030472734223,0.5268276823486542,0.15281950044079923,1.0,0.7652220955714024,0.025838805228037456,0.692901882059301,0.06513960824234216,0.06761628081874702,0.21784102613619524,-0.13047665546405057,-0.03335283929744014,,,,,,,,,0.02583880522803702,0.025838805228037314,0.025838805228037432,-0.15329814320262708,0.025838805228037432,0.6929018820593011,0.6929018820593024,0.6929018820593003,0.6929018820593003
occupancy_is_capped,-0.13401184478584363,,-0.05138083274378755,-0.10106886622105757,-0.15365548379280436,,-0.01332210044635612,-0.07597772405113497,0.08032990808685672,-0.05010333322668948,0.04618628598366011,0.08956497163386992,-0.08657662255497632,-0.062374417732205076,-0.10233628287353416,-0.0963742374557397,0.11696622874741128,0.11259858811557422,-0.1045805794422905,0.12174991563494482,,-0.09750570225659895,-0.10057054983929456,-0.11054114274882859,-0.08109511629296919,0.4429973106988015,0.7016219087841231,0.38090092853119023,-0.1172769309669643,0.6426177983692766,0.765222095571405,0.588032703761194,0.15219457054117855,0.14826865052759136,0.1511196571871148,0.11642787298765932,0.13584546417976662,0.05458326917057536,0.16144389338160398,-0.2001806113377161,-0.1276997442355536,-0.14124155819384537,0.005228558763047772,0.47602119613422517,0.006546867277306843,0.10457826093950526,-0.033383867914213265,-0.00903856537595476,0.5727393075075747,0.11301460745461235,0.10635278970517015,0.006546867277306673,0.108486234734862,0.10457826093950416,0.44299731069880194,0.5833360711245977,0.4760211961342264,0.08109511629296995,0.7652220955714024,1.0,0.03894525206706047,0.5880327037611939,0.03843441196319459,0.04650368542162166,0.16546663695306538,-0.20018061133771603,-0.05924103283376387,,,,,,,,,0.038945252067060274,0.03894525206706052,0.03894525206706053,-0.07883460473316785,0.03894525206706053,0.5880327037611942,0.5880327037611942,0.5880327037611943,0.5880327037611943
est_annual_revenue,0.040407990738233576,,0.04528884078875814,0.0543142451393434,0.07539229382951995,,0.060840414547092186,0.1308751171782115,0.37210337431897367,0.23217608599673384,0.36733331643197553,0.3024652319248314,-0.10777070397882564,-0.022313833887646347,-0.1407746591133406,-0.049100933550980316,0.0045866526105308985,0.014216144224320357,-0.1375004979490847,0.011436078921331366,,-0.08882638447572676,-0.12377573114624779,-0.16226799413309675,-0.4962322475511504,0.028020680681858184,0.09794181617085414,0.12337824565522612,-0.18555685937252173,0.05043809000075751,0.025838805228037467,0.24844969784749357,0.014029345981343038,-0.0006582489325375672,0.015508640380875382,-0.01272949144992167,0.009822847834021963,0.036064917841818346,0.026434152675282156,-0.1524137414320196,0.12236329228432095,-0.20538895615483813,-0.019090871457164905,0.13344076272017588,0.6144498320388926,0.5028635669198334,0.14436634973721282,0.24974619536255185,0.06586975749010758,0.35559321176807607,0.299032112852134,0.6144498320388939,0.4391202443845175,0.502863566919834,0.028020680681858087,0.06681714470557527,0.13344076272017594,0.49623224755114953,0.025838805228037456,0.03894525206706047,1.0,0.24844969784749368,0.6664783206229659,0.7960026531636027,0.6381775358728097,-0.1524137414320197,-0.10185558934160734,,,,,,,,,0.9999999999999999,0.9999999999999997,1.0000000000000009,-0.17266692410984708,1.0000000000000009,0.24844969784749385,0.2484496978474936,0.2484496978474936,0.2484496978474936
est_annual_revenue_booked,-0.05639084084262058,,0.04126739160776904,-0.0956336935109152,-0.12778178197807488,,0.04853479456247067,0.055480937991574386,0.45648534583010236,0.2507593728147891,0.3999459902930554,0.4292975770716195,-0.1681037579835037,-0.025085387432913407,-0.21852659894106852,-0.17732270823393145,0.13815692892346332,0.15072255417465205,-0.21509369493850905,0.1497964583173373,,-0.05768128241009148,-0.05113573872289691,-0.08361305875241468,-0.04561460446710172,0.3124503149022278,0.6281030542159415,0.4343054574405598,-0.0984619164337138,0.4769688385534423,0.6929018820593019,1.0,0.21950764105391785,0.1926190335689958,0.22542129422644963,0.14461219192836228,0.1447120986820772,0.13218938912951644,0.20941829012539792,-0.238768465230841,-0.040055650591502755,-0.22882184986185614,-0.013644580950629443,0.48039750513389856,0.2823368016846706,0.491894277428409,-0.006062328288136522,0.09369250882146889,0.5502316899434729,0.4539989216236509,0.4296307783188419,0.2823368016846698,0.5049542776969776,0.49189427742840935,0.31245031490222663,0.5556772929601654,0.48039750513389873,0.04561460446710197,0.692901882059301,0.5880327037611939,0.24844969784749368,1.0,0.05676414336990974,0.1134511332122423,0.3561972144375337,-0.23876846523084105,-0.0973456786061646,,,,,,,,,0.24844969784749332,0.24844969784749354,0.24844969784749374,-0.1496943781795774,0.24844969784749374,1.0,1.0000000000000027,1.0000000000000016,1.0000000000000016
revenue_per_accommodates,-0.07092892531791006,,-0.047553180701438894,0.13726030330163533,0.13794299905331567,,0.06207943998879671,0.17205270929642114,-0.13243958375266499,-0.0348564945191624,-0.05388651423183121,-0.10712118639041332,-0.10020986311383591,-0.08598992578581495,-0.10854753532201623,0.014180084749308996,-0.047741228368616044,-0.017971676036528335,-0.10257132595293829,-0.034882702472361866,,-0.1715701613043346,-0.22554263330668797,-0.2657323390008937,-0.7316592415011386,0.07250399641112842,0.07382354362246724,0.0659914879451156,-0.2938949526196463,0.07860094901094217,0.06513960824234216,0.05676414336990974,0.021486409557883772,0.02174326075161332,-0.00727897796458095,-0.012047597935141041,0.004556783054556142,0.0651376885070527,0.03306956885637619,-0.1255808889320483,0.03515959309232781,-0.14298344312358052,0.015262918181079565,0.013550547327681559,0.21905341528440184,0.16870584785381953,0.21880625818953525,0.4689223122464324,0.10656570274610477,-0.15218468435407523,-0.10912024301286252,0.2190534152844023,0.1389343783299884,0.16870584785381926,0.07250399641112822,0.10687897662042628,0.01355054732768153,0.7316592415011386,0.06513960824234216,0.03843441196319459,0.6664783206229659,0.05676414336990974,1.0,0.858566191098557,0.6314381738320017,-0.12558088893204827,-0.08652372751555555,,,,,,,,,0.6664783206229661,0.6664783206229672,0.6664783206229666,-0.2241520881843744,0.6664783206229666,0.056764143369909766,0.056764143369909925,0.05676414336990982,0.05676414336990982
revenue_per_bedroom,-0.03660588586599302,,-0.022878581109408228,0.11436574883560771,0.1542499239813316,,0.059918299713450585,0.20042018152975508,0.041346929614800736,-0.04915701091774097,-0.037282857165005026,-0.010502085109407467,-0.14414065672884885,-0.06989758059683714,-0.155276373765006,-0.028779751235252154,-0.035355998628331387,-0.019353365556068355,-0.15090035710984306,-0.02913124533823528,,-0.15371919977935553,-0.1918948232320444,-0.23352195505393186,-0.6839031962296386,0.08365649049844495,0.10861852543067105,0.12598700679750158,-0.2647210755395355,0.09878010398905729,0.06761628081874693,0.1134511332122423,-0.008934988445527085,-0.021102973809831855,-0.02239355231133293,-0.030484917104956,-0.009135766972959177,0.057364044566967295,-0.006919003167662513,-0.12621786832716153,0.14901803382241013,-0.18790102315032822,-0.0026029505978773107,0.08955186566068758,0.3474972821938396,0.3054800894897396,0.1632271611902391,0.34141856311203983,0.12528340777366273,0.08712389947994657,0.00504615482737779,0.34749728219384013,0.2681776908711062,0.3054800894897401,0.08365649049844477,0.12544065173782454,0.0895518656606877,0.6839031962296387,0.06761628081874702,0.04650368542162166,0.7960026531636027,0.1134511332122423,0.858566191098557,1.0,0.6776158120579971,-0.12621786832716153,-0.09747845619817705,,,,,,,,,0.7960026531636029,0.7960026531636031,0.7960026531636042,-0.22134902456120853,0.7960026531636042,0.11345113321224227,0.1134511332122425,0.1134511332122422,0.1134511332122422
log_est_revenue,-0.03375932739362065,,0.038232523164545916,0.055737522320718914,0.07442298026946866,,0.08991031926499808,0.17116510108300292,0.3656851623312927,0.13415244379582375,0.33616262594418644,0.31090931592670684,-0.2363565001093564,-0.11092102558407549,-0.28044881510250164,-0.06167251072733051,-0.00580258520731561,0.01304360951715983,-0.2655812448030458,0.004420261709752364,,-0.25528059299498107,-0.2954519289721237,-0.34165302685405075,-0.7229295764404724,0.15090068161149364,0.2619967363162348,0.2632403305695473,-0.37949424632854123,0.18654126085803818,0.2178410261361959,0.3561972144375337,0.12188310464858529,0.11648464133387516,0.1373379539272762,0.0930047002876569,0.10005172571167821,0.13594397302670533,0.1305751815743574,-0.24934139022580062,0.16937870055587342,-0.322670069068976,0.0005114254749661719,0.2673866575352461,0.35862097474116433,0.5131018906744984,0.09456454523553276,0.18781353406974563,0.24962578767940938,0.40938236692296237,0.33420642969886216,0.35862097474116406,0.5052277585648881,0.513101890674499,0.15090068161149436,0.2510034778238673,0.2673866575352464,0.7229295764404715,0.21784102613619524,0.16546663695306538,0.6381775358728097,0.3561972144375337,0.6314381738320017,0.6776158120579971,1.0,-0.24934139022580065,-0.13056877140903048,,,,,,,,,0.6381775358728093,0.6381775358728087,0.6381775358728089,-0.602560265610211,0.6381775358728089,0.3561972144375335,0.35619721443753355,0.3561972144375347,0.3561972144375347
host_listings_in_city,-0.04239638039767825,,-0.20597244037451407,0.13022998807575029,0.2785854692709747,,0.05802197331806203,0.10573467515915554,-0.21641306634251772,0.010212390503633923,-0.22637573540885594,-0.2557134345692666,0.025691297141728322,0.13310176193950585,0.013903095223795512,0.029230175777483786,-0.0982493010081503,-0.08073202349289778,0.022958037260609205,-0.09505924406835206,,0.006947725032639503,0.07704136021835305,0.1200708002873518,0.13355742229582757,-0.13817287288357735,-0.17465566962678572,-0.21205198816676948,0.13996300491276653,-0.14319504963042184,-0.13047665546404955,-0.23876846523084105,-0.1923119727774537,-0.16998838976189545,-0.15004999327286747,-0.08890926203627891,-0.13918024294902598,-0.1062630995853668,-0.19162338602453438,1.0,0.391062051221891,0.8545198647213686,-0.0243058564087196,-0.24621071494976893,-0.18895409564872973,-0.35697550382831883,-0.08772255297369187,-0.19110877047559127,-0.09823205286618365,-0.21239191093942478,-0.2832959988236515,-0.1889540956487299,-0.36540358165918946,-0.3569755038283195,-0.138172872883578,-0.10262026536662322,-0.2462107149497694,-0.13355742229582793,-0.13047665546405057,-0.20018061133771603,-0.1524137414320197,-0.23876846523084105,-0.12558088893204827,-0.12621786832716153,-0.24934139022580065,1.0,0.3992266986702949,,,,,,,,,-0.15241374143201966,-0.15241374143201963,-0.15241374143201947,0.06093886550351029,-0.15241374143201947,-0.2387684652308412,-0.23876846523084178,-0.23876846523084183,-0.23876846523084183
host_is_professional,0.0027362345385721883,,-0.05560483347562579,0.10786426715679906,0.15989230818392794,,0.046015696045758295,0.03649701426069118,-0.08840643459656587,0.04391193721307033,-0.07823242085562812,-0.09039027442986718,0.015597168034986716,0.08828177829970375,0.006875176399365418,0.03269221926987356,0.04410250608977286,0.0660246146972075,0.013700887834604322,0.051169072332058814,,-0.01946175930924474,0.02998484154365586,0.06928678448738372,0.06022053327027811,-0.06691403046118467,-0.06935273704927651,-0.10732330318713769,0.0786228163003879,-0.06926940210892409,-0.03335283929744008,-0.0973456786061646,-0.1293068039397419,-0.137454626067368,-0.12366667541055887,-0.1053148063894036,-0.09664508953544926,-0.11404550556725826,-0.13631992436695342,0.3992266986702949,0.2679991172538472,0.27652468668323893,-0.005228558763047777,-0.1220226968963083,-0.11372774526613144,-0.2002057675769295,-0.09807578716046618,-0.11369042591949514,-0.0380532315185335,-0.1280630432446355,-0.11253182106436084,-0.11372774526613154,-0.19949655784459214,-0.20020576757692932,-0.06691403046118455,-0.04015275749102691,-0.12202269689630835,-0.060220533270277925,-0.03335283929744014,-0.05924103283376387,-0.10185558934160734,-0.0973456786061646,-0.08652372751555555,-0.09747845619817705,-0.13056877140903048,0.3992266986702949,1.0,,,,,,,,,-0.10185558934160725,-0.10185558934160777,-0.1018555893416073,0.01149226224846091,-0.1018555893416073,-0.09734567860616457,-0.09734567860616443,-0.09734567860616439,-0.09734567860616439
pct_professional_hosts,,,,,,,,,,,,,,,,,,,,,,,,,,,,,,,,,,,,,,,,,,,,,,,,,,,,,,,,,,,,,,,,,,,,,,,,,,,,,,,,,,,,
pct_large_operators,,,,,,,,,,,,,,,,,,,,,,,,,,,,,,,,,,,,,,,,,,,,,,,,,,,,,,,,,,,,,,,,,,,,,,,,,,,,,,,,,,,,
median_host_listings,,,,,,,,,,,,,,,,,,,,,,,,,,,,,,,,,,,,,,,,,,,,,,,,,,,,,,,,,,,,,,,,,,,,,,,,,,,,,,,,,,,,
gini_host_concentration,,,,,,,,,,,,,,,,,,,,,,,,,,,,,,,,,,,,,,,,,,,,,,,,,,,,,,,,,,,,,,,,,,,,,,,,,,,,,,,,,,,,
market_professionalization_score,,,,,,,,,,,,,,,,,,,,,,,,,,,,,,,,,,,,,,,,,,,,,,,,,,,,,,,,,,,,,,,,,,,,,,,,,,,,,,,,,,,,
purchase_price,,,,,,,,,,,,,,,,,,,,,,,,,,,,,,,,,,,,,,,,,,,,,,,,,,,,,,,,,,,,,,,,,,,,,,,,,,,,,,,,,,,,
monthly_payment,,,,,,,,,,,,,,,,,,,,,,,,,,,,,,,,,,,,,,,,,,,,,,,,,,,,,,,,,,,,,,,,,,,,,,,,,,,,,,,,,,,,
zori_rent,,,,,,,,,,,,,,,,,,,,,,,,,,,,,,,,,,,,,,,,,,,,,,,,,,,,,,,,,,,,,,,,,,,,,,,,,,,,,,,,,,,,
annual_cash_flow,0.04040799073823456,,0.04528884078875854,0.05431424513934344,0.07539229382951995,,0.06084041454709218,0.13087511717821146,0.3721033743189741,0.2321760859967339,0.36733331643197537,0.3024652319248313,-0.10777070397882585,-0.022313833887646628,-0.14077465911334072,-0.0491009335509805,0.004586652610530693,0.014216144224320127,-0.1375004979490847,0.011436078921331137,,-0.08882638447572666,-0.12377573114624772,-0.1622679941330967,-0.4962322475511502,0.02802068068185765,0.09794181617085394,0.12337824565522616,-0.18555685937252145,0.05043809000075738,0.02583880522803703,0.24844969784749332,0.014029345981342941,-0.0006582489325376289,0.015508640380875405,-0.01272949144992185,0.009822847834021833,0.03606491784181826,0.0264341526752821,-0.15241374143201966,0.12236329228432098,-0.20538895615483813,-0.019090871457164926,0.13344076272017635,0.6144498320388928,0.5028635669198338,0.1443663497372127,0.24974619536255196,0.06586975749010704,0.35559321176807623,0.299032112852134,0.6144498320388943,0.43912024438451785,0.5028635669198342,0.02802068068185762,0.06681714470557483,0.13344076272017605,0.4962322475511492,0.02583880522803702,0.038945252067060274,0.9999999999999999,0.24844969784749332,0.6664783206229661,0.7960026531636029,0.6381775358728093,-0.15241374143201966,-0.10185558934160725,,,,,,,,,1.0,1.0,1.0000000000000009,-0.17266692410984696,1.0000000000000009,0.24844969784749354,0.24844969784749335,0.24844969784749338,0.24844969784749338
cash_on_cash_roi,0.0404079907382333,,0.04528884078875813,0.054314245139343485,0.07539229382951985,,0.0608404145470922,0.13087511717821163,0.3721033743189744,0.2321760859967339,0.3673333164319746,0.30246523192483044,-0.1077707039788255,-0.02231383388764629,-0.1407746591133409,-0.04910093355098048,0.004586652610530942,0.014216144224320435,-0.1375004979490847,0.011436078921331434,,-0.08882638447572684,-0.123775731146248,-0.16226799413309695,-0.4962322475511522,0.028020680681858298,0.09794181617085414,0.12337824565522611,-0.18555685937252173,0.05043809000075748,0.025838805228037404,0.24844969784749354,0.01402934598134292,-0.0006582489325375688,0.015508640380875438,-0.012729491449921792,0.00982284783402192,0.036064917841818256,0.026434152675282086,-0.15241374143201963,0.12236329228432104,-0.205388956154839,-0.01909087145716496,0.133440762720176,0.6144498320388909,0.5028635669198344,0.14436634973721313,0.24974619536255308,0.06586975749010779,0.3555932117680765,0.2990321128521337,0.6144498320388946,0.4391202443845176,0.5028635669198344,0.028020680681858205,0.06681714470557518,0.1334407627201759,0.49623224755115164,0.025838805228037314,0.03894525206706052,0.9999999999999997,0.24844969784749354,0.6664783206229672,0.7960026531636031,0.6381775358728087,-0.15241374143201963,-0.10185558934160777,,,,,,,,,1.0,1.0,1.000000000000002,-0.17266692410984652,1.000000000000002,0.24844969784749363,0.24844969784749396,0.24844969784749416,0.24844969784749416
cap_rate,0.040407990738233195,,0.045288840788758035,0.05431424513934334,0.0753922938295198,,0.06084041454709216,0.13087511717821168,0.37210337431897456,0.23217608599673406,0.36733331643197464,0.3024652319248313,-0.10777070397882528,-0.022313833887646337,-0.1407746591133408,-0.04910093355098024,0.004586652610530993,0.014216144224320455,-0.13750049794908487,0.011436078921331477,,-0.08882638447572673,-0.12377573114624801,-0.1622679941330969,-0.4962322475511501,0.028020680681858347,0.09794181617085401,0.12337824565522608,-0.18555685937252178,0.05043809000075757,0.025838805228037366,0.24844969784749374,0.014029345981342905,-0.0006582489325375871,0.015508640380875401,-0.012729491449921764,0.00982284783402193,0.036064917841818325,0.026434152675282076,-0.15241374143201947,0.12236329228432091,-0.20538895615483846,-0.019090871457164954,0.13344076272017594,0.6144498320388934,0.5028635669198341,0.1443663497372128,0.24974619536255266,0.06586975749010787,0.35559321176807607,0.29903211285213377,0.6144498320388937,0.4391202443845177,0.5028635669198348,0.02802068068185824,0.0668171447055754,0.1334407627201761,0.49623224755115125,0.025838805228037432,0.03894525206706053,1.0000000000000009,0.24844969784749374,0.6664783206229666,0.7960026531636042,0.6381775358728089,-0.15241374143201947,-0.1018555893416073,,,,,,,,,1.0000000000000009,1.000000000000002,1.0,-0.17266692410984652,1.0,0.2484496978474938,0.2484496978474942,0.24844969784749374,0.24844969784749374
price_to_rent_ratio,0.05732004899889621,,-0.01680371866016705,-0.012699627918022434,-0.015252476491489676,,-0.03805188601034397,-0.06817297160003553,-0.15528444605154962,-0.052300123391712285,-0.1251036295166224,-0.12373619222244267,0.17551875228154215,0.07302515787896459,0.20324623063667727,0.07315436115283408,0.032058663584393056,0.023572299205393516,0.19131002221022317,0.028057651121673625,,0.30710713391996264,0.27519344179938526,0.2609797351324632,0.2988083952045824,-0.10515610415963059,-0.15315301975157886,-0.1434511306406692,0.2721268537344064,-0.10791082919615011,-0.15329814320262694,-0.1496943781795774,-0.09509907264693081,-0.09681145892835519,-0.14475918121727524,-0.0744921265589231,-0.05855839384953409,-0.08511885412282134,-0.0962310992662384,0.06093886550351029,-0.06531487461773405,0.088407787955521,-0.007420199660422235,-0.16472623752074683,-0.11354939544584773,-0.21046386575864928,-0.018738358090762092,-0.024065471332664606,-0.18123497791724225,-0.2044573329428385,-0.13678292978912882,-0.11354939544584776,-0.2055895289672421,-0.2104638657586495,-0.10515610415963077,-0.18020891381452897,-0.16472623752074692,-0.2988083952045829,-0.15329814320262708,-0.07883460473316785,-0.17266692410984708,-0.1496943781795774,-0.2241520881843744,-0.22134902456120853,-0.602560265610211,0.06093886550351029,0.01149226224846091,,,,,,,,,-0.17266692410984696,-0.17266692410984652,-0.17266692410984652,1.0,-0.17266692410984652,-0.14969437817957748,-0.14969437817957723,-0.14969437817957743,-0.14969437817957743
revenue_yield,0.040407990738233195,,0.045288840788758035,0.05431424513934334,0.0753922938295198,,0.06084041454709216,0.13087511717821168,0.37210337431897456,0.23217608599673406,0.36733331643197464,0.3024652319248313,-0.10777070397882528,-0.022313833887646337,-0.1407746591133408,-0.04910093355098024,0.004586652610530993,0.014216144224320455,-0.13750049794908487,0.011436078921331477,,-0.08882638447572673,-0.12377573114624801,-0.1622679941330969,-0.4962322475511501,0.028020680681858347,0.09794181617085401,0.12337824565522608,-0.18555685937252178,0.05043809000075757,0.025838805228037366,0.24844969784749374,0.014029345981342905,-0.0006582489325375871,0.015508640380875401,-0.012729491449921764,0.00982284783402193,0.036064917841818325,0.026434152675282076,-0.15241374143201947,0.12236329228432091,-0.20538895615483846,-0.019090871457164954,0.13344076272017594,0.6144498320388934,0.5028635669198341,0.1443663497372128,0.24974619536255266,0.06586975749010787,0.35559321176807607,0.29903211285213377,0.6144498320388937,0.4391202443845177,0.5028635669198348,0.02802068068185824,0.0668171447055754,0.1334407627201761,0.49623224755115125,0.025838805228037432,0.03894525206706053,1.0000000000000009,0.24844969784749374,0.6664783206229666,0.7960026531636042,0.6381775358728089,-0.15241374143201947,-0.1018555893416073,,,,,,,,,1.0000000000000009,1.000000000000002,1.0,-0.17266692410984652,1.0,0.2484496978474938,0.2484496978474942,0.24844969784749374,0.24844969784749374
annual_cash_flow_booked,-0.05639084084262144,,0.04126739160776884,-0.09563369351091525,-0.12778178197807502,,0.048534794562470694,0.05548093799157458,0.45648534583010253,0.25075937281478916,0.39994599029305533,0.4292975770716193,-0.16810375798350377,-0.025085387432913164,-0.21852659894106863,-0.17732270823393134,0.13815692892346346,0.15072255417465227,-0.21509369493850894,0.1497964583173376,,-0.057681282410091406,-0.05113573872289693,-0.08361305875241465,-0.045614604467101805,0.31245031490222863,0.6281030542159417,0.43430545744056015,-0.09846191643371381,0.47696883855344263,0.6929018820593019,1.0,0.2195076410539178,0.19261903356899585,0.22542129422644966,0.14461219192836233,0.1447120986820772,0.13218938912951636,0.2094182901253979,-0.2387684652308412,-0.040055650591502845,-0.22882184986185644,-0.013644580950629502,0.48039750513389856,0.2823368016846705,0.4918942774284094,-0.006062328288136585,0.09369250882146887,0.5502316899434734,0.453998921623651,0.4296307783188416,0.2823368016846699,0.5049542776969775,0.4918942774284099,0.3124503149022272,0.5556772929601658,0.4803975051338986,0.04561460446710197,0.6929018820593011,0.5880327037611942,0.24844969784749385,1.0,0.056764143369909766,0.11345113321224227,0.3561972144375335,-0.2387684652308412,-0.09734567860616457,,,,,,,,,0.24844969784749354,0.24844969784749363,0.2484496978474938,-0.14969437817957748,0.2484496978474938,1.0,1.000000000000003,1.0000000000000018,1.0000000000000018
cash_on_cash_roi_booked,-0.05639084084262184,,0.04126739160776851,-0.09563369351091505,-0.12778178197807452,,0.048534794562470895,0.055480937991574435,0.45648534583010475,0.2507593728147891,0.3999459902930545,0.42929757707161886,-0.16810375798350358,-0.025085387432913067,-0.21852659894106813,-0.17732270823393131,0.13815692892346357,0.1507225541746523,-0.21509369493850988,0.14979645831733823,,-0.057681282410091475,-0.051135738722897076,-0.08361305875241479,-0.04561460446710189,0.3124503149022287,0.6281030542159427,0.43430545744056015,-0.09846191643371383,0.4769688385534425,0.692901882059301,1.0000000000000027,0.21950764105391812,0.1926190335689958,0.22542129422644921,0.14461219192836264,0.14471209868207757,0.1321893891295166,0.20941829012539803,-0.23876846523084178,-0.040055650591502893,-0.22882184986185675,-0.013644580950629412,0.4803975051338982,0.28233680168467007,0.4918942774284103,-0.006062328288136499,0.09369250882146897,0.5502316899434763,0.45399892162365074,0.4296307783188423,0.28233680168467074,0.5049542776969795,0.49189427742840824,0.3124503149022278,0.5556772929601665,0.4803975051338976,0.04561460446710206,0.6929018820593024,0.5880327037611942,0.2484496978474936,1.0000000000000027,0.056764143369909925,0.1134511332122425,0.35619721443753355,-0.23876846523084178,-0.09734567860616443,,,,,,,,,0.24844969784749335,0.24844969784749396,0.2484496978474942,-0.14969437817957723,0.2484496978474942,1.000000000000003,1.0,0.9999999999999999,0.9999999999999999
cap_rate_booked,-0.05639084084262063,,0.04126739160776912,-0.09563369351091527,-0.12778178197807483,,0.04853479456247091,0.05548093799157446,0.45648534583010336,0.2507593728147894,0.39994599029305467,0.42929757707162,-0.16810375798350347,-0.02508538743291325,-0.2185265989410686,-0.17732270823393098,0.13815692892346326,0.15072255417465188,-0.2150936949385102,0.14979645831733743,,-0.057681282410091385,-0.051135738722896874,-0.08361305875241466,-0.045614604467101715,0.3124503149022278,0.6281030542159428,0.43430545744056054,-0.09846191643371387,0.47696883855344335,0.6929018820593024,1.0000000000000016,0.2195076410539182,0.1926190335689955,0.2254212942264499,0.1446121919283623,0.14471209868207732,0.13218938912951655,0.20941829012539792,-0.23876846523084183,-0.04005565059150274,-0.22882184986185644,-0.01364458095062941,0.4803975051338991,0.28233680168466996,0.49189427742840947,-0.006062328288136445,0.09369250882146879,0.5502316899434722,0.45399892162365163,0.42963077831884267,0.2823368016846702,0.5049542776969775,0.49189427742840863,0.3124503149022269,0.5556772929601653,0.480397505133898,0.04561460446710194,0.6929018820593003,0.5880327037611943,0.2484496978474936,1.0000000000000016,0.05676414336990982,0.1134511332122422,0.3561972144375347,-0.23876846523084183,-0.09734567860616439,,,,,,,,,0.24844969784749338,0.24844969784749416,0.24844969784749374,-0.14969437817957743,0.24844969784749374,1.0000000000000018,0.9999999999999999,1.0,1.0
revenue_yield_booked,-0.05639084084262063,,0.04126739160776912,-0.09563369351091527,-0.12778178197807483,,0.04853479456247091,0.05548093799157446,0.45648534583010336,0.2507593728147894,0.39994599029305467,0.42929757707162,-0.16810375798350347,-0.02508538743291325,-0.2185265989410686,-0.17732270823393098,0.13815692892346326,0.15072255417465188,-0.2150936949385102,0.14979645831733743,,-0.057681282410091385,-0.051135738722896874,-0.08361305875241466,-0.045614604467101715,0.3124503149022278,0.6281030542159428,0.43430545744056054,-0.09846191643371387,0.47696883855344335,0.6929018820593024,1.0000000000000016,0.2195076410539182,0.1926190335689955,0.2254212942264499,0.1446121919283623,0.14471209868207732,0.13218938912951655,0.20941829012539792,-0.23876846523084183,-0.04005565059150274,-0.22882184986185644,-0.01364458095062941,0.4803975051338991,0.28233680168466996,0.49189427742840947,-0.006062328288136445,0.09369250882146879,0.5502316899434722,0.45399892162365163,0.42963077831884267,0.2823368016846702,0.5049542776969775,0.49189427742840863,0.3124503149022269,0.5556772929601653,0.480397505133898,0.04561460446710194,0.6929018820593003,0.5880327037611943,0.2484496978474936,1.0000000000000016,0.05676414336990982,0.1134511332122422,0.3561972144375347,-0.23876846523084183,-0.09734567860616439,,,,,,,,,0.24844969784749338,0.24844969784749416,0.24844969784749374,-0.14969437817957743,0.24844969784749374,1.0000000000000018,0.9999999999999999,1.0,1.0
