,id,scrape_id,host_id,host_listings_count,host_total_listings_count,neighbourhood_group_cleansed,latitude,longitude,accommodates,bathrooms,bedrooms,beds,minimum_nights,maximum_nights,minimum_minimum_nights,maximum_minimum_nights,minimum_maximum_nights,maximum_maximum_nights,minimum_nights_avg_ntm,maximum_nights_avg_ntm,calendar_updated,availability_30,availability_60,availability_90,availability_365,number_of_reviews,number_of_reviews_ltm,number_of_reviews_l30d,availability_eoy,number_of_reviews_ly,estimated_occupancy_l365d,estimated_revenue_l365d,review_scores_rating,review_scores_accuracy,review_scores_cleanliness,review_scores_checkin,review_scores_communication,review_scores_location,review_scores_value,calculated_host_listings_count,calculated_host_listings_count_entire_homes,calculated_host_listings_count_private_rooms,calculated_host_listings_count_shared_rooms,reviews_per_month,price_clean,log_price,price_per_accommodates,log_price_per_accommodates,log_reviews,log_accommodates,log_beds,price_zscore,price_percentile,log_price_zscore,reviews_zscore,reviews_percentile,reviews_per_month_zscore,occupancy_rate,occupancy_rate_booked,occupancy_is_capped,est_annual_revenue,est_annual_revenue_booked,revenue_per_accommodates,revenue_per_bedroom,log_est_revenue,host_listings_in_city,host_is_professional,pct_professional_hosts,pct_large_operators,median_host_listings,gini_host_concentration,market_professionalization_score,purchase_price,monthly_payment,zori_rent,annual_cash_flow,cash_on_cash_roi,cap_rate,price_to_rent_ratio,revenue_yield,annual_cash_flow_booked,cash_on_cash_roi_booked,cap_rate_booked,revenue_yield_booked
id,1.0,,0.42452527160696374,0.08341447866221417,0.09688886047675938,,0.012770492079920143,-0.012151860211727912,0.034504529379148656,0.07597469125972628,0.02683773794764946,0.04232920282545608,0.006019193842537606,-0.1925210453978627,0.017163062529159744,0.028383648463360344,-0.009192950944442,-0.009390433681463447,0.027032157822397564,-0.011802741722513783,,0.040431627539529176,0.040964276772802025,0.04245612970514377,0.08430302912941617,-0.4872872047470085,-0.11736047732495503,0.0007217827457309408,0.04486602469350669,-0.3063822707046083,-0.1594968969857417,-0.12126279673463836,-0.04601792663368892,-0.055715224175922964,-0.02343253307855061,-0.11699265364500566,-0.07252687438497495,-0.08134384029080215,-0.03186245867248405,0.10643185543313757,0.11109792130023897,-0.015452071561207493,-0.060978107991214024,0.01797442669519993,0.02515263501734624,0.02436955322312606,-0.0005182177920602703,-0.039869524240569415,-0.5982546877381019,0.03313763385077237,0.031285482622635336,0.025152635017345944,0.02583920866396867,0.02436955322314226,-0.48728720474700704,-0.6245873398128766,0.0179744266951986,-0.08430302912941602,-0.15949689698574346,-0.08028038502252,-0.0010620325923202045,-0.12126279673463836,-0.036910859734196624,-0.032044714767679734,-0.10561929148262897,0.10643185543313757,0.10345568013320051,,,,,,,,,-0.0010620325923198773,-0.0010620325923200765,-0.0010620325923196689,0.0347613765839715,-0.0010620325923196689,-0.12126279673463795,-0.12126279673463809,-0.12126279673463844,-0.12126279673463844
scrape_id,,,,,,,,,,,,,,,,,,,,,,,,,,,,,,,,,,,,,,,,,,,,,,,,,,,,,,,,,,,,,,,,,,,,,,,,,,,,,,,,,,,,
host_id,0.42452527160696374,,1.0,0.10135139479399773,0.055128672450452706,,0.021925370490034735,-0.003284953725927425,-0.00438618491742502,0.01384213342744041,-0.02337706419071215,-0.007903725702077246,-0.06990621057693386,-0.1170590789391327,-0.06559803717847615,-0.049787264079647404,0.003063887432375241,0.01667481878135797,-0.05486261223583579,0.011692574746013651,,0.04243792048933242,0.04327789930293491,0.047823161143724244,0.0664808395943354,-0.2336558979223902,-0.028451706266994368,0.033063819932985496,0.04872074455243442,-0.11767860448752901,-0.08467627309485853,-0.0433825203399726,-0.07966231635934479,-0.08081127850698308,-0.05986135625543085,-0.1157716820364462,-0.09963316531994285,-0.07089609940018538,-0.0668709320183051,-0.04316565632773906,-0.03726488433573357,-0.04467707716050327,-0.040729668853907136,0.07708000952165947,0.01826091320349269,0.007890483523179136,-0.005762595324145338,-0.04531235006111213,-0.2780000457017386,0.01950749503365994,-0.009190178596312687,0.01826091320349253,0.004600099809779467,0.007890483523187533,-0.23365589792238894,-0.2843744778168046,0.07708000952165889,-0.06648083959433534,-0.08467627309485926,-0.016658576894661044,0.007380299232952968,-0.0433825203399726,-0.029865623302039415,-0.02576378050065276,-0.08270202980536996,-0.04316565632773906,0.06808225488001056,,,,,,,,,0.007380299232953132,0.00738029923295304,0.00738029923295324,-0.012988895126012971,0.00738029923295324,-0.043382520339972364,-0.04338252033997249,-0.04338252033997269,-0.04338252033997269
host_listings_count,0.08341447866221417,,0.10135139479399773,1.0,0.9358281942637139,,0.09046453270692523,0.0870527137451446,-0.003981050463335616,0.042418601676114005,0.0018908207401439527,0.030819764003307902,-0.05611402629057035,0.01135813124103061,-0.05318713303287177,-0.03151716659408993,-0.0018622349749921857,0.0005831862858269451,-0.05418561405202213,0.0018285167615736569,,-0.04216069418866338,-0.04375449522529445,-0.03735512273864642,0.016252109004319983,-0.1285170061862464,-0.12363391183577506,-0.09342949790702745,-0.03851789336520547,-0.1222641823102204,-0.19229462035552222,-0.10206546882290697,-0.15612002226005514,-0.16333860257291555,-0.09601142487096848,-0.15946616096867103,-0.18207086751133691,-0.08183884234820074,-0.14745488700113202,0.23456225779067222,0.22386330102817836,0.07768742789061876,-0.0032194954993462538,-0.13212535587790317,-0.005461948398021158,0.009932058880902452,-0.022398258563135275,-0.06447380708341177,-0.23872898990099126,0.02142571269304454,0.053288163252893726,-0.005461948398021213,0.0072728308691992795,0.00993205888090514,-0.12851700618624518,-0.2266670924891135,-0.13212535587790336,-0.016252109004320427,-0.19229462035552095,-0.0882739153634284,-0.014844873948731453,-0.10206546882290697,-0.03171154836569708,-0.02185822040278366,-0.021160662034893325,0.23456225779067222,0.19750028222058766,,,,,,,,,-0.01484487394873144,-0.01484487394873149,-0.014844873948731421,-0.02249393028995461,-0.014844873948731421,-0.10206546882290701,-0.10206546882290655,-0.10206546882290658,-0.10206546882290658
host_total_listings_count,0.09688886047675938,,0.055128672450452706,0.9358281942637139,1.0,,0.08822431926033589,0.07121556212362472,0.02429885931553827,0.051128920066425436,0.01921425143902471,0.03455419847106041,-0.06419920346373621,0.03482076677148233,-0.05793365533273605,-0.007133006101411449,-0.003021848963821639,-0.0011321803205877384,-0.05944552772692207,0.0001916825609578108,,-0.050450478999456455,-0.05614748767869967,-0.04707750020289661,0.027308866554408156,-0.14413786632947612,-0.1343162378525474,-0.1034211702182596,-0.04770310577218506,-0.13319333024825208,-0.2079291262890744,-0.10512363037015156,-0.17610263449751884,-0.16370269591857703,-0.11488996639939965,-0.19826197070147547,-0.19111489186689498,-0.09808768606337469,-0.16267496349018462,0.3389541667005409,0.3326230435542308,0.049043998010309696,-0.007742938434972941,-0.15037485163625586,0.004162246976549519,0.02653449915011014,-0.015448765908852564,-0.06957138892882173,-0.2419818320772929,0.04932459720634475,0.06661721403533864,0.00416224697654947,0.021081027959117225,0.026534499150112686,-0.14413786632947528,-0.23538294363027232,-0.15037485163625627,-0.02730886655440843,-0.20792912628907304,-0.10570351411086717,-0.012780975956864404,-0.10512363037015156,-0.036662191668283495,-0.023917656834423828,-0.019985954118529593,0.3389541667005409,0.22699512782223197,,,,,,,,,-0.012780975956864395,-0.012780975956864385,-0.012780975956864336,-0.02203483496686114,-0.012780975956864336,-0.10512363037015171,-0.10512363037015168,-0.10512363037015146,-0.10512363037015146
neighbourhood_group_cleansed,,,,,,,,,,,,,,,,,,,,,,,,,,,,,,,,,,,,,,,,,,,,,,,,,,,,,,,,,,,,,,,,,,,,,,,,,,,,,,,,,,,,
latitude,0.012770492079920143,,0.021925370490034735,0.09046453270692523,0.08822431926033589,,1.0,0.11420028402500373,0.06758110700474199,0.06411315533180706,0.033528324153117094,0.046236300975370306,-0.1030126221410776,-0.014506400083769999,-0.09547152713937747,-0.07865051673982476,-0.008342611213977417,-0.0015799297257868686,-0.09821685516726464,-0.0016326561314779016,,0.002728653791543343,-0.019772301043949527,-0.043114424384372164,-0.048327820829254166,-0.045749965439853685,-0.03700794815824841,-0.03188459174735444,-0.05343091564451749,-0.051887359342638245,-0.06408650080540533,0.00644704500567443,0.029394369447509127,0.009200429834414393,0.010690935976948172,0.02473832795766798,0.022135959605253212,-0.03955360702646913,0.03013789975516046,-0.039219220265152066,-0.04047682287556006,0.0015446256167495106,0.037734712786230015,-0.02795272813333113,-0.016623209968016136,0.02334252235315978,-0.039859818102563206,-0.08749369065654149,-0.06952385268372531,0.08078271934650333,0.08138503137236192,-0.016623209968016153,0.042843456358105006,0.02334252235316044,-0.04574996543985337,-0.06825276444573522,-0.02795272813333106,0.04832782082925419,-0.06408650080540498,-0.03197359248500102,0.01280425798906649,0.00644704500567443,0.021711161560175187,0.04721884289593492,0.021347164988647947,-0.039219220265152066,-0.007113383303846186,,,,,,,,,0.012804257989066516,0.01280425798906652,0.012804257989066462,-0.006392564694668664,0.012804257989066462,0.006447045005674377,0.006447045005674373,0.00644704500567433,0.00644704500567433
longitude,-0.012151860211727912,,-0.003284953725927425,0.0870527137451446,0.07121556212362472,,0.11420028402500373,1.0,-0.19500913499609882,-0.14295732080119258,-0.13107504473154363,-0.13687071402103282,0.11298123991087472,-0.03358058570504985,0.10813534023861518,0.054730756767300257,-0.00704709803976691,-0.0028145930074502156,0.09934385677073537,-0.0019319231557729248,,-0.023278009552989816,-0.0383793067618308,-0.058730085424848345,-0.10890845572549797,-0.03718540510031438,-0.07497671041843218,-0.048504640202687015,-0.06693705518920783,-0.06245682651801139,-0.08373519845999647,-0.12447883883905955,-0.008841720257331239,-0.020958594161715863,0.007342594907256835,0.025443816304205658,0.0017867217043048844,0.027487543217870836,0.013990485678727398,-0.1555925468797913,-0.1685522671450183,0.07791700578121792,0.09707261431118168,-0.05442035511208233,-0.06011375087757592,-0.1969081944341628,-0.010687589309982868,-0.00557452248524577,-0.13026731790514662,-0.20106046604379488,-0.16980135879225325,-0.06011375087757587,-0.19323645741410475,-0.19690819443416419,-0.03718540510031448,-0.11786728613566702,-0.05442035511208236,0.1089084557254985,-0.08373519845999595,-0.012204640537744144,-0.006885651115198042,-0.12447883883905955,0.030229424553437002,0.01899209725364054,-0.05705904714392886,-0.1555925468797913,-0.10324059500065134,,,,,,,,,-0.006885651115198049,-0.0068856511151980234,-0.006885651115198043,0.1130733731224058,-0.006885651115198043,-0.12447883883905961,-0.12447883883905865,-0.12447883883905896,-0.12447883883905896
accommodates,0.034504529379148656,,-0.00438618491742502,-0.003981050463335616,0.02429885931553827,,0.06758110700474199,-0.19500913499609882,1.0,0.7680191606398041,0.7995658213130213,0.7330317988817802,-0.19026576132794668,0.024345967343682315,-0.18968281319392888,-0.1047842718923376,-0.03582546164201213,-0.03227412232632153,-0.18535235792879362,-0.03515667226898041,,0.05594382602526453,0.046314337100972026,0.05241034949327858,0.18692936063465743,-0.11240224545674112,-0.038563147762269,-0.04243150436775413,0.05658980869253854,-0.05058720980919809,-0.039221848553422374,0.27601900088238884,0.07072337490713622,0.03699967466387155,-0.019948495500025462,0.05027429215303762,0.05590385537001529,-0.09447873918492636,0.06849508949933959,0.24478354356377946,0.2737426817306964,-0.1852407430830922,-0.026404641269635296,-0.09469057027126176,0.2681413722659611,0.6569687700907328,-0.14229570478863932,-0.36462674741691853,0.04486898055607097,0.9454473606691978,0.8978376976413767,0.26814137226596085,0.6618120297833335,0.656968770090735,-0.11240224545674114,0.0280874669231252,-0.09469057027126127,-0.18692936063465834,-0.039221848553422034,-0.10291194194439338,0.09892907001393564,0.27601900088238884,-0.13186480944242646,-0.09043243649781113,0.22206194573314744,0.24478354356377946,0.17660088919199055,,,,,,,,,0.09892907001393554,0.09892907001393536,0.09892907001393522,-0.1538852630672631,0.09892907001393522,0.2760190008823888,0.2760190008823872,0.2760190008823884,0.2760190008823884
bathrooms,0.07597469125972628,,0.01384213342744041,0.042418601676114005,0.051128920066425436,,0.06411315533180706,-0.14295732080119258,0.7680191606398041,1.0,0.9005678043410819,0.8252034225010599,-0.09931311850046141,0.021319759180354163,-0.10038010024691178,-0.044819987588980946,-0.013786269695958041,-0.01765284275271925,-0.09697926283780435,-0.017614895339732973,,0.043502176902092037,0.01311653113660315,0.004689035547224166,0.13978569395551782,-0.17791273623301343,-0.12296382028451482,-0.09916069633753645,0.007439294016856061,-0.13471249657123852,-0.14911155570684345,0.1831739216291938,0.09547458458948285,0.05077692050631481,-0.0024338711507652907,0.07465918317693988,0.057611625580626845,-0.09495710389129448,0.07327310548567385,0.17537938146987356,0.19160828481992415,-0.09985748082714589,-0.02794245355322308,-0.17342445153434743,0.537537470882675,0.5843933035199911,0.03204829471901873,-0.10447680901904258,-0.11621312029340825,0.6562502440466722,0.726491210434614,0.5375374708826763,0.5410139964139403,0.5843933035199917,-0.17791273623301254,-0.1257298734566838,-0.17342445153434746,-0.13978569395551824,-0.1491115557068436,-0.14964646825606057,0.17961595278851564,0.1831739216291938,-0.07720920582192432,-0.07542987791368991,0.19651612237864705,0.17537938146987356,0.17626418026235594,,,,,,,,,0.17961595278851583,0.17961595278851608,0.17961595278851597,-0.06750443424433471,0.17961595278851597,0.18317392162919374,0.18317392162919363,0.1831739216291945,0.1831739216291945
bedrooms,0.02683773794764946,,-0.02337706419071215,0.0018908207401439527,0.01921425143902471,,0.033528324153117094,-0.13107504473154363,0.7995658213130213,0.9005678043410819,1.0,0.8551296138473721,-0.07395409521169852,0.020579681975807465,-0.07313545407624848,-0.03294989251925136,-0.01980159618467753,-0.02020256744156635,-0.07236054703857085,-0.02183438239982136,,0.02112051568824227,0.0005658216382435691,-0.004119669546280992,0.12218244773341656,-0.1411074477641317,-0.11081713065154941,-0.0957737212225943,-0.0028086100303976796,-0.11115095186748628,-0.1241299796731375,0.17895982925864581,0.06682385463792236,0.03005828604336847,-0.021456628883088052,0.06372861957591935,0.04734875853483032,-0.09131847045515896,0.05393713691960168,0.18133435856570193,0.2012553067899442,-0.1285202358756433,-0.021683729032753483,-0.174967471881303,0.573045999379026,0.6040599154075271,0.11403057096301364,-0.12430619943355561,-0.06518936664702388,0.7093734093723036,0.7569576326806708,0.5730459993790267,0.5518141949336451,0.604059915407528,-0.14110744776413117,-0.07580576641930724,-0.17496747188130324,-0.12218244773341706,-0.12412997967313757,-0.1351383920091854,0.37658960159512833,0.17895982925864581,0.0706890266064349,-0.07179846177265635,0.23210944866213665,0.18133435856570193,0.11731790717944225,,,,,,,,,0.3765896015951284,0.3765896015951279,0.37658960159512866,-0.10068044555955426,0.37658960159512866,0.17895982925864584,0.1789598292586465,0.17895982925864626,0.17895982925864626
beds,0.04232920282545608,,-0.007903725702077246,0.030819764003307902,0.03455419847106041,,0.046236300975370306,-0.13687071402103282,0.7330317988817802,0.8252034225010599,0.8551296138473721,1.0,-0.1416688032916216,0.012916832254781432,-0.14108580353140374,-0.08095482270153659,-0.02353993289535557,-0.025406041990140172,-0.1370869582304627,-0.025382783560229095,,0.039633486676885744,0.016663394831651624,0.008149855730025581,0.11991601900790864,-0.11119563828059692,-0.06460223077601657,-0.06164155700680081,0.009938522450143981,-0.06716489884284015,-0.0764443371811996,0.1866397223619601,0.07090616224778319,0.021320807891297956,-0.0391938132099621,0.07212277439433501,0.05437023872902219,-0.08940095462040765,0.05385826197535263,0.17885820972727204,0.19434327562987963,-0.09340731907200642,-0.021213920320360204,-0.11119993274138001,0.593790805421116,0.5339356258238989,0.1368954730895932,-0.14052293074995903,-0.03221540348584444,0.6396277558705455,0.8360389089256105,0.5937908054211157,0.47768290870891505,0.5339356258239011,-0.11119563828059657,-0.0370351714017794,-0.11119993274137992,-0.11991601900790884,-0.07644433718119961,-0.10121702557342752,0.44115178666585575,0.1866397223619601,0.11167351079709573,-0.04295458408378975,0.1832205856447419,0.17885820972727204,0.17016615964905282,,,,,,,,,0.4411517866658558,0.44115178666585547,0.4411517866658553,-0.0871419075152863,0.4411517866658553,0.18663972236195997,0.18663972236196,0.18663972236196053,0.18663972236196053
minimum_nights,0.006019193842537606,,-0.06990621057693386,-0.05611402629057035,-0.06419920346373621,,-0.1030126221410776,0.11298123991087472,-0.19026576132794668,-0.09931311850046141,-0.07395409521169852,-0.1416688032916216,1.0,0.031616938160516174,0.9226111820617714,0.6414496781231429,-0.013132246677958495,-0.01491712128552112,0.9017140437888853,-0.01485423158459889,,-0.020559051015758015,-0.05094864404726412,-0.06819873960842082,-0.048489126330763695,-0.1404660754838123,-0.18152065472589723,-0.1438227043166213,-0.06746603755160675,-0.16406175606564283,-0.10729747535681886,-0.14315087976419838,-0.027237399437752323,-0.032782805052001644,-0.03585873156912997,0.021094851764030517,-0.026172049871808496,-0.02385529925301827,-0.04726282997532096,-0.12153553947682993,-0.12044267852390687,-0.013597257911583527,0.021908739809816197,-0.184068236412281,-0.053351635779205785,-0.2480050466215327,0.040657721794761896,0.04765132402899988,-0.2488204918490122,-0.23255472034741925,-0.20473885181829687,-0.05335163577920569,-0.23908917936324506,-0.24800504662153125,-0.14046607548381249,-0.2442481704946169,-0.1840682364122808,0.048489126330763486,-0.10729747535681816,-0.030065625150077768,-0.03204205382782864,-0.14315087976419838,0.010194127846972923,-0.02441168562285955,-0.14866696095437198,-0.12153553947682993,-0.08462786063535929,,,,,,,,,-0.032042053827828626,-0.03204205382782862,-0.032042053827828695,0.22822518057481028,-0.032042053827828695,-0.14315087976419838,-0.14315087976419766,-0.1431508797641976,-0.1431508797641976
maximum_nights,-0.1925210453978627,,-0.1170590789391327,0.01135813124103061,0.03482076677148233,,-0.014506400083769999,-0.03358058570504985,0.024345967343682315,0.021319759180354163,0.020579681975807465,0.012916832254781432,0.031616938160516174,1.0,0.03359898755031794,0.017637155258091543,0.021561356226436876,0.014171657283518591,0.029765752669050762,0.016690068252799402,,0.04149442961330684,0.028725815627339734,0.026572459490076254,0.05074417546986179,0.061747261746068864,-0.020561507562124652,-0.04416565059958505,0.02823090527285815,0.014080375022368375,-0.03183750756405178,-0.015246146287259992,-0.06321636755919506,-0.04852382814583796,-0.06183205868171732,-0.04326046678280573,-0.06268637181514156,-0.05202985364035646,-0.0682920866677763,0.029626423655341672,0.023489138459667873,0.029332510298302677,0.046414998374108465,-0.06172975826735102,0.01027328964826721,0.0066662192095712225,0.006117789067499427,-0.03004380625013552,0.0799555010650154,0.027377592741430076,0.024967787132080584,0.010273289648267236,-0.008479284864290119,0.0066662192095682075,0.06174726174606821,0.07388117505046447,-0.06172975826735093,-0.05074417546986215,-0.03183750756405158,-0.02582727597129403,-0.015688006320860218,-0.015246146287259992,-0.03434985124844716,-0.034184852097684994,-0.0480148839588131,0.029626423655341672,0.07956815314020678,,,,,,,,,-0.015688006320860308,-0.015688006320860245,-0.015688006320860284,0.013455658245060606,-0.015688006320860284,-0.015246146287260072,-0.01524614628725987,-0.015246146287259805,-0.015246146287259805
minimum_minimum_nights,0.017163062529159744,,-0.06559803717847615,-0.05318713303287177,-0.05793365533273605,,-0.09547152713937747,0.10813534023861518,-0.18968281319392888,-0.10038010024691178,-0.07313545407624848,-0.14108580353140374,0.9226111820617714,0.03359898755031794,1.0,0.6807656111517878,-0.012404113147181465,-0.014599858030962313,0.9553427580463268,-0.014354204376899628,,-0.019943886691098586,-0.05128361130752474,-0.06765405121526115,-0.05007211955338388,-0.1411104049020993,-0.17958743517079576,-0.1418114325182433,-0.06712197870046412,-0.1644616582855086,-0.11824368130612592,-0.1478874285603219,-0.02051321419306155,-0.026898729805623644,-0.028574498651346574,0.02363485740978426,-0.021101483558868418,-0.01715833713690768,-0.041787043816438635,-0.11159125832567379,-0.11062837276019842,-0.012074777957605715,0.02245276035365125,-0.17984007042820388,-0.05147753831566723,-0.24210071738465713,0.04275267483596177,0.04943870522551528,-0.25531506731178216,-0.23037292937131468,-0.204239520545122,-0.051477538315667405,-0.23403785026077292,-0.24210071738465633,-0.14111040490209872,-0.25032055876035525,-0.17984007042820427,0.05007211955338424,-0.11824368130612573,-0.03650875737080279,-0.03145044910857711,-0.1478874285603219,0.011052935572133372,-0.02345254982863073,-0.14566665358968722,-0.11159125832567379,-0.07973400818635269,,,,,,,,,-0.03145044910857713,-0.03145044910857718,-0.03145044910857711,0.2219565381717033,-0.03145044910857711,-0.14788742856032208,-0.14788742856032128,-0.14788742856032172,-0.14788742856032172
maximum_minimum_nights,0.028383648463360344,,-0.049787264079647404,-0.03151716659408993,-0.007133006101411449,,-0.07865051673982476,0.054730756767300257,-0.1047842718923376,-0.044819987588980946,-0.03294989251925136,-0.08095482270153659,0.6414496781231429,0.017637155258091543,0.6807656111517878,1.0,0.0196492126674923,0.013047321766573685,0.7296079220268304,0.015087367071584238,,-0.0262807365750384,-0.0442787633699386,-0.05195878231097852,-0.015983150504619435,-0.1078181717036197,-0.12706967329362606,-0.10476900372982376,-0.0501045783043899,-0.11177141312689609,-0.0725562794930379,-0.09458665985979084,-0.030736544663994204,-0.03228448416590491,-0.020998586338139027,-0.017618196533513746,-0.022588575299252296,-0.040577059451305526,-0.044095526192669106,-0.0411402400541467,-0.03871738155670792,-0.01785536526680679,0.01041695568629562,-0.12473415076678136,-0.01658018033599482,-0.12370050902508095,0.02846754406694514,0.026260185547858934,-0.18330540892103975,-0.13651409543836152,-0.10793477441733482,-0.016580180335994676,-0.1304571329869284,-0.12370050902508047,-0.10781817170361956,-0.17966023321902191,-0.12473415076678097,0.015983150504619657,-0.0725562794930381,-0.022284281762159987,-0.016199261385034688,-0.09458665985979084,0.0019701208566959088,-0.014437719717465821,-0.09059788712256571,-0.0411402400541467,-0.02530330278044542,,,,,,,,,-0.0161992613850347,-0.016199261385034684,-0.016199261385034646,0.1287056600978852,-0.016199261385034646,-0.09458665985979092,-0.09458665985979199,-0.09458665985979102,-0.09458665985979102
minimum_maximum_nights,-0.009192950944442,,0.003063887432375241,-0.0018622349749921857,-0.003021848963821639,,-0.008342611213977417,-0.00704709803976691,-0.03582546164201213,-0.013786269695958041,-0.01980159618467753,-0.02353993289535557,-0.013132246677958495,0.021561356226436876,-0.012404113147181465,0.0196492126674923,1.0,0.8525290420293531,-0.011945767719879577,0.9109224639908928,,0.015040134997956936,0.017132199593457565,0.01968410933209045,0.020602045095549124,0.0013648630223773136,-0.013290554086678773,-0.01577875062656958,0.01982705730317452,0.0006053289198385185,-0.020175528147503563,-0.018806272453212997,-0.038401668203439134,-0.02588563245752273,-0.036628610810287225,-0.05039162639893539,-0.027258086114822583,-0.008356570781606114,-0.0386464366687386,-0.008566856042282672,-0.007520608370458315,-0.007988635873006826,-0.0020530114945399983,-0.00677134630354688,-0.00020669406318418995,0.016054039479588653,0.028354793198656962,0.061737134012663765,0.014704336037228228,-0.036449663637297146,-0.030881593857198023,-0.00020669406318417496,0.025590614895598555,0.01605403947958838,0.0013648630223773272,0.013379469939651343,-0.006771346303546916,-0.020602045095549203,-0.020175528147503577,-0.01566501872123077,-0.006230603668070512,-0.018806272453212997,-0.004778591612272588,-0.0065223664605204455,-0.008645828452499685,-0.008566856042282672,0.027271822854811764,,,,,,,,,-0.006230603668070513,-0.00623060366807053,-0.0062306036680705185,-0.005413755004159043,-0.0062306036680705185,-0.018806272453213077,-0.0188062724532131,-0.018806272453213174,-0.018806272453213174
maximum_maximum_nights,-0.009390433681463447,,0.01667481878135797,0.0005831862858269451,-0.0011321803205877384,,-0.0015799297257868686,-0.0028145930074502156,-0.03227412232632153,-0.01765284275271925,-0.02020256744156635,-0.025406041990140172,-0.01491712128552112,0.014171657283518591,-0.014599858030962313,0.013047321766573685,0.8525290420293531,1.0,-0.014049163577186928,0.9839495140999293,,-0.0011288169898501547,-0.0033180614219312605,-0.004568847444065535,-0.007368233117137864,-0.006523117750663644,-0.019338269670979492,-0.02048542731972445,-0.005723676860801824,-0.0071488775072197416,-0.030250220690223463,-0.023048558933612035,-0.04450033443954591,-0.033729995917754156,-0.03270524590609282,-0.06657386335811799,-0.02939505163810678,-0.014861327455611906,-0.049503047016577414,-0.013900389146532978,-0.012933118433590903,-0.007708663695679835,-0.002408207866936956,-0.015534061856326322,-0.00011445485650596804,0.01780399567623008,0.029239562844733686,0.06509383031702654,-0.003252575874374846,-0.030382444336691298,-0.03288419786798275,-0.00011445485650595904,0.02849757940534136,0.01780399567622983,-0.006523117750663622,-0.003738572736650675,-0.015534061856326234,0.007368233117137857,-0.030250220690223234,-0.018374990872521566,-0.0030292389378700035,-0.023048558933612035,0.0024852359364295157,0.004768902174250868,0.0002022400346234327,-0.013900389146532978,0.03198976364286978,,,,,,,,,-0.0030292389378700018,-0.003029238937869991,-0.0030292389378700083,-0.006343816963498464,-0.0030292389378700083,-0.023048558933612084,-0.023048558933612205,-0.023048558933612073,-0.023048558933612073
minimum_nights_avg_ntm,0.027032157822397564,,-0.05486261223583579,-0.05418561405202213,-0.05944552772692207,,-0.09821685516726464,0.09934385677073537,-0.18535235792879362,-0.09697926283780435,-0.07236054703857085,-0.1370869582304627,0.9017140437888853,0.029765752669050762,0.9553427580463268,0.7296079220268304,-0.011945767719879577,-0.014049163577186928,1.0,-0.013780409866067735,,-0.025196840140103382,-0.05490005044870994,-0.07148775036188798,-0.04596808758866514,-0.1431627273258255,-0.17819673622748805,-0.14171288909164217,-0.07043745408986998,-0.16505715964371534,-0.10520839128123396,-0.14744105828631182,-0.02642715609236281,-0.030594779563812076,-0.034563187257417326,0.020224636274484793,-0.022506965640837293,-0.02151402755533521,-0.043890282947683705,-0.10978731396066108,-0.10835683235099781,-0.01500281113773314,0.01931674840040741,-0.17580035282437528,-0.0502172587715746,-0.23978165828614845,0.044079527653728655,0.046287008662526996,-0.25363483476533927,-0.22564084720038974,-0.19743676311046243,-0.050217258771574555,-0.23269096437599013,-0.23978165828614756,-0.14316272732582525,-0.2490790160211796,-0.1758003528243744,0.045968087588665336,-0.1052083912812338,-0.032375330134334884,-0.03324555322749103,-0.14744105828631182,0.00758082673298345,-0.02511913619263392,-0.15729324525226718,-0.10978731396066108,-0.07532100592702594,,,,,,,,,-0.03324555322749096,-0.03324555322749103,-0.03324555322749097,0.22932419639128848,-0.03324555322749097,-0.14744105828631188,-0.14744105828631104,-0.14744105828631127,-0.14744105828631127
maximum_nights_avg_ntm,-0.011802741722513783,,0.011692574746013651,0.0018285167615736569,0.0001916825609578108,,-0.0016326561314779016,-0.0019319231557729248,-0.03515667226898041,-0.017614895339732973,-0.02183438239982136,-0.025382783560229095,-0.01485423158459889,0.016690068252799402,-0.014354204376899628,0.015087367071584238,0.9109224639908928,0.9839495140999293,-0.013780409866067735,1.0,,0.005115643348238917,0.004357558470760897,0.004288147067532731,0.0013382936302522204,-0.004644809356103113,-0.018349851138670836,-0.019745467874695354,0.00322991743904266,-0.005421692864915429,-0.028559912903907858,-0.02306149077047826,-0.04816587030141923,-0.03716563484163991,-0.036560449889822,-0.07157895266162623,-0.0319174833381449,-0.01777566947934362,-0.05402507594392304,-0.01281878627518959,-0.011893083233532576,-0.007324428821579594,-0.00236699489031791,-0.013858097375357458,-0.00010961562105341334,0.017798903498534496,0.029240698242054133,0.06506156552043144,0.0009111756268099415,-0.0338722722066215,-0.03285459314094326,-0.000109615621053412,0.02848165971503177,0.0177989034985348,-0.00464480935610324,0.00034386910904132535,-0.013858097375357535,-0.0013382936302523654,-0.028559912903907726,-0.018068072589543013,-0.0030698463214886376,-0.02306149077047826,0.002409523695675483,0.0046765940236823764,9.99887265126202e-05,-0.01281878627518959,0.031466966135413686,,,,,,,,,-0.0030698463214886428,-0.003069846321488626,-0.003069846321488657,-0.006330349309644387,-0.003069846321488657,-0.023061490770478327,-0.023061490770478272,-0.023061490770478355,-0.023061490770478355
calendar_updated,,,,,,,,,,,,,,,,,,,,,,,,,,,,,,,,,,,,,,,,,,,,,,,,,,,,,,,,,,,,,,,,,,,,,,,,,,,,,,,,,,,,
availability_30,0.040431627539529176,,0.04243792048933242,-0.04216069418866338,-0.050450478999456455,,0.002728653791543343,-0.023278009552989816,0.05594382602526453,0.043502176902092037,0.02112051568824227,0.039633486676885744,-0.020559051015758015,0.04149442961330684,-0.019943886691098586,-0.0262807365750384,0.015040134997956936,-0.0011288169898501547,-0.025196840140103382,0.005115643348238917,,1.0,0.9135895358574556,0.8201077975571521,0.3957369294774177,-0.08831134555317605,-0.06742740424784828,-0.043979776915987735,0.7943260829851131,-0.07338017856378969,-0.12471558461017064,-0.11284407080628571,-0.10155436545040562,-0.08261732682474787,-0.09495453703911835,-0.07051000153544626,-0.08739663443404513,-0.10298351186772384,-0.09727132747194288,0.021235801294120133,0.02166934616848951,-0.010776927102259292,-0.009745641111764016,-0.0602876700891285,0.0016724383536485799,0.043778002991058204,0.011182379590012951,0.030192124569232988,-0.08108095293586898,0.029297689734518805,0.0487309314621042,0.0016724383536486428,0.06149103544809871,0.043778002991060334,-0.08831134555317582,-0.08616475828009316,-0.060287670089128775,-0.3957369294774215,-0.12471558461017075,-0.12464740338324207,-0.09302159263639548,-0.11284407080628571,-0.13439120198052254,-0.12209197654629232,-0.36507080524309526,0.021235801294120133,0.08549932083173879,,,,,,,,,-0.09302159263639545,-0.09302159263639523,-0.09302159263639488,0.2660904298083136,-0.09302159263639488,-0.11284407080628556,-0.11284407080628552,-0.11284407080628524,-0.11284407080628524
availability_60,0.040964276772802025,,0.04327789930293491,-0.04375449522529445,-0.05614748767869967,,-0.019772301043949527,-0.0383793067618308,0.046314337100972026,0.01311653113660315,0.0005658216382435691,0.016663394831651624,-0.05094864404726412,0.028725815627339734,-0.05128361130752474,-0.0442787633699386,0.017132199593457565,-0.0033180614219312605,-0.05490005044870994,0.004357558470760897,,0.9135895358574556,1.0,0.9574472251882572,0.5040060731724577,-0.04878895827152886,-0.017434380187352758,-0.0047009547699708755,0.9387913994008624,-0.028158625605949113,-0.06293393748380151,-0.11498024375870695,-0.08231723156785209,-0.0646817123420931,-0.07579382607763006,-0.06120369861597937,-0.06738904126244748,-0.08240899819063256,-0.08335067518302831,0.041064491454917154,0.043179542050971326,-0.020338766926625857,-0.027686718007930496,-0.012263043196138393,-0.01904696544959437,0.0038987924789781535,-0.006387472115638316,0.003836314909243063,-0.03364565811960096,0.02817763566699548,0.022010979018855178,-0.019046965449594437,0.01623902911776744,0.0038987924789799164,-0.048788958271528404,-0.03824747267440638,-0.01226304319613865,-0.5040060731724624,-0.06293393748380131,-0.08589859435837581,-0.13217957670782005,-0.11498024375870695,-0.17688370522902744,-0.15859374710911803,-0.4432203098651467,0.041064491454917154,0.09410206896638829,,,,,,,,,-0.13217957670782002,-0.13217957670782038,-0.13217957670782046,0.23839408892854413,-0.13217957670782046,-0.11498024375870693,-0.11498024375870641,-0.11498024375870619,-0.11498024375870619
availability_90,0.04245612970514377,,0.047823161143724244,-0.03735512273864642,-0.04707750020289661,,-0.043114424384372164,-0.058730085424848345,0.05241034949327858,0.004689035547224166,-0.004119669546280992,0.008149855730025581,-0.06819873960842082,0.026572459490076254,-0.06765405121526115,-0.05195878231097852,0.01968410933209045,-0.004568847444065535,-0.07148775036188798,0.004288147067532731,,0.8201077975571521,0.9574472251882572,1.0,0.5982693524199292,-0.01844408822465368,0.020528165207405753,0.027354239144317262,0.9951320720387202,0.004169340074165389,-0.011141554387531,-0.08890799625548118,-0.06583726338651615,-0.04705243984296091,-0.06514071761846811,-0.051191520490837875,-0.05015367796059256,-0.0687864711851587,-0.06880166443047105,0.06614417005665835,0.06703997800129484,-0.008427154012819703,-0.04097604657472754,0.02208794647990226,-0.025373934917538643,0.00027144229890405704,-0.008083372772177145,0.0035188882892329084,-0.0003327609202533839,0.03745865443474703,0.013189398695511634,-0.02537393491753873,0.010693975520057108,0.00027144229890567267,-0.018444088224653463,-0.004747617547816143,0.02208794647990208,-0.5982693524199327,-0.011141554387531014,-0.05186069551887898,-0.16209355014294322,-0.08890799625548118,-0.2130532191437857,-0.1893964836220595,-0.47882934249278386,0.06614417005665835,0.10668912666847924,,,,,,,,,-0.16209355014294316,-0.1620935501429425,-0.16209355014294274,0.215323505113708,-0.16209355014294274,-0.0889079962554813,-0.08890799625548135,-0.0889079962554811,-0.0889079962554811
availability_365,0.08430302912941617,,0.0664808395943354,0.016252109004319983,0.027308866554408156,,-0.048327820829254166,-0.10890845572549797,0.18692936063465743,0.13978569395551782,0.12218244773341656,0.11991601900790864,-0.048489126330763695,0.05074417546986179,-0.05007211955338388,-0.015983150504619435,0.020602045095549124,-0.007368233117137864,-0.04596808758866514,0.0013382936302522204,,0.3957369294774177,0.5040060731724577,0.5982693524199292,1.0,-0.020656072051295837,0.012285224921187984,0.02959955726600478,0.6307143337601019,-0.010245440979495183,0.023618004057906646,0.00020604556736220786,-0.0468239113474277,-0.029834149481602155,-0.07042712203364128,-0.04039449619519467,-0.03994576359941502,-0.07598903280759346,-0.049660011559976486,0.14646419951917614,0.1626680275194664,-0.11516731085052902,-0.05239984199295792,0.009885183352532937,0.024516458337116846,0.09991151280027981,-0.03625922710545505,-0.07227035243016904,0.0014046811004382641,0.17190605750347984,0.15517198152710898,0.024516458337117034,0.11362266002784581,0.09991151280028233,-0.0206560720512958,-0.008296200069370714,0.009885183352532873,-1.0000000000000009,0.02361800405790643,-0.03670716683095309,-0.25088507605266613,0.00020604556736220786,-0.4221813938168806,-0.3705489213947264,-0.730230506471696,0.14646419951917614,0.15467964267478426,,,,,,,,,-0.2508850760526659,-0.25088507605266624,-0.2508850760526663,0.18546439553720226,-0.2508850760526663,0.0002060455673623358,0.00020604556736218807,0.0002060455673620419,0.0002060455673620419
number_of_reviews,-0.4872872047470085,,-0.2336558979223902,-0.1285170061862464,-0.14413786632947612,,-0.045749965439853685,-0.03718540510031438,-0.11240224545674112,-0.17791273623301343,-0.1411074477641317,-0.11119563828059692,-0.1404660754838123,0.061747261746068864,-0.1411104049020993,-0.1078181717036197,0.0013648630223773136,-0.006523117750663644,-0.1431627273258255,-0.004644809356103113,,-0.08831134555317605,-0.04878895827152886,-0.01844408822465368,-0.020656072051295837,1.0,0.6294977662821902,0.39494866855532457,-0.013842982175413018,0.7736258603823839,0.510233241581829,0.22803333073367463,0.08787236333888808,0.10025666099714595,0.07709542005951846,0.11026591366353253,0.09748065124839674,0.11553826569489671,0.1026408291797217,-0.11144556354865612,-0.10782261123624556,-0.03328627061163712,-0.02154591408386295,0.623189765645372,-0.06314210724454304,-0.09038122417555228,-0.01526977174063499,0.02932180403549598,0.6838176833174628,-0.08592761781810206,-0.12343279883144524,-0.06314210724454299,-0.10049148581330776,-0.0903812241755629,1.0000000000000004,0.7039499879355439,0.6231897656453829,0.02065607205129602,0.5102332415818296,0.4550972056269885,-0.02018956885436256,0.22803333073367463,0.016833720520632863,0.014241714984053914,0.05633882464517286,-0.11144556354865612,-0.1290505403661434,,,,,,,,,-0.020189568854362773,-0.02018956885436247,-0.02018956885436273,-0.07571339972456316,-0.02018956885436273,0.22803333073367466,0.2280333307336738,0.22803333073367357,0.22803333073367357
number_of_reviews_ltm,-0.11736047732495503,,-0.028451706266994368,-0.12363391183577506,-0.1343162378525474,,-0.03700794815824841,-0.07497671041843218,-0.038563147762269,-0.12296382028451482,-0.11081713065154941,-0.06460223077601657,-0.18152065472589723,-0.020561507562124652,-0.17958743517079576,-0.12706967329362606,-0.013290554086678773,-0.019338269670979492,-0.17819673622748805,-0.018349851138670836,,-0.06742740424784828,-0.017434380187352758,0.020528165207405753,0.012285224921187984,0.6294977662821902,1.0,0.7823870398121506,0.027865855650997435,0.7536027427146239,0.6951511254271464,0.37650004279026167,0.09746633168094286,0.10312303512555765,0.08358823850691911,0.06706847045893094,0.09119897698666803,0.10165479138868005,0.11436524622716013,-0.06065480658882707,-0.05597915845947165,-0.03265498381920392,-0.034317917257682296,0.8513418507547551,-0.05853941279846681,-0.054869405229411215,-0.03769268921754368,-0.03421144073448861,0.5606193602354901,-0.00029969713032067783,-0.051874439901103034,-0.05853941279846702,-0.058006685437586726,-0.054869405229413,0.6294977662821892,0.5609645563109485,0.8513418507547547,-0.012285224921187853,0.6951511254271397,0.605964576991512,-0.017707302237172175,0.37650004279026167,0.004584852128868873,0.011021023321863364,0.07268267868873986,-0.06065480658882707,-0.08814236922224589,,,,,,,,,-0.01770730223717222,-0.017707302237172113,-0.01770730223717219,-0.08783229964729623,-0.01770730223717219,0.37650004279026134,0.37650004279026117,0.37650004279025956,0.37650004279025956
number_of_reviews_l30d,0.0007217827457309408,,0.033063819932985496,-0.09342949790702745,-0.1034211702182596,,-0.03188459174735444,-0.048504640202687015,-0.04243150436775413,-0.09916069633753645,-0.0957737212225943,-0.06164155700680081,-0.1438227043166213,-0.04416565059958505,-0.1418114325182433,-0.10476900372982376,-0.01577875062656958,-0.02048542731972445,-0.14171288909164217,-0.019745467874695354,,-0.043979776915987735,-0.0047009547699708755,0.027354239144317262,0.02959955726600478,0.39494866855532457,0.7823870398121506,1.0,0.03405299586340421,0.4307254922784007,0.4743778073947559,0.21845602762782015,0.08581380912038154,0.08581048612143713,0.07511647375002634,0.05374046005575759,0.07021148872232667,0.09016761600939646,0.10188536400089525,-0.05530868209940258,-0.05003049436689952,-0.037405837319358023,-0.026361305462753074,0.7707711454769568,-0.051213211702219895,-0.06019627382941756,-0.036914574856432736,-0.029477327898753843,0.3577746540384785,-0.013883485372863035,-0.05956359807459141,-0.05121321170221993,-0.06563800144607723,-0.06019627382941812,0.3949486685553217,0.3488862270545011,0.7707711454769541,-0.02959955726600491,0.4743778073947537,0.41007987310449695,-0.02343496829163032,0.21845602762782015,-0.012319360174571194,-0.0020646703006337334,0.03233722617499693,-0.05530868209940258,-0.07654603933781207,,,,,,,,,-0.02343496829163029,-0.023434968291630234,-0.02343496829163032,-0.06541946773958013,-0.02343496829163032,0.21845602762782004,0.21845602762781957,0.21845602762781993,0.21845602762781993
availability_eoy,0.04486602469350669,,0.04872074455243442,-0.03851789336520547,-0.04770310577218506,,-0.05343091564451749,-0.06693705518920783,0.05658980869253854,0.007439294016856061,-0.0028086100303976796,0.009938522450143981,-0.06746603755160675,0.02823090527285815,-0.06712197870046412,-0.0501045783043899,0.01982705730317452,-0.005723676860801824,-0.07043745408986998,0.00322991743904266,,0.7943260829851131,0.9387913994008624,0.9951320720387202,0.6307143337601019,-0.013842982175413018,0.027865855650997435,0.03405299586340421,1.0,0.009613659969989495,0.001379243312915472,-0.08199873953939626,-0.06461431614536858,-0.044507567735859635,-0.0655149760358782,-0.04991216056947834,-0.048997709337776675,-0.06771325519804937,-0.06757457787402432,0.0733212255421203,0.0740286848760551,-0.006093921402836029,-0.04346669365380888,0.02764696444458754,-0.026079972960038396,0.00048789885280177734,-0.010484951956645108,-0.001567704539630222,0.007126030103222659,0.04240634916446248,0.015784453128026742,-0.026079972960038486,0.010756045405596997,0.00048789885280339627,-0.013842982175412879,0.0021691190951210007,0.027646964444587495,-0.6307143337601032,0.001379243312915386,-0.04516024513114894,-0.1712375201297274,-0.08199873953939626,-0.22937227938715682,-0.20208974919338848,-0.4968687995457322,0.0733212255421203,0.11494655614741639,,,,,,,,,-0.17123752012972737,-0.17123752012972676,-0.17123752012972682,0.21212327798280714,-0.17123752012972682,-0.08199873953939628,-0.08199873953939608,-0.08199873953939603,-0.08199873953939603
number_of_reviews_ly,-0.3063822707046083,,-0.11767860448752901,-0.1222641823102204,-0.13319333024825208,,-0.051887359342638245,-0.06245682651801139,-0.05058720980919809,-0.13471249657123852,-0.11115095186748628,-0.06716489884284015,-0.16406175606564283,0.014080375022368375,-0.1644616582855086,-0.11177141312689609,0.0006053289198385185,-0.0071488775072197416,-0.16505715964371534,-0.005421692864915429,,-0.07338017856378969,-0.028158625605949113,0.004169340074165389,-0.010245440979495183,0.7736258603823839,0.7536027427146239,0.4307254922784007,0.009613659969989495,1.0,0.6280280598130915,0.3473025496867692,0.09018759696685894,0.09756042480657517,0.0742727651655298,0.07742025301920039,0.09235782527618686,0.10002314013355772,0.09866531782844438,-0.0711764544789907,-0.06785665758473722,-0.025277975274924473,-0.03197411932723682,0.6963582725153994,-0.05265757150955717,-0.04803529043890911,-0.020912128607995458,-0.009530462355650079,0.6343832152193172,-0.01563852345195311,-0.05872616841125913,-0.052657571509557105,-0.0514894082919755,-0.04803529043891353,0.773625860382382,0.6548634923587365,0.6963582725154008,0.010245440979494851,0.6280280598130861,0.5680277230883801,-0.011965120832715186,0.3473025496867692,0.022624927474512738,0.01455236784731983,0.08154141015172632,-0.0711764544789907,-0.09994747369926177,,,,,,,,,-0.011965120832715321,-0.011965120832715198,-0.011965120832715455,-0.08477545226494758,-0.011965120832715455,0.3473025496867689,0.3473025496867689,0.34730254968676827,0.34730254968676827
estimated_occupancy_l365d,-0.1594968969857417,,-0.08467627309485853,-0.19229462035552222,-0.2079291262890744,,-0.06408650080540533,-0.08373519845999647,-0.039221848553422374,-0.14911155570684345,-0.1241299796731375,-0.0764443371811996,-0.10729747535681886,-0.03183750756405178,-0.11824368130612592,-0.0725562794930379,-0.020175528147503563,-0.030250220690223463,-0.10520839128123396,-0.028559912903907858,,-0.12471558461017064,-0.06293393748380151,-0.011141554387531,0.023618004057906646,0.510233241581829,0.6951511254271464,0.4743778073947559,0.001379243312915472,0.6280280598130915,1.0,0.579957570940985,0.1562777237011496,0.1611844278362712,0.12458035145620672,0.12916734410774455,0.15280058160761342,0.12076001219424971,0.16877625305130256,-0.07710099151791916,-0.07103584224785238,-0.039939318969789264,-0.05636069366984814,0.5822995820667605,-0.09939975226486679,-0.11675919301094913,-0.09911521019025948,-0.12143735295540288,0.6896922003352104,0.005036169519867715,-0.045854958096168325,-0.09939975226486683,-0.11007671987370707,-0.11675919301095287,0.5102332415818245,0.6867836220365922,0.5822995820667575,-0.023618004057906927,0.9999999999999979,0.6380171606653455,-0.03594182207047841,0.579957570940985,-0.025303870678546003,-0.0014483168209570526,0.0906129268068147,-0.07710099151791916,-0.13173955647645985,,,,,,,,,-0.035941822070478545,-0.03594182207047832,-0.03594182207047845,-0.1086656145331891,-0.03594182207047845,0.5799575709409843,0.5799575709409828,0.5799575709409851,0.5799575709409851
estimated_revenue_l365d,-0.12126279673463836,,-0.0433825203399726,-0.10206546882290697,-0.10512363037015156,,0.00644704500567443,-0.12447883883905955,0.27601900088238884,0.1831739216291938,0.17895982925864581,0.1866397223619601,-0.14315087976419838,-0.015246146287259992,-0.1478874285603219,-0.09458665985979084,-0.018806272453212997,-0.023048558933612035,-0.14744105828631182,-0.02306149077047826,,-0.11284407080628571,-0.11498024375870695,-0.08890799625548118,0.00020604556736220786,0.22803333073367463,0.37650004279026167,0.21845602762782015,-0.08199873953939626,0.3473025496867692,0.579957570940985,1.0,0.11437158752498755,0.10189421271849623,0.07940911477213349,0.07796218519345681,0.0834153198428127,0.0761317050592434,0.08913253749189236,-0.02407409210982354,-0.01784958802172122,-0.053230036448823445,-0.033180670197869175,0.2625156757891439,0.20174970622311927,0.44379671375487917,0.15523473291778792,0.18120627328074315,0.42760027160482394,0.2843837578556831,0.2637333844243639,0.20174970622311883,0.4147352985730241,0.44379671375487506,0.22803333073367552,0.4185549184500952,0.2625156757891428,-0.00020604556736191382,0.5799575709409837,0.32430988380876813,0.10763687816750783,1.0,0.08007741267464127,0.08018426010344018,0.27830628795378604,-0.02407409210982354,-0.00385964959841114,,,,,,,,,0.10763687816750772,0.107636878167507,0.10763687816750778,-0.11510455480965122,0.10763687816750778,1.0000000000000002,1.0000000000000024,0.9999999999999993,0.9999999999999993
review_scores_rating,-0.04601792663368892,,-0.07966231635934479,-0.15612002226005514,-0.17610263449751884,,0.029394369447509127,-0.008841720257331239,0.07072337490713622,0.09547458458948285,0.06682385463792236,0.07090616224778319,-0.027237399437752323,-0.06321636755919506,-0.02051321419306155,-0.030736544663994204,-0.038401668203439134,-0.04450033443954591,-0.02642715609236281,-0.04816587030141923,,-0.10155436545040562,-0.08231723156785209,-0.06583726338651615,-0.0468239113474277,0.08787236333888808,0.09746633168094286,0.08581380912038154,-0.06461431614536858,0.09018759696685894,0.1562777237011496,0.11437158752498755,1.0,0.8494126112303523,0.7778467918784802,0.6653451192322999,0.7787172139026978,0.6097933624430792,0.8442522807854176,-0.10794326277008713,-0.1004903400613535,-0.07264527244427889,0.004532311421267284,0.1089142051924792,0.08587903298706283,0.15209267226737777,0.018618564497674756,0.07026507741185353,0.17368763816922406,0.07112313352743206,0.08032018579464797,0.08587903298706281,0.15152013448957666,0.15209267226737866,0.08787236333888784,0.1677212673435469,0.10891420519247919,0.04682391134742795,0.15627772370115076,0.0811197890120335,0.0616121572121721,0.11437158752498766,0.043069902057485954,0.040718184494439674,0.10868794565814387,-0.10794326277008713,-0.16138910136332385,,,,,,,,,0.06161215721217209,0.06161215721217199,0.061612157212171864,-0.025112201486002707,0.061612157212171864,0.11437158752498759,0.11437158752498768,0.11437158752498718,0.11437158752498718
review_scores_accuracy,-0.055715224175922964,,-0.08081127850698308,-0.16333860257291555,-0.16370269591857703,,0.009200429834414393,-0.020958594161715863,0.03699967466387155,0.05077692050631481,0.03005828604336847,0.021320807891297956,-0.032782805052001644,-0.04852382814583796,-0.026898729805623644,-0.03228448416590491,-0.02588563245752273,-0.033729995917754156,-0.030594779563812076,-0.03716563484163991,,-0.08261732682474787,-0.0646817123420931,-0.04705243984296091,-0.029834149481602155,0.10025666099714595,0.10312303512555765,0.08581048612143713,-0.044507567735859635,0.09756042480657517,0.1611844278362712,0.10189421271849623,0.8494126112303523,1.0,0.7255140316285228,0.6049297802317606,0.7277489170339742,0.5924883056844427,0.787142487386189,-0.09235119396994652,-0.08724669913747402,-0.053007834437116326,0.006714660136706959,0.11518010848847442,0.05300075161217666,0.1145652601032372,0.021524693173167134,0.07403945240439375,0.19004878631178831,0.04588687516952485,0.03069313004072936,0.053000751612176454,0.11211094137345658,0.11456526010323821,0.10025666099714599,0.18247044119029876,0.11518010848847439,0.02983414948160239,0.16118442783627118,0.085593921615501,0.04039152725081208,0.10189421271849625,0.03961049134263343,0.03564270290845673,0.08297621847804484,-0.09235119396994652,-0.14045494081274998,,,,,,,,,0.04039152725081209,0.040391527250811986,0.04039152725081198,-0.02079917518450286,0.04039152725081198,0.10189421271849615,0.10189421271849615,0.10189421271849634,0.10189421271849634
review_scores_cleanliness,-0.02343253307855061,,-0.05986135625543085,-0.09601142487096848,-0.11488996639939965,,0.010690935976948172,0.007342594907256835,-0.019948495500025462,-0.0024338711507652907,-0.021456628883088052,-0.0391938132099621,-0.03585873156912997,-0.06183205868171732,-0.028574498651346574,-0.020998586338139027,-0.036628610810287225,-0.03270524590609282,-0.034563187257417326,-0.036560449889822,,-0.09495453703911835,-0.07579382607763006,-0.06514071761846811,-0.07042712203364128,0.07709542005951846,0.08358823850691911,0.07511647375002634,-0.0655149760358782,0.0742727651655298,0.12458035145620672,0.07940911477213349,0.7778467918784802,0.7255140316285228,1.0,0.5329472905831432,0.5942382019368505,0.5172759239263275,0.7264941979462136,-0.11388050651937265,-0.11096577208327923,-0.038804372406210125,-0.0034500369966246752,0.09855878582741129,0.05615742987606649,0.11662590951321912,0.03356945573019825,0.13697683842244684,0.1300575860765283,-0.008449722275569949,-0.030243011324104275,0.0561574298760665,0.10709142774230243,0.1166259095132191,0.07709542005951835,0.12606721087580708,0.09855878582741127,0.07042712203364139,0.12458035145620766,0.07945741817689678,0.05943843362871453,0.07940911477213344,0.07082644029679658,0.07148900218222157,0.10958202560494047,-0.11388050651937265,-0.1484288609349867,,,,,,,,,0.05943843362871459,0.059438433628714156,0.05943843362871419,-0.026806792311917772,0.05943843362871419,0.07940911477213332,0.0794091147721337,0.07940911477213328,0.07940911477213328
review_scores_checkin,-0.11699265364500566,,-0.1157716820364462,-0.15946616096867103,-0.19826197070147547,,0.02473832795766798,0.025443816304205658,0.05027429215303762,0.07465918317693988,0.06372861957591935,0.07212277439433501,0.021094851764030517,-0.04326046678280573,0.02363485740978426,-0.017618196533513746,-0.05039162639893539,-0.06657386335811799,0.020224636274484793,-0.07157895266162623,,-0.07051000153544626,-0.06120369861597937,-0.051191520490837875,-0.04039449619519467,0.11026591366353253,0.06706847045893094,0.05374046005575759,-0.04991216056947834,0.07742025301920039,0.12916734410774455,0.07796218519345681,0.6653451192322999,0.6049297802317606,0.5329472905831432,1.0,0.6764247987651526,0.4446686222801951,0.6175268064369125,-0.11497560296447894,-0.11458445052764758,-0.01822972463284687,-0.006532021510739471,0.07174245020527965,0.043083720471382314,0.06475297658795152,-0.0027142296336882124,-0.007624821558631615,0.1779841998986156,0.041599547053824765,0.0763132673963228,0.043083720471382085,0.059733852766223054,0.06475297658795325,0.11026591366353228,0.17621988427060156,0.07174245020528024,0.04039449619519483,0.12916734410774508,0.052118362375381,0.029757099513619354,0.07796218519345689,0.02077213871563379,-0.0028228049108023124,0.07335431707367783,-0.11497560296447894,-0.14228624445063262,,,,,,,,,0.029757099513619264,0.029757099513619302,0.029757099513619385,-0.01491928524092367,0.029757099513619385,0.07796218519345695,0.0779621851934569,0.07796218519345709,0.07796218519345709
review_scores_communication,-0.07252687438497495,,-0.09963316531994285,-0.18207086751133691,-0.19111489186689498,,0.022135959605253212,0.0017867217043048844,0.05590385537001529,0.057611625580626845,0.04734875853483032,0.05437023872902219,-0.026172049871808496,-0.06268637181514156,-0.021101483558868418,-0.022588575299252296,-0.027258086114822583,-0.02939505163810678,-0.022506965640837293,-0.0319174833381449,,-0.08739663443404513,-0.06738904126244748,-0.05015367796059256,-0.03994576359941502,0.09748065124839674,0.09119897698666803,0.07021148872232667,-0.048997709337776675,0.09235782527618686,0.15280058160761342,0.0834153198428127,0.7787172139026978,0.7277489170339742,0.5942382019368505,0.6764247987651526,1.0,0.5192847139818729,0.7031426620621958,-0.09681034003424659,-0.09314031245457828,-0.04224529509485564,0.0023081607509163045,0.09961818231064132,0.04346532626573515,0.08970946442444178,-0.004061963542041061,0.019960359004812973,0.19216557647592714,0.05966240632239353,0.0631631995107468,0.04346532626573494,0.08476995772217137,0.08970946442444279,0.09748065124839626,0.18507301103844426,0.09961818231064132,0.03994576359941522,0.15280058160761445,0.07147270641468378,0.039684374306312685,0.08341531984281264,0.026676659528628455,0.021060737964221306,0.08572661811636059,-0.09681034003424659,-0.13614931947459014,,,,,,,,,0.03968437430631267,0.03968437430631271,0.03968437430631265,-0.02012012228252493,0.03968437430631265,0.08341531984281264,0.0834153198428128,0.08341531984281264,0.08341531984281264
review_scores_location,-0.08134384029080215,,-0.07089609940018538,-0.08183884234820074,-0.09808768606337469,,-0.03955360702646913,0.027487543217870836,-0.09447873918492636,-0.09495710389129448,-0.09131847045515896,-0.08940095462040765,-0.02385529925301827,-0.05202985364035646,-0.01715833713690768,-0.040577059451305526,-0.008356570781606114,-0.014861327455611906,-0.02151402755533521,-0.01777566947934362,,-0.10298351186772384,-0.08240899819063256,-0.0687864711851587,-0.07598903280759346,0.11553826569489671,0.10165479138868005,0.09016761600939646,-0.06771325519804937,0.10002314013355772,0.12076001219424971,0.0761317050592434,0.6097933624430792,0.5924883056844427,0.5172759239263275,0.4446686222801951,0.5192847139818729,1.0,0.624630061877501,-0.13136712427475142,-0.1286090891328245,-0.03786984148192429,0.014860786489331259,0.11086854792810152,0.02958497170449267,0.05049532079626848,0.1030304117564438,0.17913542178048664,0.1357693942192134,-0.07154775645422354,-0.10024333112036017,0.029584971704492664,0.0422490099255111,0.050495320796269616,0.11553826569489618,0.1399019737986982,0.11086854792810193,0.07598903280759348,0.12076001219424982,0.10724861472547405,0.053304665848851726,0.07613170505924341,0.10360787469918065,0.10502094262217816,0.08693847893417586,-0.13136712427475142,-0.1424821476286708,,,,,,,,,0.05330466584885169,0.05330466584885173,0.053304665848851615,-0.020188992562486317,0.053304665848851615,0.07613170505924345,0.07613170505924327,0.07613170505924338,0.07613170505924338
review_scores_value,-0.03186245867248405,,-0.0668709320183051,-0.14745488700113202,-0.16267496349018462,,0.03013789975516046,0.013990485678727398,0.06849508949933959,0.07327310548567385,0.05393713691960168,0.05385826197535263,-0.04726282997532096,-0.0682920866677763,-0.041787043816438635,-0.044095526192669106,-0.0386464366687386,-0.049503047016577414,-0.043890282947683705,-0.05402507594392304,,-0.09727132747194288,-0.08335067518302831,-0.06880166443047105,-0.049660011559976486,0.1026408291797217,0.11436524622716013,0.10188536400089525,-0.06757457787402432,0.09866531782844438,0.16877625305130256,0.08913253749189236,0.8442522807854176,0.787142487386189,0.7264941979462136,0.6175268064369125,0.7031426620621958,0.624630061877501,1.0,-0.10448993117272433,-0.09871763690960689,-0.05707418641993881,0.020452390621126557,0.1300508078884765,0.046850368173421454,0.10621377166117955,-0.002157241692001425,0.034049017560520936,0.18384299627448658,0.07359815820605661,0.06259979499756801,0.04685036817342138,0.10928599837295898,0.10621377166118015,0.10264082917972163,0.17796343148064583,0.1300508078884769,0.049660011559976666,0.16877625305130345,0.09499133609978466,0.056812352860618115,0.08913253749189241,0.04718558889221537,0.04924925489685947,0.09773685308809174,-0.10448993117272433,-0.16529547039545378,,,,,,,,,0.05681235286061813,0.0568123528606181,0.05681235286061808,-0.020816129084301072,0.05681235286061808,0.08913253749189208,0.08913253749189239,0.08913253749189229,0.08913253749189229
calculated_host_listings_count,0.10643185543313757,,-0.04316565632773906,0.23456225779067222,0.3389541667005409,,-0.039219220265152066,-0.1555925468797913,0.24478354356377946,0.17537938146987356,0.18133435856570193,0.17885820972727204,-0.12153553947682993,0.029626423655341672,-0.11159125832567379,-0.0411402400541467,-0.008566856042282672,-0.013900389146532978,-0.10978731396066108,-0.01281878627518959,,0.021235801294120133,0.041064491454917154,0.06614417005665835,0.14646419951917614,-0.11144556354865612,-0.06065480658882707,-0.05530868209940258,0.0733212255421203,-0.0711764544789907,-0.07710099151791916,-0.02407409210982354,-0.10794326277008713,-0.09235119396994652,-0.11388050651937265,-0.11497560296447894,-0.09681034003424659,-0.13136712427475142,-0.10448993117272433,1.0,0.9901380211608042,0.14551683495905599,-0.016955975396900566,-0.10404274171176754,0.013843413317212986,0.06281730449186455,-0.038409918595851085,-0.16921700860642205,-0.04773594678965324,0.21975134650564307,0.21712510218392522,0.01384341331721295,0.057721386804058486,0.06281730449186702,-0.11144556354865547,-0.06821012716094695,-0.1040427417117679,-0.14646419951917636,-0.07710099151791876,-0.10058914825820772,-0.02117767412749941,-0.02407409210982353,-0.0731036657877688,-0.05792192740359215,-0.029391947321665255,1.0,0.3639979234741279,,,,,,,,,-0.021177674127499397,-0.021177674127499397,-0.021177674127499383,-0.03487304683966099,-0.021177674127499383,-0.024074092109823596,-0.02407409210982354,-0.02407409210982367,-0.02407409210982367
calculated_host_listings_count_entire_homes,0.11109792130023897,,-0.03726488433573357,0.22386330102817836,0.3326230435542308,,-0.04047682287556006,-0.1685522671450183,0.2737426817306964,0.19160828481992415,0.2012553067899442,0.19434327562987963,-0.12044267852390687,0.023489138459667873,-0.11062837276019842,-0.03871738155670792,-0.007520608370458315,-0.012933118433590903,-0.10835683235099781,-0.011893083233532576,,0.02166934616848951,0.043179542050971326,0.06703997800129484,0.1626680275194664,-0.10782261123624556,-0.05597915845947165,-0.05003049436689952,0.0740286848760551,-0.06785665758473722,-0.07103584224785238,-0.01784958802172122,-0.1004903400613535,-0.08724669913747402,-0.11096577208327923,-0.11458445052764758,-0.09314031245457828,-0.1286090891328245,-0.09871763690960689,0.9901380211608042,1.0,0.007894460764306123,-0.019075777255689208,-0.09967221796475122,0.018755191592852584,0.080427786726313,-0.042268468379542755,-0.18027610045304676,-0.04112800036444431,0.2517890045466428,0.23781626736464165,0.018755191592852587,0.07610781830913901,0.08042778672631519,-0.10782261123624443,-0.0626893801940649,-0.09967221796475162,-0.16266802751946735,-0.07103584224785257,-0.09600556784310652,-0.022311301562863074,-0.017849588021721225,-0.0826347320774238,-0.06363185670467982,-0.03725314805037002,0.9901380211608043,0.34814586644261314,,,,,,,,,-0.02231130156286307,-0.022311301562863085,-0.022311301562862994,-0.04017601062735802,-0.022311301562862994,-0.017849588021721225,-0.017849588021721183,-0.017849588021721208,-0.017849588021721208
calculated_host_listings_count_private_rooms,-0.015452071561207493,,-0.04467707716050327,0.07768742789061876,0.049043998010309696,,0.0015446256167495106,0.07791700578121792,-0.1852407430830922,-0.09985748082714589,-0.1285202358756433,-0.09340731907200642,-0.013597257911583527,0.029332510298302677,-0.012074777957605715,-0.01785536526680679,-0.007988635873006826,-0.007708663695679835,-0.01500281113773314,-0.007324428821579594,,-0.010776927102259292,-0.020338766926625857,-0.008427154012819703,-0.11516731085052902,-0.03328627061163712,-0.03265498381920392,-0.037405837319358023,-0.006093921402836029,-0.025277975274924473,-0.039939318969789264,-0.053230036448823445,-0.07264527244427889,-0.053007834437116326,-0.038804372406210125,-0.01822972463284687,-0.04224529509485564,-0.03786984148192429,-0.05707418641993881,0.14551683495905599,0.007894460764306123,1.0,0.007659684075481332,-0.0372748877547804,-0.03801534773991859,-0.13422937620614722,0.018053964826212167,0.05217603593176087,-0.05242463360038857,-0.20783108981517912,-0.12764209135265267,-0.038015347739918805,-0.14195644117059103,-0.1342293762061475,-0.03328627061163689,-0.045060910166220096,-0.0372748877547806,0.11516731085052945,-0.03993931896978918,-0.03722450903503716,0.005716731703847943,-0.053230036448823445,0.06304953084894024,0.036687411390116574,0.055882465731816836,0.14551683495905599,0.13870108143978938,,,,,,,,,0.005716731703847921,0.005716731703847929,0.00571673170384789,0.03590340928505236,0.00571673170384789,-0.053230036448823424,-0.053230036448823154,-0.05323003644882315,-0.05323003644882315
calculated_host_listings_count_shared_rooms,-0.060978107991214024,,-0.040729668853907136,-0.0032194954993462538,-0.007742938434972941,,0.037734712786230015,0.09707261431118168,-0.026404641269635296,-0.02794245355322308,-0.021683729032753483,-0.021213920320360204,0.021908739809816197,0.046414998374108465,0.02245276035365125,0.01041695568629562,-0.0020530114945399983,-0.002408207866936956,0.01931674840040741,-0.00236699489031791,,-0.009745641111764016,-0.027686718007930496,-0.04097604657472754,-0.05239984199295792,-0.02154591408386295,-0.034317917257682296,-0.026361305462753074,-0.04346669365380888,-0.03197411932723682,-0.05636069366984814,-0.033180670197869175,0.004532311421267284,0.006714660136706959,-0.0034500369966246752,-0.006532021510739471,0.0023081607509163045,0.014860786489331259,0.020452390621126557,-0.016955975396900566,-0.019075777255689208,0.007659684075481332,1.0,-0.04144098534843089,-0.01167163390065442,-0.07332830541520528,0.004258208763540312,-6.138663755911386e-05,-0.020811006797443257,-0.030601719837527633,-0.028419039890063006,-0.011671633900654404,-0.04948720028349343,-0.07332830541520682,-0.021545914083862992,-0.024446587479505642,-0.041440985348431054,0.05239984199295823,-0.05636069366984737,-0.018776865218270114,-0.0027307643823858466,-0.03318067019786917,0.005498955760716178,-0.0029912303273738937,-0.08256707975026181,-0.01695597539690057,0.028008611595678065,,,,,,,,,-0.0027307643823858614,-0.002730764382385854,-0.0027307643823858835,0.354097660778152,-0.0027307643823858835,-0.03318067019786909,-0.033180670197869126,-0.033180670197868876,-0.033180670197868876
reviews_per_month,0.01797442669519993,,0.07708000952165947,-0.13212535587790317,-0.15037485163625586,,-0.02795272813333113,-0.05442035511208233,-0.09469057027126176,-0.17342445153434743,-0.174967471881303,-0.11119993274138001,-0.184068236412281,-0.06172975826735102,-0.17984007042820388,-0.12473415076678136,-0.00677134630354688,-0.015534061856326322,-0.17580035282437528,-0.013858097375357458,,-0.0602876700891285,-0.012263043196138393,0.02208794647990226,0.009885183352532937,0.623189765645372,0.8513418507547551,0.7707711454769568,0.02764696444458754,0.6963582725153994,0.5822995820667605,0.2625156757891439,0.1089142051924792,0.11518010848847442,0.09855878582741129,0.07174245020527965,0.09961818231064132,0.11086854792810152,0.1300508078884765,-0.10404274171176754,-0.09967221796475122,-0.0372748877547804,-0.04144098534843089,1.0,-0.10299977280457541,-0.08180263376877676,-0.014932443762056104,-0.005512229374244822,0.5167576172608256,-0.05321192315606358,-0.1049442963138471,-0.10299977280457535,-0.08932516029928592,-0.0818026337687771,0.6231897656453759,0.498080078765707,0.9999999999999969,-0.009885183352532849,0.582299582066756,0.5102111513268687,-0.030390650251322305,0.2625156757891439,0.022660383905731364,0.03184830986234746,0.02316811108009148,-0.10404274171176756,-0.09678140890401864,,,,,,,,,-0.03039065025132223,-0.030390650251322184,-0.03039065025132223,-0.07102975695163342,-0.03039065025132223,0.26251567578914375,0.2625156757891433,0.26251567578914226,0.26251567578914226
price_clean,0.02515263501734624,,0.01826091320349269,-0.005461948398021158,0.004162246976549519,,-0.016623209968016136,-0.06011375087757592,0.2681413722659611,0.537537470882675,0.573045999379026,0.593790805421116,-0.053351635779205785,0.01027328964826721,-0.05147753831566723,-0.01658018033599482,-0.00020669406318418995,-0.00011445485650596804,-0.0502172587715746,-0.00010961562105341334,,0.0016724383536485799,-0.01904696544959437,-0.025373934917538643,0.024516458337116846,-0.06314210724454304,-0.05853941279846681,-0.051213211702219895,-0.026079972960038396,-0.05265757150955717,-0.09939975226486679,0.20174970622311927,0.08587903298706283,0.05300075161217666,0.05615742987606649,0.043083720471382314,0.04346532626573515,0.02958497170449267,0.046850368173421454,0.013843413317212986,0.018755191592852584,-0.03801534773991859,-0.01167163390065442,-0.10299977280457541,1.0,0.5365905582267628,0.7248911091143871,0.3563595448236487,-0.08084499193523136,0.2301613991723348,0.2880321626225478,0.9999999999999987,0.3609306499875405,0.5365905582267625,-0.06314210724454325,-0.07680847501420641,-0.1029997728045751,-0.024516458337117027,-0.09939975226486683,-0.055295583662747755,0.7896179996116484,0.20174970622311925,0.5088759764788433,0.2515263972993681,0.23169421047512356,0.013843413317212984,0.03500664514494173,,,,,,,,,0.7896179996116484,0.7896179996116468,0.7896179996116481,-0.05444725413194986,0.7896179996116481,0.2017497062231195,0.20174970622311916,0.201749706223119,0.201749706223119
log_price,0.02436955322312606,,0.007890483523179136,0.009932058880902452,0.02653449915011014,,0.02334252235315978,-0.1969081944341628,0.6569687700907328,0.5843933035199911,0.6040599154075271,0.5339356258238989,-0.2480050466215327,0.0066662192095712225,-0.24210071738465713,-0.12370050902508095,0.016054039479588653,0.01780399567623008,-0.23978165828614845,0.017798903498534496,,0.043778002991058204,0.0038987924789781535,0.00027144229890405704,0.09991151280027981,-0.09038122417555228,-0.054869405229411215,-0.06019627382941756,0.00048789885280177734,-0.04803529043890911,-0.11675919301094913,0.44379671375487917,0.15209267226737777,0.1145652601032372,0.11662590951321912,0.06475297658795152,0.08970946442444178,0.05049532079626848,0.10621377166117955,0.06281730449186455,0.080427786726313,-0.13422937620614722,-0.07332830541520528,-0.08180263376877676,0.5365905582267628,1.0,0.352584490074003,0.3978866480307709,-0.0023447426658151534,0.6496411901487723,0.6029307443185512,0.5365905582267644,0.9454680086374838,1.0000000000000022,-0.09038122417555221,-0.0086630200698238,-0.0818026337687764,-0.09991151280028003,-0.11675919301094906,-0.09605618735513141,0.2828210167040545,0.44379671375487917,0.17170230552688964,0.15727960122170262,0.43343029062469096,0.06281730449186451,0.07719857765921274,,,,,,,,,0.28282101670405463,0.28282101670405424,0.2828210167040538,-0.21665963302547517,0.2828210167040538,0.4437967137548794,0.44379671375487884,0.4437967137548763,0.4437967137548763
price_per_accommodates,-0.0005182177920602703,,-0.005762595324145338,-0.022398258563135275,-0.015448765908852564,,-0.039859818102563206,-0.010687589309982868,-0.14229570478863932,0.03204829471901873,0.11403057096301364,0.1368954730895932,0.040657721794761896,0.006117789067499427,0.04275267483596177,0.02846754406694514,0.028354793198656962,0.029239562844733686,0.044079527653728655,0.029240698242054133,,0.011182379590012951,-0.006387472115638316,-0.008083372772177145,-0.03625922710545505,-0.01526977174063499,-0.03769268921754368,-0.036914574856432736,-0.010484951956645108,-0.020912128607995458,-0.09911521019025948,0.15523473291778792,0.018618564497674756,0.021524693173167134,0.03356945573019825,-0.0027142296336882124,-0.004061963542041061,0.1030304117564438,-0.002157241692001425,-0.038409918595851085,-0.042268468379542755,0.018053964826212167,0.004258208763540312,-0.014932443762056104,0.7248911091143871,0.352584490074003,1.0,0.6442401972260315,-0.09842771886835472,-0.18859748554158368,-0.10773621043967464,0.7248911091143886,0.19768303975117527,0.3525844900740023,-0.015269771740635074,-0.08921208791573175,-0.01493244376205618,0.03625922710545514,-0.09911521019025948,-0.020925782190720638,0.5579149038466137,0.15523473291778792,0.6508542982621796,0.5325229630698652,0.16842448969139592,-0.03840991859585109,-0.021783279031997352,,,,,,,,,0.5579149038466137,0.5579149038466108,0.5579149038466121,-0.007118602543858974,0.5579149038466121,0.15523473291778817,0.1552347329177864,0.15523473291778764,0.15523473291778764
log_price_per_accommodates,-0.039869524240569415,,-0.04531235006111213,-0.06447380708341177,-0.06957138892882173,,-0.08749369065654149,-0.00557452248524577,-0.36462674741691853,-0.10447680901904258,-0.12430619943355561,-0.14052293074995903,0.04765132402899988,-0.03004380625013552,0.04943870522551528,0.026260185547858934,0.061737134012663765,0.06509383031702654,0.046287008662526996,0.06506156552043144,,0.030192124569232988,0.003836314909243063,0.0035188882892329084,-0.07227035243016904,0.02932180403549598,-0.03421144073448861,-0.029477327898753843,-0.001567704539630222,-0.009530462355650079,-0.12143735295540288,0.18120627328074315,0.07026507741185353,0.07403945240439375,0.13697683842244684,-0.007624821558631615,0.019960359004812973,0.17913542178048664,0.034049017560520936,-0.16921700860642205,-0.18027610045304676,0.05217603593176087,-6.138663755911386e-05,-0.005512229374244822,0.3563595448236487,0.3978866480307709,0.6442401972260315,1.0,-0.08206274889606767,-0.4389877971608049,-0.32389080353747346,0.35635954482364895,0.3242990310122059,0.3978866480307696,0.029321804035495863,-0.07095272064711541,-0.005512229374244819,0.07227035243016922,-0.12143735295540316,-0.0021173945298797667,0.23320512755713474,0.1812062732807431,0.39037719419549716,0.28297499305054297,0.23127261620144615,-0.16921700860642205,-0.11163707455318587,,,,,,,,,0.23320512755713477,0.23320512755713427,0.23320512755713405,-0.0012143485507372423,0.23320512755713405,0.18120627328074335,0.18120627328074299,0.1812062732807421,0.1812062732807421
log_reviews,-0.5982546877381019,,-0.2780000457017386,-0.23872898990099126,-0.2419818320772929,,-0.06952385268372531,-0.13026731790514662,0.04486898055607097,-0.11621312029340825,-0.06518936664702388,-0.03221540348584444,-0.2488204918490122,0.0799555010650154,-0.25531506731178216,-0.18330540892103975,0.014704336037228228,-0.003252575874374846,-0.25363483476533927,0.0009111756268099415,,-0.08108095293586898,-0.03364565811960096,-0.0003327609202533839,0.0014046811004382641,0.6838176833174628,0.5606193602354901,0.3577746540384785,0.007126030103222659,0.6343832152193172,0.6896922003352104,0.42760027160482394,0.17368763816922406,0.19004878631178831,0.1300575860765283,0.1779841998986156,0.19216557647592714,0.1357693942192134,0.18384299627448658,-0.04773594678965324,-0.04112800036444431,-0.05242463360038857,-0.020811006797443257,0.5167576172608256,-0.08084499193523136,-0.0023447426658151534,-0.09842771886835472,-0.08206274889606767,1.0,0.08941011748459118,0.027963904838346737,-0.08084499193523129,0.011062973007113628,-0.0023447426658265522,0.6838176833174627,0.9876234276302647,0.516757617260832,-0.0014046811004385029,0.6896922003352078,0.37988270240670247,-0.02803264354789521,0.42760027160482394,-0.02067354897621667,3.15003408342492e-05,0.15422490178259257,-0.04773594678965324,-0.1451576795106474,,,,,,,,,-0.02803264354789542,-0.028032643547895236,-0.028032643547895593,-0.16659959725263956,-0.028032643547895593,0.4276002716048234,0.4276002716048222,0.42760027160482283,0.42760027160482283
log_accommodates,0.03313763385077237,,0.01950749503365994,0.02142571269304454,0.04932459720634475,,0.08078271934650333,-0.20106046604379488,0.9454473606691978,0.6562502440466722,0.7093734093723036,0.6396277558705455,-0.23255472034741925,0.027377592741430076,-0.23037292937131468,-0.13651409543836152,-0.036449663637297146,-0.030382444336691298,-0.22564084720038974,-0.0338722722066215,,0.029297689734518805,0.02817763566699548,0.03745865443474703,0.17190605750347984,-0.08592761781810206,-0.00029969713032067783,-0.013883485372863035,0.04240634916446248,-0.01563852345195311,0.005036169519867715,0.2843837578556831,0.07112313352743206,0.04588687516952485,-0.008449722275569949,0.041599547053824765,0.05966240632239353,-0.07154775645422354,0.07359815820605661,0.21975134650564307,0.2517890045466428,-0.20783108981517912,-0.030601719837527633,-0.05321192315606358,0.2301613991723348,0.6496411901487723,-0.18859748554158368,-0.4389877971608049,0.08941011748459118,1.0,0.8591781946255516,0.23016139917233477,0.656919716764661,0.6496411901487742,-0.08592761781810238,0.07347026829774178,-0.05321192315606444,-0.1719060575034812,0.005036169519867637,-0.06925259561292257,0.08371140029983391,0.28438375785568315,-0.15535852792260388,-0.07981274735115718,0.23152186513888603,0.2197513465056431,0.15145306627886956,,,,,,,,,0.08371140029983393,0.08371140029983372,0.08371140029983384,-0.21090862207907832,0.08371140029983384,0.2843837578556832,0.28438375785568076,0.2843837578556814,0.2843837578556814
log_beds,0.031285482622635336,,-0.009190178596312687,0.053288163252893726,0.06661721403533864,,0.08138503137236192,-0.16980135879225325,0.8978376976413767,0.726491210434614,0.7569576326806708,0.8360389089256105,-0.20473885181829687,0.024967787132080584,-0.204239520545122,-0.10793477441733482,-0.030881593857198023,-0.03288419786798275,-0.19743676311046243,-0.03285459314094326,,0.0487309314621042,0.022010979018855178,0.013189398695511634,0.15517198152710898,-0.12343279883144524,-0.051874439901103034,-0.05956359807459141,0.015784453128026742,-0.05872616841125913,-0.045854958096168325,0.2637333844243639,0.08032018579464797,0.03069313004072936,-0.030243011324104275,0.0763132673963228,0.0631631995107468,-0.10024333112036017,0.06259979499756801,0.21712510218392522,0.23781626736464165,-0.12764209135265267,-0.028419039890063006,-0.1049442963138471,0.2880321626225478,0.6029307443185512,-0.10773621043967464,-0.32389080353747346,0.027963904838346737,0.8591781946255516,1.0,0.2880321626225468,0.6064312913657799,0.6029307443185554,-0.12343279883144427,0.016951430755881708,-0.10494429631384825,-0.15517198152710948,-0.04585495809616832,-0.11324899069985858,0.13203331038506144,0.2637333844243639,-0.09958006750074273,-0.08391552722822194,0.19841997059083863,0.21712510218392525,0.2034551390431334,,,,,,,,,0.13203331038506153,0.13203331038506125,0.13203331038506166,-0.13028766318252372,0.13203331038506166,0.2637333844243638,0.26373338442436245,0.2637333844243634,0.2637333844243634
price_zscore,0.025152635017345944,,0.01826091320349253,-0.005461948398021213,0.00416224697654947,,-0.016623209968016153,-0.06011375087757587,0.26814137226596085,0.5375374708826763,0.5730459993790267,0.5937908054211157,-0.05335163577920569,0.010273289648267236,-0.051477538315667405,-0.016580180335994676,-0.00020669406318417496,-0.00011445485650595904,-0.050217258771574555,-0.000109615621053412,,0.0016724383536486428,-0.019046965449594437,-0.02537393491753873,0.024516458337117034,-0.06314210724454299,-0.05853941279846702,-0.05121321170221993,-0.026079972960038486,-0.052657571509557105,-0.09939975226486683,0.20174970622311883,0.08587903298706281,0.053000751612176454,0.0561574298760665,0.043083720471382085,0.04346532626573494,0.029584971704492664,0.04685036817342138,0.01384341331721295,0.018755191592852587,-0.038015347739918805,-0.011671633900654404,-0.10299977280457535,0.9999999999999987,0.5365905582267644,0.7248911091143886,0.35635954482364895,-0.08084499193523129,0.23016139917233477,0.2880321626225468,1.0,0.36093064998754204,0.5365905582267628,-0.06314210724454285,-0.07680847501420607,-0.10299977280457465,-0.024516458337116936,-0.0993997522648671,-0.05529558366274774,0.7896179996116495,0.20174970622311883,0.508875976478845,0.2515263972993669,0.2316942104751241,0.013843413317212947,0.03500664514494176,,,,,,,,,0.7896179996116495,0.7896179996116478,0.7896179996116487,-0.05444725413194959,0.7896179996116487,0.201749706223119,0.20174970622312,0.2017497062231184,0.2017497062231184
price_percentile,0.02583920866396867,,0.004600099809779467,0.0072728308691992795,0.021081027959117225,,0.042843456358105006,-0.19323645741410475,0.6618120297833335,0.5410139964139403,0.5518141949336451,0.47768290870891505,-0.23908917936324506,-0.008479284864290119,-0.23403785026077292,-0.1304571329869284,0.025590614895598555,0.02849757940534136,-0.23269096437599013,0.02848165971503177,,0.06149103544809871,0.01623902911776744,0.010693975520057108,0.11362266002784581,-0.10049148581330776,-0.058006685437586726,-0.06563800144607723,0.010756045405596997,-0.0514894082919755,-0.11007671987370707,0.4147352985730241,0.15152013448957666,0.11211094137345658,0.10709142774230243,0.059733852766223054,0.08476995772217137,0.0422490099255111,0.10928599837295898,0.057721386804058486,0.07610781830913901,-0.14195644117059103,-0.04948720028349343,-0.08932516029928592,0.3609306499875405,0.9454680086374838,0.19768303975117527,0.3242990310122059,0.011062973007113628,0.656919716764661,0.6064312913657799,0.36093064998754204,1.0,0.9454680086374823,-0.10049148581330755,0.002985256728745069,-0.08932516029928578,-0.11362266002784581,-0.11007671987370707,-0.10053420374966222,0.16569800358590184,0.414735298573024,0.0708682302844005,0.08229198473425006,0.4013898921326009,0.057721386804058486,0.0804190607038723,,,,,,,,,0.1656980035859017,0.1656980035859008,0.16569800358590106,-0.18987944848221108,0.16569800358590106,0.4147352985730243,0.41473529857301944,0.41473529857302066,0.41473529857302066
log_price_zscore,0.02436955322314226,,0.007890483523187533,0.00993205888090514,0.026534499150112686,,0.02334252235316044,-0.19690819443416419,0.656968770090735,0.5843933035199917,0.604059915407528,0.5339356258239011,-0.24800504662153125,0.0066662192095682075,-0.24210071738465633,-0.12370050902508047,0.01605403947958838,0.01780399567622983,-0.23978165828614756,0.0177989034985348,,0.043778002991060334,0.0038987924789799164,0.00027144229890567267,0.09991151280028233,-0.0903812241755629,-0.054869405229413,-0.06019627382941812,0.00048789885280339627,-0.04803529043891353,-0.11675919301095287,0.44379671375487506,0.15209267226737866,0.11456526010323821,0.1166259095132191,0.06475297658795325,0.08970946442444279,0.050495320796269616,0.10621377166118015,0.06281730449186702,0.08042778672631519,-0.1342293762061475,-0.07332830541520682,-0.0818026337687771,0.5365905582267625,1.0000000000000022,0.3525844900740023,0.3978866480307696,-0.0023447426658265522,0.6496411901487742,0.6029307443185554,0.5365905582267628,0.9454680086374823,1.0,-0.09038122417556292,-0.008663020069835624,-0.08180263376877693,-0.09991151280028222,-0.11675919301095289,-0.09605618735513281,0.2828210167040546,0.443796713754875,0.171702305526888,0.15727960122170284,0.43343029062469124,0.06281730449186701,0.07719857765921556,,,,,,,,,0.2828210167040547,0.28282101670405396,0.2828210167040538,-0.21665963302547428,0.2828210167040538,0.4437967137548749,0.44379671375487595,0.4437967137548765,0.4437967137548765
reviews_zscore,-0.48728720474700704,,-0.23365589792238894,-0.12851700618624518,-0.14413786632947528,,-0.04574996543985337,-0.03718540510031448,-0.11240224545674114,-0.17791273623301254,-0.14110744776413117,-0.11119563828059657,-0.14046607548381249,0.06174726174606821,-0.14111040490209872,-0.10781817170361956,0.0013648630223773272,-0.006523117750663622,-0.14316272732582525,-0.00464480935610324,,-0.08831134555317582,-0.048788958271528404,-0.018444088224653463,-0.0206560720512958,1.0000000000000004,0.6294977662821892,0.3949486685553217,-0.013842982175412879,0.773625860382382,0.5102332415818245,0.22803333073367552,0.08787236333888784,0.10025666099714599,0.07709542005951835,0.11026591366353228,0.09748065124839626,0.11553826569489618,0.10264082917972163,-0.11144556354865547,-0.10782261123624443,-0.03328627061163689,-0.021545914083862992,0.6231897656453759,-0.06314210724454325,-0.09038122417555221,-0.015269771740635074,0.029321804035495863,0.6838176833174627,-0.08592761781810238,-0.12343279883144427,-0.06314210724454285,-0.10049148581330755,-0.09038122417556292,1.0,0.7039499879355436,0.6231897656453759,0.020656072051295885,0.510233241581828,0.4550972056269872,-0.020189568854362436,0.2280333307336755,0.016833720520632832,0.014241714984053935,0.05633882464517279,-0.11144556354865547,-0.12905054036614239,,,,,,,,,-0.020189568854362627,-0.02018956885436263,-0.020189568854362846,-0.07571339972456326,-0.020189568854362846,0.22803333073367552,0.22803333073367396,0.22803333073367482,0.22803333073367482
reviews_percentile,-0.6245873398128766,,-0.2843744778168046,-0.2266670924891135,-0.23538294363027232,,-0.06825276444573522,-0.11786728613566702,0.0280874669231252,-0.1257298734566838,-0.07580576641930724,-0.0370351714017794,-0.2442481704946169,0.07388117505046447,-0.25032055876035525,-0.17966023321902191,0.013379469939651343,-0.003738572736650675,-0.2490790160211796,0.00034386910904132535,,-0.08616475828009316,-0.03824747267440638,-0.004747617547816143,-0.008296200069370714,0.7039499879355439,0.5609645563109485,0.3488862270545011,0.0021691190951210007,0.6548634923587365,0.6867836220365922,0.4185549184500952,0.1677212673435469,0.18247044119029876,0.12606721087580708,0.17621988427060156,0.18507301103844426,0.1399019737986982,0.17796343148064583,-0.06821012716094695,-0.0626893801940649,-0.045060910166220096,-0.024446587479505642,0.498080078765707,-0.07680847501420641,-0.0086630200698238,-0.08921208791573175,-0.07095272064711541,0.9876234276302647,0.07347026829774178,0.016951430755881708,-0.07680847501420607,0.002985256728745069,-0.008663020069835624,0.7039499879355436,1.0,0.4980800787657064,0.008296200069370459,0.6867836220365909,0.39454798253016565,-0.02465455055624759,0.4185549184500952,-0.014012306804425608,0.004889715463844251,0.15218293380532114,-0.06821012716094695,-0.15345048866342959,,,,,,,,,-0.024654550556247826,-0.024654550556247747,-0.024654550556247976,-0.15730224558515746,-0.024654550556247976,0.418554918450095,0.4185549184500926,0.4185549184500946,0.4185549184500946
reviews_per_month_zscore,0.0179744266951986,,0.07708000952165889,-0.13212535587790336,-0.15037485163625627,,-0.02795272813333106,-0.05442035511208236,-0.09469057027126127,-0.17342445153434746,-0.17496747188130324,-0.11119993274137992,-0.1840682364122808,-0.06172975826735093,-0.17984007042820427,-0.12473415076678097,-0.006771346303546916,-0.015534061856326234,-0.1758003528243744,-0.013858097375357535,,-0.060287670089128775,-0.01226304319613865,0.02208794647990208,0.009885183352532873,0.6231897656453829,0.8513418507547547,0.7707711454769541,0.027646964444587495,0.6963582725154008,0.5822995820667575,0.2625156757891428,0.10891420519247919,0.11518010848847439,0.09855878582741127,0.07174245020528024,0.09961818231064132,0.11086854792810193,0.1300508078884769,-0.1040427417117679,-0.09967221796475162,-0.0372748877547806,-0.041440985348431054,0.9999999999999969,-0.1029997728045751,-0.0818026337687764,-0.01493244376205618,-0.005512229374244819,0.516757617260832,-0.05321192315606444,-0.10494429631384825,-0.10299977280457465,-0.08932516029928578,-0.08180263376877693,0.6231897656453759,0.4980800787657064,1.0,-0.009885183352532712,0.5822995820667596,0.5102111513268742,-0.030390650251322406,0.2625156757891428,0.022660383905731336,0.031848309862347435,0.02316811108009154,-0.1040427417117679,-0.09678140890401904,,,,,,,,,-0.03039065025132235,-0.030390650251322274,-0.030390650251322333,-0.07102975695163342,-0.030390650251322333,0.26251567578914276,0.2625156757891426,0.2625156757891431,0.2625156757891431
occupancy_rate,-0.08430302912941602,,-0.06648083959433534,-0.016252109004320427,-0.02730886655440843,,0.04832782082925419,0.1089084557254985,-0.18692936063465834,-0.13978569395551824,-0.12218244773341706,-0.11991601900790884,0.048489126330763486,-0.05074417546986215,0.05007211955338424,0.015983150504619657,-0.020602045095549203,0.007368233117137857,0.045968087588665336,-0.0013382936302523654,,-0.3957369294774215,-0.5040060731724624,-0.5982693524199327,-1.0000000000000009,0.02065607205129602,-0.012285224921187853,-0.02959955726600491,-0.6307143337601032,0.010245440979494851,-0.023618004057906927,-0.00020604556736191382,0.04682391134742795,0.02983414948160239,0.07042712203364139,0.04039449619519483,0.03994576359941522,0.07598903280759348,0.049660011559976666,-0.14646419951917636,-0.16266802751946735,0.11516731085052945,0.05239984199295823,-0.009885183352532849,-0.024516458337117027,-0.09991151280028003,0.03625922710545514,0.07227035243016922,-0.0014046811004385029,-0.1719060575034812,-0.15517198152710948,-0.024516458337116936,-0.11362266002784581,-0.09991151280028222,0.020656072051295885,0.008296200069370459,-0.009885183352532712,1.0,-0.023618004057906483,0.03670716683095319,0.25088507605266686,-0.00020604556736190106,0.42218139381688075,0.3705489213947256,0.7302305064716981,-0.14646419951917636,-0.1546796426747851,,,,,,,,,0.2508850760526669,0.25088507605266674,0.25088507605266663,-0.1854643955372027,0.25088507605266663,-0.00020604556736206946,-0.00020604556736194502,-0.0002060455673619267,-0.0002060455673619267
occupancy_rate_booked,-0.15949689698574346,,-0.08467627309485926,-0.19229462035552095,-0.20792912628907304,,-0.06408650080540498,-0.08373519845999595,-0.039221848553422034,-0.1491115557068436,-0.12412997967313757,-0.07644433718119961,-0.10729747535681816,-0.03183750756405158,-0.11824368130612573,-0.0725562794930381,-0.020175528147503577,-0.030250220690223234,-0.1052083912812338,-0.028559912903907726,,-0.12471558461017075,-0.06293393748380131,-0.011141554387531014,0.02361800405790643,0.5102332415818296,0.6951511254271397,0.4743778073947537,0.001379243312915386,0.6280280598130861,0.9999999999999979,0.5799575709409837,0.15627772370115076,0.16118442783627118,0.12458035145620766,0.12916734410774508,0.15280058160761445,0.12076001219424982,0.16877625305130345,-0.07710099151791876,-0.07103584224785257,-0.03993931896978918,-0.05636069366984737,0.582299582066756,-0.09939975226486683,-0.11675919301094906,-0.09911521019025948,-0.12143735295540316,0.6896922003352078,0.005036169519867637,-0.04585495809616832,-0.0993997522648671,-0.11007671987370707,-0.11675919301095289,0.510233241581828,0.6867836220365909,0.5822995820667596,-0.023618004057906483,1.0,0.6380171606653446,-0.03594182207047835,0.5799575709409837,-0.02530387067854587,-0.0014483168209569815,0.09061292680681442,-0.07710099151791876,-0.13173955647645977,,,,,,,,,-0.03594182207047851,-0.035941822070478295,-0.035941822070478364,-0.10866561453318906,-0.035941822070478364,0.5799575709409831,0.5799575709409828,0.5799575709409829,0.5799575709409829
occupancy_is_capped,-0.08028038502252,,-0.016658576894661044,-0.0882739153634284,-0.10570351411086717,,-0.03197359248500102,-0.012204640537744144,-0.10291194194439338,-0.14964646825606057,-0.1351383920091854,-0.10121702557342752,-0.030065625150077768,-0.02582727597129403,-0.03650875737080279,-0.022284281762159987,-0.01566501872123077,-0.018374990872521566,-0.032375330134334884,-0.018068072589543013,,-0.12464740338324207,-0.08589859435837581,-0.05186069551887898,-0.03670716683095309,0.4550972056269885,0.605964576991512,0.41007987310449695,-0.04516024513114894,0.5680277230883801,0.6380171606653455,0.32430988380876813,0.0811197890120335,0.085593921615501,0.07945741817689678,0.052118362375381,0.07147270641468378,0.10724861472547405,0.09499133609978466,-0.10058914825820772,-0.09600556784310652,-0.03722450903503716,-0.018776865218270114,0.5102111513268687,-0.055295583662747755,-0.09605618735513141,-0.020925782190720638,-0.0021173945298797667,0.37988270240670247,-0.06925259561292257,-0.11324899069985858,-0.05529558366274774,-0.10053420374966222,-0.09605618735513281,0.4550972056269872,0.39454798253016565,0.5102111513268742,0.03670716683095319,0.6380171606653446,1.0,-0.010905061919608041,0.32430988380876813,0.019140762360416477,0.029339561263860704,0.059216104393234645,-0.10058914825820772,-0.1030482769657567,,,,,,,,,-0.0109050619196081,-0.010905061919608041,-0.010905061919608074,-0.04661807319753929,-0.010905061919608074,0.32430988380876824,0.3243098838087672,0.32430988380876635,0.32430988380876635
est_annual_revenue,-0.0010620325923202045,,0.007380299232952968,-0.014844873948731453,-0.012780975956864404,,0.01280425798906649,-0.006885651115198042,0.09892907001393564,0.17961595278851564,0.37658960159512833,0.44115178666585575,-0.03204205382782864,-0.015688006320860218,-0.03145044910857711,-0.016199261385034688,-0.006230603668070512,-0.0030292389378700035,-0.03324555322749103,-0.0030698463214886376,,-0.09302159263639548,-0.13217957670782005,-0.16209355014294322,-0.25088507605266613,-0.02018956885436256,-0.017707302237172175,-0.02343496829163032,-0.1712375201297274,-0.011965120832715186,-0.03594182207047841,0.10763687816750783,0.0616121572121721,0.04039152725081208,0.05943843362871453,0.029757099513619354,0.039684374306312685,0.053304665848851726,0.056812352860618115,-0.02117767412749941,-0.022311301562863074,0.005716731703847943,-0.0027307643823858466,-0.030390650251322305,0.7896179996116484,0.2828210167040545,0.5579149038466137,0.23320512755713474,-0.02803264354789521,0.08371140029983391,0.13203331038506144,0.7896179996116495,0.16569800358590184,0.2828210167040546,-0.020189568854362436,-0.02465455055624759,-0.030390650251322406,0.25088507605266686,-0.03594182207047835,-0.010905061919608041,1.0,0.10763687816750783,0.7749228991253446,0.4839049396265933,0.3294514318170136,-0.02117767412749941,-0.023890788389677634,,,,,,,,,1.0,0.9999999999999983,1.000000000000002,-0.05113607011431292,1.000000000000002,0.1076368781675079,0.10763687816750689,0.10763687816750779,0.10763687816750779
est_annual_revenue_booked,-0.12126279673463836,,-0.0433825203399726,-0.10206546882290697,-0.10512363037015156,,0.00644704500567443,-0.12447883883905955,0.27601900088238884,0.1831739216291938,0.17895982925864581,0.1866397223619601,-0.14315087976419838,-0.015246146287259992,-0.1478874285603219,-0.09458665985979084,-0.018806272453212997,-0.023048558933612035,-0.14744105828631182,-0.02306149077047826,,-0.11284407080628571,-0.11498024375870695,-0.08890799625548118,0.00020604556736220786,0.22803333073367463,0.37650004279026167,0.21845602762782015,-0.08199873953939626,0.3473025496867692,0.579957570940985,1.0,0.11437158752498766,0.10189421271849625,0.07940911477213344,0.07796218519345689,0.08341531984281264,0.07613170505924341,0.08913253749189241,-0.02407409210982353,-0.017849588021721225,-0.053230036448823445,-0.03318067019786917,0.2625156757891439,0.20174970622311925,0.44379671375487917,0.15523473291778792,0.1812062732807431,0.42760027160482394,0.28438375785568315,0.2637333844243639,0.20174970622311883,0.414735298573024,0.443796713754875,0.2280333307336755,0.4185549184500952,0.2625156757891428,-0.00020604556736190106,0.5799575709409837,0.32430988380876813,0.10763687816750783,1.0,0.08007741267464127,0.08018426010344018,0.27830628795378604,-0.02407409210982354,-0.00385964959841114,,,,,,,,,0.10763687816750772,0.107636878167507,0.10763687816750778,-0.11510455480965122,0.10763687816750778,1.0000000000000002,1.0000000000000024,0.9999999999999993,0.9999999999999993
revenue_per_accommodates,-0.036910859734196624,,-0.029865623302039415,-0.03171154836569708,-0.036662191668283495,,0.021711161560175187,0.030229424553437002,-0.13186480944242646,-0.07720920582192432,0.0706890266064349,0.11167351079709573,0.010194127846972923,-0.03434985124844716,0.011052935572133372,0.0019701208566959088,-0.004778591612272588,0.0024852359364295157,0.00758082673298345,0.002409523695675483,,-0.13439120198052254,-0.17688370522902744,-0.2130532191437857,-0.4221813938168806,0.016833720520632863,0.004584852128868873,-0.012319360174571194,-0.22937227938715682,0.022624927474512738,-0.025303870678546003,0.08007741267464127,0.043069902057485954,0.03961049134263343,0.07082644029679658,0.02077213871563379,0.026676659528628455,0.10360787469918065,0.04718558889221537,-0.0731036657877688,-0.0826347320774238,0.06304953084894024,0.005498955760716178,0.022660383905731364,0.5088759764788433,0.17170230552688964,0.6508542982621796,0.39037719419549716,-0.02067354897621667,-0.15535852792260388,-0.09958006750074273,0.508875976478845,0.0708682302844005,0.171702305526888,0.016833720520632832,-0.014012306804425608,0.022660383905731336,0.42218139381688075,-0.02530387067854587,0.019140762360416477,0.7749228991253446,0.08007741267464127,1.0,0.867548316500308,0.3989872336620495,-0.07310366578776882,-0.06482199115628318,,,,,,,,,0.7749228991253448,0.7749228991253432,0.7749228991253428,-0.07424679054520955,0.7749228991253428,0.0800774126746413,0.08007741267464087,0.08007741267464126,0.08007741267464126
revenue_per_bedroom,-0.032044714767679734,,-0.02576378050065276,-0.02185822040278366,-0.023917656834423828,,0.04721884289593492,0.01899209725364054,-0.09043243649781113,-0.07542987791368991,-0.07179846177265635,-0.04295458408378975,-0.02441168562285955,-0.034184852097684994,-0.02345254982863073,-0.014437719717465821,-0.0065223664605204455,0.004768902174250868,-0.02511913619263392,0.0046765940236823764,,-0.12209197654629232,-0.15859374710911803,-0.1893964836220595,-0.3705489213947264,0.014241714984053914,0.011021023321863364,-0.0020646703006337334,-0.20208974919338848,0.01455236784731983,-0.0014483168209570526,0.08018426010344018,0.040718184494439674,0.03564270290845673,0.07148900218222157,-0.0028228049108023124,0.021060737964221306,0.10502094262217816,0.04924925489685947,-0.05792192740359215,-0.06363185670467982,0.036687411390116574,-0.0029912303273738937,0.03184830986234746,0.2515263972993681,0.15727960122170262,0.5325229630698652,0.28297499305054297,3.15003408342492e-05,-0.07981274735115718,-0.08391552722822194,0.2515263972993669,0.08229198473425006,0.15727960122170284,0.014241714984053935,0.004889715463844251,0.031848309862347435,0.3705489213947256,-0.0014483168209569815,0.029339561263860704,0.4839049396265933,0.08018426010344018,0.867548316500308,1.0,0.3492870060157451,-0.057921927403592165,-0.0465343292909107,,,,,,,,,0.4839049396265933,0.4839049396265925,0.48390493962659065,-0.0660859631153061,0.48390493962659065,0.08018426010344024,0.08018426010344058,0.08018426010344036,0.08018426010344036
log_est_revenue,-0.10561929148262897,,-0.08270202980536996,-0.021160662034893325,-0.019985954118529593,,0.021347164988647947,-0.05705904714392886,0.22206194573314744,0.19651612237864705,0.23210944866213665,0.1832205856447419,-0.14866696095437198,-0.0480148839588131,-0.14566665358968722,-0.09059788712256571,-0.008645828452499685,0.0002022400346234327,-0.15729324525226718,9.99887265126202e-05,,-0.36507080524309526,-0.4432203098651467,-0.47882934249278386,-0.730230506471696,0.05633882464517286,0.07268267868873986,0.03233722617499693,-0.4968687995457322,0.08154141015172632,0.0906129268068147,0.27830628795378604,0.10868794565814387,0.08297621847804484,0.10958202560494047,0.07335431707367783,0.08572661811636059,0.08693847893417586,0.09773685308809174,-0.029391947321665255,-0.03725314805037002,0.055882465731816836,-0.08256707975026181,0.02316811108009148,0.23169421047512356,0.43343029062469096,0.16842448969139592,0.23127261620144615,0.15422490178259257,0.23152186513888603,0.19841997059083863,0.2316942104751241,0.4013898921326009,0.43343029062469124,0.05633882464517279,0.15218293380532114,0.02316811108009154,0.7302305064716981,0.09061292680681442,0.059216104393234645,0.3294514318170136,0.27830628795378604,0.3989872336620495,0.3492870060157451,1.0,-0.029391947321665248,-0.09089403885695785,,,,,,,,,0.3294514318170134,0.3294514318170136,0.329451431817014,-0.5024002236364538,0.329451431817014,0.27830628795378587,0.2783062879537855,0.2783062879537854,0.2783062879537854
host_listings_in_city,0.10643185543313757,,-0.04316565632773906,0.23456225779067222,0.3389541667005409,,-0.039219220265152066,-0.1555925468797913,0.24478354356377946,0.17537938146987356,0.18133435856570193,0.17885820972727204,-0.12153553947682993,0.029626423655341672,-0.11159125832567379,-0.0411402400541467,-0.008566856042282672,-0.013900389146532978,-0.10978731396066108,-0.01281878627518959,,0.021235801294120133,0.041064491454917154,0.06614417005665835,0.14646419951917614,-0.11144556354865612,-0.06065480658882707,-0.05530868209940258,0.0733212255421203,-0.0711764544789907,-0.07710099151791916,-0.02407409210982354,-0.10794326277008713,-0.09235119396994652,-0.11388050651937265,-0.11497560296447894,-0.09681034003424659,-0.13136712427475142,-0.10448993117272433,1.0,0.9901380211608043,0.14551683495905599,-0.01695597539690057,-0.10404274171176756,0.013843413317212984,0.06281730449186451,-0.03840991859585109,-0.16921700860642205,-0.04773594678965324,0.2197513465056431,0.21712510218392525,0.013843413317212947,0.057721386804058486,0.06281730449186701,-0.11144556354865547,-0.06821012716094695,-0.1040427417117679,-0.14646419951917636,-0.07710099151791876,-0.10058914825820772,-0.02117767412749941,-0.02407409210982354,-0.07310366578776882,-0.057921927403592165,-0.029391947321665248,1.0,0.3639979234741279,,,,,,,,,-0.021177674127499397,-0.021177674127499397,-0.021177674127499383,-0.03487304683966099,-0.021177674127499383,-0.024074092109823596,-0.02407409210982354,-0.02407409210982367,-0.02407409210982367
host_is_professional,0.10345568013320051,,0.06808225488001056,0.19750028222058766,0.22699512782223197,,-0.007113383303846186,-0.10324059500065134,0.17660088919199055,0.17626418026235594,0.11731790717944225,0.17016615964905282,-0.08462786063535929,0.07956815314020678,-0.07973400818635269,-0.02530330278044542,0.027271822854811764,0.03198976364286978,-0.07532100592702594,0.031466966135413686,,0.08549932083173879,0.09410206896638829,0.10668912666847924,0.15467964267478426,-0.1290505403661434,-0.08814236922224589,-0.07654603933781207,0.11494655614741639,-0.09994747369926177,-0.13173955647645985,-0.00385964959841114,-0.16138910136332385,-0.14045494081274998,-0.1484288609349867,-0.14228624445063262,-0.13614931947459014,-0.1424821476286708,-0.16529547039545378,0.3639979234741279,0.34814586644261314,0.13870108143978938,0.028008611595678065,-0.09678140890401864,0.03500664514494173,0.07719857765921274,-0.021783279031997352,-0.11163707455318587,-0.1451576795106474,0.15145306627886956,0.2034551390431334,0.03500664514494176,0.0804190607038723,0.07719857765921556,-0.12905054036614239,-0.15345048866342959,-0.09678140890401904,-0.1546796426747851,-0.13173955647645977,-0.1030482769657567,-0.023890788389677634,-0.00385964959841114,-0.06482199115628318,-0.0465343292909107,-0.09089403885695785,0.3639979234741279,1.0,,,,,,,,,-0.023890788389677595,-0.023890788389677602,-0.023890788389677547,0.015801583085528148,-0.023890788389677547,-0.003859649598411117,-0.0038596495984109963,-0.003859649598411019,-0.003859649598411019
pct_professional_hosts,,,,,,,,,,,,,,,,,,,,,,,,,,,,,,,,,,,,,,,,,,,,,,,,,,,,,,,,,,,,,,,,,,,,,,,,,,,,,,,,,,,,
pct_large_operators,,,,,,,,,,,,,,,,,,,,,,,,,,,,,,,,,,,,,,,,,,,,,,,,,,,,,,,,,,,,,,,,,,,,,,,,,,,,,,,,,,,,
median_host_listings,,,,,,,,,,,,,,,,,,,,,,,,,,,,,,,,,,,,,,,,,,,,,,,,,,,,,,,,,,,,,,,,,,,,,,,,,,,,,,,,,,,,
gini_host_concentration,,,,,,,,,,,,,,,,,,,,,,,,,,,,,,,,,,,,,,,,,,,,,,,,,,,,,,,,,,,,,,,,,,,,,,,,,,,,,,,,,,,,
market_professionalization_score,,,,,,,,,,,,,,,,,,,,,,,,,,,,,,,,,,,,,,,,,,,,,,,,,,,,,,,,,,,,,,,,,,,,,,,,,,,,,,,,,,,,
purchase_price,,,,,,,,,,,,,,,,,,,,,,,,,,,,,,,,,,,,,,,,,,,,,,,,,,,,,,,,,,,,,,,,,,,,,,,,,,,,,,,,,,,,
monthly_payment,,,,,,,,,,,,,,,,,,,,,,,,,,,,,,,,,,,,,,,,,,,,,,,,,,,,,,,,,,,,,,,,,,,,,,,,,,,,,,,,,,,,
zori_rent,,,,,,,,,,,,,,,,,,,,,,,,,,,,,,,,,,,,,,,,,,,,,,,,,,,,,,,,,,,,,,,,,,,,,,,,,,,,,,,,,,,,
annual_cash_flow,-0.0010620325923198773,,0.007380299232953132,-0.01484487394873144,-0.012780975956864395,,0.012804257989066516,-0.006885651115198049,0.09892907001393554,0.17961595278851583,0.3765896015951284,0.4411517866658558,-0.032042053827828626,-0.015688006320860308,-0.03145044910857713,-0.0161992613850347,-0.006230603668070513,-0.0030292389378700018,-0.03324555322749096,-0.0030698463214886428,,-0.09302159263639545,-0.13217957670782002,-0.16209355014294316,-0.2508850760526659,-0.020189568854362773,-0.01770730223717222,-0.02343496829163029,-0.17123752012972737,-0.011965120832715321,-0.035941822070478545,0.10763687816750772,0.06161215721217209,0.04039152725081209,0.05943843362871459,0.029757099513619264,0.03968437430631267,0.05330466584885169,0.05681235286061813,-0.021177674127499397,-0.02231130156286307,0.005716731703847921,-0.0027307643823858614,-0.03039065025132223,0.7896179996116484,0.28282101670405463,0.5579149038466137,0.23320512755713477,-0.02803264354789542,0.08371140029983393,0.13203331038506153,0.7896179996116495,0.1656980035859017,0.2828210167040547,-0.020189568854362627,-0.024654550556247826,-0.03039065025132235,0.2508850760526669,-0.03594182207047851,-0.0109050619196081,1.0,0.10763687816750772,0.7749228991253448,0.4839049396265933,0.3294514318170134,-0.021177674127499397,-0.023890788389677595,,,,,,,,,1.0,0.9999999999999984,1.000000000000002,-0.05113607011431291,1.000000000000002,0.10763687816750771,0.1076368781675068,0.10763687816750771,0.10763687816750771
cash_on_cash_roi,-0.0010620325923200765,,0.00738029923295304,-0.01484487394873149,-0.012780975956864385,,0.01280425798906652,-0.0068856511151980234,0.09892907001393536,0.17961595278851608,0.3765896015951279,0.44115178666585547,-0.03204205382782862,-0.015688006320860245,-0.03145044910857718,-0.016199261385034684,-0.00623060366807053,-0.003029238937869991,-0.03324555322749103,-0.003069846321488626,,-0.09302159263639523,-0.13217957670782038,-0.1620935501429425,-0.25088507605266624,-0.02018956885436247,-0.017707302237172113,-0.023434968291630234,-0.17123752012972676,-0.011965120832715198,-0.03594182207047832,0.107636878167507,0.06161215721217199,0.040391527250811986,0.059438433628714156,0.029757099513619302,0.03968437430631271,0.05330466584885173,0.0568123528606181,-0.021177674127499397,-0.022311301562863085,0.005716731703847929,-0.002730764382385854,-0.030390650251322184,0.7896179996116468,0.28282101670405424,0.5579149038466108,0.23320512755713427,-0.028032643547895236,0.08371140029983372,0.13203331038506125,0.7896179996116478,0.1656980035859008,0.28282101670405396,-0.02018956885436263,-0.024654550556247747,-0.030390650251322274,0.25088507605266674,-0.035941822070478295,-0.010905061919608041,0.9999999999999983,0.107636878167507,0.7749228991253432,0.4839049396265925,0.3294514318170136,-0.021177674127499397,-0.023890788389677602,,,,,,,,,0.9999999999999984,1.0,0.9999999999999998,-0.05113607011431303,0.9999999999999998,0.10763687816750699,0.10763687816750692,0.10763687816750699,0.10763687816750699
cap_rate,-0.0010620325923196689,,0.00738029923295324,-0.014844873948731421,-0.012780975956864336,,0.012804257989066462,-0.006885651115198043,0.09892907001393522,0.17961595278851597,0.37658960159512866,0.4411517866658553,-0.032042053827828695,-0.015688006320860284,-0.03145044910857711,-0.016199261385034646,-0.0062306036680705185,-0.0030292389378700083,-0.03324555322749097,-0.003069846321488657,,-0.09302159263639488,-0.13217957670782046,-0.16209355014294274,-0.2508850760526663,-0.02018956885436273,-0.01770730223717219,-0.02343496829163032,-0.17123752012972682,-0.011965120832715455,-0.03594182207047845,0.10763687816750778,0.061612157212171864,0.04039152725081198,0.05943843362871419,0.029757099513619385,0.03968437430631265,0.053304665848851615,0.05681235286061808,-0.021177674127499383,-0.022311301562862994,0.00571673170384789,-0.0027307643823858835,-0.03039065025132223,0.7896179996116481,0.2828210167040538,0.5579149038466121,0.23320512755713405,-0.028032643547895593,0.08371140029983384,0.13203331038506166,0.7896179996116487,0.16569800358590106,0.2828210167040538,-0.020189568854362846,-0.024654550556247976,-0.030390650251322333,0.25088507605266663,-0.035941822070478364,-0.010905061919608074,1.000000000000002,0.10763687816750778,0.7749228991253428,0.48390493962659065,0.329451431817014,-0.021177674127499383,-0.023890788389677547,,,,,,,,,1.000000000000002,0.9999999999999998,1.0,-0.05113607011431307,1.0,0.1076368781675078,0.1076368781675069,0.10763687816750714,0.10763687816750714
price_to_rent_ratio,0.0347613765839715,,-0.012988895126012971,-0.02249393028995461,-0.02203483496686114,,-0.006392564694668664,0.1130733731224058,-0.1538852630672631,-0.06750443424433471,-0.10068044555955426,-0.0871419075152863,0.22822518057481028,0.013455658245060606,0.2219565381717033,0.1287056600978852,-0.005413755004159043,-0.006343816963498464,0.22932419639128848,-0.006330349309644387,,0.2660904298083136,0.23839408892854413,0.215323505113708,0.18546439553720226,-0.07571339972456316,-0.08783229964729623,-0.06541946773958013,0.21212327798280714,-0.08477545226494758,-0.1086656145331891,-0.11510455480965122,-0.025112201486002707,-0.02079917518450286,-0.026806792311917772,-0.01491928524092367,-0.02012012228252493,-0.020188992562486317,-0.020816129084301072,-0.03487304683966099,-0.04017601062735802,0.03590340928505236,0.354097660778152,-0.07102975695163342,-0.05444725413194986,-0.21665963302547517,-0.007118602543858974,-0.0012143485507372423,-0.16659959725263956,-0.21090862207907832,-0.13028766318252372,-0.05444725413194959,-0.18987944848221108,-0.21665963302547428,-0.07571339972456326,-0.15730224558515746,-0.07102975695163342,-0.1854643955372027,-0.10866561453318906,-0.04661807319753929,-0.05113607011431292,-0.11510455480965122,-0.07424679054520955,-0.0660859631153061,-0.5024002236364538,-0.03487304683966099,0.015801583085528148,,,,,,,,,-0.05113607011431291,-0.05113607011431303,-0.05113607011431307,1.0,-0.05113607011431308,-0.11510455480965122,-0.11510455480965216,-0.11510455480965132,-0.11510455480965132
revenue_yield,-0.0010620325923196689,,0.00738029923295324,-0.014844873948731421,-0.012780975956864336,,0.012804257989066462,-0.006885651115198043,0.09892907001393522,0.17961595278851597,0.37658960159512866,0.4411517866658553,-0.032042053827828695,-0.015688006320860284,-0.03145044910857711,-0.016199261385034646,-0.0062306036680705185,-0.0030292389378700083,-0.03324555322749097,-0.003069846321488657,,-0.09302159263639488,-0.13217957670782046,-0.16209355014294274,-0.2508850760526663,-0.02018956885436273,-0.01770730223717219,-0.02343496829163032,-0.17123752012972682,-0.011965120832715455,-0.03594182207047845,0.10763687816750778,0.061612157212171864,0.04039152725081198,0.05943843362871419,0.029757099513619385,0.03968437430631265,0.053304665848851615,0.05681235286061808,-0.021177674127499383,-0.022311301562862994,0.00571673170384789,-0.0027307643823858835,-0.03039065025132223,0.7896179996116481,0.2828210167040538,0.5579149038466121,0.23320512755713405,-0.028032643547895593,0.08371140029983384,0.13203331038506166,0.7896179996116487,0.16569800358590106,0.2828210167040538,-0.020189568854362846,-0.024654550556247976,-0.030390650251322333,0.25088507605266663,-0.035941822070478364,-0.010905061919608074,1.000000000000002,0.10763687816750778,0.7749228991253428,0.48390493962659065,0.329451431817014,-0.021177674127499383,-0.023890788389677547,,,,,,,,,1.000000000000002,0.9999999999999998,1.0,-0.05113607011431308,1.0,0.1076368781675078,0.1076368781675069,0.10763687816750714,0.10763687816750714
annual_cash_flow_booked,-0.12126279673463795,,-0.043382520339972364,-0.10206546882290701,-0.10512363037015171,,0.006447045005674377,-0.12447883883905961,0.2760190008823888,0.18317392162919374,0.17895982925864584,0.18663972236195997,-0.14315087976419838,-0.015246146287260072,-0.14788742856032208,-0.09458665985979092,-0.018806272453213077,-0.023048558933612084,-0.14744105828631188,-0.023061490770478327,,-0.11284407080628556,-0.11498024375870693,-0.0889079962554813,0.0002060455673623358,0.22803333073367466,0.37650004279026134,0.21845602762782004,-0.08199873953939628,0.3473025496867689,0.5799575709409843,1.0000000000000002,0.11437158752498759,0.10189421271849615,0.07940911477213332,0.07796218519345695,0.08341531984281264,0.07613170505924345,0.08913253749189208,-0.024074092109823596,-0.017849588021721225,-0.053230036448823424,-0.03318067019786909,0.26251567578914375,0.2017497062231195,0.4437967137548794,0.15523473291778817,0.18120627328074335,0.4276002716048234,0.2843837578556832,0.2637333844243638,0.201749706223119,0.4147352985730243,0.4437967137548749,0.22803333073367552,0.418554918450095,0.26251567578914276,-0.00020604556736206946,0.5799575709409831,0.32430988380876824,0.1076368781675079,1.0000000000000002,0.0800774126746413,0.08018426010344024,0.27830628795378587,-0.024074092109823596,-0.003859649598411117,,,,,,,,,0.10763687816750771,0.10763687816750699,0.1076368781675078,-0.11510455480965122,0.1076368781675078,1.0,1.0000000000000016,0.9999999999999987,0.9999999999999987
cash_on_cash_roi_booked,-0.12126279673463809,,-0.04338252033997249,-0.10206546882290655,-0.10512363037015168,,0.006447045005674373,-0.12447883883905865,0.2760190008823872,0.18317392162919363,0.1789598292586465,0.18663972236196,-0.14315087976419766,-0.01524614628725987,-0.14788742856032128,-0.09458665985979199,-0.0188062724532131,-0.023048558933612205,-0.14744105828631104,-0.023061490770478272,,-0.11284407080628552,-0.11498024375870641,-0.08890799625548135,0.00020604556736218807,0.2280333307336738,0.37650004279026117,0.21845602762781957,-0.08199873953939608,0.3473025496867689,0.5799575709409828,1.0000000000000024,0.11437158752498768,0.10189421271849615,0.0794091147721337,0.0779621851934569,0.0834153198428128,0.07613170505924327,0.08913253749189239,-0.02407409210982354,-0.017849588021721183,-0.053230036448823154,-0.033180670197869126,0.2625156757891433,0.20174970622311916,0.44379671375487884,0.1552347329177864,0.18120627328074299,0.4276002716048222,0.28438375785568076,0.26373338442436245,0.20174970622312,0.41473529857301944,0.44379671375487595,0.22803333073367396,0.4185549184500926,0.2625156757891426,-0.00020604556736194502,0.5799575709409828,0.3243098838087672,0.10763687816750689,1.0000000000000024,0.08007741267464087,0.08018426010344058,0.2783062879537855,-0.02407409210982354,-0.0038596495984109963,,,,,,,,,0.1076368781675068,0.10763687816750692,0.1076368781675069,-0.11510455480965216,0.1076368781675069,1.0000000000000016,1.0,0.9999999999999948,0.9999999999999948
cap_rate_booked,-0.12126279673463844,,-0.04338252033997269,-0.10206546882290658,-0.10512363037015146,,0.00644704500567433,-0.12447883883905896,0.2760190008823884,0.1831739216291945,0.17895982925864626,0.18663972236196053,-0.1431508797641976,-0.015246146287259805,-0.14788742856032172,-0.09458665985979102,-0.018806272453213174,-0.023048558933612073,-0.14744105828631127,-0.023061490770478355,,-0.11284407080628524,-0.11498024375870619,-0.0889079962554811,0.0002060455673620419,0.22803333073367357,0.37650004279025956,0.21845602762781993,-0.08199873953939603,0.34730254968676827,0.5799575709409851,0.9999999999999993,0.11437158752498718,0.10189421271849634,0.07940911477213328,0.07796218519345709,0.08341531984281264,0.07613170505924338,0.08913253749189229,-0.02407409210982367,-0.017849588021721208,-0.05323003644882315,-0.033180670197868876,0.26251567578914226,0.201749706223119,0.4437967137548763,0.15523473291778764,0.1812062732807421,0.42760027160482283,0.2843837578556814,0.2637333844243634,0.2017497062231184,0.41473529857302066,0.4437967137548765,0.22803333073367482,0.4185549184500946,0.2625156757891431,-0.0002060455673619267,0.5799575709409829,0.32430988380876635,0.10763687816750779,0.9999999999999993,0.08007741267464126,0.08018426010344036,0.2783062879537854,-0.02407409210982367,-0.003859649598411019,,,,,,,,,0.10763687816750771,0.10763687816750699,0.10763687816750714,-0.11510455480965132,0.10763687816750714,0.9999999999999987,0.9999999999999948,1.0,1.0
revenue_yield_booked,-0.12126279673463844,,-0.04338252033997269,-0.10206546882290658,-0.10512363037015146,,0.00644704500567433,-0.12447883883905896,0.2760190008823884,0.1831739216291945,0.17895982925864626,0.18663972236196053,-0.1431508797641976,-0.015246146287259805,-0.14788742856032172,-0.09458665985979102,-0.018806272453213174,-0.023048558933612073,-0.14744105828631127,-0.023061490770478355,,-0.11284407080628524,-0.11498024375870619,-0.0889079962554811,0.0002060455673620419,0.22803333073367357,0.37650004279025956,0.21845602762781993,-0.08199873953939603,0.34730254968676827,0.5799575709409851,0.9999999999999993,0.11437158752498718,0.10189421271849634,0.07940911477213328,0.07796218519345709,0.08341531984281264,0.07613170505924338,0.08913253749189229,-0.02407409210982367,-0.017849588021721208,-0.05323003644882315,-0.033180670197868876,0.26251567578914226,0.201749706223119,0.4437967137548763,0.15523473291778764,0.1812062732807421,0.42760027160482283,0.2843837578556814,0.2637333844243634,0.2017497062231184,0.41473529857302066,0.4437967137548765,0.22803333073367482,0.4185549184500946,0.2625156757891431,-0.0002060455673619267,0.5799575709409829,0.32430988380876635,0.10763687816750779,0.9999999999999993,0.08007741267464126,0.08018426010344036,0.2783062879537854,-0.02407409210982367,-0.003859649598411019,,,,,,,,,0.10763687816750771,0.10763687816750699,0.10763687816750714,-0.11510455480965132,0.10763687816750714,0.9999999999999987,0.9999999999999948,1.0,1.0
