,id,scrape_id,host_id,host_listings_count,host_total_listings_count,neighbourhood_group_cleansed,latitude,longitude,accommodates,bathrooms,bedrooms,beds,minimum_nights,maximum_nights,minimum_minimum_nights,maximum_minimum_nights,minimum_maximum_nights,maximum_maximum_nights,minimum_nights_avg_ntm,maximum_nights_avg_ntm,calendar_updated,availability_30,availability_60,availability_90,availability_365,number_of_reviews,number_of_reviews_ltm,number_of_reviews_l30d,availability_eoy,number_of_reviews_ly,estimated_occupancy_l365d,estimated_revenue_l365d,review_scores_rating,review_scores_accuracy,review_scores_cleanliness,review_scores_checkin,review_scores_communication,review_scores_location,review_scores_value,calculated_host_listings_count,calculated_host_listings_count_entire_homes,calculated_host_listings_count_private_rooms,calculated_host_listings_count_shared_rooms,reviews_per_month,price_clean,log_price,price_per_accommodates,log_price_per_accommodates,log_reviews,log_accommodates,log_beds,price_zscore,price_percentile,log_price_zscore,reviews_zscore,reviews_percentile,reviews_per_month_zscore,occupancy_rate,occupancy_rate_booked,occupancy_is_capped,est_annual_revenue,est_annual_revenue_booked,revenue_per_accommodates,revenue_per_bedroom,log_est_revenue,host_listings_in_city,host_is_professional,pct_professional_hosts,pct_large_operators,median_host_listings,gini_host_concentration,market_professionalization_score,purchase_price,monthly_payment,zori_rent,annual_cash_flow,cash_on_cash_roi,cap_rate,price_to_rent_ratio,revenue_yield,annual_cash_flow_booked,cash_on_cash_roi_booked,cap_rate_booked,revenue_yield_booked
id,1.0,,0.45174759130804143,0.06744932850218072,0.08192508097191811,,-0.10221184853145925,0.08807447955858781,-0.0012433846870962134,0.013054594015716695,0.004430965735210752,-0.019327387177940105,-0.049746862216659034,-0.18348793981871833,-0.04689597002828133,0.0015682756563301637,-0.2601098535661825,-0.03141516650650233,-0.04609275719777605,-0.03142204743697169,,0.11154461899853248,0.1297712572584424,0.1317499419264711,0.06400706655719297,-0.4764294807419767,-0.14771124191214105,0.011821602145682003,0.10742601105492135,-0.23782951459635632,-0.24781784778718238,-0.004958037065858703,-0.10465132703399796,-0.11783382917954316,-0.07509301322770981,-0.15070977400383437,-0.09831808995442234,-0.08874048951814177,-0.10024896097003799,0.036956977009296475,0.02964774816285252,0.12438677504421063,0.05983929957493904,0.1405879844270835,0.049484835494770826,0.029889800914788267,0.043874313989530754,0.05454716244445333,-0.5460952033133942,-0.016260608258171,-0.04361970629363532,0.04948483549477091,0.017280961346473618,0.02988980091478956,-0.476429480741979,-0.5547836576349344,0.14058798442708345,-0.06400706655718788,-0.24781784778718383,-0.13645906243875527,0.02745224579896061,-0.004958037065858703,0.022788587686292754,0.019885849237950188,-0.07774923443642787,0.036956977009296475,0.14421304968560514,,,,,,,,,0.02745224579896012,0.02745224579896014,0.027452245798960162,0.020726158074890068,0.027452245798960162,-0.004958037065858683,-0.004958037065858546,-0.004958037065858379,-0.004958037065858379
scrape_id,,,,,,,,,,,,,,,,,,,,,,,,,,,,,,,,,,,,,,,,,,,,,,,,,,,,,,,,,,,,,,,,,,,,,,,,,,,,,,,,,,,,
host_id,0.45174759130804143,,1.0,-0.07832649532287266,-0.06733871034988599,,-0.1393868113796741,0.08157348552905865,-0.03263858564884448,-0.022910522978081698,-0.02585534090753165,-0.031831286124479746,-0.05623798922890127,-0.15753249859975194,-0.05459186206450943,-0.15424669496263696,-0.18985931763809938,0.005383163897081194,-0.0673223138445703,0.005378199237633139,,0.22565824067755283,0.2441064581581435,0.2420714395028462,0.05933538050049861,-0.23284665659830187,-0.04736430160349877,0.0392233865622307,0.1576969825230239,-0.09033737375531006,-0.12939059267926087,0.018433663552720105,-0.15083851027278306,-0.153119315516693,-0.10920231212228437,-0.15591835067988452,-0.13142636757726694,-0.1321781557381879,-0.1445253283061166,-0.1290071345050858,-0.1387776455712608,0.21944507282243725,-0.06432318836698206,0.12793460201723697,0.027906531818410574,-0.04285767615797334,0.02316519298601646,-0.009037092459992336,-0.2538690320150766,-0.051463763681347065,-0.05203397550938675,0.02790653181841069,-0.05769801242126934,-0.04285767615797332,-0.23284665659830325,-0.2555911184085617,0.12793460201723697,-0.05933538050049627,-0.1293905926792608,-0.08301563201886035,0.011236086497058817,0.018433663552720105,0.01154355775345578,0.02945098775521825,-0.13120289188120474,-0.1290071345050858,0.09822125645386325,,,,,,,,,0.011236086497058559,0.011236086497058559,0.01123608649705859,0.05085180736503331,0.01123608649705859,0.01843366355272015,0.018433663552720237,0.018433663552720466,0.018433663552720466
host_listings_count,0.06744932850218072,,-0.07832649532287266,1.0,0.9840987263916547,,-0.0003959584849204332,0.18187123437461053,-0.20289148509624746,-0.11934314925452953,-0.18891973616282584,-0.19234820311818737,0.21935163663855642,0.4008166557019795,0.22190498103122322,0.8259530473775142,0.2069567478401471,-0.00780340138579009,0.27663878036388717,-0.007797969260109491,,-0.1241400579105456,-0.12734016346456845,-0.11383498711222659,0.12163945373521678,-0.18180809593903385,-0.2090093315419623,-0.20978219383137114,-0.025201517390095424,-0.19236108311580685,-0.28996738992176513,0.004923138467240386,-0.16382846231186413,-0.10101913408600639,-0.0998598479080399,-0.14896957556520685,-0.19083770431824923,-0.020915805531906237,-0.19689049326094984,0.9261938775603346,0.9257382837168409,-0.07009617933023574,-0.025076630337873492,-0.13883384773882348,0.08113611465941203,0.27237403913045694,0.1036282898325029,0.5296877282839676,-0.396256397685258,-0.2135780071734106,-0.2270971818992045,0.08113611465941192,0.32278388477825704,0.27237403913045616,-0.1818080959390344,-0.39062667148574776,-0.1388338477388229,-0.12163945373521698,-0.2899673899217635,-0.10637161004719493,0.053073454269578976,0.004923138467240386,0.10634797115885819,0.09769812225769077,0.007769437668415316,0.9261938775603346,0.21720502311170747,,,,,,,,,0.053073454269579025,0.05307345426957912,0.05307345426957896,-0.001675980880209898,0.05307345426957896,0.004923138467240416,0.004923138467240536,0.004923138467240476,0.004923138467240476
host_total_listings_count,0.08192508097191811,,-0.06733871034988599,0.9840987263916547,1.0,,3.541783634229697e-05,0.18135464498225437,-0.19716464378251064,-0.11910608988105481,-0.18854508653991608,-0.18835382829281005,0.21430971544398036,0.39591985152073556,0.21682387091898883,0.785794324470562,0.1840191739907398,-0.007928238212100423,0.2682318512469914,-0.007923340728858603,,-0.10218578515988391,-0.10649899376725593,-0.09478047534104847,0.13080410779666102,-0.18454322206528231,-0.21034491838574867,-0.21346734117888028,-0.01189731921967197,-0.19317204508183505,-0.2935618950800094,0.03434828139641652,-0.174266908339577,-0.11424104144059315,-0.10399156878320123,-0.16112044732790531,-0.1993033448276959,-0.02604276319863563,-0.20759545946900604,0.8843090734662853,0.8828743695711481,-0.05335427570197286,-0.025692427263796804,-0.13772981227423603,0.18406493667888818,0.3003638801610795,0.19511747638383092,0.5588565967890082,-0.40067965458920446,-0.20864208343659385,-0.2227645212712708,0.18406493667888846,0.32431151739554614,0.30036388016107973,-0.184543222065282,-0.39539408585213887,-0.13772981227423636,-0.13080410779666138,-0.2935618950800089,-0.10710933617819374,0.13095423155673516,0.03434828139641652,0.16966471003930111,0.14849354157946099,0.009175743959162635,0.8843090734662853,0.22102055225684972,,,,,,,,,0.1309542315567352,0.1309542315567352,0.1309542315567355,0.003940796686865433,0.1309542315567355,0.034348281396416554,0.034348281396416346,0.034348281396416366,0.034348281396416366
neighbourhood_group_cleansed,,,,,,,,,,,,,,,,,,,,,,,,,,,,,,,,,,,,,,,,,,,,,,,,,,,,,,,,,,,,,,,,,,,,,,,,,,,,,,,,,,,,
latitude,-0.10221184853145925,,-0.1393868113796741,-0.0003959584849204332,3.541783634229697e-05,,1.0,-0.5382231222769341,0.006512506678886103,-0.03465163526756828,-0.0139784875359403,0.004052231834101548,-0.04839765867455262,0.0010555024926066103,-0.048911136354161014,-0.009950546324945367,-0.008718235678349959,-0.006612462845737356,-0.04621303565631214,-0.006612653266235675,,-0.12671855040107796,-0.13251009576036088,-0.12936362596439333,-0.10659737332943128,0.13955694385034398,0.11511963139059289,0.10786972454496674,-0.10020431500814897,0.11114094588036774,0.14191665108899118,0.018691022058840746,0.11570802596279488,0.10304730847225313,0.1281273201702107,0.07591189410225235,0.06530722060842285,0.29718785440271034,0.09397617172897008,-0.0036202659427427594,0.0029774796528202756,-0.1396737205000035,0.01625273375214975,0.09515156300042928,0.010647284238323835,0.12775185879485243,0.007795413043651246,0.13021715188729213,0.16044601344735682,0.024885406989402725,0.0026550261918757176,0.010647284238323847,0.11545749273441608,0.1277518587948524,0.13955694385034434,0.16172072686476105,0.09515156300042946,0.10659737332943055,0.14191665108899118,0.07846823174113533,0.04056535220999095,0.018691022058840746,0.03686933860391538,0.03672951404501448,0.1763124632238408,-0.0036202659427427594,-0.059257340420515045,,,,,,,,,0.04056535220999096,0.040565352209991065,0.04056535220999111,-0.10425785577430235,0.04056535220999111,0.018691022058840732,0.01869102205884074,0.018691022058840604,0.018691022058840604
longitude,0.08807447955858781,,0.08157348552905865,0.18187123437461053,0.18135464498225437,,-0.5382231222769341,1.0,-0.03234900445161717,0.06366807485703461,-0.07771075654647003,-0.026209079847405427,0.0858689678256885,0.0998004680288773,0.08458609945628416,0.15870449686891944,0.04522366340548789,0.020763390434704265,0.09523374102749493,0.02076467792778613,,0.04311525428536947,0.03732576560193176,0.022690553289333733,0.058525096741444196,-0.09302683774311239,-0.06962124328050621,-0.07619057002360322,0.012788660693007301,-0.06700941623133527,-0.11265081267914863,0.01953813189611833,-0.09148660836539568,-0.08002468479831497,-0.09625192002921767,-0.0764142635760382,-0.07889796317341154,-0.038482704730129255,-0.10586382974629548,0.18479234890259993,0.17953532746675155,0.07257972281988512,0.054562227035420824,-0.0016095679050805074,0.05371446866477881,0.15593549273187599,0.05069059039493132,0.21610729554382155,-0.17457721475840382,-0.045857555686699566,-0.046866334042657436,0.0537144686647787,0.17821856459657012,0.15593549273187635,-0.09302683774311234,-0.17248787568625906,-0.0016095679050803378,-0.05852509674144364,-0.11265081267914842,-0.030383888300185426,0.05818374657713317,0.01953813189611833,0.05850722454128363,0.05862365826186022,0.01676143162102606,0.18479234890259993,0.16816953071549995,,,,,,,,,0.058183746577133114,0.05818374657713291,0.05818374657713296,0.019023789273012737,0.05818374657713296,0.019538131896118322,0.01953813189611841,0.01953813189611838,0.01953813189611838
accommodates,-0.0012433846870962134,,-0.03263858564884448,-0.20289148509624746,-0.19716464378251064,,0.006512506678886103,-0.03234900445161717,1.0,0.6588332366765982,0.8209291024754554,0.8643790250777582,-0.18493911907763344,-0.010498164654263854,-0.18546893262175587,-0.21305040758493982,0.05966974225657149,-0.01426843995907426,-0.1951612366199183,-0.0142667394930677,,0.11812743334099313,0.10719539454013333,0.1003343812693977,0.06785586106503044,0.057621580039853064,0.12514256111519323,0.08515910748477774,0.1064664855223381,0.11356269159357193,0.1378108465645278,0.07036977002399825,0.09208315727298168,0.06235559432100073,0.0945003509600414,0.04824219436649614,0.0731869839769153,0.04934821349254233,0.0737431797667575,-0.18167117344502012,-0.1697979428504256,-0.2140284388807006,-0.07807110253600863,0.0433847906814582,0.09398184495515206,0.5555121147601653,-0.02198837079933881,-0.20508567652776258,0.1962658755229055,0.9267435622709418,0.8423319653434278,0.09398184495515204,0.539857802569743,0.5555121147601633,0.05762158003985296,0.1969446602981628,0.04338479068145832,-0.06785586106503046,0.1378108465645276,0.01554181984229243,0.18796515227569263,0.07036977002399825,-0.044754466380211064,-0.0015473257053432768,0.32015203281953397,-0.18167117344502012,-0.10522031811827133,,,,,,,,,0.18796515227569285,0.18796515227569166,0.18796515227569185,-0.09463397118921245,0.18796515227569185,0.07036977002399822,0.07036977002399855,0.07036977002399837,0.07036977002399837
bathrooms,0.013054594015716695,,-0.022910522978081698,-0.11934314925452953,-0.11910608988105481,,-0.03465163526756828,0.06366807485703461,0.6588332366765982,1.0,0.7129663564087424,0.6817038881671778,-0.10764037394702358,-0.010858625588019205,-0.10807234711085006,-0.11763024118335304,0.04481808637803264,-0.013537633375916291,-0.1155421389987591,-0.013536544866792104,,0.07373991854183001,0.06352432196319611,0.050760050789015736,0.06894186777912376,-0.03162494617919066,0.006074741614766946,-0.022383568650657305,0.06812045688443827,0.005197231903291697,-0.0014409185153194627,0.0429580831945614,0.038267938241671684,0.025342288443874067,0.02596378694557279,0.009509548759752785,0.01149045460078188,0.019145483728237513,0.030046194127813466,-0.08319584833215352,-0.07904062852641625,-0.07240596681271308,-0.03411201682463105,-0.05187734434872866,0.09957051901871476,0.4626744402825735,-0.004515390180899617,0.04521240635979606,0.0441506527918756,0.5382463433415319,0.5877016425971852,0.0995705190187145,0.41668579282431795,0.46267444028257476,-0.03162494617919032,0.04347836013933552,-0.05187734434872848,-0.06894186777912376,-0.0014409185153196765,-0.04071904250331558,0.19117806019132225,0.0429580831945614,-0.009597329328421427,0.0017562410506560449,0.21636357922740607,-0.08319584833215352,-0.0032072021676432107,,,,,,,,,0.19117806019132202,0.1911780601913215,0.19117806019132105,-0.03944169380660779,0.19117806019132105,0.04295808319456139,0.04295808319456157,0.04295808319456124,0.04295808319456124
bedrooms,0.004430965735210752,,-0.02585534090753165,-0.18891973616282584,-0.18854508653991608,,-0.0139784875359403,-0.07771075654647003,0.8209291024754554,0.7129663564087424,1.0,0.8159246450461282,-0.1272153233818955,-0.037591073661544745,-0.12737417594254738,-0.18922590131543884,0.009103670751793809,-0.012696671376944827,-0.13990817999209604,-0.012696334180996539,,0.06704431133811975,0.049732564971281375,0.040155471983082884,0.009979384579357648,-0.0023950759148995944,0.04235566057959346,0.024963346242503227,0.044904896048603496,0.03720512000743251,0.04847869662511187,0.048150989197020294,0.09236610908411338,0.06868957098177897,0.08705077659618346,0.05089248355434435,0.07208842340286828,0.01942871203361313,0.08154145987345558,-0.17290224479494162,-0.16588971116521858,-0.11936559027713677,-0.057240536004236106,-0.02259795651385795,0.05362801015841738,0.4729755154360432,-0.03651565767127613,-0.13355764971988232,0.11339298939329827,0.7458090919027289,0.7826967533048375,0.05362801015841732,0.45203117264228637,0.47297551543604316,-0.0023950759148995506,0.11318760868618816,-0.022597956513857927,-0.009979384579357707,0.04847869662511169,-0.02476603404239985,0.14464017074975077,0.048150989197020294,-0.04750543191304289,-0.03719905963918081,0.2873978079568704,-0.17290224479494162,-0.13039237216835023,,,,,,,,,0.1446401707497508,0.14464017074975108,0.14464017074975122,-0.07234858695061151,0.14464017074975122,0.048150989197020294,0.048150989197020516,0.048150989197020426,0.048150989197020426
beds,-0.019327387177940105,,-0.031831286124479746,-0.19234820311818737,-0.18835382829281005,,0.004052231834101548,-0.026209079847405427,0.8643790250777582,0.6817038881671778,0.8159246450461282,1.0,-0.1767658666146978,-0.02070768783642835,-0.17838589324047904,-0.20003373862425422,0.04880444155399394,-0.010088039580426691,-0.18866021393040588,-0.010086679442184129,,0.07216939823784572,0.05652485143041862,0.04637343611769016,0.02873919719763519,0.04738200541730429,0.09934779764552189,0.06398904360918956,0.055203527656198986,0.10125227964639473,0.10888541305512378,0.062175478393058516,0.09124790253123034,0.06877216078446538,0.0918025966214546,0.05261028339307872,0.07080216118585772,0.0520352530867269,0.0767146911619378,-0.17178932390842858,-0.16254600775241107,-0.16815734124066709,-0.052405153346031366,0.021431127113714876,0.09240360756533599,0.49694649414516046,-0.017172738234818536,-0.12174906211319578,0.17391297605846281,0.7620280946570782,0.9344885991254205,0.09240360756533583,0.46201510435455434,0.4969464941451585,0.04738200541730432,0.17455611771177465,0.0214311271137148,-0.028739197197635173,0.10888541305512381,0.003264010046089161,0.2048146252741175,0.062175478393058516,-0.02825712464437553,-0.0003752122557629112,0.2901053660723958,-0.17178932390842858,-0.09626732137636694,,,,,,,,,0.20481462527411745,0.20481462527411773,0.20481462527411826,-0.07106557595341971,0.20481462527411826,0.06217547839305846,0.06217547839305835,0.06217547839305846,0.06217547839305846
minimum_nights,-0.049746862216659034,,-0.05623798922890127,0.21935163663855642,0.21430971544398036,,-0.04839765867455262,0.0858689678256885,-0.18493911907763344,-0.10764037394702358,-0.1272153233818955,-0.1767658666146978,1.0,0.18670047117959837,0.9680381946234029,0.4620586293767824,0.06687751593107205,-0.012546816585148245,0.9594609842381507,-0.012545221704603073,,-0.049444149805291535,-0.04067221616459252,-0.02860130074114985,0.0929040906179779,-0.20069716708973087,-0.29878990263940514,-0.30267660310731903,0.01736181025204029,-0.2700933060493528,-0.23836323700749804,-0.0463638622943707,-0.028787858878436552,-0.012539723165919756,-0.05125640040370339,-0.002500352945571646,-0.04384614893975095,0.009474553070402908,-0.05365022266781755,0.20688010857777392,0.20530246898839546,0.029228339361298192,-0.0418979676787553,-0.24958961607893818,-0.02843225947767286,-0.03867232413096352,-0.0038737600490481887,0.15080146865009733,-0.35952467470172117,-0.19409030156910292,-0.19162854946749838,-0.028432259477672854,-0.01614884415794977,-0.03867232413096338,-0.20069716708973198,-0.3557641436210005,-0.24958961607893942,-0.09290409061797783,-0.23836323700749612,-0.03786991508040907,-0.056498798475378545,-0.0463638622943707,-0.015232109350070635,-0.021896478226685133,-0.16795479486996812,0.20688010857777392,0.03617572645858605,,,,,,,,,-0.0564987984753785,-0.05649879847537873,-0.056498798475378455,0.19444289159849945,-0.056498798475378455,-0.0463638622943707,-0.046363862294370485,-0.04636386229437059,-0.04636386229437059
maximum_nights,-0.18348793981871833,,-0.15753249859975194,0.4008166557019795,0.39591985152073556,,0.0010555024926066103,0.0998004680288773,-0.010498164654263854,-0.010858625588019205,-0.037591073661544745,-0.02070768783642835,0.18670047117959837,1.0,0.18863663764386862,0.43689765157687604,0.5019722571342021,0.03882687118123781,0.22385917636512392,0.03884048612338305,,-0.12735653452266196,-0.12325229028655017,-0.11006097820094293,0.13880898021635896,0.00226324578275626,-0.07900821610681807,-0.16311990748943245,-0.009370213427834131,-0.056798695535393975,-0.09432476966297909,0.026090471746847844,-0.05952025490321439,-0.032915911918125755,-0.03625147277937902,-0.03568206031865617,-0.06285909405126214,-0.0006006278072332782,-0.06398868088194601,0.43462597630559485,0.43538357271951894,-0.059863636716288034,-0.01235402368503844,-0.07957845318313199,0.07741981326836804,0.16823038979605437,0.07442931588551624,0.2217687314463136,-0.0900038885458741,-0.0210708795784083,-0.031095984259508685,0.07741981326836818,0.1912820707527589,0.16823038979605395,0.0022632457827566127,-0.08614533655772401,-0.07957845318313174,-0.13880898021636048,-0.09432476966297809,-0.001102202360719689,0.06316954328157497,0.026090471746847844,0.0730353140509831,0.06925656434292476,0.0330828660243839,0.43462597630559485,0.10782175579512028,,,,,,,,,0.06316954328157504,0.06316954328157486,0.06316954328157479,0.010013211979678424,0.06316954328157479,0.026090471746847824,0.026090471746847973,0.026090471746847806,0.026090471746847806
minimum_minimum_nights,-0.04689597002828133,,-0.05459186206450943,0.22190498103122322,0.21682387091898883,,-0.048911136354161014,0.08458609945628416,-0.18546893262175587,-0.10807234711085006,-0.12737417594254738,-0.17838589324047904,0.9680381946234029,0.18863663764386862,1.0,0.4712084689203783,0.06473688779844125,-0.012461699986263126,0.9838243530938656,-0.012460163727994621,,-0.036763926611208385,-0.026581276304722973,-0.013551377309581069,0.10403160666974781,-0.20124748432047618,-0.2976942964592897,-0.2999845015738893,0.03133660742350324,-0.2717998529680581,-0.24884846832333915,-0.04775529297244433,-0.03255316128749303,-0.014699118982685298,-0.05516907876348165,-0.002998258133475741,-0.04571390795283321,0.004469506173581762,-0.05731514724292621,0.2093529378609679,0.20773601087882637,0.029513158758731426,-0.040859189298842545,-0.2520564939330328,-0.028341201892055946,-0.041641378111367665,-0.0037956640263251693,0.14992564448403609,-0.3639728214966771,-0.19491645612466632,-0.19390534086773722,-0.028341201892056144,-0.019720213061232787,-0.0416413781113679,-0.2012474843204758,-0.3602538902127631,-0.2520564939330343,-0.10403160666974805,-0.24884846832333693,-0.05356758352624844,-0.05805807034357394,-0.04775529297244433,-0.01635446112610171,-0.022933598288304154,-0.17688900561019236,0.2093529378609679,0.03474390568549352,,,,,,,,,-0.058058070343573985,-0.05805807034357384,-0.05805807034357373,0.1984037235414808,-0.05805807034357373,-0.04775529297244434,-0.047755292972444255,-0.04775529297244454,-0.04775529297244454
maximum_minimum_nights,0.0015682756563301637,,-0.15424669496263696,0.8259530473775142,0.785794324470562,,-0.009950546324945367,0.15870449686891944,-0.21305040758493982,-0.11763024118335304,-0.18922590131543884,-0.20003373862425422,0.4620586293767824,0.43689765157687604,0.4712084689203783,1.0,0.25609551470387604,-0.009815198813682124,0.5410215327959726,-0.009808454639707621,,-0.21643971251574765,-0.20919535340548753,-0.17619465394972159,0.11127313033431856,-0.19361334863094481,-0.24512506091307684,-0.24543039978513018,-0.05252342772490944,-0.22476534719548985,-0.2837580843956108,-0.04113087656598335,-0.11864151099470943,-0.05929395218888161,-0.08220466424570844,-0.09936640211425224,-0.14719094038305902,-0.008268435631708143,-0.15616123346280963,0.9053561587024398,0.9055284060294806,-0.06933888927743033,-0.032501992108131025,-0.2060025144271857,-0.011566710928110424,0.15704910502330524,0.019268659113851946,0.39741913143963753,-0.3975315615367453,-0.22020524080522405,-0.22997625959259355,-0.011566710928110431,0.2242838863666898,0.15704910502330488,-0.19361334863094276,-0.3910516946751166,-0.20600251442718645,-0.11127313033431817,-0.2837580843956112,-0.09070504477591657,-0.01766861514036029,-0.04113087656598335,0.044652495395982886,0.026814456026239827,0.05628261708584047,0.9053561587024398,0.17250066302739825,,,,,,,,,-0.017668615140360288,-0.01766861514036028,-0.017668615140360194,-0.0021675927948195035,-0.017668615140360194,-0.04113087656598335,-0.0411308765659831,-0.04113087656598332,-0.04113087656598332
minimum_maximum_nights,-0.2601098535661825,,-0.18985931763809938,0.2069567478401471,0.1840191739907398,,-0.008718235678349959,0.04522366340548789,0.05966974225657149,0.04481808637803264,0.009103670751793809,0.04880444155399394,0.06687751593107205,0.5019722571342021,0.06473688779844125,0.25609551470387604,1.0,0.02408469945059793,0.0909282573898899,0.024111029803356897,,-0.1492994295779471,-0.14096171144216443,-0.1313200508483228,0.08053567566822745,0.10553896332394268,0.042890961284773356,-0.06836971869655648,-0.04151067574434691,0.07771611238198811,0.09742174126841076,-0.006941065509624337,0.010942527117512969,0.03090823591024183,0.001081509712282121,0.033153305616801715,0.010042410552086312,0.01814212563751022,0.018531331824469068,0.2694093276058425,0.2714313832494346,-0.029386406141502345,-0.09775091570831265,-0.07859308665556584,-0.05747234899817526,0.08526230215160803,-0.05103184313721448,0.03828727761750038,0.13699437300132222,0.06302691180043707,0.05075729383290693,-0.05747234899817556,0.1349253757536595,0.08526230215160739,0.10553896332394301,0.1407726849186189,-0.07859308665556576,-0.08053567566822904,0.09742174126841108,0.058848492654471944,-0.033115877315527835,-0.006941065509624337,-0.04463245703852388,-0.03864540880041371,0.035091939829476844,0.2694093276058425,0.10001868847020617,,,,,,,,,-0.03311587731552764,-0.03311587731552773,-0.03311587731552774,-0.022428622574471986,-0.03311587731552774,-0.006941065509624353,-0.0069410655096244335,-0.006941065509624489,-0.006941065509624489
maximum_maximum_nights,-0.03141516650650233,,0.005383163897081194,-0.00780340138579009,-0.007928238212100423,,-0.006612462845737356,0.020763390434704265,-0.01426843995907426,-0.013537633375916291,-0.012696671376944827,-0.010088039580426691,-0.012546816585148245,0.03882687118123781,-0.012461699986263126,-0.009815198813682124,0.02408469945059793,1.0,-0.013138206940489188,0.9999999996410806,,0.03015101681472157,0.022768738996459075,0.023993548057547446,0.02737840310657292,0.0789574177891377,0.04913917043002112,-0.007317850806540339,0.02450716897446241,0.06484636001016075,0.017944131941345913,0.0014292062973067187,-0.024242637098965385,-0.01398287991773829,-0.016072614627110505,-0.005916521630332291,-0.017268698833078,0.006841476997914037,-0.021982929484447883,-0.007771668197166727,-0.00812477930110036,0.008601004357683613,-0.002050543022051855,0.04855826716714573,-0.0009490290571148083,0.012493850278831162,0.0008779181457043683,0.027506767417325703,0.032693292166125265,-0.012956029478517312,-0.01002900116936422,-0.0009490290571148176,0.017775401069219723,0.012493850278831004,0.07895741778913758,0.02954862540318316,0.04855826716714577,-0.027378403106573104,0.01794413194134611,0.02355552546940388,-0.006984975184394504,0.0014292062973067187,-0.005786975708403694,-0.005337395075504689,-0.02297777710403876,-0.007771668197166727,0.016288757780105245,,,,,,,,,-0.006984975184394492,-0.0069849751843944746,-0.006984975184394499,-0.00014433893555450107,-0.006984975184394499,0.001429206297306719,0.001429206297306727,0.001429206297306725,0.001429206297306725
minimum_nights_avg_ntm,-0.04609275719777605,,-0.0673223138445703,0.27663878036388717,0.2682318512469914,,-0.04621303565631214,0.09523374102749493,-0.1951612366199183,-0.1155421389987591,-0.13990817999209604,-0.18866021393040588,0.9594609842381507,0.22385917636512392,0.9838243530938656,0.5410215327959726,0.0909282573898899,-0.013138206940489188,1.0,-0.013135964943294796,,-0.05915281825418435,-0.04730090340876154,-0.03134724651190582,0.10551783462764908,-0.20792677192577397,-0.3042015153757375,-0.30776935428345065,0.022932921734842356,-0.27790586919987076,-0.25278488167094226,-0.04870229974690338,-0.039323027471107254,-0.015141455244731235,-0.05657546476315904,-0.0065106793505059915,-0.0540824955383354,0.0062663379740987716,-0.060674364685255125,0.2723051485906294,0.27095995977800047,0.019046636928526102,-0.04180518632989149,-0.25679856576173143,-0.02922713179452048,-0.02638751870968474,-0.002991477286345755,0.17702159417906585,-0.37591476821914394,-0.20409693149195593,-0.20599543182443608,-0.029227131794520387,0.0010362687664849488,-0.026387518709684848,-0.20792677192577302,-0.37180050396408515,-0.2567985657617303,-0.10551783462765041,-0.25278488167094204,-0.049978993838131765,-0.056499874767075575,-0.04870229974690338,-0.011460546003212481,-0.018856617998276263,-0.1499260420796997,0.2723051485906294,0.0537969059341227,,,,,,,,,-0.05649987476707556,-0.0564998747670754,-0.056499874767075325,0.17832360618752596,-0.056499874767075325,-0.04870229974690337,-0.04870229974690343,-0.048702299746903197,-0.048702299746903197
maximum_nights_avg_ntm,-0.03142204743697169,,0.005378199237633139,-0.007797969260109491,-0.007923340728858603,,-0.006612653266235675,0.02076467792778613,-0.0142667394930677,-0.013536544866792104,-0.012696334180996539,-0.010086679442184129,-0.012545221704603073,0.03884048612338305,-0.012460163727994621,-0.009808454639707621,0.024111029803356897,0.9999999996410806,-0.013135964943294796,1.0,,0.030147219147750967,0.022765131166964596,0.023990130999207427,0.02738017260493576,0.0789602864154288,0.049140559129817504,-0.007319486087901423,0.02450587652156885,0.06484866823245822,0.01794682812578506,0.0014288991958600853,-0.02424236195265089,-0.013982180891594287,-0.01607254816540513,-0.005915725556892803,-0.017268458483579135,0.0068419747120504896,-0.021982472838512426,-0.00776454356362678,-0.008117608015658742,0.008600290601781215,-0.0020532251533700394,0.048556551500440366,-0.0009504675092032542,0.012496264022113459,0.0008767237905314809,0.027507919038794657,0.03269702491229408,-0.012954251454881152,-0.010027616751400143,-0.0009504675092032574,0.017779103150215463,0.012496264022113474,0.07896028641542933,0.029552461606935643,0.04855655150044034,-0.027380172604936005,0.017946828125785116,0.02355713598266664,-0.006985657097558416,0.0014288991958600853,-0.005787960703414825,-0.0053384327237711365,-0.02297643302158002,-0.00776454356362678,0.016291566360920173,,,,,,,,,-0.006985657097558408,-0.006985657097558391,-0.006985657097558419,-0.00014502536360119832,-0.006985657097558419,0.0014288991958600848,0.0014288991958600866,0.001428899195860076,0.001428899195860076
calendar_updated,,,,,,,,,,,,,,,,,,,,,,,,,,,,,,,,,,,,,,,,,,,,,,,,,,,,,,,,,,,,,,,,,,,,,,,,,,,,,,,,,,,,
availability_30,0.11154461899853248,,0.22565824067755283,-0.1241400579105456,-0.10218578515988391,,-0.12671855040107796,0.04311525428536947,0.11812743334099313,0.07373991854183001,0.06704431133811975,0.07216939823784572,-0.049444149805291535,-0.12735653452266196,-0.036763926611208385,-0.21643971251574765,-0.1492994295779471,0.03015101681472157,-0.05915281825418435,0.030147219147750967,,1.0,0.9342577768704804,0.8482639019882778,0.32038643792813865,-0.045850253713062145,0.021912356384300124,0.0884023006839683,0.5671137075236429,0.00014872023148248902,-0.07858515056458922,0.021493747224369298,-0.13664324824435542,-0.1547424366643433,-0.07570169277046199,-0.13369583521620912,-0.11087111994081837,-0.15823537834159257,-0.14655828839734197,-0.21403937921583788,-0.21081625491471814,-0.037376677471049106,-0.07316431635338423,0.10297597542773507,0.06450201996916441,0.1394167465967556,0.050940148443069155,0.07300367879832095,-0.020294453767665834,0.1067364251041893,0.06586057342063666,0.06450201996916458,0.12410968477939023,0.13941674659675543,-0.04585025371306224,-0.023269812787092965,0.10297597542773496,-0.32038643792813976,-0.07858515056458933,-0.07997986519941447,-0.00661105783661582,0.021493747224369298,-0.029038880755790558,-0.012152091284266423,-0.268847982670656,-0.21403937921583788,0.046611057337012964,,,,,,,,,-0.006611057836615878,-0.006611057836615909,-0.0066110578366159285,0.241554116977428,-0.0066110578366159285,0.02149374722436931,0.02149374722436933,0.021493747224369458,0.021493747224369458
availability_60,0.1297712572584424,,0.2441064581581435,-0.12734016346456845,-0.10649899376725593,,-0.13251009576036088,0.03732576560193176,0.10719539454013333,0.06352432196319611,0.049732564971281375,0.05652485143041862,-0.04067221616459252,-0.12325229028655017,-0.026581276304722973,-0.20919535340548753,-0.14096171144216443,0.022768738996459075,-0.04730090340876154,0.022765131166964596,,0.9342577768704804,1.0,0.9525475116293222,0.3900345575239588,-0.06698556063674804,0.011106988638182012,0.0782638994932805,0.6688364676975076,-0.01367278859211109,-0.08581338792382742,0.016007009013797494,-0.14181987826712814,-0.1600862961045387,-0.08297470716123727,-0.13789474489262568,-0.10698470522209491,-0.16980227902372638,-0.15859121583711663,-0.20993251626737552,-0.20702086667358757,-0.02864121420837835,-0.08131965704981184,0.10272181245607508,0.05868455457562733,0.11967863691112904,0.04619637063880307,0.06090516483935876,-0.0400154761476965,0.0982093669938732,0.05272387614410048,0.05868455457562736,0.10711906181735745,0.1196786369111287,-0.06698556063674803,-0.04277160908989404,0.10272181245607491,-0.39003455752395694,-0.08581338792382723,-0.08331388437264539,-0.025717357462784463,0.016007009013797494,-0.05100127236900478,-0.030308145759505266,-0.33191756512693504,-0.20993251626737552,0.07889874455434749,,,,,,,,,-0.025717357462784533,-0.025717357462784515,-0.02571735746278462,0.24690848934662407,-0.02571735746278462,0.016007009013797518,0.016007009013797584,0.016007009013797563,0.016007009013797563
availability_90,0.1317499419264711,,0.2420714395028462,-0.11383498711222659,-0.09478047534104847,,-0.12936362596439333,0.022690553289333733,0.1003343812693977,0.050760050789015736,0.040155471983082884,0.04637343611769016,-0.02860130074114985,-0.11006097820094293,-0.013551377309581069,-0.17619465394972159,-0.1313200508483228,0.023993548057547446,-0.03134724651190582,0.023990130999207427,,0.8482639019882778,0.9525475116293222,1.0,0.48891365916727225,-0.07651749716880317,0.005073386735711087,0.07972180195097484,0.789243776079738,-0.022687812875059922,-0.08090679204606994,0.011122363163752282,-0.13589738735026574,-0.15216354044729852,-0.08184566549583089,-0.12702390407365716,-0.10025247677007389,-0.16433108986653808,-0.15506724879039172,-0.18561588429117334,-0.18318346742101563,-0.01451903319330398,-0.10214512685849826,0.09493934086434415,0.05169958535408607,0.09187097359117719,0.040480574359395324,0.038763603038743925,-0.051531601249375864,0.08963454257127944,0.04112104073929098,0.05169958535408599,0.07956825229439828,0.09187097359117721,-0.07651749716880343,-0.053601160838580866,0.09493934086434425,-0.48891365916727125,-0.08090679204606975,-0.08205348581965298,-0.05331261408118874,0.011122363163752282,-0.08226681235045742,-0.05836271846076246,-0.38893760559573787,-0.18561588429117334,0.09587485153286765,,,,,,,,,-0.053312614081188904,-0.05331261408118889,-0.05331261408118892,0.23568155816777317,-0.05331261408118892,0.011122363163752298,0.01112236316375229,0.011122363163752324,0.011122363163752324
availability_365,0.06400706655719297,,0.05933538050049861,0.12163945373521678,0.13080410779666102,,-0.10659737332943128,0.058525096741444196,0.06785586106503044,0.06894186777912376,0.009979384579357648,0.02873919719763519,0.0929040906179779,0.13880898021635896,0.10403160666974781,0.11127313033431856,0.08053567566822745,0.02737840310657292,0.10551783462764908,0.02738017260493576,,0.32038643792813865,0.3900345575239588,0.48891365916727225,1.0,-0.06407679483877918,-0.04319323589257849,-0.05148823175266047,0.8169577324601249,-0.04920673285570157,-0.060163120130678684,0.01061875640012381,-0.06610356431221541,-0.06607595955163695,-0.03599458909517815,-0.06144559139761511,-0.06377378682249463,-0.09900452520251696,-0.0885769600760098,0.08084156500233834,0.08380250032783075,-0.040671286812040526,-0.12985558344388684,-0.03444694698677128,0.053476088661299416,0.10028591814259992,0.047321075077636596,0.08448450711361556,-0.10764221984801192,0.05871881366354689,0.0393157774824779,0.05347608866129945,0.10087663012501943,0.10028591814259993,-0.06407679483877898,-0.10678955035801536,-0.034446946986771254,-0.9999999999999948,-0.06016312013067851,-0.044019939300194155,-0.18282885485844613,0.01061875640012381,-0.17975284559479654,-0.15141404756328533,-0.6913905593575543,0.08084156500233834,0.1040050101646366,,,,,,,,,-0.18282885485844622,-0.18282885485844483,-0.18282885485844627,0.23290327223278126,-0.18282885485844627,0.010618756400123804,0.010618756400123776,0.010618756400123799,0.010618756400123799
number_of_reviews,-0.4764294807419767,,-0.23284665659830187,-0.18180809593903385,-0.18454322206528231,,0.13955694385034398,-0.09302683774311239,0.057621580039853064,-0.03162494617919066,-0.0023950759148995944,0.04738200541730429,-0.20069716708973087,0.00226324578275626,-0.20124748432047618,-0.19361334863094481,0.10553896332394268,0.0789574177891377,-0.20792677192577397,0.0789602864154288,,-0.045850253713062145,-0.06698556063674804,-0.07651749716880317,-0.06407679483877918,1.0,0.6356416179382404,0.37787118347829207,-0.06049708417683334,0.6980482150257415,0.5654743921022718,0.05879807756822134,0.1149863398327991,0.12465990053557219,0.10746917313612303,0.1252303474362792,0.11207771684207171,0.1230518390076392,0.14758355070088044,-0.17711825825086694,-0.17110625218414985,-0.09592203732682941,-0.03371145384122266,0.4678314992488098,-0.029373169575101228,-0.04008957416439381,-0.027376296437204687,-0.1345353249486943,0.725344941643774,0.09143489401898741,0.0822803256867615,-0.029373169575101506,-0.0513079464304445,-0.04008957416439399,1.0000000000000002,0.7203657295055637,0.4678314992488074,0.06407679483877626,0.5654743921022721,0.4352234896637367,-0.013412577445704283,0.05879807756822134,-0.015530206282015301,-0.00642697116880581,0.0879858890463446,-0.17711825825086694,-0.12370252627659628,,,,,,,,,-0.01341257744570403,-0.013412577445703984,-0.013412577445703929,-0.06806546780092944,-0.013412577445703929,0.05879807756822131,0.05879807756822137,0.05879807756822085,0.05879807756822085
number_of_reviews_ltm,-0.14771124191214105,,-0.04736430160349877,-0.2090093315419623,-0.21034491838574867,,0.11511963139059289,-0.06962124328050621,0.12514256111519323,0.006074741614766946,0.04235566057959346,0.09934779764552189,-0.29878990263940514,-0.07900821610681807,-0.2976942964592897,-0.24512506091307684,0.042890961284773356,0.04913917043002112,-0.3042015153757375,0.049140559129817504,,0.021912356384300124,0.011106988638182012,0.005073386735711087,-0.04319323589257849,0.6356416179382404,1.0,0.6827603352091592,0.0017160975513290846,0.908400373010058,0.7423519926666725,0.13395100654960593,0.1218899255844349,0.11843561180013373,0.12310881769277665,0.11159118707387301,0.10782738768902975,0.12716307059813586,0.14602516803706744,-0.19831931448536394,-0.1918208908114477,-0.1069337438297944,-0.023518757077589887,0.7665206896351846,-0.015464269363550555,0.0205891374464627,-0.011607217274017097,-0.1453101650407301,0.648204774809601,0.16084025855294806,0.1367457692240672,-0.0154642693635506,0.01764397494077265,0.02058913744646299,0.6356416179382419,0.6441299709566725,0.7665206896351805,0.04319323589257787,0.7423519926666742,0.5399410903324536,0.015488201088720803,0.13395100654960593,0.010402798663912183,0.02222765297633281,0.13610077100237422,-0.19831931448536394,-0.1005686173149298,,,,,,,,,0.015488201088720918,0.015488201088720899,0.015488201088720914,-0.09318951584123217,0.015488201088720914,0.13395100654960587,0.13395100654960573,0.1339510065496055,0.1339510065496055
number_of_reviews_l30d,0.011821602145682003,,0.0392233865622307,-0.20978219383137114,-0.21346734117888028,,0.10786972454496674,-0.07619057002360322,0.08515910748477774,-0.022383568650657305,0.024963346242503227,0.06398904360918956,-0.30267660310731903,-0.16311990748943245,-0.2999845015738893,-0.24543039978513018,-0.06836971869655648,-0.007317850806540339,-0.30776935428345065,-0.007319486087901423,,0.0884023006839683,0.0782638994932805,0.07972180195097484,-0.05148823175266047,0.37787118347829207,0.6827603352091592,1.0,0.05461868442460839,0.5033841483378906,0.5209787050725107,0.03953614776989159,0.12187679648930795,0.1065184135542532,0.13449166609711619,0.08403729537931366,0.10950583086909112,0.1033429406084885,0.14198709355342276,-0.19964034536146813,-0.1919477094692631,-0.12331464411038602,-0.04846023706573642,0.7740529926658651,-0.04239915061825126,-0.04194672348682082,-0.04376519717457353,-0.17227715539957347,0.4740174322034643,0.1258835791400212,0.09424504444173845,-0.04239915061825123,-0.049679774241310586,-0.04194672348682075,0.3778711834782934,0.46889387023324836,0.7740529926658636,0.05148823175266073,0.5209787050725062,0.33579769270290005,-0.02113672328933162,0.03953614776989159,-0.03275358059567078,-0.02135033121156217,0.11390613588540428,-0.19964034536146813,-0.12484876088582048,,,,,,,,,-0.021136723289331586,-0.021136723289331624,-0.02113672328933161,-0.08232067456904939,-0.02113672328933161,0.03953614776989162,0.03953614776989185,0.039536147769891776,0.039536147769891776
availability_eoy,0.10742601105492135,,0.1576969825230239,-0.025201517390095424,-0.01189731921967197,,-0.10020431500814897,0.012788660693007301,0.1064664855223381,0.06812045688443827,0.044904896048603496,0.055203527656198986,0.01736181025204029,-0.009370213427834131,0.03133660742350324,-0.05252342772490944,-0.04151067574434691,0.02450716897446241,0.022932921734842356,0.02450587652156885,,0.5671137075236429,0.6688364676975076,0.789243776079738,0.8169577324601249,-0.06049708417683334,0.0017160975513290846,0.05461868442460839,1.0,-0.02081611684729776,-0.03809119333148262,0.008298553562040236,-0.09197580383785735,-0.10032439731118321,-0.04577219965480979,-0.09283886667220918,-0.07482798745402611,-0.12395013472616528,-0.11636601589329167,-0.07657426625399813,-0.07351626579139703,-0.027912779841021026,-0.1314865756919841,0.056604991079752226,0.04164687640789425,0.07816729139022953,0.032093104073886713,0.02003617923466316,-0.05554301875977005,0.09546190463278705,0.05380711713568858,0.041646876407894225,0.0673940736184677,0.0781672913902293,-0.06049708417683367,-0.05614244437930219,0.05660499107975217,-0.8169577324601262,-0.03809119333148276,-0.049452808626887244,-0.14419019383242826,0.008298553562040236,-0.1713444286911615,-0.1408509591287146,-0.5608560736023652,-0.07657426625399813,0.09485125434953783,,,,,,,,,-0.14419019383242823,-0.14419019383242893,-0.14419019383242868,0.22173403152763138,-0.14419019383242868,0.008298553562040251,0.008298553562040213,0.008298553562040225,0.008298553562040225
number_of_reviews_ly,-0.23782951459635632,,-0.09033737375531006,-0.19236108311580685,-0.19317204508183505,,0.11114094588036774,-0.06700941623133527,0.11356269159357193,0.005197231903291697,0.03720512000743251,0.10125227964639473,-0.2700933060493528,-0.056798695535393975,-0.2717998529680581,-0.22476534719548985,0.07771611238198811,0.06484636001016075,-0.27790586919987076,0.06484866823245822,,0.00014872023148248902,-0.01367278859211109,-0.022687812875059922,-0.04920673285570157,0.6980482150257415,0.908400373010058,0.5033841483378906,-0.02081611684729776,1.0,0.7196955642763878,0.14077994141176908,0.11913984117005948,0.11742410769903915,0.11708107104412369,0.11570725558710412,0.10766122200957574,0.12107422933316705,0.1366624572691118,-0.18433280497922583,-0.17815504111976205,-0.10064822188538457,-0.02953011536128232,0.5950611332112837,-0.005729135950489522,0.03216298539431197,0.0017381232717748397,-0.11005996116581519,0.6656463458104571,0.1472014328713075,0.14037958418206592,-0.005729135950489613,0.027078504487573884,0.032162985394312324,0.6980482150257363,0.6645964089455961,0.5950611332112848,0.04920673285570052,0.7196955642763831,0.527469428747268,0.02703162402723278,0.14077994141176908,0.030034512891664287,0.03696807362756524,0.1330388727298102,-0.18433280497922583,-0.10623359040229506,,,,,,,,,0.027031624027232887,0.027031624027232866,0.027031624027232904,-0.0846530952702992,0.027031624027232904,0.14077994141176908,0.14077994141176833,0.14077994141176844,0.14077994141176844
estimated_occupancy_l365d,-0.24781784778718238,,-0.12939059267926087,-0.28996738992176513,-0.2935618950800094,,0.14191665108899118,-0.11265081267914863,0.1378108465645278,-0.0014409185153194627,0.04847869662511187,0.10888541305512378,-0.23836323700749804,-0.09432476966297909,-0.24884846832333915,-0.2837580843956108,0.09742174126841076,0.017944131941345913,-0.25278488167094226,0.01794682812578506,,-0.07858515056458922,-0.08581338792382742,-0.08090679204606994,-0.060163120130678684,0.5654743921022718,0.7423519926666725,0.5209787050725107,-0.03809119333148262,0.7196955642763878,1.0,0.12022521187805271,0.18649684053719895,0.18187979337590507,0.15592754392034938,0.17242461310958973,0.16641813089304613,0.16908460336562783,0.1984109218761422,-0.27163000347139094,-0.2628096226366069,-0.13891054675144793,-0.05087172351164163,0.45733195276340016,-0.04004310177684772,-0.05324523314110667,-0.04100403050822391,-0.2439254451600338,0.7436708982701995,0.18491290897951349,0.1572946871622453,-0.04004310177684782,-0.05802134096093156,-0.05324523314110621,0.5654743921022721,0.7437525207076723,0.4573319527633987,0.06016312013067743,1.0000000000000049,0.6304995834877477,-0.014116824409143518,0.12022521187805271,-0.030814605157783916,-0.0130269744564593,0.12110052909054916,-0.27163000347139094,-0.13679584591560937,,,,,,,,,-0.014116824409143303,-0.014116824409143336,-0.01411682440914336,-0.10353734005451233,-0.01411682440914336,0.12022521187805266,0.1202252118780528,0.1202252118780529,0.1202252118780529
estimated_revenue_l365d,-0.004958037065858703,,0.018433663552720105,0.004923138467240386,0.03434828139641652,,0.018691022058840746,0.01953813189611833,0.07036977002399825,0.0429580831945614,0.048150989197020294,0.062175478393058516,-0.0463638622943707,0.026090471746847844,-0.04775529297244433,-0.04113087656598335,-0.006941065509624337,0.0014292062973067187,-0.04870229974690338,0.0014288991958600853,,0.021493747224369298,0.016007009013797494,0.011122363163752282,0.01061875640012381,0.05879807756822134,0.13395100654960593,0.03953614776989159,0.008298553562040236,0.14077994141176908,0.12022521187805271,1.0,-0.025105015889489036,-0.03078943067197623,1.3184964920161088e-05,-0.021750890316042094,-0.03922352361347219,0.018924717505665583,-0.03722016297623724,-0.03166497534985076,-0.03283674079043453,0.00911403215008531,-0.009556203951175088,0.07585932908456962,0.474989244542718,0.20789623045293934,0.5455979109236769,0.18049141613303862,0.09330984557589211,0.06828687279697451,0.06464053298863631,0.4749892445427183,0.10103189239586195,0.2078962304529388,0.058798077568221134,0.09331247035491587,0.07585932908456987,-0.010618756400123806,0.12022521187805243,0.08029107165747341,0.4791289893713317,1.0,0.6636819115148699,0.6169740555252758,0.13098674396556842,-0.03166497534985076,0.0017457968774935622,,,,,,,,,0.4791289893713317,0.47912898937132936,0.4791289893713296,-0.021278846322943804,0.4791289893713296,1.0,0.9999999999999944,1.0000000000000016,1.0000000000000016
review_scores_rating,-0.10465132703399796,,-0.15083851027278306,-0.16382846231186413,-0.174266908339577,,0.11570802596279488,-0.09148660836539568,0.09208315727298168,0.038267938241671684,0.09236610908411338,0.09124790253123034,-0.028787858878436552,-0.05952025490321439,-0.03255316128749303,-0.11864151099470943,0.010942527117512969,-0.024242637098965385,-0.039323027471107254,-0.02424236195265089,,-0.13664324824435542,-0.14181987826712814,-0.13589738735026574,-0.06610356431221541,0.1149863398327991,0.1218899255844349,0.12187679648930795,-0.09197580383785735,0.11913984117005948,0.18649684053719895,-0.025105015889489036,1.0,0.8432055594202238,0.734245769682664,0.7215264131134284,0.7892726901058323,0.5958656550409595,0.834939453983809,-0.15530118272924914,-0.1430036632545495,-0.1644071029997559,-0.0777039666539441,0.08236710987688496,-0.0461138951863139,0.09739879921284365,-0.06708154227302701,-0.010539272004619547,0.20749761255749732,0.12257809941323965,0.10767256373678795,-0.04611389518631368,0.09629762401715071,0.09739879921284329,0.11498633983279845,0.20261165549562846,0.08236710987688523,0.06610356431221522,0.18649684053719898,0.08239825026863139,-0.0006981164906261087,-0.025105015889489015,-0.0437464431218864,-0.0441631899287186,0.15743854147074185,-0.15530118272924914,-0.14419064198140397,,,,,,,,,-0.0006981164906261197,-0.0006981164906260855,-0.0006981164906262368,-0.098087667805052,-0.0006981164906262368,-0.025105015889489015,-0.02510501588948904,-0.02510501588948921,-0.02510501588948921
review_scores_accuracy,-0.11783382917954316,,-0.153119315516693,-0.10101913408600639,-0.11424104144059315,,0.10304730847225313,-0.08002468479831497,0.06235559432100073,0.025342288443874067,0.06868957098177897,0.06877216078446538,-0.012539723165919756,-0.032915911918125755,-0.014699118982685298,-0.05929395218888161,0.03090823591024183,-0.01398287991773829,-0.015141455244731235,-0.013982180891594287,,-0.1547424366643433,-0.1600862961045387,-0.15216354044729852,-0.06607595955163695,0.12465990053557219,0.11843561180013373,0.1065184135542532,-0.10032439731118321,0.11742410769903915,0.18187979337590507,-0.03078943067197623,0.8432055594202238,1.0,0.6914973418553019,0.6682572165623197,0.696009961173499,0.5640544236220918,0.7816870912609715,-0.08949489911834196,-0.07874384857983605,-0.1406899729590315,-0.0784784731269082,0.07405555274207032,-0.05288093913575808,0.08308131216606666,-0.0711109791600907,0.0008641363125512385,0.20983918726246512,0.09247241512735005,0.0854331441662571,-0.052880939135758157,0.08606026756520976,0.08308131216606635,0.12465990053557172,0.20595724967638548,0.0740555527420705,0.06607595955163713,0.18187979337590418,0.07847926348354566,-0.0031019984978972945,-0.030789430671976228,-0.03979558431728106,-0.03862291723717788,0.16067740768545383,-0.08949489911834196,-0.13697024471326044,,,,,,,,,-0.0031019984978973092,-0.003101998497897278,-0.0031019984978972073,-0.10179652527840038,-0.0031019984978972073,-0.030789430671976165,-0.03078943067197601,-0.030789430671976262,-0.030789430671976262
review_scores_cleanliness,-0.07509301322770981,,-0.10920231212228437,-0.0998598479080399,-0.10399156878320123,,0.1281273201702107,-0.09625192002921767,0.0945003509600414,0.02596378694557279,0.08705077659618346,0.0918025966214546,-0.05125640040370339,-0.03625147277937902,-0.05516907876348165,-0.08220466424570844,0.001081509712282121,-0.016072614627110505,-0.05657546476315904,-0.01607254816540513,,-0.07570169277046199,-0.08297470716123727,-0.08184566549583089,-0.03599458909517815,0.10746917313612303,0.12310881769277665,0.13449166609711619,-0.04577219965480979,0.11708107104412369,0.15592754392034938,1.3184964920161088e-05,0.734245769682664,0.6914973418553019,1.0,0.5135238438095964,0.5873970451605555,0.4529362506629255,0.6412816907219301,-0.09897677747103271,-0.08392090737012763,-0.21711810923835154,-0.09650865812450136,0.09799002902695589,0.001671373532360698,0.15696412953341435,-0.013163211884009396,0.05947281617723472,0.19161953208403246,0.13490213774276427,0.10997871713792193,0.001671373532360703,0.14627777527909702,0.15696412953341402,0.10746917313612261,0.1875668156644167,0.09799002902695583,0.03599458909517824,0.15592754392034844,0.07440500751546375,0.033371764135854035,1.3184964920175448e-05,-8.089009004201438e-05,0.002708890638692176,0.16677107212574857,-0.09897677747103271,-0.123599067892006,,,,,,,,,0.03337176413585401,0.033371764135854055,0.0333717641358541,-0.092279477417609,0.0333717641358541,1.3184964920184298e-05,1.3184964920193161e-05,1.318496492016876e-05,1.318496492016876e-05
review_scores_checkin,-0.15070977400383437,,-0.15591835067988452,-0.14896957556520685,-0.16112044732790531,,0.07591189410225235,-0.0764142635760382,0.04824219436649614,0.009509548759752785,0.05089248355434435,0.05261028339307872,-0.002500352945571646,-0.03568206031865617,-0.002998258133475741,-0.09936640211425224,0.033153305616801715,-0.005916521630332291,-0.0065106793505059915,-0.005915725556892803,,-0.13369583521620912,-0.13789474489262568,-0.12702390407365716,-0.06144559139761511,0.1252303474362792,0.11159118707387301,0.08403729537931366,-0.09283886667220918,0.11570725558710412,0.17242461310958973,-0.021750890316042094,0.7215264131134284,0.6682572165623197,0.5135238438095964,1.0,0.7071202747605444,0.5178482868567301,0.6423490744927001,-0.14478772746189048,-0.13591970757018976,-0.12009146501342921,-0.03492260406613514,0.059714253878864226,-0.040291349531936756,0.013408160216716805,-0.0507095860167873,-0.05700601506653086,0.21441476928013184,0.06532913365191238,0.06569136144317236,-0.0402913495319366,0.018951392434800686,0.013408160216716735,0.12523034743627942,0.20971827811096866,0.05971425387886419,0.06144559139761533,0.1724246131095903,0.07713370243579774,-0.0003692496641197015,-0.021750890316042056,-0.031846874055984825,-0.030146500704147844,0.09606004878261189,-0.14478772746189048,-0.13194572285462505,,,,,,,,,-0.00036924966411971234,-0.0003692496641197264,-0.00036924966411970296,-0.05985740710699861,-0.00036924966411970296,-0.021750890316042028,-0.021750890316041993,-0.021750890316042163,-0.021750890316042163
review_scores_communication,-0.09831808995442234,,-0.13142636757726694,-0.19083770431824923,-0.1993033448276959,,0.06530722060842285,-0.07889796317341154,0.0731869839769153,0.01149045460078188,0.07208842340286828,0.07080216118585772,-0.04384614893975095,-0.06285909405126214,-0.04571390795283321,-0.14719094038305902,0.010042410552086312,-0.017268698833078,-0.0540824955383354,-0.017268458483579135,,-0.11087111994081837,-0.10698470522209491,-0.10025247677007389,-0.06377378682249463,0.11207771684207171,0.10782738768902975,0.10950583086909112,-0.07482798745402611,0.10766122200957574,0.16641813089304613,-0.03922352361347219,0.7892726901058323,0.696009961173499,0.5873970451605555,0.7071202747605444,1.0,0.48297336442873334,0.7130611098957627,-0.18934734710172282,-0.17865955689028276,-0.14823693000039734,-0.060092612531021425,0.07886675148467945,-0.06210014344210258,0.02068181117252241,-0.06985366125577325,-0.08150653794100253,0.21364177851523147,0.09902847163610423,0.08688777579808865,-0.06210014344210262,0.021960536471396397,0.020681811172522352,0.11207771684207132,0.20725309876434275,0.07886675148468018,0.06377378682249454,0.1664181308930461,0.06615109931887321,-0.016551976540653098,-0.03922352361347221,-0.049623058530743475,-0.05146714408744422,0.10245607964091764,-0.18934734710172282,-0.12667941488637693,,,,,,,,,-0.01655197654065312,-0.016551976540653168,-0.0165519765406532,-0.06983963754802652,-0.0165519765406532,-0.03922352361347216,-0.039223523613472075,-0.03922352361347211,-0.03922352361347211
review_scores_location,-0.08874048951814177,,-0.1321781557381879,-0.020915805531906237,-0.02604276319863563,,0.29718785440271034,-0.038482704730129255,0.04934821349254233,0.019145483728237513,0.01942871203361313,0.0520352530867269,0.009474553070402908,-0.0006006278072332782,0.004469506173581762,-0.008268435631708143,0.01814212563751022,0.006841476997914037,0.0062663379740987716,0.0068419747120504896,,-0.15823537834159257,-0.16980227902372638,-0.16433108986653808,-0.09900452520251696,0.1230518390076392,0.12716307059813586,0.1033429406084885,-0.12395013472616528,0.12107422933316705,0.16908460336562783,0.018924717505665583,0.5958656550409595,0.5640544236220918,0.4529362506629255,0.5178482868567301,0.48297336442873334,1.0,0.574491893618752,-0.011982127565467734,-0.002190897312542229,-0.1516393058386464,-0.01208497846143078,0.10213307305916094,0.012065652054862874,0.18634170081856413,-0.005796564415592733,0.1546924492761553,0.16153506864843178,0.0723476024965168,0.051724375397178286,0.012065652054862782,0.18265840775702305,0.18634170081856413,0.12305183900763901,0.16188932181483426,0.10213307305916124,0.09900452520251711,0.16908460336562775,0.08150447457584209,0.06543456924257282,0.018924717505665597,0.029639149916510576,0.03469945384577828,0.2374833067873663,-0.011982127565467734,-0.07943674450072534,,,,,,,,,0.06543456924257286,0.0654345692425729,0.06543456924257297,-0.12518178606750746,0.06543456924257297,0.01892471750566563,0.018924717505665593,0.018924717505665666,0.018924717505665666
review_scores_value,-0.10024896097003799,,-0.1445253283061166,-0.19689049326094984,-0.20759545946900604,,0.09397617172897008,-0.10586382974629548,0.0737431797667575,0.030046194127813466,0.08154145987345558,0.0767146911619378,-0.05365022266781755,-0.06398868088194601,-0.05731514724292621,-0.15616123346280963,0.018531331824469068,-0.021982929484447883,-0.060674364685255125,-0.021982472838512426,,-0.14655828839734197,-0.15859121583711663,-0.15506724879039172,-0.0885769600760098,0.14758355070088044,0.14602516803706744,0.14198709355342276,-0.11636601589329167,0.1366624572691118,0.1984109218761422,-0.03722016297623724,0.834939453983809,0.7816870912609715,0.6412816907219301,0.6423490744927001,0.7130611098957627,0.574491893618752,1.0,-0.1919404171949082,-0.1825374202704775,-0.12141142734981505,-0.054781270066261475,0.11520141053668101,-0.06685522247870004,0.01455512518911308,-0.0857223737347251,-0.0832861183338537,0.2536292235818455,0.09237394982070651,0.09545388145448212,-0.06685522247869992,0.016430542100425286,0.014555125189112826,0.14758355070087958,0.24673724670582534,0.11520141053668141,0.08857696007600982,0.1984109218761406,0.09051193466624473,-0.0229732014311167,-0.03722016297623724,-0.059387218611111764,-0.061360760444910276,0.12156567578557353,-0.1919404171949082,-0.15123033813463274,,,,,,,,,-0.022973201431116697,-0.02297320143111663,-0.02297320143111675,-0.08466069721901279,-0.02297320143111675,-0.03722016297623722,-0.03722016297623707,-0.03722016297623719,-0.03722016297623719
calculated_host_listings_count,0.036956977009296475,,-0.1290071345050858,0.9261938775603346,0.8843090734662853,,-0.0036202659427427594,0.18479234890259993,-0.18167117344502012,-0.08319584833215352,-0.17290224479494162,-0.17178932390842858,0.20688010857777392,0.43462597630559485,0.2093529378609679,0.9053561587024398,0.2694093276058425,-0.007771668197166727,0.2723051485906294,-0.00776454356362678,,-0.21403937921583788,-0.20993251626737552,-0.18561588429117334,0.08084156500233834,-0.17711825825086694,-0.19831931448536394,-0.19964034536146813,-0.07657426625399813,-0.18433280497922583,-0.27163000347139094,-0.03166497534985076,-0.15530118272924914,-0.08949489911834196,-0.09897677747103271,-0.14478772746189048,-0.18934734710172282,-0.011982127565467734,-0.1919404171949082,1.0,0.9986127397126185,-0.05291273784503552,-0.00880655367626149,-0.137542296690797,0.003566571440905948,0.22503322951163468,0.030605730067527606,0.44919864702097556,-0.3729469553416916,-0.1908871130555349,-0.20706544642908065,0.0035665714409059412,0.2945440117164391,0.22503322951163474,-0.1771182582508671,-0.36635541462619287,-0.13754229669079707,-0.08084156500233874,-0.27163000347139005,-0.10327499465167407,0.008052142256915104,-0.03166497534985078,0.07092329734992193,0.05115497167397582,0.0917351710213925,1.0,0.23264772526056016,,,,,,,,,0.008052142256915064,0.008052142256915073,0.008052142256915045,-0.041740573758695124,0.008052142256915045,-0.03166497534985079,-0.031664975349850695,-0.03166497534985069,-0.03166497534985069
calculated_host_listings_count_entire_homes,0.02964774816285252,,-0.1387776455712608,0.9257382837168409,0.8828743695711481,,0.0029774796528202756,0.17953532746675155,-0.1697979428504256,-0.07904062852641625,-0.16588971116521858,-0.16254600775241107,0.20530246898839546,0.43538357271951894,0.20773601087882637,0.9055284060294806,0.2714313832494346,-0.00812477930110036,0.27095995977800047,-0.008117608015658742,,-0.21081625491471814,-0.20702086667358757,-0.18318346742101563,0.08380250032783075,-0.17110625218414985,-0.1918208908114477,-0.1919477094692631,-0.07351626579139703,-0.17815504111976205,-0.2628096226366069,-0.03283674079043453,-0.1430036632545495,-0.07874384857983605,-0.08392090737012763,-0.13591970757018976,-0.17865955689028276,-0.002190897312542229,-0.1825374202704775,0.9986127397126185,1.0,-0.10353903197309478,-0.028229914927275362,-0.13126140567769953,-0.00043162983590062183,0.2379981501305849,0.026786458602543774,0.4498098987339931,-0.3618195604873292,-0.17488415065549218,-0.19534906533943563,-0.00043162983590060107,0.30866305716759723,0.237998150130584,-0.17110625218415115,-0.35536088686476125,-0.1312614056776988,-0.08380250032783015,-0.26280962263660734,-0.0997253704151505,0.0056557661244705315,-0.03283674079043453,0.06643884587660252,0.04723686089014981,0.09767660908830424,0.9986127397126183,0.22054041964660934,,,,,,,,,0.0056557661244705125,0.005655766124470499,0.005655766124470467,-0.04335704780778567,0.005655766124470467,-0.03283674079043453,-0.03283674079043459,-0.03283674079043453,-0.03283674079043453
calculated_host_listings_count_private_rooms,0.12438677504421063,,0.21944507282243725,-0.07009617933023574,-0.05335427570197286,,-0.1396737205000035,0.07257972281988512,-0.2140284388807006,-0.07240596681271308,-0.11936559027713677,-0.16815734124066709,0.029228339361298192,-0.059863636716288034,0.029513158758731426,-0.06933888927743033,-0.029386406141502345,0.008601004357683613,0.019046636928526102,0.008600290601781215,,-0.037376677471049106,-0.02864121420837835,-0.01451903319330398,-0.040671286812040526,-0.09592203732682941,-0.1069337438297944,-0.12331464411038602,-0.027912779841021026,-0.10064822188538457,-0.13891054675144793,0.00911403215008531,-0.1644071029997559,-0.1406899729590315,-0.21711810923835154,-0.12009146501342921,-0.14823693000039734,-0.1516393058386464,-0.12141142734981505,-0.05291273784503552,-0.10353903197309478,1.0,0.1411590858024918,-0.09554432142112045,0.04352253338217343,-0.2875311291401217,0.04332577334241954,-0.07416436789388647,-0.1747451185129716,-0.2867145430334631,-0.21460427501119866,0.043522533382173635,-0.30902426428843327,-0.2875311291401209,-0.09592203732682936,-0.17276324774112334,-0.09554432142111996,0.04067128681204108,-0.13891054675144793,-0.05758633436148719,0.01349814297624806,0.009114032150085305,0.04573603804343964,0.03530513072844363,-0.14895613221984472,-0.05291273784503552,0.20879868419121478,,,,,,,,,0.013498142976248004,0.013498142976248111,0.013498142976248094,0.03736917261716142,0.013498142976248094,0.009114032150085338,0.009114032150085329,0.009114032150085272,0.009114032150085272
calculated_host_listings_count_shared_rooms,0.05983929957493904,,-0.06432318836698206,-0.025076630337873492,-0.025692427263796804,,0.01625273375214975,0.054562227035420824,-0.07807110253600863,-0.03411201682463105,-0.057240536004236106,-0.052405153346031366,-0.0418979676787553,-0.01235402368503844,-0.040859189298842545,-0.032501992108131025,-0.09775091570831265,-0.002050543022051855,-0.04180518632989149,-0.0020532251533700394,,-0.07316431635338423,-0.08131965704981184,-0.10214512685849826,-0.12985558344388684,-0.03371145384122266,-0.023518757077589887,-0.04846023706573642,-0.1314865756919841,-0.02953011536128232,-0.05087172351164163,-0.009556203951175088,-0.0777039666539441,-0.0784784731269082,-0.09650865812450136,-0.03492260406613514,-0.060092612531021425,-0.01208497846143078,-0.054781270066261475,-0.00880655367626149,-0.028229914927275362,0.1411590858024918,1.0,-0.003777382109742297,-0.009529357762852705,-0.07591196472222489,-0.0027975837376946764,0.027389045766458345,-0.05699748350967783,-0.11869545290154385,-0.06370694885188354,-0.009529357762852714,-0.07176720838801406,-0.07591196472222418,-0.03371145384122278,-0.056250837934818235,-0.0037773821097424032,0.1298555834438866,-0.05087172351164173,-0.018159079165661975,0.0029908247461610553,-0.009556203951175088,0.044171930495207304,0.022434551459950224,0.02897946643987313,-0.00880655367626149,0.05621616648891982,,,,,,,,,0.002990824746161007,0.0029908247461609932,0.002990824746161012,0.0033360240705035825,0.002990824746161012,-0.009556203951175079,-0.00955620395117504,-0.009556203951175082,-0.009556203951175082
reviews_per_month,0.1405879844270835,,0.12793460201723697,-0.13883384773882348,-0.13772981227423603,,0.09515156300042928,-0.0016095679050805074,0.0433847906814582,-0.05187734434872866,-0.02259795651385795,0.021431127113714876,-0.24958961607893818,-0.07957845318313199,-0.2520564939330328,-0.2060025144271857,-0.07859308665556584,0.04855826716714573,-0.25679856576173143,0.048556551500440366,,0.10297597542773507,0.10272181245607508,0.09493934086434415,-0.03444694698677128,0.4678314992488098,0.7665206896351846,0.7740529926658651,0.056604991079752226,0.5950611332112837,0.45733195276340016,0.07585932908456962,0.08236710987688496,0.07405555274207032,0.09799002902695589,0.059714253878864226,0.07886675148467945,0.10213307305916094,0.11520141053668101,-0.137542296690797,-0.13126140567769953,-0.09554432142112045,-0.003777382109742297,1.0,-0.00015096955826436799,0.040020859377835186,0.010047409827441654,-0.040120779266823434,0.43382159239303547,0.0766167255925914,0.04607209878006088,-0.00015096955826434874,0.03440336069092072,0.04002085937783519,0.4678314992488064,0.42418185892985805,1.0000000000000016,0.03444694698677106,0.45733195276339905,0.3632236028626686,0.023630273430499373,0.0758593290845696,0.029003328209466866,0.03540988915095943,0.1103258614794131,-0.137542296690797,-0.009809896421769278,,,,,,,,,0.023630273430499428,0.023630273430499244,0.02363027343049944,-0.0766989087191458,0.02363027343049944,0.07585932908456956,0.07585932908456992,0.07585932908456984,0.07585932908456984
price_clean,0.049484835494770826,,0.027906531818410574,0.08113611465941203,0.18406493667888818,,0.010647284238323835,0.05371446866477881,0.09398184495515206,0.09957051901871476,0.05362801015841738,0.09240360756533599,-0.02843225947767286,0.07741981326836804,-0.028341201892055946,-0.011566710928110424,-0.05747234899817526,-0.0009490290571148083,-0.02922713179452048,-0.0009504675092032542,,0.06450201996916441,0.05868455457562733,0.05169958535408607,0.053476088661299416,-0.029373169575101228,-0.015464269363550555,-0.04239915061825126,0.04164687640789425,-0.005729135950489522,-0.04004310177684772,0.474989244542718,-0.0461138951863139,-0.05288093913575808,0.001671373532360698,-0.040291349531936756,-0.06210014344210258,0.012065652054862874,-0.06685522247870004,0.003566571440905948,-0.00043162983590062183,0.04352253338217343,-0.009529357762852705,-0.00015096955826436799,1.0,0.40919016159775673,0.8375583588122113,0.4048243271803102,-0.04849766083369524,0.08073803150531841,0.08141208567805328,1.0000000000000009,0.1676757367031505,0.4091901615977558,-0.029373169575101228,-0.04879605578215697,-0.00015096955826437801,-0.05347608866129932,-0.04004310177684772,-0.012633731012838519,0.8405047638909481,0.474989244542718,0.7131215494353379,0.796070857874524,0.20556474056939583,0.0035665714409059486,0.03591890912739325,,,,,,,,,0.8405047638909481,0.8405047638909452,0.8405047638909496,-0.020264118117663592,0.8405047638909496,0.474989244542718,0.4749892445427183,0.47498924454271657,0.47498924454271657
log_price,0.029889800914788267,,-0.04285767615797334,0.27237403913045694,0.3003638801610795,,0.12775185879485243,0.15593549273187599,0.5555121147601653,0.4626744402825735,0.4729755154360432,0.49694649414516046,-0.03867232413096352,0.16823038979605437,-0.041641378111367665,0.15704910502330524,0.08526230215160803,0.012493850278831162,-0.02638751870968474,0.012496264022113459,,0.1394167465967556,0.11967863691112904,0.09187097359117719,0.10028591814259992,-0.04008957416439381,0.0205891374464627,-0.04194672348682082,0.07816729139022953,0.03216298539431197,-0.05324523314110667,0.20789623045293934,0.09739879921284365,0.08308131216606666,0.15696412953341435,0.013408160216716805,0.02068181117252241,0.18634170081856413,0.01455512518911308,0.22503322951163468,0.2379981501305849,-0.2875311291401217,-0.07591196472222489,0.040020859377835186,0.40919016159775673,1.0,0.3123221222312899,0.6484188714643456,-0.06367964107215647,0.5663747077184994,0.4820884654465149,0.4091901615977571,0.9419900612580868,0.9999999999999972,-0.040089574164393925,-0.062163759829237684,0.04002085937783512,-0.10028591814259988,-0.053245233141106955,-0.016494883169537,0.4603755733570919,0.20789623045293934,0.2996310216775771,0.30882908690269983,0.47881287129407574,0.22503322951163465,0.013519965033246364,,,,,,,,,0.460375573357092,0.46037557335709123,0.4603755733570909,-0.14399251883437278,0.4603755733570909,0.2078962304529393,0.20789623045293884,0.2078962304529394,0.2078962304529394
price_per_accommodates,0.043874313989530754,,0.02316519298601646,0.1036282898325029,0.19511747638383092,,0.007795413043651246,0.05069059039493132,-0.02198837079933881,-0.004515390180899617,-0.03651565767127613,-0.017172738234818536,-0.0038737600490481887,0.07442931588551624,-0.0037956640263251693,0.019268659113851946,-0.05103184313721448,0.0008779181457043683,-0.002991477286345755,0.0008767237905314809,,0.050940148443069155,0.04619637063880307,0.040480574359395324,0.047321075077636596,-0.027376296437204687,-0.011607217274017097,-0.04376519717457353,0.032093104073886713,0.0017381232717748397,-0.04100403050822391,0.5455979109236769,-0.06708154227302701,-0.0711109791600907,-0.013163211884009396,-0.0507095860167873,-0.06985366125577325,-0.005796564415592733,-0.0857223737347251,0.030605730067527606,0.026786458602543774,0.04332577334241954,-0.0027975837376946764,0.010047409827441654,0.8375583588122113,0.3123221222312899,1.0,0.38948154894268583,-0.05374896211529643,-0.025513624102023465,-0.02286434459197471,0.8375583588122143,0.11688398771952237,0.3123221222312883,-0.02737629643720472,-0.05385543680304538,0.010047409827441628,-0.047321075077636394,-0.04100403050822387,-0.004302077213967983,0.6800773716644074,0.5455979109236768,0.8392347102856179,0.8320729096993175,0.1465182771563672,0.030605730067527613,0.039509444593346106,,,,,,,,,0.6800773716644074,0.6800773716644074,0.6800773716644064,-0.010975394506579491,0.6800773716644064,0.5455979109236768,0.5455979109236789,0.545597910923678,0.545597910923678
log_price_per_accommodates,0.05454716244445333,,-0.009037092459992336,0.5296877282839676,0.5588565967890082,,0.13021715188729213,0.21610729554382155,-0.20508567652776258,0.04521240635979606,-0.13355764971988232,-0.12174906211319578,0.15080146865009733,0.2217687314463136,0.14992564448403609,0.39741913143963753,0.03828727761750038,0.027506767417325703,0.17702159417906585,0.027507919038794657,,0.07300367879832095,0.06090516483935876,0.038763603038743925,0.08448450711361556,-0.1345353249486943,-0.1453101650407301,-0.17227715539957347,0.02003617923466316,-0.11005996116581519,-0.2439254451600338,0.18049141613303862,-0.010539272004619547,0.0008641363125512385,0.05947281617723472,-0.05700601506653086,-0.08150653794100253,0.1546924492761553,-0.0832861183338537,0.44919864702097556,0.4498098987339931,-0.07416436789388647,0.027389045766458345,-0.040120779266823434,0.4048243271803102,0.6484188714643456,0.38948154894268583,1.0,-0.3018759875487819,-0.26016233279294904,-0.189850318085626,0.40482432718030975,0.5836844635329871,0.6484188714643467,-0.13453532494869577,-0.3000044020784345,-0.040120779266823364,-0.08448450711361578,-0.24392544516003264,-0.07111588504153236,0.3900605562478471,0.18049141613303862,0.3996104622763183,0.36332683565510043,0.24329755244963502,0.44919864702097556,0.1723462633307147,,,,,,,,,0.3900605562478471,0.3900605562478467,0.39006055624784647,-0.05709074969945108,0.39006055624784647,0.18049141613303868,0.18049141613303823,0.18049141613303926,0.18049141613303926
log_reviews,-0.5460952033133942,,-0.2538690320150766,-0.396256397685258,-0.40067965458920446,,0.16044601344735682,-0.17457721475840382,0.1962658755229055,0.0441506527918756,0.11339298939329827,0.17391297605846281,-0.35952467470172117,-0.0900038885458741,-0.3639728214966771,-0.3975315615367453,0.13699437300132222,0.032693292166125265,-0.37591476821914394,0.03269702491229408,,-0.020294453767665834,-0.0400154761476965,-0.051531601249375864,-0.10764221984801192,0.725344941643774,0.648204774809601,0.4740174322034643,-0.05554301875977005,0.6656463458104571,0.7436708982701995,0.09330984557589211,0.20749761255749732,0.20983918726246512,0.19161953208403246,0.21441476928013184,0.21364177851523147,0.16153506864843178,0.2536292235818455,-0.3729469553416916,-0.3618195604873292,-0.1747451185129716,-0.05699748350967783,0.43382159239303547,-0.04849766083369524,-0.06367964107215647,-0.05374896211529643,-0.3018759875487819,1.0,0.23496909687666143,0.22907204147613797,-0.04849766083369526,-0.07280181224690041,-0.06367964107215683,0.7253449416437731,0.9978350134402432,0.4338215923930319,0.10764221984800935,0.7436708982701958,0.36545007865523266,-0.01642567819759987,0.09330984557589211,-0.04040119205519155,-0.023258586709961657,0.13855605130888132,-0.3729469553416916,-0.20311716703392235,,,,,,,,,-0.01642567819759951,-0.016425678197599537,-0.01642567819759944,-0.10262239634601694,-0.01642567819759944,0.0933098455758921,0.09330984557589217,0.093309845575892,0.093309845575892
log_accommodates,-0.016260608258171,,-0.051463763681347065,-0.2135780071734106,-0.20864208343659385,,0.024885406989402725,-0.045857555686699566,0.9267435622709418,0.5382463433415319,0.7458090919027289,0.7620280946570782,-0.19409030156910292,-0.0210708795784083,-0.19491645612466632,-0.22020524080522405,0.06302691180043707,-0.012956029478517312,-0.20409693149195593,-0.012954251454881152,,0.1067364251041893,0.0982093669938732,0.08963454257127944,0.05871881366354689,0.09143489401898741,0.16084025855294806,0.1258835791400212,0.09546190463278705,0.1472014328713075,0.18491290897951349,0.06828687279697451,0.12257809941323965,0.09247241512735005,0.13490213774276427,0.06532913365191238,0.09902847163610423,0.0723476024965168,0.09237394982070651,-0.1908871130555349,-0.17488415065549218,-0.2867145430334631,-0.11869545290154385,0.0766167255925914,0.08073803150531841,0.5663747077184994,-0.025513624102023465,-0.26016233279294904,0.23496909687666143,1.0,0.8165785845109459,0.08073803150531779,0.5628784599536131,0.5663747077184976,0.09143489401898726,0.23540507779450837,0.07661672559259146,-0.05871881366354681,0.1849129089795136,0.04831143832987414,0.16164132904379408,0.0682868727969745,-0.05257554814094309,0.0021965497585617385,0.3448517366593573,-0.19088711305553493,-0.17100157851195155,,,,,,,,,0.16164132904379402,0.16164132904379416,0.1616413290437936,-0.12107176617328626,0.1616413290437936,0.06828687279697455,0.06828687279697464,0.06828687279697478,0.06828687279697478
log_beds,-0.04361970629363532,,-0.05203397550938675,-0.2270971818992045,-0.2227645212712708,,0.0026550261918757176,-0.046866334042657436,0.8423319653434278,0.5877016425971852,0.7826967533048375,0.9344885991254205,-0.19162854946749838,-0.031095984259508685,-0.19390534086773722,-0.22997625959259355,0.05075729383290693,-0.01002900116936422,-0.20599543182443608,-0.010027616751400143,,0.06586057342063666,0.05272387614410048,0.04112104073929098,0.0393157774824779,0.0822803256867615,0.1367457692240672,0.09424504444173845,0.05380711713568858,0.14037958418206592,0.1572946871622453,0.06464053298863631,0.10767256373678795,0.0854331441662571,0.10997871713792193,0.06569136144317236,0.08688777579808865,0.051724375397178286,0.09545388145448212,-0.20706544642908065,-0.19534906533943563,-0.21460427501119866,-0.06370694885188354,0.04607209878006088,0.08141208567805328,0.4820884654465149,-0.02286434459197471,-0.189850318085626,0.22907204147613797,0.8165785845109459,1.0,0.08141208567805286,0.4709125210053773,0.48208846544651496,0.08228032568676139,0.22950292067421899,0.04607209878006076,-0.03931577748247795,0.15729468716224443,0.026001506997296992,0.16639840469678893,0.06464053298863631,-0.044928188552796455,-0.009945840573071414,0.2819986063437707,-0.20706544642908062,-0.1519464726636305,,,,,,,,,0.16639840469678893,0.16639840469678885,0.16639840469678974,-0.07630544192973102,0.16639840469678974,0.06464053298863631,0.06464053298863619,0.06464053298863638,0.06464053298863638
price_zscore,0.04948483549477091,,0.02790653181841069,0.08113611465941192,0.18406493667888846,,0.010647284238323847,0.0537144686647787,0.09398184495515204,0.0995705190187145,0.05362801015841732,0.09240360756533583,-0.028432259477672854,0.07741981326836818,-0.028341201892056144,-0.011566710928110431,-0.05747234899817556,-0.0009490290571148176,-0.029227131794520387,-0.0009504675092032574,,0.06450201996916458,0.05868455457562736,0.05169958535408599,0.05347608866129945,-0.029373169575101506,-0.0154642693635506,-0.04239915061825123,0.041646876407894225,-0.005729135950489613,-0.04004310177684782,0.4749892445427183,-0.04611389518631368,-0.052880939135758157,0.001671373532360703,-0.0402913495319366,-0.06210014344210262,0.012065652054862782,-0.06685522247869992,0.0035665714409059412,-0.00043162983590060107,0.043522533382173635,-0.009529357762852714,-0.00015096955826434874,1.0000000000000009,0.4091901615977571,0.8375583588122143,0.40482432718030975,-0.04849766083369526,0.08073803150531779,0.08141208567805286,1.0,0.16767573670315103,0.40919016159775584,-0.029373169575101415,-0.04879605578215717,-0.0001509695582643342,-0.053476088661299354,-0.04004310177684787,-0.012633731012838585,0.8405047638909521,0.4749892445427183,0.7131215494353383,0.7960708578745229,0.20556474056939517,0.0035665714409059417,0.03591890912739329,,,,,,,,,0.8405047638909522,0.8405047638909465,0.8405047638909489,-0.020264118117663543,0.8405047638909489,0.4749892445427184,0.4749892445427191,0.4749892445427189,0.4749892445427189
price_percentile,0.017280961346473618,,-0.05769801242126934,0.32278388477825704,0.32431151739554614,,0.11545749273441608,0.17821856459657012,0.539857802569743,0.41668579282431795,0.45203117264228637,0.46201510435455434,-0.01614884415794977,0.1912820707527589,-0.019720213061232787,0.2242838863666898,0.1349253757536595,0.017775401069219723,0.0010362687664849488,0.017779103150215463,,0.12410968477939023,0.10711906181735745,0.07956825229439828,0.10087663012501943,-0.0513079464304445,0.01764397494077265,-0.049679774241310586,0.0673940736184677,0.027078504487573884,-0.05802134096093156,0.10103189239586195,0.09629762401715071,0.08606026756520976,0.14627777527909702,0.018951392434800686,0.021960536471396397,0.18265840775702305,0.016430542100425286,0.2945440117164391,0.30866305716759723,-0.30902426428843327,-0.07176720838801406,0.03440336069092072,0.1676757367031505,0.9419900612580868,0.11688398771952237,0.5836844635329871,-0.07280181224690041,0.5628784599536131,0.4709125210053773,0.16767573670315103,1.0,0.9419900612580808,-0.05130794643044471,-0.07046140627886216,0.034403360690920815,-0.10087663012501946,-0.05802134096093199,-0.020070129410512616,0.2519001932181278,0.101031892395862,0.1370360407007438,0.14583657626929739,0.4445363830382744,0.29454401171643907,0.027180067389531663,,,,,,,,,0.2519001932181277,0.25190019321812657,0.2519001932181267,-0.13815246744872234,0.2519001932181267,0.101031892395862,0.1010318923958623,0.10103189239586251,0.10103189239586251
log_price_zscore,0.02988980091478956,,-0.04285767615797332,0.27237403913045616,0.30036388016107973,,0.1277518587948524,0.15593549273187635,0.5555121147601633,0.46267444028257476,0.47297551543604316,0.4969464941451585,-0.03867232413096338,0.16823038979605395,-0.0416413781113679,0.15704910502330488,0.08526230215160739,0.012493850278831004,-0.026387518709684848,0.012496264022113474,,0.13941674659675543,0.1196786369111287,0.09187097359117721,0.10028591814259993,-0.04008957416439399,0.02058913744646299,-0.04194672348682075,0.0781672913902293,0.032162985394312324,-0.05324523314110621,0.2078962304529388,0.09739879921284329,0.08308131216606635,0.15696412953341402,0.013408160216716735,0.020681811172522352,0.18634170081856413,0.014555125189112826,0.22503322951163474,0.237998150130584,-0.2875311291401209,-0.07591196472222418,0.04002085937783519,0.4091901615977558,0.9999999999999972,0.3123221222312883,0.6484188714643467,-0.06367964107215683,0.5663747077184976,0.48208846544651496,0.40919016159775584,0.9419900612580808,1.0,-0.04008957416439374,-0.06216375982923771,0.04002085937783489,-0.10028591814260007,-0.05324523314110644,-0.016494883169537004,0.46037557335709084,0.2078962304529388,0.2996310216775767,0.3088290869027019,0.47881287129407496,0.2250332295116347,0.013519965033246225,,,,,,,,,0.4603755733570908,0.4603755733570914,0.4603755733570906,-0.14399251883437234,0.4603755733570906,0.2078962304529388,0.207896230452939,0.20789623045294042,0.20789623045294042
reviews_zscore,-0.476429480741979,,-0.23284665659830325,-0.1818080959390344,-0.184543222065282,,0.13955694385034434,-0.09302683774311234,0.05762158003985296,-0.03162494617919032,-0.0023950759148995506,0.04738200541730432,-0.20069716708973198,0.0022632457827566127,-0.2012474843204758,-0.19361334863094276,0.10553896332394301,0.07895741778913758,-0.20792677192577302,0.07896028641542933,,-0.04585025371306224,-0.06698556063674803,-0.07651749716880343,-0.06407679483877898,1.0000000000000002,0.6356416179382419,0.3778711834782934,-0.06049708417683367,0.6980482150257363,0.5654743921022721,0.058798077568221134,0.11498633983279845,0.12465990053557172,0.10746917313612261,0.12523034743627942,0.11207771684207132,0.12305183900763901,0.14758355070087958,-0.1771182582508671,-0.17110625218415115,-0.09592203732682936,-0.03371145384122278,0.4678314992488064,-0.029373169575101228,-0.040089574164393925,-0.02737629643720472,-0.13453532494869577,0.7253449416437731,0.09143489401898726,0.08228032568676139,-0.029373169575101415,-0.05130794643044471,-0.04008957416439374,1.0,0.7203657295055629,0.46783149924880624,0.06407679483877625,0.5654743921022718,0.4352234896637367,-0.013412577445704269,0.05879807756822113,-0.015530206282015263,-0.006426971168805806,0.08798588904634473,-0.1771182582508672,-0.12370252627659623,,,,,,,,,-0.013412577445703977,-0.013412577445703868,-0.013412577445703839,-0.06806546780092915,-0.013412577445703839,0.05879807756822111,0.05879807756822128,0.05879807756822109,0.05879807756822109
reviews_percentile,-0.5547836576349344,,-0.2555911184085617,-0.39062667148574776,-0.39539408585213887,,0.16172072686476105,-0.17248787568625906,0.1969446602981628,0.04347836013933552,0.11318760868618816,0.17455611771177465,-0.3557641436210005,-0.08614533655772401,-0.3602538902127631,-0.3910516946751166,0.1407726849186189,0.02954862540318316,-0.37180050396408515,0.029552461606935643,,-0.023269812787092965,-0.04277160908989404,-0.053601160838580866,-0.10678955035801536,0.7203657295055637,0.6441299709566725,0.46889387023324836,-0.05614244437930219,0.6645964089455961,0.7437525207076723,0.09331247035491587,0.20261165549562846,0.20595724967638548,0.1875668156644167,0.20971827811096866,0.20725309876434275,0.16188932181483426,0.24673724670582534,-0.36635541462619287,-0.35536088686476125,-0.17276324774112334,-0.056250837934818235,0.42418185892985805,-0.04879605578215697,-0.062163759829237684,-0.05385543680304538,-0.3000044020784345,0.9978350134402432,0.23540507779450837,0.22950292067421899,-0.04879605578215717,-0.07046140627886216,-0.06216375982923771,0.7203657295055629,1.0,0.42418185892985555,0.10678955035801263,0.7437525207076695,0.36487599128465936,-0.01625519538840728,0.09331247035491587,-0.03994700989035918,-0.02282398515801014,0.13867534374059995,-0.36635541462619287,-0.20172915763237023,,,,,,,,,-0.0162551953884069,-0.01625519538840692,-0.016255195388406952,-0.10253612268822289,-0.016255195388406952,0.09331247035491577,0.09331247035491573,0.09331247035491573,0.09331247035491573
reviews_per_month_zscore,0.14058798442708345,,0.12793460201723697,-0.1388338477388229,-0.13772981227423636,,0.09515156300042946,-0.0016095679050803378,0.04338479068145832,-0.05187734434872848,-0.022597956513857927,0.0214311271137148,-0.24958961607893942,-0.07957845318313174,-0.2520564939330343,-0.20600251442718645,-0.07859308665556576,0.04855826716714577,-0.2567985657617303,0.04855655150044034,,0.10297597542773496,0.10272181245607491,0.09493934086434425,-0.034446946986771254,0.4678314992488074,0.7665206896351805,0.7740529926658636,0.05660499107975217,0.5950611332112848,0.4573319527633987,0.07585932908456987,0.08236710987688523,0.0740555527420705,0.09799002902695583,0.05971425387886419,0.07886675148468018,0.10213307305916124,0.11520141053668141,-0.13754229669079707,-0.1312614056776988,-0.09554432142111996,-0.0037773821097424032,1.0000000000000016,-0.00015096955826437801,0.04002085937783512,0.010047409827441628,-0.040120779266823364,0.4338215923930319,0.07661672559259146,0.04607209878006076,-0.0001509695582643342,0.034403360690920815,0.04002085937783489,0.46783149924880624,0.42418185892985555,1.0,0.03444694698677112,0.4573319527633989,0.3632236028626684,0.02363027343049932,0.07585932908456987,0.02900332820946679,0.03540988915095941,0.11032586147941269,-0.13754229669079707,-0.00980989642176942,,,,,,,,,0.023630273430499366,0.02363027343049931,0.023630273430499373,-0.07669890871914546,0.023630273430499373,0.07585932908456981,0.07585932908456981,0.07585932908457003,0.07585932908457003
occupancy_rate,-0.06400706655718788,,-0.05933538050049627,-0.12163945373521698,-0.13080410779666138,,0.10659737332943055,-0.05852509674144364,-0.06785586106503046,-0.06894186777912376,-0.009979384579357707,-0.028739197197635173,-0.09290409061797783,-0.13880898021636048,-0.10403160666974805,-0.11127313033431817,-0.08053567566822904,-0.027378403106573104,-0.10551783462765041,-0.027380172604936005,,-0.32038643792813976,-0.39003455752395694,-0.48891365916727125,-0.9999999999999948,0.06407679483877626,0.04319323589257787,0.05148823175266073,-0.8169577324601262,0.04920673285570052,0.06016312013067743,-0.010618756400123806,0.06610356431221522,0.06607595955163713,0.03599458909517824,0.06144559139761533,0.06377378682249454,0.09900452520251711,0.08857696007600982,-0.08084156500233874,-0.08380250032783015,0.04067128681204108,0.1298555834438866,0.03444694698677106,-0.05347608866129932,-0.10028591814259988,-0.047321075077636394,-0.08448450711361578,0.10764221984800935,-0.05871881366354681,-0.03931577748247795,-0.053476088661299354,-0.10087663012501946,-0.10028591814260007,0.06407679483877625,0.10678955035801263,0.03444694698677112,1.0,0.060163120130677344,0.044019939300193565,0.1828288548584459,-0.010618756400123799,0.17975284559479823,0.15141404756328483,0.6913905593575546,-0.08084156500233874,-0.10400501016463556,,,,,,,,,0.18282885485844605,0.18282885485844666,0.18282885485844697,-0.23290327223278204,0.18282885485844697,-0.010618756400123807,-0.010618756400123764,-0.010618756400123814,-0.010618756400123814
occupancy_rate_booked,-0.24781784778718383,,-0.1293905926792608,-0.2899673899217635,-0.2935618950800089,,0.14191665108899118,-0.11265081267914842,0.1378108465645276,-0.0014409185153196765,0.04847869662511169,0.10888541305512381,-0.23836323700749612,-0.09432476966297809,-0.24884846832333693,-0.2837580843956112,0.09742174126841108,0.01794413194134611,-0.25278488167094204,0.017946828125785116,,-0.07858515056458933,-0.08581338792382723,-0.08090679204606975,-0.06016312013067851,0.5654743921022721,0.7423519926666742,0.5209787050725062,-0.03809119333148276,0.7196955642763831,1.0000000000000049,0.12022521187805243,0.18649684053719898,0.18187979337590418,0.15592754392034844,0.1724246131095903,0.1664181308930461,0.16908460336562775,0.1984109218761406,-0.27163000347139005,-0.26280962263660734,-0.13891054675144793,-0.05087172351164173,0.45733195276339905,-0.04004310177684772,-0.053245233141106955,-0.04100403050822387,-0.24392544516003264,0.7436708982701958,0.1849129089795136,0.15729468716224443,-0.04004310177684787,-0.05802134096093199,-0.05324523314110644,0.5654743921022718,0.7437525207076695,0.4573319527633989,0.060163120130677344,1.0,0.6304995834877465,-0.01411682440914355,0.12022521187805243,-0.03081460515778364,-0.013026974456459275,0.12110052909054979,-0.27163000347139005,-0.13679584591560917,,,,,,,,,-0.014116824409143358,-0.014116824409143348,-0.014116824409143367,-0.10353734005451308,-0.014116824409143367,0.12022521187805238,0.12022521187805275,0.12022521187805285,0.12022521187805285
occupancy_is_capped,-0.13645906243875527,,-0.08301563201886035,-0.10637161004719493,-0.10710933617819374,,0.07846823174113533,-0.030383888300185426,0.01554181984229243,-0.04071904250331558,-0.02476603404239985,0.003264010046089161,-0.03786991508040907,-0.001102202360719689,-0.05356758352624844,-0.09070504477591657,0.058848492654471944,0.02355552546940388,-0.049978993838131765,0.02355713598266664,,-0.07997986519941447,-0.08331388437264539,-0.08205348581965298,-0.044019939300194155,0.4352234896637367,0.5399410903324536,0.33579769270290005,-0.049452808626887244,0.527469428747268,0.6304995834877477,0.08029107165747341,0.08239825026863139,0.07847926348354566,0.07440500751546375,0.07713370243579774,0.06615109931887321,0.08150447457584209,0.09051193466624473,-0.10327499465167407,-0.0997253704151505,-0.05758633436148719,-0.018159079165661975,0.3632236028626686,-0.012633731012838519,-0.016494883169537,-0.004302077213967983,-0.07111588504153236,0.36545007865523266,0.04831143832987414,0.026001506997296992,-0.012633731012838585,-0.020070129410512616,-0.016494883169537004,0.4352234896637367,0.36487599128465936,0.3632236028626684,0.044019939300193565,0.6304995834877465,1.0,0.00616152933258401,0.08029107165747341,0.012256054405918194,0.017642999303107528,0.06922141878079453,-0.10327499465167407,-0.037817182637162265,,,,,,,,,0.006161529332584091,0.006161529332584146,0.00616152933258411,-0.04448627088539678,0.00616152933258411,0.08029107165747337,0.0802910716574732,0.08029107165747323,0.08029107165747323
est_annual_revenue,0.02745224579896061,,0.011236086497058817,0.053073454269578976,0.13095423155673516,,0.04056535220999095,0.05818374657713317,0.18796515227569263,0.19117806019132225,0.14464017074975077,0.2048146252741175,-0.056498798475378545,0.06316954328157497,-0.05805807034357394,-0.01766861514036029,-0.033115877315527835,-0.006984975184394504,-0.056499874767075575,-0.006985657097558416,,-0.00661105783661582,-0.025717357462784463,-0.05331261408118874,-0.18282885485844613,-0.013412577445704283,0.015488201088720803,-0.02113672328933162,-0.14419019383242826,0.02703162402723278,-0.014116824409143518,0.4791289893713317,-0.0006981164906261087,-0.0031019984978972945,0.033371764135854035,-0.0003692496641197015,-0.016551976540653098,0.06543456924257282,-0.0229732014311167,0.008052142256915104,0.0056557661244705315,0.01349814297624806,0.0029908247461610553,0.023630273430499373,0.8405047638909481,0.4603755733570919,0.6800773716644074,0.3900605562478471,-0.01642567819759987,0.16164132904379408,0.16639840469678893,0.8405047638909521,0.2519001932181278,0.46037557335709084,-0.013412577445704269,-0.01625519538840728,0.02363027343049932,0.1828288548584459,-0.01411682440914355,0.00616152933258401,1.0,0.4791289893713317,0.8049873125476493,0.8792540216262762,0.42801436450438224,0.008052142256915107,0.017956496887778128,,,,,,,,,1.0,0.9999999999999976,0.9999999999999976,-0.06591545928317773,0.9999999999999976,0.4791289893713317,0.4791289893713298,0.4791289893713304,0.4791289893713304
est_annual_revenue_booked,-0.004958037065858703,,0.018433663552720105,0.004923138467240386,0.03434828139641652,,0.018691022058840746,0.01953813189611833,0.07036977002399825,0.0429580831945614,0.048150989197020294,0.062175478393058516,-0.0463638622943707,0.026090471746847844,-0.04775529297244433,-0.04113087656598335,-0.006941065509624337,0.0014292062973067187,-0.04870229974690338,0.0014288991958600853,,0.021493747224369298,0.016007009013797494,0.011122363163752282,0.01061875640012381,0.05879807756822134,0.13395100654960593,0.03953614776989159,0.008298553562040236,0.14077994141176908,0.12022521187805271,1.0,-0.025105015889489015,-0.030789430671976228,1.3184964920175448e-05,-0.021750890316042056,-0.03922352361347221,0.018924717505665597,-0.03722016297623724,-0.03166497534985078,-0.03283674079043453,0.009114032150085305,-0.009556203951175088,0.0758593290845696,0.474989244542718,0.20789623045293934,0.5455979109236768,0.18049141613303862,0.09330984557589211,0.0682868727969745,0.06464053298863631,0.4749892445427183,0.101031892395862,0.2078962304529388,0.05879807756822113,0.09331247035491587,0.07585932908456987,-0.010618756400123799,0.12022521187805243,0.08029107165747341,0.4791289893713317,1.0,0.6636819115148699,0.6169740555252758,0.13098674396556842,-0.03166497534985076,0.0017457968774935622,,,,,,,,,0.4791289893713317,0.47912898937132936,0.4791289893713296,-0.021278846322943804,0.4791289893713296,1.0,0.9999999999999944,1.0000000000000016,1.0000000000000016
revenue_per_accommodates,0.022788587686292754,,0.01154355775345578,0.10634797115885819,0.16966471003930111,,0.03686933860391538,0.05850722454128363,-0.044754466380211064,-0.009597329328421427,-0.04750543191304289,-0.02825712464437553,-0.015232109350070635,0.0730353140509831,-0.01635446112610171,0.044652495395982886,-0.04463245703852388,-0.005786975708403694,-0.011460546003212481,-0.005787960703414825,,-0.029038880755790558,-0.05100127236900478,-0.08226681235045742,-0.17975284559479654,-0.015530206282015301,0.010402798663912183,-0.03275358059567078,-0.1713444286911615,0.030034512891664287,-0.030814605157783916,0.6636819115148699,-0.0437464431218864,-0.03979558431728106,-8.089009004201438e-05,-0.031846874055984825,-0.049623058530743475,0.029639149916510576,-0.059387218611111764,0.07092329734992193,0.06643884587660252,0.04573603804343964,0.044171930495207304,0.029003328209466866,0.7131215494353379,0.2996310216775771,0.8392347102856179,0.3996104622763183,-0.04040119205519155,-0.05257554814094309,-0.044928188552796455,0.7131215494353383,0.1370360407007438,0.2996310216775767,-0.015530206282015263,-0.03994700989035918,0.02900332820946679,0.17975284559479823,-0.03081460515778364,0.012256054405918194,0.8049873125476493,0.6636819115148699,1.0,0.9415676187721972,0.32032934604171087,0.07092329734992193,0.034990420102465114,,,,,,,,,0.8049873125476495,0.8049873125476472,0.804987312547648,-0.057498607347832666,0.804987312547648,0.6636819115148699,0.6636819115148738,0.6636819115148718,0.6636819115148718
revenue_per_bedroom,0.019885849237950188,,0.02945098775521825,0.09769812225769077,0.14849354157946099,,0.03672951404501448,0.05862365826186022,-0.0015473257053432768,0.0017562410506560449,-0.03719905963918081,-0.0003752122557629112,-0.021896478226685133,0.06925656434292476,-0.022933598288304154,0.026814456026239827,-0.03864540880041371,-0.005337395075504689,-0.018856617998276263,-0.0053384327237711365,,-0.012152091284266423,-0.030308145759505266,-0.05836271846076246,-0.15141404756328533,-0.00642697116880581,0.02222765297633281,-0.02135033121156217,-0.1408509591287146,0.03696807362756524,-0.0130269744564593,0.6169740555252758,-0.0441631899287186,-0.03862291723717788,0.002708890638692176,-0.030146500704147844,-0.05146714408744422,0.03469945384577828,-0.061360760444910276,0.05115497167397582,0.04723686089014981,0.03530513072844363,0.022434551459950224,0.03540988915095943,0.796070857874524,0.30882908690269983,0.8320729096993175,0.36332683565510043,-0.023258586709961657,0.0021965497585617385,-0.009945840573071414,0.7960708578745229,0.14583657626929739,0.3088290869027019,-0.006426971168805806,-0.02282398515801014,0.03540988915095941,0.15141404756328483,-0.013026974456459275,0.017642999303107528,0.8792540216262762,0.6169740555252758,0.9415676187721972,1.0,0.3073917250423073,0.05115497167397583,0.029994471451696633,,,,,,,,,0.879254021626276,0.8792540216262753,0.8792540216262764,-0.05233745566209558,0.8792540216262764,0.616974055525276,0.6169740555252755,0.6169740555252755,0.6169740555252755
log_est_revenue,-0.07774923443642787,,-0.13120289188120474,0.007769437668415316,0.009175743959162635,,0.1763124632238408,0.01676143162102606,0.32015203281953397,0.21636357922740607,0.2873978079568704,0.2901053660723958,-0.16795479486996812,0.0330828660243839,-0.17688900561019236,0.05628261708584047,0.035091939829476844,-0.02297777710403876,-0.1499260420796997,-0.02297643302158002,,-0.268847982670656,-0.33191756512693504,-0.38893760559573787,-0.6913905593575543,0.0879858890463446,0.13610077100237422,0.11390613588540428,-0.5608560736023652,0.1330388727298102,0.12110052909054916,0.13098674396556842,0.15743854147074185,0.16067740768545383,0.16677107212574857,0.09606004878261189,0.10245607964091764,0.2374833067873663,0.12156567578557353,0.0917351710213925,0.09767660908830424,-0.14895613221984472,0.02897946643987313,0.1103258614794131,0.20556474056939583,0.47881287129407574,0.1465182771563672,0.24329755244963502,0.13855605130888132,0.3448517366593573,0.2819986063437707,0.20556474056939517,0.4445363830382744,0.47881287129407496,0.08798588904634473,0.13867534374059995,0.11032586147941269,0.6913905593575546,0.12110052909054979,0.06922141878079453,0.42801436450438224,0.13098674396556842,0.32032934604171087,0.3073917250423073,1.0,0.09173517102139252,-0.10865640698861286,,,,,,,,,0.4280143645043822,0.4280143645043847,0.4280143645043827,-0.4962172927554477,0.4280143645043827,0.1309867439655684,0.13098674396556845,0.13098674396556886,0.13098674396556886
host_listings_in_city,0.036956977009296475,,-0.1290071345050858,0.9261938775603346,0.8843090734662853,,-0.0036202659427427594,0.18479234890259993,-0.18167117344502012,-0.08319584833215352,-0.17290224479494162,-0.17178932390842858,0.20688010857777392,0.43462597630559485,0.2093529378609679,0.9053561587024398,0.2694093276058425,-0.007771668197166727,0.2723051485906294,-0.00776454356362678,,-0.21403937921583788,-0.20993251626737552,-0.18561588429117334,0.08084156500233834,-0.17711825825086694,-0.19831931448536394,-0.19964034536146813,-0.07657426625399813,-0.18433280497922583,-0.27163000347139094,-0.03166497534985076,-0.15530118272924914,-0.08949489911834196,-0.09897677747103271,-0.14478772746189048,-0.18934734710172282,-0.011982127565467734,-0.1919404171949082,1.0,0.9986127397126183,-0.05291273784503552,-0.00880655367626149,-0.137542296690797,0.0035665714409059486,0.22503322951163465,0.030605730067527613,0.44919864702097556,-0.3729469553416916,-0.19088711305553493,-0.20706544642908062,0.0035665714409059417,0.29454401171643907,0.2250332295116347,-0.1771182582508672,-0.36635541462619287,-0.13754229669079707,-0.08084156500233874,-0.27163000347139005,-0.10327499465167407,0.008052142256915107,-0.03166497534985076,0.07092329734992193,0.05115497167397583,0.09173517102139252,1.0,0.23264772526056016,,,,,,,,,0.008052142256915064,0.008052142256915073,0.008052142256915045,-0.041740573758695124,0.008052142256915045,-0.03166497534985079,-0.031664975349850695,-0.03166497534985069,-0.03166497534985069
host_is_professional,0.14421304968560514,,0.09822125645386325,0.21720502311170747,0.22102055225684972,,-0.059257340420515045,0.16816953071549995,-0.10522031811827133,-0.0032072021676432107,-0.13039237216835023,-0.09626732137636694,0.03617572645858605,0.10782175579512028,0.03474390568549352,0.17250066302739825,0.10001868847020617,0.016288757780105245,0.0537969059341227,0.016291566360920173,,0.046611057337012964,0.07889874455434749,0.09587485153286765,0.1040050101646366,-0.12370252627659628,-0.1005686173149298,-0.12484876088582048,0.09485125434953783,-0.10623359040229506,-0.13679584591560937,0.0017457968774935622,-0.14419064198140397,-0.13697024471326044,-0.123599067892006,-0.13194572285462505,-0.12667941488637693,-0.07943674450072534,-0.15123033813463274,0.23264772526056016,0.22054041964660934,0.20879868419121478,0.05621616648891982,-0.009809896421769278,0.03591890912739325,0.013519965033246364,0.039509444593346106,0.1723462633307147,-0.20311716703392235,-0.17100157851195155,-0.1519464726636305,0.03591890912739329,0.027180067389531663,0.013519965033246225,-0.12370252627659623,-0.20172915763237023,-0.00980989642176942,-0.10400501016463556,-0.13679584591560917,-0.037817182637162265,0.017956496887778128,0.0017457968774935622,0.034990420102465114,0.029994471451696633,-0.10865640698861286,0.23264772526056016,1.0,,,,,,,,,0.017956496887778,0.017956496887777923,0.017956496887777985,0.023954335039183136,0.017956496887777985,0.0017457968774935845,0.001745796877493624,0.001745796877493644,0.001745796877493644
pct_professional_hosts,,,,,,,,,,,,,,,,,,,,,,,,,,,,,,,,,,,,,,,,,,,,,,,,,,,,,,,,,,,,,,,,,,,,,,,,,,,,,,,,,,,,
pct_large_operators,,,,,,,,,,,,,,,,,,,,,,,,,,,,,,,,,,,,,,,,,,,,,,,,,,,,,,,,,,,,,,,,,,,,,,,,,,,,,,,,,,,,
median_host_listings,,,,,,,,,,,,,,,,,,,,,,,,,,,,,,,,,,,,,,,,,,,,,,,,,,,,,,,,,,,,,,,,,,,,,,,,,,,,,,,,,,,,
gini_host_concentration,,,,,,,,,,,,,,,,,,,,,,,,,,,,,,,,,,,,,,,,,,,,,,,,,,,,,,,,,,,,,,,,,,,,,,,,,,,,,,,,,,,,
market_professionalization_score,,,,,,,,,,,,,,,,,,,,,,,,,,,,,,,,,,,,,,,,,,,,,,,,,,,,,,,,,,,,,,,,,,,,,,,,,,,,,,,,,,,,
purchase_price,,,,,,,,,,,,,,,,,,,,,,,,,,,,,,,,,,,,,,,,,,,,,,,,,,,,,,,,,,,,,,,,,,,,,,,,,,,,,,,,,,,,
monthly_payment,,,,,,,,,,,,,,,,,,,,,,,,,,,,,,,,,,,,,,,,,,,,,,,,,,,,,,,,,,,,,,,,,,,,,,,,,,,,,,,,,,,,
zori_rent,,,,,,,,,,,,,,,,,,,,,,,,,,,,,,,,,,,,,,,,,,,,,,,,,,,,,,,,,,,,,,,,,,,,,,,,,,,,,,,,,,,,
annual_cash_flow,0.02745224579896012,,0.011236086497058559,0.053073454269579025,0.1309542315567352,,0.04056535220999096,0.058183746577133114,0.18796515227569285,0.19117806019132202,0.1446401707497508,0.20481462527411745,-0.0564987984753785,0.06316954328157504,-0.058058070343573985,-0.017668615140360288,-0.03311587731552764,-0.006984975184394492,-0.05649987476707556,-0.006985657097558408,,-0.006611057836615878,-0.025717357462784533,-0.053312614081188904,-0.18282885485844622,-0.01341257744570403,0.015488201088720918,-0.021136723289331586,-0.14419019383242823,0.027031624027232887,-0.014116824409143303,0.4791289893713317,-0.0006981164906261197,-0.0031019984978973092,0.03337176413585401,-0.00036924966411971234,-0.01655197654065312,0.06543456924257286,-0.022973201431116697,0.008052142256915064,0.0056557661244705125,0.013498142976248004,0.002990824746161007,0.023630273430499428,0.8405047638909481,0.460375573357092,0.6800773716644074,0.3900605562478471,-0.01642567819759951,0.16164132904379402,0.16639840469678893,0.8405047638909522,0.2519001932181277,0.4603755733570908,-0.013412577445703977,-0.0162551953884069,0.023630273430499366,0.18282885485844605,-0.014116824409143358,0.006161529332584091,1.0,0.4791289893713317,0.8049873125476495,0.879254021626276,0.4280143645043822,0.008052142256915064,0.017956496887778,,,,,,,,,1.0,0.9999999999999981,0.9999999999999979,-0.06591545928317767,0.9999999999999979,0.4791289893713318,0.47912898937132986,0.47912898937133036,0.47912898937133036
cash_on_cash_roi,0.02745224579896014,,0.011236086497058559,0.05307345426957912,0.1309542315567352,,0.040565352209991065,0.05818374657713291,0.18796515227569166,0.1911780601913215,0.14464017074975108,0.20481462527411773,-0.05649879847537873,0.06316954328157486,-0.05805807034357384,-0.01766861514036028,-0.03311587731552773,-0.0069849751843944746,-0.0564998747670754,-0.006985657097558391,,-0.006611057836615909,-0.025717357462784515,-0.05331261408118889,-0.18282885485844483,-0.013412577445703984,0.015488201088720899,-0.021136723289331624,-0.14419019383242893,0.027031624027232866,-0.014116824409143336,0.47912898937132936,-0.0006981164906260855,-0.003101998497897278,0.033371764135854055,-0.0003692496641197264,-0.016551976540653168,0.0654345692425729,-0.02297320143111663,0.008052142256915073,0.005655766124470499,0.013498142976248111,0.0029908247461609932,0.023630273430499244,0.8405047638909452,0.46037557335709123,0.6800773716644074,0.3900605562478467,-0.016425678197599537,0.16164132904379416,0.16639840469678885,0.8405047638909465,0.25190019321812657,0.4603755733570914,-0.013412577445703868,-0.01625519538840692,0.02363027343049931,0.18282885485844666,-0.014116824409143348,0.006161529332584146,0.9999999999999976,0.47912898937132936,0.8049873125476472,0.8792540216262753,0.4280143645043847,0.008052142256915073,0.017956496887777923,,,,,,,,,0.9999999999999981,1.0,1.000000000000002,-0.06591545928317763,1.000000000000002,0.4791289893713293,0.4791289893713297,0.47912898937133086,0.47912898937133086
cap_rate,0.027452245798960162,,0.01123608649705859,0.05307345426957896,0.1309542315567355,,0.04056535220999111,0.05818374657713296,0.18796515227569185,0.19117806019132105,0.14464017074975122,0.20481462527411826,-0.056498798475378455,0.06316954328157479,-0.05805807034357373,-0.017668615140360194,-0.03311587731552774,-0.006984975184394499,-0.056499874767075325,-0.006985657097558419,,-0.0066110578366159285,-0.02571735746278462,-0.05331261408118892,-0.18282885485844627,-0.013412577445703929,0.015488201088720914,-0.02113672328933161,-0.14419019383242868,0.027031624027232904,-0.01411682440914336,0.4791289893713296,-0.0006981164906262368,-0.0031019984978972073,0.0333717641358541,-0.00036924966411970296,-0.0165519765406532,0.06543456924257297,-0.02297320143111675,0.008052142256915045,0.005655766124470467,0.013498142976248094,0.002990824746161012,0.02363027343049944,0.8405047638909496,0.4603755733570909,0.6800773716644064,0.39006055624784647,-0.01642567819759944,0.1616413290437936,0.16639840469678974,0.8405047638909489,0.2519001932181267,0.4603755733570906,-0.013412577445703839,-0.016255195388406952,0.023630273430499373,0.18282885485844697,-0.014116824409143367,0.00616152933258411,0.9999999999999976,0.4791289893713296,0.804987312547648,0.8792540216262764,0.4280143645043827,0.008052142256915045,0.017956496887777985,,,,,,,,,0.9999999999999979,1.000000000000002,1.0,-0.06591545928317775,1.0,0.4791289893713296,0.47912898937133075,0.4791289893713319,0.4791289893713319
price_to_rent_ratio,0.020726158074890068,,0.05085180736503331,-0.001675980880209898,0.003940796686865433,,-0.10425785577430235,0.019023789273012737,-0.09463397118921245,-0.03944169380660779,-0.07234858695061151,-0.07106557595341971,0.19444289159849945,0.010013211979678424,0.1984037235414808,-0.0021675927948195035,-0.022428622574471986,-0.00014433893555450107,0.17832360618752596,-0.00014502536360119832,,0.241554116977428,0.24690848934662407,0.23568155816777317,0.23290327223278126,-0.06806546780092944,-0.09318951584123217,-0.08232067456904939,0.22173403152763138,-0.0846530952702992,-0.10353734005451233,-0.021278846322943804,-0.098087667805052,-0.10179652527840038,-0.092279477417609,-0.05985740710699861,-0.06983963754802652,-0.12518178606750746,-0.08466069721901279,-0.041740573758695124,-0.04335704780778567,0.03736917261716142,0.0033360240705035825,-0.0766989087191458,-0.020264118117663592,-0.14399251883437278,-0.010975394506579491,-0.05709074969945108,-0.10262239634601694,-0.12107176617328626,-0.07630544192973102,-0.020264118117663543,-0.13815246744872234,-0.14399251883437234,-0.06806546780092915,-0.10253612268822289,-0.07669890871914546,-0.23290327223278204,-0.10353734005451308,-0.04448627088539678,-0.06591545928317773,-0.021278846322943804,-0.057498607347832666,-0.05233745566209558,-0.4962172927554477,-0.041740573758695124,0.023954335039183136,,,,,,,,,-0.06591545928317767,-0.06591545928317763,-0.06591545928317775,1.0,-0.06591545928317774,-0.021278846322943815,-0.021278846322943787,-0.021278846322943693,-0.021278846322943693
revenue_yield,0.027452245798960162,,0.01123608649705859,0.05307345426957896,0.1309542315567355,,0.04056535220999111,0.05818374657713296,0.18796515227569185,0.19117806019132105,0.14464017074975122,0.20481462527411826,-0.056498798475378455,0.06316954328157479,-0.05805807034357373,-0.017668615140360194,-0.03311587731552774,-0.006984975184394499,-0.056499874767075325,-0.006985657097558419,,-0.0066110578366159285,-0.02571735746278462,-0.05331261408118892,-0.18282885485844627,-0.013412577445703929,0.015488201088720914,-0.02113672328933161,-0.14419019383242868,0.027031624027232904,-0.01411682440914336,0.4791289893713296,-0.0006981164906262368,-0.0031019984978972073,0.0333717641358541,-0.00036924966411970296,-0.0165519765406532,0.06543456924257297,-0.02297320143111675,0.008052142256915045,0.005655766124470467,0.013498142976248094,0.002990824746161012,0.02363027343049944,0.8405047638909496,0.4603755733570909,0.6800773716644064,0.39006055624784647,-0.01642567819759944,0.1616413290437936,0.16639840469678974,0.8405047638909489,0.2519001932181267,0.4603755733570906,-0.013412577445703839,-0.016255195388406952,0.023630273430499373,0.18282885485844697,-0.014116824409143367,0.00616152933258411,0.9999999999999976,0.4791289893713296,0.804987312547648,0.8792540216262764,0.4280143645043827,0.008052142256915045,0.017956496887777985,,,,,,,,,0.9999999999999979,1.000000000000002,1.0,-0.06591545928317774,1.0,0.4791289893713296,0.47912898937133075,0.4791289893713319,0.4791289893713319
annual_cash_flow_booked,-0.004958037065858683,,0.01843366355272015,0.004923138467240416,0.034348281396416554,,0.018691022058840732,0.019538131896118322,0.07036977002399822,0.04295808319456139,0.048150989197020294,0.06217547839305846,-0.0463638622943707,0.026090471746847824,-0.04775529297244434,-0.04113087656598335,-0.006941065509624353,0.001429206297306719,-0.04870229974690337,0.0014288991958600848,,0.02149374722436931,0.016007009013797518,0.011122363163752298,0.010618756400123804,0.05879807756822131,0.13395100654960587,0.03953614776989162,0.008298553562040251,0.14077994141176908,0.12022521187805266,1.0,-0.025105015889489015,-0.030789430671976165,1.3184964920184298e-05,-0.021750890316042028,-0.03922352361347216,0.01892471750566563,-0.03722016297623722,-0.03166497534985079,-0.03283674079043453,0.009114032150085338,-0.009556203951175079,0.07585932908456956,0.474989244542718,0.2078962304529393,0.5455979109236768,0.18049141613303868,0.0933098455758921,0.06828687279697455,0.06464053298863631,0.4749892445427184,0.101031892395862,0.2078962304529388,0.05879807756822111,0.09331247035491577,0.07585932908456981,-0.010618756400123807,0.12022521187805238,0.08029107165747337,0.4791289893713317,1.0,0.6636819115148699,0.616974055525276,0.1309867439655684,-0.03166497534985079,0.0017457968774935845,,,,,,,,,0.4791289893713318,0.4791289893713293,0.4791289893713296,-0.021278846322943815,0.4791289893713296,1.0,0.9999999999999944,1.0000000000000016,1.0000000000000016
cash_on_cash_roi_booked,-0.004958037065858546,,0.018433663552720237,0.004923138467240536,0.034348281396416346,,0.01869102205884074,0.01953813189611841,0.07036977002399855,0.04295808319456157,0.048150989197020516,0.06217547839305835,-0.046363862294370485,0.026090471746847973,-0.047755292972444255,-0.0411308765659831,-0.0069410655096244335,0.001429206297306727,-0.04870229974690343,0.0014288991958600866,,0.02149374722436933,0.016007009013797584,0.01112236316375229,0.010618756400123776,0.05879807756822137,0.13395100654960573,0.03953614776989185,0.008298553562040213,0.14077994141176833,0.1202252118780528,0.9999999999999944,-0.02510501588948904,-0.03078943067197601,1.3184964920193161e-05,-0.021750890316041993,-0.039223523613472075,0.018924717505665593,-0.03722016297623707,-0.031664975349850695,-0.03283674079043459,0.009114032150085329,-0.00955620395117504,0.07585932908456992,0.4749892445427183,0.20789623045293884,0.5455979109236789,0.18049141613303823,0.09330984557589217,0.06828687279697464,0.06464053298863619,0.4749892445427191,0.1010318923958623,0.207896230452939,0.05879807756822128,0.09331247035491573,0.07585932908456981,-0.010618756400123764,0.12022521187805275,0.0802910716574732,0.4791289893713298,0.9999999999999944,0.6636819115148738,0.6169740555252755,0.13098674396556845,-0.031664975349850695,0.001745796877493624,,,,,,,,,0.47912898937132986,0.4791289893713297,0.47912898937133075,-0.021278846322943787,0.47912898937133075,0.9999999999999944,1.0,0.9999999999999976,0.9999999999999976
cap_rate_booked,-0.004958037065858379,,0.018433663552720466,0.004923138467240476,0.034348281396416366,,0.018691022058840604,0.01953813189611838,0.07036977002399837,0.04295808319456124,0.048150989197020426,0.06217547839305846,-0.04636386229437059,0.026090471746847806,-0.04775529297244454,-0.04113087656598332,-0.006941065509624489,0.001429206297306725,-0.048702299746903197,0.001428899195860076,,0.021493747224369458,0.016007009013797563,0.011122363163752324,0.010618756400123799,0.05879807756822085,0.1339510065496055,0.039536147769891776,0.008298553562040225,0.14077994141176844,0.1202252118780529,1.0000000000000016,-0.02510501588948921,-0.030789430671976262,1.318496492016876e-05,-0.021750890316042163,-0.03922352361347211,0.018924717505665666,-0.03722016297623719,-0.03166497534985069,-0.03283674079043453,0.009114032150085272,-0.009556203951175082,0.07585932908456984,0.47498924454271657,0.2078962304529394,0.545597910923678,0.18049141613303926,0.093309845575892,0.06828687279697478,0.06464053298863638,0.4749892445427189,0.10103189239586251,0.20789623045294042,0.05879807756822109,0.09331247035491573,0.07585932908457003,-0.010618756400123814,0.12022521187805285,0.08029107165747323,0.4791289893713304,1.0000000000000016,0.6636819115148718,0.6169740555252755,0.13098674396556886,-0.03166497534985069,0.001745796877493644,,,,,,,,,0.47912898937133036,0.47912898937133086,0.4791289893713319,-0.021278846322943693,0.4791289893713319,1.0000000000000016,0.9999999999999976,1.0,1.0
revenue_yield_booked,-0.004958037065858379,,0.018433663552720466,0.004923138467240476,0.034348281396416366,,0.018691022058840604,0.01953813189611838,0.07036977002399837,0.04295808319456124,0.048150989197020426,0.06217547839305846,-0.04636386229437059,0.026090471746847806,-0.04775529297244454,-0.04113087656598332,-0.006941065509624489,0.001429206297306725,-0.048702299746903197,0.001428899195860076,,0.021493747224369458,0.016007009013797563,0.011122363163752324,0.010618756400123799,0.05879807756822085,0.1339510065496055,0.039536147769891776,0.008298553562040225,0.14077994141176844,0.1202252118780529,1.0000000000000016,-0.02510501588948921,-0.030789430671976262,1.318496492016876e-05,-0.021750890316042163,-0.03922352361347211,0.018924717505665666,-0.03722016297623719,-0.03166497534985069,-0.03283674079043453,0.009114032150085272,-0.009556203951175082,0.07585932908456984,0.47498924454271657,0.2078962304529394,0.545597910923678,0.18049141613303926,0.093309845575892,0.06828687279697478,0.06464053298863638,0.4749892445427189,0.10103189239586251,0.20789623045294042,0.05879807756822109,0.09331247035491573,0.07585932908457003,-0.010618756400123814,0.12022521187805285,0.08029107165747323,0.4791289893713304,1.0000000000000016,0.6636819115148718,0.6169740555252755,0.13098674396556886,-0.03166497534985069,0.001745796877493644,,,,,,,,,0.47912898937133036,0.47912898937133086,0.4791289893713319,-0.021278846322943693,0.4791289893713319,1.0000000000000016,0.9999999999999976,1.0,1.0
