,id,scrape_id,host_id,host_listings_count,host_total_listings_count,neighbourhood_group_cleansed,latitude,longitude,accommodates,bathrooms,bedrooms,beds,minimum_nights,maximum_nights,minimum_minimum_nights,maximum_minimum_nights,minimum_maximum_nights,maximum_maximum_nights,minimum_nights_avg_ntm,maximum_nights_avg_ntm,calendar_updated,availability_30,availability_60,availability_90,availability_365,number_of_reviews,number_of_reviews_ltm,number_of_reviews_l30d,availability_eoy,number_of_reviews_ly,estimated_occupancy_l365d,estimated_revenue_l365d,review_scores_rating,review_scores_accuracy,review_scores_cleanliness,review_scores_checkin,review_scores_communication,review_scores_location,review_scores_value,calculated_host_listings_count,calculated_host_listings_count_entire_homes,calculated_host_listings_count_private_rooms,calculated_host_listings_count_shared_rooms,reviews_per_month,price_clean,log_price,price_per_accommodates,log_price_per_accommodates,log_reviews,log_accommodates,log_beds,price_zscore,price_percentile,log_price_zscore,reviews_zscore,reviews_percentile,reviews_per_month_zscore,occupancy_rate,occupancy_rate_booked,occupancy_is_capped,est_annual_revenue,est_annual_revenue_booked,revenue_per_accommodates,revenue_per_bedroom,log_est_revenue,host_listings_in_city,host_is_professional,pct_professional_hosts,pct_large_operators,median_host_listings,gini_host_concentration,market_professionalization_score,purchase_price,monthly_payment,zori_rent,annual_cash_flow,cash_on_cash_roi,cap_rate,price_to_rent_ratio,revenue_yield,annual_cash_flow_booked,cash_on_cash_roi_booked,cap_rate_booked,revenue_yield_booked
id,1.0,,0.24542200492734137,-0.06888382339490563,-0.07323850291835934,,0.011606854381729958,-0.12518218566890613,-0.013614101932333459,0.059712388354763286,-0.006281275846072807,-0.08129114298190343,0.09163082342440573,-0.2940350377983913,0.09708130540829342,0.08711307828060603,-0.37678648153276595,-0.4127773830915411,0.09307394583219027,-0.3873825394911131,,-0.03980570236839789,-0.028715117263669036,-0.017453255549578627,-0.07871076276893968,-0.4586314429310415,-0.19119402971040858,-0.13024557184062024,-0.016508502561006527,-0.306884839558733,-0.17918320036547894,-0.16361178918005792,0.08072920450755941,0.03776702931271744,0.10254874468758675,0.014341755352496386,0.04386030085243414,-0.031249143674538887,0.05104044417262268,0.13275837989580913,0.1029722554384595,0.21110893002447564,-0.04709200894686525,-0.027533741432832045,-0.09660378558578482,-0.10111078626172017,-0.08884309781463003,-0.08860220697792333,-0.6060039619061653,-0.015719454868325267,-0.08115434731274568,-0.0966037855857848,-0.08931429556522455,-0.10111078626171911,-0.4586314429310411,-0.5972323320374832,-0.027533741432831597,0.07871076276893939,-0.17918320036547825,-0.10758488776278546,0.022156189002067155,-0.16361178918005792,0.053520355583456775,0.05439004170681203,-0.009366142384844029,0.13275837989580913,0.15302429657086503,,,,,,,,,0.022156189002067155,0.022156189002066666,0.022156189002066774,0.10646970949787073,0.022156189002066774,-0.1636117891800582,-0.1636117891800583,-0.1636117891800591,-0.1636117891800591
scrape_id,,,,,,,,,,,,,,,,,,,,,,,,,,,,,,,,,,,,,,,,,,,,,,,,,,,,,,,,,,,,,,,,,,,,,,,,,,,,,,,,,,,,
host_id,0.24542200492734137,,1.0,-0.051017865663142994,-0.0477811867361287,,-0.029656238115807105,-0.060397041899546706,0.11425592707923464,0.015170901572206847,-0.013446006413216593,0.08667378996069769,-0.01611063208293892,-0.06634312940563447,-0.015354096046610104,-0.0202223266299727,-0.09962851018260746,-0.10106969529168379,-0.010200934083694086,-0.10676056934401054,,-0.005751131566325932,0.010413778774579958,0.037039216735497364,0.06324766763663718,-0.12362497292305578,0.05272225555069148,0.014456999343845561,0.017109851413111683,-0.011922964269261632,0.056839236959438245,0.04303172173904659,0.004743433706705014,-0.03383517319327862,0.02703956899872936,-0.001546780153022884,-0.02196123817639103,-0.03173913644253962,0.02910069627364154,-0.07145239757848591,-0.10612683637405947,0.25983880068028614,-0.027523518550887194,0.08564941828292678,-0.022514905008622348,0.014386651045492398,-0.10246077458034855,-0.14696715603004504,-0.072708271215709,0.12914477468157984,0.0792837653332585,-0.022514905008622285,0.01243673818094305,0.01438665104549264,-0.12362497292305585,-0.06629039140650612,0.08564941828292698,-0.0632476676366373,0.056839236959438606,0.03372090950512053,-0.026246100908368278,0.04303172173904659,-0.06120288698219199,0.014129338033831063,-0.06167919547574228,-0.07145239757848591,0.02021719079891786,,,,,,,,,-0.026246100908368278,-0.026246100908368434,-0.02624610090836839,-0.001876203011568853,-0.02624610090836839,0.04303172173904645,0.04303172173904647,0.0430317217390462,0.0430317217390462
host_listings_count,-0.06888382339490563,,-0.051017865663142994,1.0,0.9962710770874406,,0.0030411733655771414,0.03996474890241415,0.09368200455076187,0.15711423416072007,0.11172023502527646,0.0895888824311324,0.025730304238340624,0.25494855732143085,0.03001482499622419,0.021155653190717324,0.04364635356124241,0.11465885218327919,0.03088192261961511,0.07128305166798098,,-0.012655868423291356,-0.021435249746694227,-0.020876001898158515,0.062256651795840875,-0.10788348589418013,-0.12222266388718236,-0.12524839706621604,-0.02542645022033002,-0.12029343732721685,-0.09264398970362622,-0.07134124157139368,-0.14802855383723446,-0.14920995719561395,-0.1873081623779878,-0.23297381209798626,-0.29719030721290135,-0.005609816685976693,-0.19463813912526753,0.2049207923800688,0.21030827444183642,-0.053690693863211764,-0.009467130140014785,-0.16850305580876734,0.06107183494061012,0.0565345954305552,-0.046043413032392885,-0.05240036083806756,-0.07600466176809349,0.10209385730169643,0.0993812481701341,0.06107183494061017,0.046990739624445034,0.05653459543055512,-0.10788348589418019,-0.1009479360401547,-0.1685030558087673,-0.06225665179584082,-0.09264398970362661,-0.08531983392144518,-0.03849155961400347,-0.07134124157139368,-0.08344460672778975,-0.08006830842242642,-0.02100313235149575,0.2049207923800688,0.22502619369778407,,,,,,,,,-0.03849155961400347,-0.038491559614003544,-0.03849155961400353,-0.006298807644880414,-0.03849155961400353,-0.0713412415713937,-0.07134124157139378,-0.07134124157139365,-0.07134124157139365
host_total_listings_count,-0.07323850291835934,,-0.0477811867361287,0.9962710770874406,1.0,,-0.004740210556862207,0.03926230017950264,0.08806225597696671,0.14212450922809358,0.1047625316216617,0.08092391683028992,0.029028599188027884,0.24000684429082267,0.03227926716779039,0.019389884488937005,0.07233825220825968,0.11462823437421706,0.030562884623980473,0.0901905639843578,,-0.01761645523552875,-0.028473870737748486,-0.028593288938511055,0.052915950608116935,-0.0946222714922527,-0.11010812639560073,-0.11590746128575223,-0.03335213632124615,-0.10866966178534404,-0.07803381552218133,-0.06317221367488049,-0.13366084636815745,-0.13958072956276388,-0.17669737714735426,-0.21415160498656563,-0.2872471342897149,0.0015513331939974926,-0.17108346232763183,0.15245809316533301,0.15764290998006786,-0.04824028661009501,-0.00870726144158309,-0.15390358095621298,0.054286369588342966,0.049907471107795066,-0.0466034302567937,-0.051875920487283005,-0.0603921945127629,0.09469079709294141,0.0894196035680547,0.05428636958834295,0.04101263855829872,0.049907471107795025,-0.09462227149225273,-0.08385031789353448,-0.1539035809562129,-0.052915950608117046,-0.07803381552218143,-0.07739028132388455,-0.0388352620406318,-0.06317221367488049,-0.07846275556962704,-0.07343137769972265,-0.015491734748493519,0.15245809316533301,0.1969035627100506,,,,,,,,,-0.0388352620406318,-0.038835262040631785,-0.038835262040631834,-0.010957116956008638,-0.038835262040631834,-0.0631722136748805,-0.06317221367488038,-0.06317221367488035,-0.06317221367488035
neighbourhood_group_cleansed,,,,,,,,,,,,,,,,,,,,,,,,,,,,,,,,,,,,,,,,,,,,,,,,,,,,,,,,,,,,,,,,,,,,,,,,,,,,,,,,,,,,
latitude,0.011606854381729958,,-0.029656238115807105,0.0030411733655771414,-0.004740210556862207,,1.0,-0.09828380777549771,0.010284754726553824,0.05580444333344696,-0.007411304409472552,-0.02141232453215089,-0.003714863915739695,0.09929287403500438,-0.0010253513609923472,0.010755068022418601,-0.04319943726221171,0.019664422931396513,0.005383261880727472,-0.0069690169906778225,,-0.10418246648467169,-0.09157390278186968,-0.11397284182076461,-0.10398635863265064,-0.012351997656717148,-0.024428048830871466,-0.018413992488443196,-0.10129060176652753,-0.03349981619410273,-0.04097692194143848,-0.016563484930805353,0.028278983128419043,0.05918514525373143,-0.07681613981863152,0.006959837535998008,-0.05843282690575416,-0.06594859592124139,-0.005027787991177237,0.15492363896773909,0.15400941184949374,-0.00504180200900607,-0.003134783742446609,-0.012335305546541041,0.06488028382038454,0.0880047724647125,0.021474123384369926,0.08381911391497651,-0.02690313785928278,0.00638760106009724,-0.02676364510302065,0.06488028382038448,0.08390303817316319,0.08800477246471224,-0.012351997656717123,-0.037324260363420105,-0.012335305546541013,0.10398635863265052,-0.040976921941438475,-0.003063788058308772,0.10632680072318319,-0.016563484930805353,0.06385340540605923,0.07649134710970015,0.16020695989735242,0.15492363896773909,-0.011462833585744155,,,,,,,,,0.10632680072318319,0.10632680072318339,0.10632680072318328,-0.09935222194799688,0.10632680072318328,-0.016563484930805412,-0.016563484930805318,-0.01656348493080535,-0.01656348493080535
longitude,-0.12518218566890613,,-0.060397041899546706,0.03996474890241415,0.03926230017950264,,-0.09828380777549771,1.0,-0.09060327085954169,-0.11181366722900409,-0.07536528639531995,-0.03064733216250223,-0.009724943959958937,0.05013549647042093,-0.007277480078872474,0.018956584129389404,0.010532301575946739,0.04226646307331725,0.0026987082810212234,0.019048063069902352,,0.055666905846462236,0.024916586715566385,0.03163812071907235,0.004499580955544206,0.045667660346240355,-0.03451916140426439,-0.06080470532981123,0.018198194462951924,-0.004160968656735973,-0.09084614712997884,-0.011660983898390402,-0.029580211223506035,-0.0018437082988428534,-0.062298879155834284,-0.02144252147378732,-0.01456414111673928,0.055906734409030906,-0.098090135784321,0.05633126566246815,0.04634476175677449,0.06447505789084071,0.026183586118031125,-0.03463356162280152,0.15477206948454303,0.1606100070904395,0.17805182839510375,0.23533824334427786,-0.001618311707903942,-0.07738534441115619,-0.004450145143239884,0.1547720694845433,0.1520428204969313,0.16061000709043957,0.045667660346240306,-0.006457338685532824,-0.03463356162280159,-0.004499580955544144,-0.09084614712997895,-0.052296304103128605,0.05956742282829533,-0.011660983898390402,0.08446187924723304,0.11290082701830506,0.06595807444962917,0.05633126566246815,0.1482653395782348,,,,,,,,,0.05956742282829533,0.05956742282829546,0.05956742282829541,-0.043198120372229025,0.05956742282829541,-0.01166098389839035,-0.011660983898390313,-0.011660983898390207,-0.011660983898390207
accommodates,-0.013614101932333459,,0.11425592707923464,0.09368200455076187,0.08806225597696671,,0.010284754726553824,-0.09060327085954169,1.0,0.6692691940401472,0.8266543178313513,0.8837271610537624,-0.09984199258085887,0.07909733994221575,-0.09967237503177966,-0.0838204399277401,0.007517364519424511,0.07861342580066162,-0.09935081101741398,0.051533558319792734,,-0.018009450615876197,-0.05094386535182065,-0.09316267196627019,0.0240156514875128,-0.12048261520596769,-0.0645930698956346,-0.11971540627714358,-0.08487087917449768,-0.08244337825100168,-0.039347422572017766,0.29720718855629497,0.03788864398819292,-0.0276270384848793,0.0019509052260340666,0.07899652954935447,-0.03282419274291659,-0.02454929630819322,0.006386315006397738,0.054174640684350434,0.06924198784915366,-0.10946121621940053,-0.02894929050143987,-0.1536323388505954,0.5224785045107397,0.5538344030132276,-0.29169180382822957,-0.34578569297895145,0.009570971184993003,0.9415257582468519,0.8320410584881212,0.52247850451074,0.513699984333043,0.5538344030132274,-0.1204826152059682,-0.014957925655693701,-0.15363233885059527,-0.024015651487512883,-0.039347422572018,-0.0996198683512383,0.2692965506176495,0.29720718855629497,-0.15161512341946234,-0.07955996516773578,0.2307834645812788,0.054174640684350434,0.04486119342476904,,,,,,,,,0.2692965506176495,0.2692965506176502,0.26929655061765,-0.13547111110344856,0.26929655061765,0.2972071885562949,0.29720718855629463,0.2972071885562945,0.2972071885562945
bathrooms,0.059712388354763286,,0.015170901572206847,0.15711423416072007,0.14212450922809358,,0.05580444333344696,-0.11181366722900409,0.6692691940401472,1.0,0.7569493444120472,0.6368165791163211,0.07858999059396829,0.13421911363989367,0.09224802384154857,0.04350628125254679,-0.10898625127558008,0.042311800178655455,0.09947950244466168,-0.02698742412510293,,-0.04290436962651667,-0.07504873911007912,-0.12514192238648777,-0.049311973524305275,-0.25550613710624775,-0.2447326459548588,-0.2301228852823897,-0.1068895532598937,-0.24711670600954672,-0.2288684313960301,0.08923386908097596,0.1390389756404251,0.030069331976306807,0.09973219288584913,0.12232910920595785,0.023810309519262437,0.0224584621143625,-0.020574210495701097,0.20570252321428772,0.2254971499985439,-0.16801661875500307,0.04662088322935121,-0.31075320908671034,0.5571027009182478,0.5345825035807203,-0.0042089585277429245,-0.0291318515982849,-0.24310081481296264,0.6056566790990389,0.601732232232241,0.5571027009182485,0.48693163775347625,0.5345825035807202,-0.2555061371062478,-0.25973468534737976,-0.31075320908670984,0.0493119735243052,-0.22886843139603005,-0.1843278687292331,0.32419607512884135,0.08923386908097596,0.02010803486892779,-0.056466066222945775,0.2847600027669747,0.20570252321428772,0.07772988507951445,,,,,,,,,0.32419607512884135,0.32419607512884135,0.3241960751288417,-0.11163043329662449,0.3241960751288417,0.08923386908097596,0.0892338690809758,0.08923386908097579,0.08923386908097579
bedrooms,-0.006281275846072807,,-0.013446006413216593,0.11172023502527646,0.1047625316216617,,-0.007411304409472552,-0.07536528639531995,0.8266543178313513,0.7569493444120472,1.0,0.7956447207282186,0.020274608348090622,0.07359879248900088,0.026719530082198822,0.020901059324522527,-0.054254898158834504,0.0338451735659716,0.026597998407920927,-0.005965997870447752,,-0.06894008662371783,-0.11556737342810665,-0.16792767850716714,-0.09704986085055843,-0.18099264432566478,-0.19591175746264294,-0.24738993692686936,-0.14949225418303785,-0.18459415671390378,-0.16852410971833856,0.2065441750773107,0.045959474960938176,-0.015439848875147832,0.02291074597599928,0.11981843846981609,-0.0047784795508370665,0.015479000188854869,-0.013843405744693149,0.08635032461559088,0.1127887558715456,-0.19453172164243257,-0.04112101373023225,-0.25357452796507507,0.5385068533860975,0.563797386551792,-0.15666779594616764,-0.1830014733878558,-0.13586946991772142,0.7804074867798846,0.7668807155174543,0.5385068533860974,0.533630539569801,0.5637973865517923,-0.18099264432566498,-0.15277540944401402,-0.25357452796507546,0.09704986085055843,-0.16852410971833848,-0.16767844891703612,0.32643458767094313,0.2065441750773107,-0.0395324437606739,-0.13531782773448783,0.32109852421087015,0.08635032461559088,0.015834253649855166,,,,,,,,,0.32643458767094313,0.3264345876709433,0.32643458767094335,-0.13191621712908355,0.32643458767094335,0.20654417507731065,0.20654417507731057,0.20654417507731027,0.20654417507731027
beds,-0.08129114298190343,,0.08667378996069769,0.0895888824311324,0.08092391683028992,,-0.02141232453215089,-0.03064733216250223,0.8837271610537624,0.6368165791163211,0.7956447207282186,1.0,-0.09214243168939776,0.12067867843022656,-0.0865605042708841,-0.06766099506663839,0.028665228745920063,0.10853189995041501,-0.08778348917627199,0.07765736898842741,,0.01089080470698965,-0.032217414963012794,-0.09045360006569937,0.009528068537790901,-0.07884345346329129,-0.07587639907687808,-0.1359577663505488,-0.07321421172337815,-0.076155175627067,-0.050931989534463006,0.26107641543768617,0.0511246213412133,-0.019191414991137894,0.01449664521201784,0.09466830300804104,-0.014335600304549818,-0.005492787425415021,-0.01785116399851369,0.07085573962685877,0.08472536691773476,-0.10913550945587751,0.012688237161181254,-0.1576354719311134,0.48024948899516434,0.4988244115177721,-0.2333513054512772,-0.28224186232054504,0.02492193079890215,0.8177634827841807,0.9558059984445155,0.48024948899516445,0.4706599593045426,0.498824411517772,-0.07884345346329101,0.006615884133428739,-0.1576354719311134,-0.009528068537790953,-0.05093198953446292,-0.10718591707674778,0.2735919345262998,0.26107641543768617,-0.09501695497796657,-0.061161610324257154,0.23001638628177873,0.07085573962685877,0.07130180329312198,,,,,,,,,0.2735919345262998,0.2735919345263004,0.27359193452629976,-0.12597655517661677,0.27359193452629976,0.2610764154376862,0.2610764154376864,0.26107641543768595,0.26107641543768595
minimum_nights,0.09163082342440573,,-0.01611063208293892,0.025730304238340624,0.029028599188027884,,-0.003714863915739695,-0.009724943959958937,-0.09984199258085887,0.07858999059396829,0.020274608348090622,-0.09214243168939776,1.0,-0.07668344344180979,0.9899968460038869,0.6895551745913789,-0.05984746455570103,-0.13301215789165557,0.9476393137271569,-0.08993532630988664,,-0.07611999494189371,-0.05133576668119301,-0.034049095495197565,-0.07776445695136938,-0.1934221896691748,-0.30863128887593405,-0.27633914397799914,-0.03166591743620791,-0.25715457290315064,-0.25188728066889604,-0.33099393828877394,0.005552364101767305,-0.016219423104008646,-0.0822172405445136,0.03570070657431788,0.015521196612207468,-0.004469645737391356,-0.027179172348285267,-0.0027032411311645192,0.0008217797875836945,-0.02289331728294442,-0.01861101397464144,-0.23730138081254268,-0.11807082815265173,-0.17704680333406767,-0.019611449600269348,-0.05393782955505145,-0.33593334767471267,-0.11027840192884789,-0.09901969585606354,-0.11807082815265184,-0.17609293034420756,-0.17704680333406767,-0.19342218966917465,-0.30977580486804346,-0.23730138081254268,0.07776445695136944,-0.2518872806688958,-0.1094835913217003,-0.03337865280692141,-0.33099393828877394,0.05283239074495965,-0.037958633214081355,-0.02907053817822762,-0.0027032411311645192,-0.06021472572411813,,,,,,,,,-0.03337865280692141,-0.03337865280692161,-0.03337865280692157,0.11299781238858214,-0.03337865280692157,-0.330993938288774,-0.3309939382887738,-0.33099393828877394,-0.33099393828877394
maximum_nights,-0.2940350377983913,,-0.06634312940563447,0.25494855732143085,0.24000684429082267,,0.09929287403500438,0.05013549647042093,0.07909733994221575,0.13421911363989367,0.07359879248900088,0.12067867843022656,-0.07668344344180979,1.0,-0.0721527513463117,-0.027913037962785277,0.2391400811061117,0.49192581095239446,-0.041844661939241225,0.33842602745873046,,0.018194764184919034,0.034885340363450576,0.027689576437826102,0.12120556911251282,0.04662935496553855,-0.045068526978941925,-0.04074800795200275,0.0266772771880841,-0.002344440547457587,-0.06524148647229659,-0.02098199256731761,-0.043839625325891494,-0.06687142959907318,-0.03388668989321871,-0.058598410379093545,-0.13777494803888568,-0.005149158470528627,-0.12017802634885283,0.34345741464106616,0.3573683548968171,-0.12582958888212364,-0.011637941362853713,-0.10239862460808598,0.10110536093893485,0.14479581156684204,0.014682644893631044,0.04399163065825724,0.09019016825194397,0.11232538294018468,0.14542637952939338,0.10110536093893478,0.13854540725729114,0.14479581156684168,0.046629354965538335,0.08436843439194004,-0.10239862460808623,-0.12120556911251278,-0.06524148647229705,-0.05149874820782587,-0.05755141882886327,-0.02098199256731761,-0.14069009268584146,-0.11103655643458944,-0.0233293938398642,0.34345741464106616,0.11839242269611364,,,,,,,,,-0.05755141882886327,-0.05755141882886316,-0.057551418828863124,-0.05173462266902926,-0.057551418828863124,-0.020981992567317535,-0.020981992567317538,-0.020981992567317177,-0.020981992567317177
minimum_minimum_nights,0.09708130540829342,,-0.015354096046610104,0.03001482499622419,0.03227926716779039,,-0.0010253513609923472,-0.007277480078872474,-0.09967237503177966,0.09224802384154857,0.026719530082198822,-0.0865605042708841,0.9899968460038869,-0.0721527513463117,1.0,0.6899417376806273,-0.07545203627491644,-0.1486597390024813,0.9497523740766397,-0.10717466686687564,,-0.07167958212565988,-0.0486312091917314,-0.03279975983430076,-0.07241004823439173,-0.19963674303023177,-0.3168528749772651,-0.28216994985030724,-0.02992551079154963,-0.26556287495988207,-0.27063539296731837,-0.3516045643476082,0.003905092625340879,-0.01804766864729286,-0.08107698997234379,0.034504920666384505,0.01265182290613861,-0.007042949916452602,-0.02935487870636093,0.01054340448764781,0.013728748363038104,-0.021486605180752103,-0.01845245710981573,-0.23930181380721507,-0.11437033184842259,-0.17107156461147408,-0.014235822630416985,-0.046968831912707246,-0.35176461887729077,-0.10992297989809433,-0.09140129467552771,-0.11437033184842262,-0.16695966325047645,-0.1710715646114742,-0.19963674303023152,-0.3251867371517663,-0.23930181380721519,0.07241004823439179,-0.27063539296731837,-0.12930637348532534,-0.038402651771361464,-0.3516045643476082,0.046203771334784566,-0.04645038542150843,-0.025454388648321214,0.01054340448764781,-0.054088796011120106,,,,,,,,,-0.038402651771361464,-0.03840265177136153,-0.038402651771361526,0.11413404082589168,-0.038402651771361526,-0.3516045643476082,-0.3516045643476079,-0.3516045643476082,-0.3516045643476082
maximum_minimum_nights,0.08711307828060603,,-0.0202223266299727,0.021155653190717324,0.019389884488937005,,0.010755068022418601,0.018956584129389404,-0.0838204399277401,0.04350628125254679,0.020901059324522527,-0.06766099506663839,0.6895551745913789,-0.027913037962785277,0.6899417376806273,1.0,-0.03847671000932949,-0.05510425599829447,0.7786456982718972,-0.041052798175546634,,-0.07403036466700506,-0.04663490322112599,-0.02192620496655585,-0.055015002893608764,-0.1479894601282783,-0.22807442124455848,-0.21620884090370454,-0.026141521329105848,-0.17306372667134753,-0.19045128421865715,-0.2021881704813794,0.005450876359165631,-0.032096120959630256,-0.06031046927380767,0.053554982899433466,0.037698176659452826,-0.05709862315922891,-0.04480649284143299,0.09298640733002957,0.09820649241504237,-0.042680660903081695,-0.018103069449254,-0.14561906989839296,-0.076225307361641,-0.0933261439044045,-0.019104149717713615,-0.022702024872352285,-0.25826778631375896,-0.07782365475558657,-0.06178359122478186,-0.076225307361641,-0.08192865040403349,-0.09332614390440455,-0.14798946012827824,-0.22530085641206804,-0.14561906989839313,0.055015002893608805,-0.1904512842186571,-0.11563443110971171,-0.03584988609700408,-0.2021881704813794,0.011858916005396009,-0.04628970993264305,-0.015809914054765402,0.09298640733002957,-0.035049800183532834,,,,,,,,,-0.03584988609700408,-0.03584988609700411,-0.03584988609700408,0.0508658945149989,-0.03584988609700408,-0.20218817048137946,-0.2021881704813795,-0.20218817048137966,-0.20218817048137966
minimum_maximum_nights,-0.37678648153276595,,-0.09962851018260746,0.04364635356124241,0.07233825220825968,,-0.04319943726221171,0.010532301575946739,0.007517364519424511,-0.10898625127558008,-0.054254898158834504,0.028665228745920063,-0.05984746455570103,0.2391400811061117,-0.07545203627491644,-0.03847671000932949,1.0,0.7912750654278843,-0.07133553086222522,0.9489868861159292,,-0.005062340507026575,-0.009058553771345476,0.0020548971666093556,0.04186583385692442,0.3136967134275525,0.24221395521018324,0.15564834223376145,-0.0064457940829392695,0.32362301768969753,0.27371489577117675,0.15162318338466438,0.07610880046302923,0.10365880346111034,0.06368232663125063,0.10612963175628624,0.12046955553565965,0.08121724186598231,0.13488566196905244,-0.333689165534673,-0.3189041508651986,-0.07334446483133661,-0.05843842135938201,0.19485536081256608,-0.13693519365830487,-0.08535885258975606,-0.07950651571920132,-0.08370250452043701,0.42405656260764163,-0.00043343844093615366,0.02346428965810888,-0.13693519365830514,-0.07368024296940762,-0.08535885258975645,0.3136967134275525,0.43926063927156894,0.19485536081256566,-0.0418658338569243,0.2737148957711766,0.17765371233423333,-0.14310329000422264,0.15162318338466438,-0.11895710196258787,-0.09041408366860473,-0.05509146893877901,-0.333689165534673,-0.1328115647884674,,,,,,,,,-0.14310329000422264,-0.14310329000422267,-0.14310329000422262,-0.07948444908641705,-0.14310329000422262,0.1516231833846644,0.1516231833846644,0.15162318338466466,0.15162318338466466
maximum_maximum_nights,-0.4127773830915411,,-0.10106969529168379,0.11465885218327919,0.11462823437421706,,0.019664422931396513,0.04226646307331725,0.07861342580066162,0.042311800178655455,0.0338451735659716,0.10853189995041501,-0.13301215789165557,0.49192581095239446,-0.1486597390024813,-0.05510425599829447,0.7912750654278843,1.0,-0.11370787805037369,0.9021697381358785,,-0.001566315205811364,0.0004338666810021224,0.005975042183410212,0.07847353985238886,0.24618350002221726,0.17210732970867493,0.09361017120355766,-0.004327284205725875,0.2546244705462738,0.17637896131249148,0.16452053562952715,-0.0100465999046364,0.0023546604974620366,0.04002693650717834,0.01645670535701489,-0.018257876461525584,0.05166772172921199,0.0007474771205492595,0.08286282559252009,0.0975877317389883,-0.10842514769644963,-0.03514654465685603,0.09896438272361514,0.02544955176205904,0.08720859044628916,0.011154928518317212,0.027567830069521734,0.3632516842426174,0.07202142037188555,0.10837251685008813,0.025449551762059045,0.0922002187350901,0.087208590446289,0.2461835000222169,0.3674727364524447,0.09896438272361473,-0.07847353985238888,0.17637896131249114,0.11347701409365875,-0.06432684988502947,0.16452053562952715,-0.11015218995831243,-0.08985246564027359,0.02182357002977336,0.08286282559252009,0.036378823448748904,,,,,,,,,-0.06432684988502947,-0.0643268498850294,-0.06432684988502926,-0.12132770388247129,-0.06432684988502926,0.16452053562952726,0.16452053562952737,0.16452053562952773,0.16452053562952773
minimum_nights_avg_ntm,0.09307394583219027,,-0.010200934083694086,0.03088192261961511,0.030562884623980473,,0.005383261880727472,0.0026987082810212234,-0.09935081101741398,0.09947950244466168,0.026597998407920927,-0.08778348917627199,0.9476393137271569,-0.041844661939241225,0.9497523740766397,0.7786456982718972,-0.07133553086222522,-0.11370787805037369,1.0,-0.09068063824549875,,-0.0895668177483957,-0.05998807197552649,-0.03067120969140597,-0.07473289659112481,-0.20075316059238657,-0.3132756357252661,-0.2921461769704058,-0.03223435035979329,-0.2571086915813441,-0.26541727377200214,-0.3720320093582993,-0.002216612794790918,-0.03389519995028814,-0.07582692138449498,0.03524302980516821,0.021143180439405013,-0.03485993785905003,-0.04064942457826004,0.061157200684103394,0.065369207623943,-0.03261104886460578,-0.020321414614060267,-0.22675188675708138,-0.11875862554774855,-0.170500860575658,-0.022316485279289016,-0.0502637571064895,-0.3464203505250947,-0.10454685723212437,-0.09030260458316103,-0.1187586255477485,-0.16678666068480075,-0.17050086057565803,-0.20075316059238663,-0.3164966556374487,-0.2267518867570816,0.07473289659112474,-0.26541727377200175,-0.12998520190684612,-0.040349739137751583,-0.3720320093582993,0.04315493723411538,-0.046999080856554805,-0.020277344101636587,0.061157200684103394,-0.03918849725856839,,,,,,,,,-0.040349739137751583,-0.0403497391377518,-0.040349739137751785,0.10589591398951143,-0.040349739137751785,-0.3720320093582994,-0.37203200935829944,-0.37203200935829933,-0.37203200935829933
maximum_nights_avg_ntm,-0.3873825394911131,,-0.10676056934401054,0.07128305166798098,0.0901905639843578,,-0.0069690169906778225,0.019048063069902352,0.051533558319792734,-0.02698742412510293,-0.005965997870447752,0.07765736898842741,-0.08993532630988664,0.33842602745873046,-0.10717466686687564,-0.041052798175546634,0.9489868861159292,0.9021697381358785,-0.09068063824549875,1.0,,-0.03269648269556101,-0.03202844226301361,-0.023628053426978542,0.021500078827452754,0.295040308962952,0.2163377276651653,0.12761992253233356,-0.03045613061524588,0.3030028044621778,0.23465093376502924,0.14605274311917993,0.04152559684810729,0.05460372848100414,0.059710274977479105,0.07848417866837293,0.06804930387511982,0.06828103033512542,0.07594405534326681,-0.1917699452380939,-0.17562834810538716,-0.09705008584974538,-0.037069669517301014,0.1619483606010851,-0.08149509703707702,-0.023366071989189552,-0.06860546472092846,-0.06273648906431978,0.39976932403981685,0.04338941215505836,0.07378072720155125,-0.08149509703707705,-0.012295385366450515,-0.023366071989189736,0.2950403089629517,0.41528663661764303,0.16194836060108492,-0.02150007882745267,0.2346509337650291,0.1579390272142477,-0.07159131958821446,0.14605274311917993,-0.0913550702719951,-0.06839475652040462,0.0031249368712858235,-0.1917699452380939,-0.06484610944064355,,,,,,,,,-0.07159131958821446,-0.07159131958821438,-0.07159131958821438,-0.10153889951765664,-0.07159131958821438,0.14605274311918,0.14605274311918,0.14605274311918026,0.14605274311918026
calendar_updated,,,,,,,,,,,,,,,,,,,,,,,,,,,,,,,,,,,,,,,,,,,,,,,,,,,,,,,,,,,,,,,,,,,,,,,,,,,,,,,,,,,,
availability_30,-0.03980570236839789,,-0.005751131566325932,-0.012655868423291356,-0.01761645523552875,,-0.10418246648467169,0.055666905846462236,-0.018009450615876197,-0.04290436962651667,-0.06894008662371783,0.01089080470698965,-0.07611999494189371,0.018194764184919034,-0.07167958212565988,-0.07403036466700506,-0.005062340507026575,-0.001566315205811364,-0.0895668177483957,-0.03269648269556101,,1.0,0.9269415832985815,0.8558221655591771,0.5344892246494812,0.10093847985736856,0.15978234845535605,0.16883648592004227,0.881713746919619,0.11830215222000033,0.10430174236123638,0.10297270342273447,0.023751566708674194,0.0280917939845424,0.09673234500560583,-0.045782328605570036,-0.012451887674482364,-0.03269249028723949,0.028271724951307236,0.03364862260441697,0.03925425956355779,-0.05058144650916635,0.05788700914559044,0.12924328463209617,0.005102959013439045,0.06015147013444892,0.08089264904731308,0.09732583668086355,0.1774944550403755,-0.03342117568002731,-0.011951227283292225,0.0051029590134390665,0.08711362923377103,0.060151470134448944,0.10093847985736838,0.16177306200420846,0.12924328463209614,-0.5344892246494811,0.10430174236123654,0.06044559845326901,-0.3552788682482073,0.10297270342273447,-0.33376063121234006,-0.3333838536351699,-0.40782340402690576,0.03364862260441697,0.059518319331150114,,,,,,,,,-0.3552788682482073,-0.3552788682482075,-0.3552788682482075,0.22800451389521423,-0.3552788682482075,0.10297270342273451,0.10297270342273444,0.10297270342273428,0.10297270342273428
availability_60,-0.028715117263669036,,0.010413778774579958,-0.021435249746694227,-0.028473870737748486,,-0.09157390278186968,0.024916586715566385,-0.05094386535182065,-0.07504873911007912,-0.11556737342810665,-0.032217414963012794,-0.05133576668119301,0.034885340363450576,-0.0486312091917314,-0.04663490322112599,-0.009058553771345476,0.0004338666810021224,-0.05998807197552649,-0.03202844226301361,,0.9269415832985815,1.0,0.9614453967846776,0.6076530104682838,0.10706505547781778,0.16914080182955205,0.17561276276850307,0.9823225865357293,0.1337771296806948,0.12381270558574597,0.08653792860824343,0.024640088253118725,0.039891512104522596,0.09832093404739994,-0.034349094549588365,0.010485441325139412,-0.04679055092407897,0.01743024426267249,0.06585263791449036,0.068515024448112,-0.03118472308819604,0.05306539255773452,0.14356034044409602,-0.05936386635472933,-0.0209801702772972,0.04131282998533823,0.05105770011722434,0.15582084453542008,-0.06701584843264961,-0.0600061481014414,-0.05936386635472936,-0.004903868487196316,-0.020980170277297136,0.10706505547781765,0.14871594998734905,0.14356034044409613,-0.6076530104682835,0.12381270558574599,0.09988933689545684,-0.4368713433285313,0.08653792860824343,-0.39917682296554646,-0.3933446869437095,-0.4816431609623324,0.06585263791449036,0.07781099982158955,,,,,,,,,-0.4368713433285313,-0.4368713433285316,-0.4368713433285314,0.22689376662510816,-0.4368713433285314,0.08653792860824346,0.08653792860824334,0.08653792860824334,0.08653792860824334
availability_90,-0.017453255549578627,,0.037039216735497364,-0.020876001898158515,-0.028593288938511055,,-0.11397284182076461,0.03163812071907235,-0.09316267196627019,-0.12514192238648777,-0.16792767850716714,-0.09045360006569937,-0.034049095495197565,0.027689576437826102,-0.03279975983430076,-0.02192620496655585,0.0020548971666093556,0.005975042183410212,-0.03067120969140597,-0.023628053426978542,,0.8558221655591771,0.9614453967846776,1.0,0.6710569847250419,0.12011007863451155,0.17680981161205017,0.17782486654015947,0.9881977603766934,0.14614204787128712,0.13123765930754638,0.05736521453277172,0.007051113877865904,0.02690458509157201,0.08131822447061936,-0.03991417955318375,0.018192564882205765,-0.06613446901031701,-0.00523778870217282,0.07567187447670716,0.07354843425243572,0.005562479147114213,0.030439119755599146,0.16807780324785065,-0.09706348542557745,-0.07764739586705378,0.03268799858420627,0.039819089535253954,0.13293899268439255,-0.1101177741676341,-0.1168420451947618,-0.09706348542557751,-0.06955421516882858,-0.07764739586705377,0.12011007863451154,0.13333159603085012,0.16807780324785054,-0.6710569847250415,0.13123765930754647,0.1324239652731142,-0.5162271551390916,0.05736521453277172,-0.45493385295400574,-0.43566624812282245,-0.550567467664015,0.07567187447670716,0.10281722211808546,,,,,,,,,-0.5162271551390916,-0.5162271551390921,-0.5162271551390929,0.23748925355246267,-0.5162271551390929,0.05736521453277173,0.0573652145327716,0.05736521453277162,0.05736521453277162
availability_365,-0.07871076276893968,,0.06324766763663718,0.062256651795840875,0.052915950608116935,,-0.10398635863265064,0.004499580955544206,0.0240156514875128,-0.049311973524305275,-0.09704986085055843,0.009528068537790901,-0.07776445695136938,0.12120556911251282,-0.07241004823439173,-0.055015002893608764,0.04186583385692442,0.07847353985238886,-0.07473289659112481,0.021500078827452754,,0.5344892246494812,0.6076530104682838,0.6710569847250419,1.0,0.060628195033171885,0.09396948064504047,0.09621047834837534,0.6223763922398372,0.05370594784706097,0.10910500615832533,0.07297803557503578,-0.032559272224199874,0.023694963285607155,0.04553109559476123,-0.08617323902976015,-0.03622713628651009,-0.00785947031887283,-0.03633563960743595,0.015586455400678578,0.011204706455110637,0.03723864611820832,-0.052733606739516735,0.03750225745712055,0.02724510753044427,0.036502035475928694,0.0391215368549403,0.013549755875623877,0.15736279712762355,0.014736798285454909,-0.006952632091368765,0.027245107530444193,0.024144761588270832,0.03650203547592881,0.06062819503317185,0.14088453256058758,0.037502257457120464,-1.000000000000001,0.1091050061583253,0.030037495028764478,-0.7043533754842091,0.07297803557503578,-0.7660176207370187,-0.7161619577612683,-0.7637398611676762,0.015586455400678578,0.16476006389994077,,,,,,,,,-0.7043533754842091,-0.7043533754842096,-0.7043533754842096,0.25046140774823833,-0.7043533754842096,0.07297803557503578,0.07297803557503572,0.07297803557503571,0.07297803557503571
number_of_reviews,-0.4586314429310415,,-0.12362497292305578,-0.10788348589418013,-0.0946222714922527,,-0.012351997656717148,0.045667660346240355,-0.12048261520596769,-0.25550613710624775,-0.18099264432566478,-0.07884345346329129,-0.1934221896691748,0.04662935496553855,-0.19963674303023177,-0.1479894601282783,0.3136967134275525,0.24618350002221726,-0.20075316059238657,0.295040308962952,,0.10093847985736856,0.10706505547781778,0.12011007863451155,0.060628195033171885,1.0,0.7531063857487678,0.5708958563189702,0.11108321541654527,0.8217299958474724,0.6140353632264478,0.40607149643300705,0.0014153924987426352,0.07891825319334024,0.02561403662588716,0.07836537419814307,0.055724967162479766,0.033831455016893934,0.09346257696581607,-0.24762372038768962,-0.2307155537723498,-0.10374775871278949,0.005807097044442623,0.7368624588175449,-0.17399842722785552,-0.17607192641114539,-0.09815911328435221,-0.0829813852626146,0.714966224779892,-0.1168796585500169,-0.06727374018282763,-0.17399842722785566,-0.19790280468182148,-0.17607192641114597,0.999999999999999,0.7567459128195092,0.7368624588175446,-0.06062819503317172,0.6140353632264469,0.5572800524247997,-0.12631305096154288,0.40607149643300705,-0.07452913452936225,-0.0533385905119057,-0.05633753853084286,-0.24762372038768962,-0.1413793426570276,,,,,,,,,-0.12631305096154288,-0.12631305096154266,-0.1263130509615426,-0.0636978649612404,-0.1263130509615426,0.4060714964330073,0.4060714964330066,0.40607149643300744,0.40607149643300744
number_of_reviews_ltm,-0.19119402971040858,,0.05272225555069148,-0.12222266388718236,-0.11010812639560073,,-0.024428048830871466,-0.03451916140426439,-0.0645930698956346,-0.2447326459548588,-0.19591175746264294,-0.07587639907687808,-0.30863128887593405,-0.045068526978941925,-0.3168528749772651,-0.22807442124455848,0.24221395521018324,0.17210732970867493,-0.3132756357252661,0.2163377276651653,,0.15978234845535605,0.16914080182955205,0.17680981161205017,0.09396948064504047,0.7531063857487678,1.0,0.7797909980462893,0.16825384677100294,0.8755875743250356,0.8342562660991584,0.61722222398349,0.05900729819374133,0.12270521027173288,0.07045233294700463,0.053102352626546764,0.0772681723530171,0.040210569377156266,0.14118922083966143,-0.23127227074703524,-0.22632413824638709,-0.014016585077892964,-0.02938524753186627,0.9056667026664326,-0.18498324372167707,-0.1803725269715762,-0.14278343212017577,-0.131605086345466,0.6984209138637576,-0.06676219586007347,-0.07597948781679129,-0.1849832437216774,-0.21309224074623254,-0.1803725269715757,0.7531063857487671,0.7296728820058155,0.9056667026664339,-0.0939694806450404,0.8342562660991597,0.7332544409656447,-0.1344933001085799,0.61722222398349,-0.07819636369640445,-0.049364776133242624,-0.0786384649654231,-0.23127227074703524,-0.09528090112202288,,,,,,,,,-0.1344933001085799,-0.13449330010857982,-0.13449330010857988,-0.05625739973044715,-0.13449330010857988,0.61722222398349,0.6172222239834897,0.6172222239834896,0.6172222239834896
number_of_reviews_l30d,-0.13024557184062024,,0.014456999343845561,-0.12524839706621604,-0.11590746128575223,,-0.018413992488443196,-0.06080470532981123,-0.11971540627714358,-0.2301228852823897,-0.24738993692686936,-0.1359577663505488,-0.27633914397799914,-0.04074800795200275,-0.28216994985030724,-0.21620884090370454,0.15564834223376145,0.09361017120355766,-0.2921461769704058,0.12761992253233356,,0.16883648592004227,0.17561276276850307,0.17782486654015947,0.09621047834837534,0.5708958563189702,0.7797909980462893,1.0,0.1709700054360381,0.6639555018199692,0.6644335956715794,0.4588514073357475,0.10994885471881255,0.1449270410170269,0.14360687289830687,0.08314767527476911,0.10119271769336544,0.07913812413922534,0.1581087708306377,-0.19491214320606046,-0.1860577567540386,-0.04505598188117915,-0.02968122341738293,0.7463068638190625,-0.1853340256465985,-0.17917309770730702,-0.0818640552114519,-0.05786124879647792,0.5611467643019756,-0.12721975175633482,-0.1420547008411782,-0.18533402564659843,-0.2093610002021052,-0.17917309770730735,0.5708958563189701,0.5753070613395468,0.7463068638190626,-0.09621047834837536,0.6644335956715789,0.5665906318284084,-0.1254938849466821,0.4588514073357475,-0.023935688735312217,-0.0013273718769555751,-0.07502408681617158,-0.19491214320606046,-0.11379297401215044,,,,,,,,,-0.1254938849466821,-0.1254938849466821,-0.1254938849466819,-0.04462341445625846,-0.1254938849466819,0.4588514073357476,0.45885140733574725,0.4588514073357468,0.4588514073357468
availability_eoy,-0.016508502561006527,,0.017109851413111683,-0.02542645022033002,-0.03335213632124615,,-0.10129060176652753,0.018198194462951924,-0.08487087917449768,-0.1068895532598937,-0.14949225418303785,-0.07321421172337815,-0.03166591743620791,0.0266772771880841,-0.02992551079154963,-0.026141521329105848,-0.0064457940829392695,-0.004327284205725875,-0.03223435035979329,-0.03045613061524588,,0.881713746919619,0.9823225865357293,0.9881977603766934,0.6223763922398372,0.11108321541654527,0.16825384677100294,0.1709700054360381,1.0,0.13613972411335415,0.11820428469797535,0.05163399225033531,0.013534088440919597,0.030295115579952393,0.08750370804495101,-0.03546367500191058,0.01572683188218336,-0.06193775922287734,0.0030594392106941966,0.07970368637035351,0.07987479607501365,-0.013972101445094868,0.05092351724707301,0.1565773487036599,-0.09345218985856957,-0.07027189119272913,0.03181987694976151,0.037626561121641484,0.1296362618700262,-0.10208850094046723,-0.10251560718598172,-0.09345218985856954,-0.05941093328263402,-0.07027189119272914,0.11108321541654506,0.1278767624332345,0.15657734870365986,-0.6223763922398371,0.1182042846979754,0.12529081620290675,-0.4716749755066906,0.05163399225033531,-0.4156549256917375,-0.411482229470778,-0.5191250404381603,0.07970368637035351,0.09643001697631606,,,,,,,,,-0.4716749755066906,-0.4716749755066917,-0.47167497550669096,0.23754179588498325,-0.47167497550669096,0.051633992250335305,0.05163399225033524,0.05163399225033527,0.05163399225033527
number_of_reviews_ly,-0.306884839558733,,-0.011922964269261632,-0.12029343732721685,-0.10866966178534404,,-0.03349981619410273,-0.004160968656735973,-0.08244337825100168,-0.24711670600954672,-0.18459415671390378,-0.076155175627067,-0.25715457290315064,-0.002344440547457587,-0.26556287495988207,-0.17306372667134753,0.32362301768969753,0.2546244705462738,-0.2571086915813441,0.3030028044621778,,0.11830215222000033,0.1337771296806948,0.14614204787128712,0.05370594784706097,0.8217299958474724,0.8755875743250356,0.6639555018199692,0.13613972411335415,1.0,0.7361794012714777,0.5270453936819791,0.040019387448053244,0.10907492510142572,0.04711340782547203,0.046537325146395865,0.08228940794663514,0.04799983754466499,0.12269163463551314,-0.2304520003421547,-0.21539494270247497,-0.0900063203928452,-0.007377283960302492,0.8238226002999641,-0.18481486744360018,-0.1768092022905919,-0.13227286212123024,-0.12216080074502848,0.7179769891807208,-0.07934628206392802,-0.07231774676884684,-0.1848148674436006,-0.20293059161977348,-0.17680920229059224,0.821729995847472,0.7660812132916627,0.8238226002999651,-0.053705947847060904,0.7361794012714777,0.6619367598768521,-0.13202961024441465,0.5270453936819791,-0.07453261608318526,-0.04934163163681341,-0.052720518065806986,-0.2304520003421547,-0.12371568803578631,,,,,,,,,-0.13202961024441465,-0.13202961024441465,-0.13202961024441467,-0.06944053842468191,-0.13202961024441467,0.5270453936819791,0.5270453936819787,0.5270453936819793,0.5270453936819793
estimated_occupancy_l365d,-0.17918320036547894,,0.056839236959438245,-0.09264398970362622,-0.07803381552218133,,-0.04097692194143848,-0.09084614712997884,-0.039347422572017766,-0.2288684313960301,-0.16852410971833856,-0.050931989534463006,-0.25188728066889604,-0.06524148647229659,-0.27063539296731837,-0.19045128421865715,0.27371489577117675,0.17637896131249148,-0.26541727377200214,0.23465093376502924,,0.10430174236123638,0.12381270558574597,0.13123765930754638,0.10910500615832533,0.6140353632264478,0.8342562660991584,0.6644335956715794,0.11820428469797535,0.7361794012714777,1.0,0.7584293466607078,0.053575054931047514,0.13074397383109987,0.037763287330573,0.017327540641864998,0.07104089143759378,0.06913923424065803,0.17016060995146035,-0.2921356162882421,-0.28024238514009614,-0.058031271346934137,-0.040865634629860134,0.7587615774437433,-0.23541286511973933,-0.24411707084065812,-0.22506879565529936,-0.23283091874307565,0.7023145533972366,-0.045490473580120386,-0.05413411614647148,-0.23541286511973927,-0.2670657006274452,-0.24411707084065826,0.6140353632264473,0.7239374426990226,0.758761577443744,-0.10910500615832534,1.0000000000000002,0.6434398097571004,-0.17716430351110832,0.7584293466607078,-0.13262661776755863,-0.11334731737539581,-0.11578323552278091,-0.2921356162882421,-0.1317651825502402,,,,,,,,,-0.17716430351110832,-0.17716430351110823,-0.1771643035111083,-0.060080778181383125,-0.1771643035111083,0.7584293466607078,0.7584293466607073,0.7584293466607076,0.7584293466607076
estimated_revenue_l365d,-0.16361178918005792,,0.04303172173904659,-0.07134124157139368,-0.06317221367488049,,-0.016563484930805353,-0.011660983898390402,0.29720718855629497,0.08923386908097596,0.2065441750773107,0.26107641543768617,-0.33099393828877394,-0.02098199256731761,-0.3516045643476082,-0.2021881704813794,0.15162318338466438,0.16452053562952715,-0.3720320093582993,0.14605274311917993,,0.10297270342273447,0.08653792860824343,0.05736521453277172,0.07297803557503578,0.40607149643300705,0.61722222398349,0.4588514073357475,0.05163399225033531,0.5270453936819791,0.7584293466607078,1.0,0.12931316143824031,0.17360859621127553,0.1167729598507706,0.12144362709003186,0.09619543152195477,0.07716881359967476,0.14517189531280134,-0.15317963022254394,-0.13874450440990393,-0.08742009837853286,-0.045452870379625185,0.4941417981137606,0.23041535081685097,0.25831728655743275,-0.018235585215472708,0.006338767813141958,0.5888590597010689,0.2724408736943519,0.2300714077494886,0.23041535081685083,0.22774013344898159,0.25831728655743313,0.40607149643300705,0.5880750134314842,0.4941417981137602,-0.0729780355750358,0.7584293466607075,0.39358972549452687,0.06763249704410844,1.0,-0.06215256420960346,-0.027405175988770427,0.09940713055426563,-0.15317963022254394,-0.12616863146710722,,,,,,,,,0.06763249704410844,0.06763249704410865,0.06763249704410855,-0.10196159219503559,0.06763249704410855,0.9999999999999998,1.000000000000001,0.9999999999999991,0.9999999999999991
review_scores_rating,0.08072920450755941,,0.004743433706705014,-0.14802855383723446,-0.13366084636815745,,0.028278983128419043,-0.029580211223506035,0.03788864398819292,0.1390389756404251,0.045959474960938176,0.0511246213412133,0.005552364101767305,-0.043839625325891494,0.003905092625340879,0.005450876359165631,0.07610880046302923,-0.0100465999046364,-0.002216612794790918,0.04152559684810729,,0.023751566708674194,0.024640088253118725,0.007051113877865904,-0.032559272224199874,0.0014153924987426352,0.05900729819374133,0.10994885471881255,0.013534088440919597,0.040019387448053244,0.053575054931047514,0.12931316143824031,1.0,0.7810580993798728,0.516264044632482,0.6231532646846958,0.6944964901448057,0.43744618907724253,0.6268651381952249,-0.11105703884089979,-0.10929350949034658,0.01028843695010731,-0.113729040913886,0.06515767847073034,0.03780438381711511,0.1113871268091832,0.019638258628150045,0.07560987162545448,0.015711657008057277,0.02598569432247464,0.04296158071750845,0.037804383817115046,0.11365758296986615,0.1113871268091834,0.0014153924987425947,0.026879852667466078,0.06515767847073035,0.03255927222419984,0.05357505493104746,0.010295802076583786,0.08128534695510867,0.1293131614382402,0.08478522336840685,0.08048807921187066,0.10560417355947303,-0.11105703884089979,-0.15880608610080124,,,,,,,,,0.08128534695510867,0.08128534695510901,0.08128534695510886,0.003891199044614866,0.08128534695510886,0.12931316143824012,0.12931316143824048,0.12931316143824023,0.12931316143824023
review_scores_accuracy,0.03776702931271744,,-0.03383517319327862,-0.14920995719561395,-0.13958072956276388,,0.05918514525373143,-0.0018437082988428534,-0.0276270384848793,0.030069331976306807,-0.015439848875147832,-0.019191414991137894,-0.016219423104008646,-0.06687142959907318,-0.01804766864729286,-0.032096120959630256,0.10365880346111034,0.0023546604974620366,-0.03389519995028814,0.05460372848100414,,0.0280917939845424,0.039891512104522596,0.02690458509157201,0.023694963285607155,0.07891825319334024,0.12270521027173288,0.1449270410170269,0.030295115579952393,0.10907492510142572,0.13074397383109987,0.17360859621127553,0.7810580993798728,1.0,0.3559244078262487,0.41911362462186114,0.549550154995019,0.45782429940273717,0.5313080074328719,-0.14014439865784678,-0.1381777263202055,0.00011472609276114914,-0.03803236787541438,0.13245312012179844,-0.01718584938755936,0.05223517378514792,0.03934194667834192,0.07352646189759375,0.1565346401717276,-0.03417348538954552,-0.012910917136659521,-0.01718584938755934,0.06877386743035277,0.052235173785147956,0.07891825319334009,0.14711453398500496,0.13245312012179847,-0.023694963285607162,0.13074397383109976,0.055176948984874775,0.06029453031187848,0.1736085962112756,0.067937701482977,0.06524671874074402,0.06423479356643892,-0.14014439865784678,-0.13176355540108375,,,,,,,,,0.06029453031187848,0.06029453031187847,0.06029453031187844,0.01556255035134554,0.06029453031187844,0.1736085962112757,0.17360859621127558,0.17360859621127567,0.17360859621127567
review_scores_cleanliness,0.10254874468758675,,0.02703956899872936,-0.1873081623779878,-0.17669737714735426,,-0.07681613981863152,-0.062298879155834284,0.0019509052260340666,0.09973219288584913,0.02291074597599928,0.01449664521201784,-0.0822172405445136,-0.03388668989321871,-0.08107698997234379,-0.06031046927380767,0.06368232663125063,0.04002693650717834,-0.07582692138449498,0.059710274977479105,,0.09673234500560583,0.09832093404739994,0.08131822447061936,0.04553109559476123,0.02561403662588716,0.07045233294700463,0.14360687289830687,0.08750370804495101,0.04711340782547203,0.037763287330573,0.1167729598507706,0.516264044632482,0.3559244078262487,1.0,0.5077517355695667,0.4465629751856693,0.31794849513433504,0.44557661562816736,-0.08833407018666874,-0.08967644712595892,0.030797018422442708,-0.12237711985157558,0.10412118070785539,0.08908223570360771,0.16500887731567582,0.14965391085831012,0.21565865408645932,0.04240605159620445,-0.01967928000949073,-0.005310287800753998,0.08908223570360772,0.16370424953725968,0.16500887731567615,0.025614036625887307,0.05011410514871946,0.10412118070785545,-0.04553109559476109,0.037763287330573145,0.014659294525094665,0.05132302346209018,0.11677295985077073,0.07638876003265627,0.05892453025802701,0.029155748884909266,-0.08833407018666874,-0.10433917407657106,,,,,,,,,0.05132302346209018,0.051323023462090195,0.05132302346209019,0.037038730600040315,0.05132302346209019,0.11677295985077063,0.11677295985077062,0.11677295985077062,0.11677295985077062
review_scores_checkin,0.014341755352496386,,-0.001546780153022884,-0.23297381209798626,-0.21415160498656563,,0.006959837535998008,-0.02144252147378732,0.07899652954935447,0.12232910920595785,0.11981843846981609,0.09466830300804104,0.03570070657431788,-0.058598410379093545,0.034504920666384505,0.053554982899433466,0.10612963175628624,0.01645670535701489,0.03524302980516821,0.07848417866837293,,-0.045782328605570036,-0.034349094549588365,-0.03991417955318375,-0.08617323902976015,0.07836537419814307,0.053102352626546764,0.08314767527476911,-0.03546367500191058,0.046537325146395865,0.017327540641864998,0.12144362709003186,0.6231532646846958,0.41911362462186114,0.5077517355695667,1.0,0.742525830383663,0.32221862558258113,0.5144954209456443,-0.10613295143165591,-0.10228436853807929,-0.01090796016913096,-0.06241656417088673,0.062470968460965975,0.05235910446245744,0.09667786189197493,-0.005869071624636019,0.03353675413851322,-0.004563899809281567,0.07057808723754427,0.09558123585026868,0.05235910446245757,0.09013452453595518,0.09667786189197489,0.07836537419814314,0.029349361553396985,0.06247096846096597,0.0861732390297602,0.01732754064186485,0.019647403072560698,0.05792269140306211,0.12144362709003204,0.046946350075900006,0.01783302279235845,0.07172484739298032,-0.10613295143165591,-0.16433287399054333,,,,,,,,,0.05792269140306211,0.057922691403062165,0.057922691403061985,0.008069286056519055,0.057922691403061985,0.12144362709003208,0.121443627090032,0.12144362709003204,0.12144362709003204
review_scores_communication,0.04386030085243414,,-0.02196123817639103,-0.29719030721290135,-0.2872471342897149,,-0.05843282690575416,-0.01456414111673928,-0.03282419274291659,0.023810309519262437,-0.0047784795508370665,-0.014335600304549818,0.015521196612207468,-0.13777494803888568,0.01265182290613861,0.037698176659452826,0.12046955553565965,-0.018257876461525584,0.021143180439405013,0.06804930387511982,,-0.012451887674482364,0.010485441325139412,0.018192564882205765,-0.03622713628651009,0.055724967162479766,0.0772681723530171,0.10119271769336544,0.01572683188218336,0.08228940794663514,0.07104089143759378,0.09619543152195477,0.6944964901448057,0.549550154995019,0.4465629751856693,0.742525830383663,1.0,0.367803064326549,0.5311112828048212,-0.1646757589912142,-0.1594274636851626,-0.02068340780283548,-0.03497975282425461,0.10399088926223593,-0.09338932001768967,-0.04899190032696288,-0.02069202423633729,-0.008807548109870052,0.037903359787510034,-0.038908318170340045,-0.01728851175832901,-0.09338932001768974,-0.03100994128290026,-0.048991900326962656,0.055724967162479704,0.06455643885338441,0.10399088926223615,0.036227136286510045,0.0710408914375937,0.033924453437511944,-0.02760443424789901,0.09619543152195448,0.023110565050326378,0.011159660156909184,-0.02215849047171287,-0.1646757589912142,-0.18947362095061396,,,,,,,,,-0.02760443424789901,-0.027604434247899007,-0.027604434247899073,0.037461223104939774,-0.027604434247899073,0.09619543152195459,0.09619543152195473,0.09619543152195463,0.09619543152195463
review_scores_location,-0.031249143674538887,,-0.03173913644253962,-0.005609816685976693,0.0015513331939974926,,-0.06594859592124139,0.055906734409030906,-0.02454929630819322,0.0224584621143625,0.015479000188854869,-0.005492787425415021,-0.004469645737391356,-0.005149158470528627,-0.007042949916452602,-0.05709862315922891,0.08121724186598231,0.05166772172921199,-0.03485993785905003,0.06828103033512542,,-0.03269249028723949,-0.04679055092407897,-0.06613446901031701,-0.00785947031887283,0.033831455016893934,0.040210569377156266,0.07913812413922534,-0.06193775922287734,0.04799983754466499,0.06913923424065803,0.07716881359967476,0.43744618907724253,0.45782429940273717,0.31794849513433504,0.32221862558258113,0.367803064326549,1.0,0.4595037209331695,-0.08252143455704311,-0.08510513302506673,0.02545282161345944,-0.026562983310678613,0.04624396205498179,0.02613693073605547,0.047122404523318374,0.06822709248789144,0.0842882276286078,0.08057918064963498,-0.03584106540568252,-0.0056928586358931735,0.026136930736055542,0.04336306438407426,0.04712240452331821,0.03383145501689397,0.07294246238971192,0.046243962054981796,0.007859470318872788,0.06913923424065804,0.006932296225346058,0.11654338814130503,0.07716881359967488,0.12229721205013308,0.10373295938526847,0.08232630282847969,-0.08252143455704311,-0.10285630972802845,,,,,,,,,0.11654338814130503,0.11654338814130506,0.11654338814130513,-0.002040904470639653,0.11654338814130513,0.07716881359967491,0.0771688135996749,0.07716881359967506,0.07716881359967506
review_scores_value,0.05104044417262268,,0.02910069627364154,-0.19463813912526753,-0.17108346232763183,,-0.005027787991177237,-0.098090135784321,0.006386315006397738,-0.020574210495701097,-0.013843405744693149,-0.01785116399851369,-0.027179172348285267,-0.12017802634885283,-0.02935487870636093,-0.04480649284143299,0.13488566196905244,0.0007474771205492595,-0.04064942457826004,0.07594405534326681,,0.028271724951307236,0.01743024426267249,-0.00523778870217282,-0.03633563960743595,0.09346257696581607,0.14118922083966143,0.1581087708306377,0.0030594392106941966,0.12269163463551314,0.17016060995146035,0.14517189531280134,0.6268651381952249,0.5313080074328719,0.44557661562816736,0.5144954209456443,0.5311112828048212,0.4595037209331695,1.0,-0.2349609323468221,-0.24569568856590376,0.08791465152223323,-0.02532415697708442,0.16273925668830833,-0.03191725210644488,-0.0051683274472549,-0.012552168154536764,0.010177125894821067,0.1469892142174307,-0.0042090700617298735,-0.023194153436181055,-0.03191725210644484,0.008272172257218553,-0.005168327447254758,0.09346257696581604,0.14848135570070511,0.16273925668830838,0.036335639607436104,0.17016060995146026,0.08659163212619767,0.010115775894512962,0.14517189531280128,0.04861035916973377,0.042096948014800434,0.04525036604329674,-0.2349609323468221,-0.2090361087555613,,,,,,,,,0.010115775894512962,0.010115775894513034,0.010115775894513053,0.010647183555522216,0.010115775894513053,0.14517189531280136,0.14517189531280142,0.14517189531280142,0.14517189531280142
calculated_host_listings_count,0.13275837989580913,,-0.07145239757848591,0.2049207923800688,0.15245809316533301,,0.15492363896773909,0.05633126566246815,0.054174640684350434,0.20570252321428772,0.08635032461559088,0.07085573962685877,-0.0027032411311645192,0.34345741464106616,0.01054340448764781,0.09298640733002957,-0.333689165534673,0.08286282559252009,0.061157200684103394,-0.1917699452380939,,0.03364862260441697,0.06585263791449036,0.07567187447670716,0.015586455400678578,-0.24762372038768962,-0.23127227074703524,-0.19491214320606046,0.07970368637035351,-0.2304520003421547,-0.2921356162882421,-0.15317963022254394,-0.11105703884089979,-0.14014439865784678,-0.08833407018666874,-0.10613295143165591,-0.1646757589912142,-0.08252143455704311,-0.2349609323468221,1.0,0.9902607280112057,-0.006195515013823518,-0.009265717806781055,-0.27760526748434444,0.1885813188128783,0.2028518732147987,0.1151034691371902,0.14569152008928543,-0.31110076167319645,0.06423977752338515,0.08230209800633458,0.18858131881287848,0.19187851735332803,0.20285187321479894,-0.24762372038768984,-0.32893950546673756,-0.2776052674843445,-0.015586455400678727,-0.2921356162882422,-0.15804271262159067,0.12105047138168355,-0.153179630222544,0.05168613010484688,0.03267500768283977,0.10594535416321436,1.0,0.5109089709359423,,,,,,,,,0.12105047138168351,0.12105047138168357,0.12105047138168351,-0.047323371610680454,0.12105047138168351,-0.153179630222544,-0.15317963022254383,-0.15317963022254402,-0.15317963022254402
calculated_host_listings_count_entire_homes,0.1029722554384595,,-0.10612683637405947,0.21030827444183642,0.15764290998006786,,0.15400941184949374,0.04634476175677449,0.06924198784915366,0.2254971499985439,0.1127887558715456,0.08472536691773476,0.0008217797875836945,0.3573683548968171,0.013728748363038104,0.09820649241504237,-0.3189041508651986,0.0975877317389883,0.065369207623943,-0.17562834810538716,,0.03925425956355779,0.068515024448112,0.07354843425243572,0.011204706455110637,-0.2307155537723498,-0.22632413824638709,-0.1860577567540386,0.07987479607501365,-0.21539494270247497,-0.28024238514009614,-0.13874450440990393,-0.10929350949034658,-0.1381777263202055,-0.08967644712595892,-0.10228436853807929,-0.1594274636851626,-0.08510513302506673,-0.24569568856590376,0.9902607280112057,1.0,-0.1442232851339752,-0.02542789775632608,-0.2638633260177928,0.1956843186412117,0.2162527075874125,0.11557357534962423,0.14343873566478252,-0.28521300994482507,0.08303702800814408,0.09501291830806409,0.19568431864121175,0.1984888758328491,0.2162527075874127,-0.23071555377234995,-0.30323002026725715,-0.26386332601779316,-0.011204706455110687,-0.28024238514009603,-0.15897981762244665,0.12218213749949994,-0.13874450440990393,0.05305589804032167,0.015056707521687819,0.11673748425966234,0.9902607280112057,0.4757847160958547,,,,,,,,,0.12218213749949994,0.1221821374995001,0.12218213749949998,-0.05518465546826863,0.12218213749949998,-0.13874450440990393,-0.13874450440990377,-0.13874450440990393,-0.13874450440990393
calculated_host_listings_count_private_rooms,0.21110893002447564,,0.25983880068028614,-0.053690693863211764,-0.04824028661009501,,-0.00504180200900607,0.06447505789084071,-0.10946121621940053,-0.16801661875500307,-0.19453172164243257,-0.10913550945587751,-0.02289331728294442,-0.12582958888212364,-0.021486605180752103,-0.042680660903081695,-0.07334446483133661,-0.10842514769644963,-0.03261104886460578,-0.09705008584974538,,-0.05058144650916635,-0.03118472308819604,0.005562479147114213,0.03723864611820832,-0.10374775871278949,-0.014016585077892964,-0.04505598188117915,-0.013972101445094868,-0.0900063203928452,-0.058031271346934137,-0.08742009837853286,0.01028843695010731,0.00011472609276114914,0.030797018422442708,-0.01090796016913096,-0.02068340780283548,0.02545282161345944,0.08791465152223323,-0.006195515013823518,-0.1442232851339752,1.0,-0.010686601297984636,-0.07167607983366314,-0.060440848121001894,-0.09926089321544529,-0.005612415660716383,0.01781974671008389,-0.16703250116599164,-0.1376266687353058,-0.10270227427727201,-0.060440848121001874,-0.05357670033624344,-0.09926089321544529,-0.10374775871278943,-0.16488683157714054,-0.07167607983366309,-0.03723864611820837,-0.05803127134693398,0.021103148472023856,-0.015541309466926258,-0.08742009837853287,-0.01271381820669132,0.12664153273639805,-0.08644830368098093,-0.006195515013823518,0.20937197240370753,,,,,,,,,-0.015541309466926258,-0.015541309466926436,-0.015541309466926376,0.06166518029179918,-0.015541309466926376,-0.08742009837853289,-0.08742009837853298,-0.08742009837853305,-0.08742009837853305
calculated_host_listings_count_shared_rooms,-0.04709200894686525,,-0.027523518550887194,-0.009467130140014785,-0.00870726144158309,,-0.003134783742446609,0.026183586118031125,-0.02894929050143987,0.04662088322935121,-0.04112101373023225,0.012688237161181254,-0.01861101397464144,-0.011637941362853713,-0.01845245710981573,-0.018103069449254,-0.05843842135938201,-0.03514654465685603,-0.020321414614060267,-0.037069669517301014,,0.05788700914559044,0.05306539255773452,0.030439119755599146,-0.052733606739516735,0.005807097044442623,-0.02938524753186627,-0.02968122341738293,0.05092351724707301,-0.007377283960302492,-0.040865634629860134,-0.045452870379625185,-0.113729040913886,-0.03803236787541438,-0.12237711985157558,-0.06241656417088673,-0.03497975282425461,-0.026562983310678613,-0.02532415697708442,-0.009265717806781055,-0.02542789775632608,-0.010686601297984636,1.0,-0.027459437452375994,-0.04987076274363078,-0.11254397072776623,-0.051980471164242134,-0.09548942391410194,0.03144006378110277,-0.02575736222062923,0.021140352229108813,-0.04987076274363071,-0.07573636084831734,-0.11254397072776597,0.00580709704444266,0.03558368403752116,-0.027459437452376036,0.052733606739516714,-0.0408656346298601,-0.015813309400543672,-0.018133763974705678,-0.04545287037962517,-0.010868480398252183,-0.0010282549155140105,0.00045854046843432655,-0.009265717806781055,0.03798728540365694,,,,,,,,,-0.018133763974705678,-0.018133763974705633,-0.01813376397470566,-0.008368470188054708,-0.01813376397470566,-0.045452870379625115,-0.04545287037962518,-0.04545287037962526,-0.04545287037962526
reviews_per_month,-0.027533741432832045,,0.08564941828292678,-0.16850305580876734,-0.15390358095621298,,-0.012335305546541041,-0.03463356162280152,-0.1536323388505954,-0.31075320908671034,-0.25357452796507507,-0.1576354719311134,-0.23730138081254268,-0.10239862460808598,-0.23930181380721507,-0.14561906989839296,0.19485536081256608,0.09896438272361514,-0.22675188675708138,0.1619483606010851,,0.12924328463209617,0.14356034044409602,0.16807780324785065,0.03750225745712055,0.7368624588175449,0.9056667026664326,0.7463068638190625,0.1565773487036599,0.8238226002999641,0.7587615774437433,0.4941417981137606,0.06515767847073034,0.13245312012179844,0.10412118070785539,0.062470968460965975,0.10399088926223593,0.04624396205498179,0.16273925668830833,-0.27760526748434444,-0.2638633260177928,-0.07167607983366314,-0.027459437452375994,1.0,-0.2572158126048273,-0.25728046738257304,-0.15583771014423717,-0.1368119353294227,0.7095340842457213,-0.14879765891055127,-0.14476599914669241,-0.2572158126048275,-0.2879823355004119,-0.257280467382573,0.7368624588175454,0.728636630338849,0.9999999999999999,-0.0375022574571205,0.7587615774437433,0.6642256044554435,-0.13930680692752745,0.4941417981137604,-0.041261541190497686,-0.0034704640882738916,-0.08281160242935526,-0.27760526748434444,-0.12445378706549808,,,,,,,,,-0.13930680692752745,-0.13930680692752753,-0.1393068069275276,-0.02233448719765155,-0.1393068069275276,0.49414179811376086,0.4941417981137609,0.49414179811376086,0.49414179811376086
price_clean,-0.09660378558578482,,-0.022514905008622348,0.06107183494061012,0.054286369588342966,,0.06488028382038454,0.15477206948454303,0.5224785045107397,0.5571027009182478,0.5385068533860975,0.48024948899516434,-0.11807082815265173,0.10110536093893485,-0.11437033184842259,-0.076225307361641,-0.13693519365830487,0.02544955176205904,-0.11875862554774855,-0.08149509703707702,,0.005102959013439045,-0.05936386635472933,-0.09706348542557745,0.02724510753044427,-0.17399842722785552,-0.18498324372167707,-0.1853340256465985,-0.09345218985856957,-0.18481486744360018,-0.23541286511973933,0.23041535081685097,0.03780438381711511,-0.01718584938755936,0.08908223570360771,0.05235910446245744,-0.09338932001768967,0.02613693073605547,-0.03191725210644488,0.1885813188128783,0.1956843186412117,-0.060440848121001894,-0.04987076274363078,-0.2572158126048273,1.0,0.8951385636704222,0.5445928750261385,0.5061085943825888,-0.06967690455659539,0.46456827469127243,0.43043895424249984,1.0,0.7712624728250398,0.8951385636704229,-0.17399842722785544,-0.10816966736366698,-0.25721581260482734,-0.027245107530444276,-0.23541286511973936,-0.18862568113974276,0.5335801510243379,0.23041535081685102,0.2563325598334733,0.2508370411008148,0.3596150181983391,0.1885813188128783,0.08415532929815661,,,,,,,,,0.5335801510243379,0.5335801510243385,0.5335801510243381,-0.11981468589776181,0.5335801510243381,0.23041535081685102,0.23041535081685074,0.2304153508168511,0.2304153508168511
log_price,-0.10111078626172017,,0.014386651045492398,0.0565345954305552,0.049907471107795066,,0.0880047724647125,0.1606100070904395,0.5538344030132276,0.5345825035807203,0.563797386551792,0.4988244115177721,-0.17704680333406767,0.14479581156684204,-0.17107156461147408,-0.0933261439044045,-0.08535885258975606,0.08720859044628916,-0.170500860575658,-0.023366071989189552,,0.06015147013444892,-0.0209801702772972,-0.07764739586705378,0.036502035475928694,-0.17607192641114539,-0.1803725269715762,-0.17917309770730702,-0.07027189119272913,-0.1768092022905919,-0.24411707084065812,0.25831728655743275,0.1113871268091832,0.05223517378514792,0.16500887731567582,0.09667786189197493,-0.04899190032696288,0.047122404523318374,-0.0051683274472549,0.2028518732147987,0.2162527075874125,-0.09926089321544529,-0.11254397072776623,-0.25728046738257304,0.8951385636704222,1.0,0.5117250805018226,0.5357921005637076,-0.0345701656729981,0.5483120094553404,0.47593416986520676,0.8951385636704227,0.9541227192308982,1.0,-0.17607192641114522,-0.07761323966398948,-0.257280467382573,-0.036502035475928736,-0.24411707084065806,-0.22734741663757668,0.5020375384343225,0.25831728655743286,0.23001192668835468,0.25123854016722647,0.4020238486751872,0.20285187321479864,0.06611072242435158,,,,,,,,,0.5020375384343225,0.5020375384343239,0.5020375384343231,-0.18943932573445085,0.5020375384343231,0.25831728655743286,0.25831728655743275,0.2583172865574328,0.2583172865574328
price_per_accommodates,-0.08884309781463003,,-0.10246077458034855,-0.046043413032392885,-0.0466034302567937,,0.021474123384369926,0.17805182839510375,-0.29169180382822957,-0.0042089585277429245,-0.15666779594616764,-0.2333513054512772,-0.019611449600269348,0.014682644893631044,-0.014235822630416985,-0.019104149717713615,-0.07950651571920132,0.011154928518317212,-0.022316485279289016,-0.06860546472092846,,0.08089264904731308,0.04131282998533823,0.03268799858420627,0.0391215368549403,-0.09815911328435221,-0.14278343212017577,-0.0818640552114519,0.03181987694976151,-0.13227286212123024,-0.22506879565529936,-0.018235585215472708,0.019638258628150045,0.03934194667834192,0.14965391085831012,-0.005869071624636019,-0.02069202423633729,0.06822709248789144,-0.012552168154536764,0.1151034691371902,0.11557357534962423,-0.005612415660716383,-0.051980471164242134,-0.15583771014423717,0.5445928750261385,0.5117250805018226,1.0,0.9225180891135394,-0.06351611869059602,-0.36155353843478116,-0.2749107801265956,0.544592875026139,0.45853648931220137,0.5117250805018221,-0.09815911328435196,-0.09028682424802695,-0.1558377101442371,-0.03912153685494026,-0.2250687956552992,-0.12667492278750409,0.27665643238989945,-0.018235585215472718,0.4416528715419756,0.34165528958878466,0.1633888117622703,0.11510346913719026,0.015982690278606666,,,,,,,,,0.27665643238989945,0.2766564323898997,0.27665643238989945,-0.02304145557842811,0.27665643238989945,-0.01823558521547273,-0.01823558521547268,-0.01823558521547253,-0.01823558521547253
log_price_per_accommodates,-0.08860220697792333,,-0.14696715603004504,-0.05240036083806756,-0.051875920487283005,,0.08381911391497651,0.23533824334427786,-0.34578569297895145,-0.0291318515982849,-0.1830014733878558,-0.28224186232054504,-0.05393782955505145,0.04399163065825724,-0.046968831912707246,-0.022702024872352285,-0.08370250452043701,0.027567830069521734,-0.0502637571064895,-0.06273648906431978,,0.09732583668086355,0.05105770011722434,0.039819089535253954,0.013549755875623877,-0.0829813852626146,-0.131605086345466,-0.05786124879647792,0.037626561121641484,-0.12216080074502848,-0.23283091874307565,0.006338767813141958,0.07560987162545448,0.07352646189759375,0.21565865408645932,0.03353675413851322,-0.008807548109870052,0.0842882276286078,0.010177125894821067,0.14569152008928543,0.14343873566478252,0.01781974671008389,-0.09548942391410194,-0.1368119353294227,0.5061085943825888,0.5357921005637076,0.9225180891135394,1.0,-0.06195914817790734,-0.4123265276294152,-0.32292710576815975,0.5061085943825887,0.5134455422065496,0.5357921005637074,-0.08298138526261455,-0.09165129403236166,-0.1368119353294227,-0.013549755875623811,-0.23283091874307604,-0.13919335123789026,0.2754900095849621,0.006338767813141954,0.43288904797357963,0.3513500062124133,0.1911292707230231,0.14569152008928546,0.024163095416838053,,,,,,,,,0.2754900095849621,0.2754900095849621,0.27549000958496206,-0.02626578400447505,0.27549000958496206,0.006338767813141984,0.0063387678131419985,0.00633876781314207,0.00633876781314207
log_reviews,-0.6060039619061653,,-0.072708271215709,-0.07600466176809349,-0.0603921945127629,,-0.02690313785928278,-0.001618311707903942,0.009570971184993003,-0.24310081481296264,-0.13586946991772142,0.02492193079890215,-0.33593334767471267,0.09019016825194397,-0.35176461887729077,-0.25826778631375896,0.42405656260764163,0.3632516842426174,-0.3464203505250947,0.39976932403981685,,0.1774944550403755,0.15582084453542008,0.13293899268439255,0.15736279712762355,0.714966224779892,0.6984209138637576,0.5611467643019756,0.1296362618700262,0.7179769891807208,0.7023145533972366,0.5888590597010689,0.015711657008057277,0.1565346401717276,0.04240605159620445,-0.004563899809281567,0.037903359787510034,0.08057918064963498,0.1469892142174307,-0.31110076167319645,-0.28521300994482507,-0.16703250116599164,0.03144006378110277,0.7095340842457213,-0.06967690455659539,-0.0345701656729981,-0.06351611869059602,-0.06195914817790734,1.0,0.014859249405642535,0.02732382730411338,-0.06967690455659527,-0.0428472607075585,-0.03457016567299846,0.7149662247798917,0.9828258680189222,0.7095340842457223,-0.15736279712762347,0.7023145533972364,0.4095567392428522,-0.1247679881308404,0.5888590597010689,-0.1189027157835451,-0.08511083916906922,-0.06307426354858625,-0.3111007616731964,-0.18175126691181648,,,,,,,,,-0.1247679881308404,-0.12476798813084024,-0.1247679881308403,-0.12871682184812236,-0.1247679881308403,0.5888590597010689,0.5888590597010691,0.5888590597010696,0.5888590597010696
log_accommodates,-0.015719454868325267,,0.12914477468157984,0.10209385730169643,0.09469079709294141,,0.00638760106009724,-0.07738534441115619,0.9415257582468519,0.6056566790990389,0.7804074867798846,0.8177634827841807,-0.11027840192884789,0.11232538294018468,-0.10992297989809433,-0.07782365475558657,-0.00043343844093615366,0.07202142037188555,-0.10454685723212437,0.04338941215505836,,-0.03342117568002731,-0.06701584843264961,-0.1101177741676341,0.014736798285454909,-0.1168796585500169,-0.06676219586007347,-0.12721975175633482,-0.10208850094046723,-0.07934628206392802,-0.045490473580120386,0.2724408736943519,0.02598569432247464,-0.03417348538954552,-0.01967928000949073,0.07057808723754427,-0.038908318170340045,-0.03584106540568252,-0.0042090700617298735,0.06423977752338515,0.08303702800814408,-0.1376266687353058,-0.02575736222062923,-0.14879765891055127,0.46456827469127243,0.5483120094553404,-0.36155353843478116,-0.4123265276294152,0.014859249405642535,1.0,0.8333614795408767,0.464568274691273,0.520944188306712,0.5483120094553405,-0.1168796585500167,-0.006220938248938228,-0.14879765891055133,-0.01473679828545499,-0.04549047358012037,-0.10315641612051911,0.2688331425240869,0.2724408736943519,-0.18057040565274726,-0.07605202467748964,0.24691260366072432,0.06423977752338515,0.031239681645829524,,,,,,,,,0.2688331425240869,0.2688331425240872,0.26883314252408713,-0.17868935056594923,0.26883314252408713,0.2724408736943519,0.2724408736943516,0.27244087369435155,0.27244087369435155
log_beds,-0.08115434731274568,,0.0792837653332585,0.0993812481701341,0.0894196035680547,,-0.02676364510302065,-0.004450145143239884,0.8320410584881212,0.601732232232241,0.7668807155174543,0.9558059984445155,-0.09901969585606354,0.14542637952939338,-0.09140129467552771,-0.06178359122478186,0.02346428965810888,0.10837251685008813,-0.09030260458316103,0.07378072720155125,,-0.011951227283292225,-0.0600061481014414,-0.1168420451947618,-0.006952632091368765,-0.06727374018282763,-0.07597948781679129,-0.1420547008411782,-0.10251560718598172,-0.07231774676884684,-0.05413411614647148,0.2300714077494886,0.04296158071750845,-0.012910917136659521,-0.005310287800753998,0.09558123585026868,-0.01728851175832901,-0.0056928586358931735,-0.023194153436181055,0.08230209800633458,0.09501291830806409,-0.10270227427727201,0.021140352229108813,-0.14476599914669241,0.43043895424249984,0.47593416986520676,-0.2749107801265956,-0.32292710576815975,0.02732382730411338,0.8333614795408767,1.0,0.43043895424249956,0.4617387107123047,0.4759341698652071,-0.06727374018282746,0.013651828295263301,-0.14476599914669244,0.006952632091368661,-0.05413411614647131,-0.10546091168587957,0.2679958325782865,0.2300714077494886,-0.10318160082180106,-0.05886347579018774,0.23653319450414903,0.08230209800633459,0.08191093617470595,,,,,,,,,0.2679958325782865,0.26799583257828696,0.2679958325782869,-0.13873671576421154,0.2679958325782869,0.2300714077494886,0.23007140774948842,0.23007140774948837,0.23007140774948837
price_zscore,-0.0966037855857848,,-0.022514905008622285,0.06107183494061017,0.05428636958834295,,0.06488028382038448,0.1547720694845433,0.52247850451074,0.5571027009182485,0.5385068533860974,0.48024948899516445,-0.11807082815265184,0.10110536093893478,-0.11437033184842262,-0.076225307361641,-0.13693519365830514,0.025449551762059045,-0.1187586255477485,-0.08149509703707705,,0.0051029590134390665,-0.05936386635472936,-0.09706348542557751,0.027245107530444193,-0.17399842722785566,-0.1849832437216774,-0.18533402564659843,-0.09345218985856954,-0.1848148674436006,-0.23541286511973927,0.23041535081685083,0.037804383817115046,-0.01718584938755934,0.08908223570360772,0.05235910446245757,-0.09338932001768974,0.026136930736055542,-0.03191725210644484,0.18858131881287848,0.19568431864121175,-0.060440848121001874,-0.04987076274363071,-0.2572158126048275,1.0,0.8951385636704227,0.544592875026139,0.5061085943825887,-0.06967690455659527,0.464568274691273,0.43043895424249956,1.0,0.7712624728250397,0.8951385636704231,-0.17399842722785566,-0.10816966736366725,-0.2572158126048276,-0.027245107530444224,-0.235412865119739,-0.18862568113974276,0.533580151024338,0.23041535081685077,0.256332559833473,0.25083704110081484,0.35961501819833996,0.18858131881287848,0.0841553292981566,,,,,,,,,0.533580151024338,0.5335801510243383,0.5335801510243381,-0.11981468589776206,0.5335801510243381,0.2304153508168508,0.23041535081685088,0.23041535081685083,0.23041535081685083
price_percentile,-0.08931429556522455,,0.01243673818094305,0.046990739624445034,0.04101263855829872,,0.08390303817316319,0.1520428204969313,0.513699984333043,0.48693163775347625,0.533630539569801,0.4706599593045426,-0.17609293034420756,0.13854540725729114,-0.16695966325047645,-0.08192865040403349,-0.07368024296940762,0.0922002187350901,-0.16678666068480075,-0.012295385366450515,,0.08711362923377103,-0.004903868487196316,-0.06955421516882858,0.024144761588270832,-0.19790280468182148,-0.21309224074623254,-0.2093610002021052,-0.05941093328263402,-0.20293059161977348,-0.2670657006274452,0.22774013344898159,0.11365758296986615,0.06877386743035277,0.16370424953725968,0.09013452453595518,-0.03100994128290026,0.04336306438407426,0.008272172257218553,0.19187851735332803,0.1984888758328491,-0.05357670033624344,-0.07573636084831734,-0.2879823355004119,0.7712624728250398,0.9541227192308982,0.45853648931220137,0.5134455422065496,-0.0428472607075585,0.520944188306712,0.4617387107123047,0.7712624728250397,1.0,0.9541227192308975,-0.1979028046818215,-0.08697713699921397,-0.28798233550041186,-0.02414476158827085,-0.26706570062744484,-0.26035583276120927,0.4507213218899282,0.22774013344898164,0.20762542948451018,0.2380413613204077,0.3876606851773837,0.19187851735332798,0.0792243777443285,,,,,,,,,0.4507213218899282,0.4507213218899283,0.4507213218899281,-0.16527540435197674,0.4507213218899281,0.22774013344898167,0.22774013344898147,0.22774013344898178,0.22774013344898178
log_price_zscore,-0.10111078626171911,,0.01438665104549264,0.05653459543055512,0.049907471107795025,,0.08800477246471224,0.16061000709043957,0.5538344030132274,0.5345825035807202,0.5637973865517923,0.498824411517772,-0.17704680333406767,0.14479581156684168,-0.1710715646114742,-0.09332614390440455,-0.08535885258975645,0.087208590446289,-0.17050086057565803,-0.023366071989189736,,0.060151470134448944,-0.020980170277297136,-0.07764739586705377,0.03650203547592881,-0.17607192641114597,-0.1803725269715757,-0.17917309770730735,-0.07027189119272914,-0.17680920229059224,-0.24411707084065826,0.25831728655743313,0.1113871268091834,0.052235173785147956,0.16500887731567615,0.09667786189197489,-0.048991900326962656,0.04712240452331821,-0.005168327447254758,0.20285187321479894,0.2162527075874127,-0.09926089321544529,-0.11254397072776597,-0.257280467382573,0.8951385636704229,1.0,0.5117250805018221,0.5357921005637074,-0.03457016567299846,0.5483120094553405,0.4759341698652071,0.8951385636704231,0.9541227192308975,1.0,-0.17607192641114594,-0.0776132396639897,-0.2572804673825728,-0.03650203547592879,-0.24411707084065803,-0.22734741663757707,0.5020375384343226,0.25831728655743313,0.23001192668835468,0.25123854016722613,0.40202384867518764,0.20285187321479892,0.06611072242435166,,,,,,,,,0.5020375384343226,0.5020375384343229,0.5020375384343229,-0.18943932573445085,0.5020375384343229,0.25831728655743313,0.25831728655743286,0.25831728655743297,0.25831728655743297
reviews_zscore,-0.4586314429310411,,-0.12362497292305585,-0.10788348589418019,-0.09462227149225273,,-0.012351997656717123,0.045667660346240306,-0.1204826152059682,-0.2555061371062478,-0.18099264432566498,-0.07884345346329101,-0.19342218966917465,0.046629354965538335,-0.19963674303023152,-0.14798946012827824,0.3136967134275525,0.2461835000222169,-0.20075316059238663,0.2950403089629517,,0.10093847985736838,0.10706505547781765,0.12011007863451154,0.06062819503317185,0.999999999999999,0.7531063857487671,0.5708958563189701,0.11108321541654506,0.821729995847472,0.6140353632264473,0.40607149643300705,0.0014153924987425947,0.07891825319334009,0.025614036625887307,0.07836537419814314,0.055724967162479704,0.03383145501689397,0.09346257696581604,-0.24762372038768984,-0.23071555377234995,-0.10374775871278943,0.00580709704444266,0.7368624588175454,-0.17399842722785544,-0.17607192641114522,-0.09815911328435196,-0.08298138526261455,0.7149662247798917,-0.1168796585500167,-0.06727374018282746,-0.17399842722785566,-0.1979028046818215,-0.17607192641114594,1.0,0.7567459128195092,0.7368624588175453,-0.06062819503317165,0.6140353632264471,0.5572800524247998,-0.12631305096154266,0.406071496433007,-0.0745291345293623,-0.053338590511905704,-0.05633753853084294,-0.24762372038768993,-0.1413793426570276,,,,,,,,,-0.12631305096154266,-0.12631305096154272,-0.1263130509615424,-0.06369786496124051,-0.1263130509615424,0.4060714964330071,0.4060714964330071,0.40607149643300744,0.40607149643300744
reviews_percentile,-0.5972323320374832,,-0.06629039140650612,-0.1009479360401547,-0.08385031789353448,,-0.037324260363420105,-0.006457338685532824,-0.014957925655693701,-0.25973468534737976,-0.15277540944401402,0.006615884133428739,-0.30977580486804346,0.08436843439194004,-0.3251867371517663,-0.22530085641206804,0.43926063927156894,0.3674727364524447,-0.3164966556374487,0.41528663661764303,,0.16177306200420846,0.14871594998734905,0.13333159603085012,0.14088453256058758,0.7567459128195092,0.7296728820058155,0.5753070613395468,0.1278767624332345,0.7660812132916627,0.7239374426990226,0.5880750134314842,0.026879852667466078,0.14711453398500496,0.05011410514871946,0.029349361553396985,0.06455643885338441,0.07294246238971192,0.14848135570070511,-0.32893950546673756,-0.30323002026725715,-0.16488683157714054,0.03558368403752116,0.728636630338849,-0.10816966736366698,-0.07761323966398948,-0.09028682424802695,-0.09165129403236166,0.9828258680189222,-0.006220938248938228,0.013651828295263301,-0.10816966736366725,-0.08697713699921397,-0.0776132396639897,0.7567459128195092,1.0,0.728636630338849,-0.14088453256058717,0.7239374426990219,0.4441445283052983,-0.13611620522704068,0.588075013431484,-0.11990322585484856,-0.08511602007644155,-0.07298945357423113,-0.3289395054667375,-0.20365617621141452,,,,,,,,,-0.13611620522704068,-0.13611620522704054,-0.1361162052270405,-0.1170561194831513,-0.1361162052270405,0.5880750134314843,0.5880750134314838,0.5880750134314847,0.5880750134314847
reviews_per_month_zscore,-0.027533741432831597,,0.08564941828292698,-0.1685030558087673,-0.1539035809562129,,-0.012335305546541013,-0.03463356162280159,-0.15363233885059527,-0.31075320908670984,-0.25357452796507546,-0.1576354719311134,-0.23730138081254268,-0.10239862460808623,-0.23930181380721519,-0.14561906989839313,0.19485536081256566,0.09896438272361473,-0.2267518867570816,0.16194836060108492,,0.12924328463209614,0.14356034044409613,0.16807780324785054,0.037502257457120464,0.7368624588175446,0.9056667026664339,0.7463068638190626,0.15657734870365986,0.8238226002999651,0.758761577443744,0.4941417981137602,0.06515767847073035,0.13245312012179847,0.10412118070785545,0.06247096846096597,0.10399088926223615,0.046243962054981796,0.16273925668830838,-0.2776052674843445,-0.26386332601779316,-0.07167607983366309,-0.027459437452376036,0.9999999999999999,-0.25721581260482734,-0.257280467382573,-0.1558377101442371,-0.1368119353294227,0.7095340842457223,-0.14879765891055133,-0.14476599914669244,-0.2572158126048276,-0.28798233550041186,-0.2572804673825728,0.7368624588175453,0.728636630338849,1.0,-0.037502257457120505,0.7587615774437432,0.6642256044554434,-0.13930680692752753,0.4941417981137602,-0.04126154119049764,-0.0034704640882738938,-0.08281160242935534,-0.27760526748434455,-0.124453787065498,,,,,,,,,-0.13930680692752753,-0.13930680692752764,-0.13930680692752762,-0.022334487197651604,-0.13930680692752762,0.4941417981137605,0.49414179811376063,0.4941417981137608,0.4941417981137608
occupancy_rate,0.07871076276893939,,-0.0632476676366373,-0.06225665179584082,-0.052915950608117046,,0.10398635863265052,-0.004499580955544144,-0.024015651487512883,0.0493119735243052,0.09704986085055843,-0.009528068537790953,0.07776445695136944,-0.12120556911251278,0.07241004823439179,0.055015002893608805,-0.0418658338569243,-0.07847353985238888,0.07473289659112474,-0.02150007882745267,,-0.5344892246494811,-0.6076530104682835,-0.6710569847250415,-1.000000000000001,-0.06062819503317172,-0.0939694806450404,-0.09621047834837536,-0.6223763922398371,-0.053705947847060904,-0.10910500615832534,-0.0729780355750358,0.03255927222419984,-0.023694963285607162,-0.04553109559476109,0.0861732390297602,0.036227136286510045,0.007859470318872788,0.036335639607436104,-0.015586455400678727,-0.011204706455110687,-0.03723864611820837,0.052733606739516714,-0.0375022574571205,-0.027245107530444276,-0.036502035475928736,-0.03912153685494026,-0.013549755875623811,-0.15736279712762347,-0.01473679828545499,0.006952632091368661,-0.027245107530444224,-0.02414476158827085,-0.03650203547592879,-0.06062819503317165,-0.14088453256058717,-0.037502257457120505,1.0,-0.10910500615832519,-0.030037495028764405,0.7043533754842093,-0.07297803557503578,0.7660176207370186,0.7161619577612685,0.7637398611676772,-0.015586455400678705,-0.164760063899941,,,,,,,,,0.7043533754842093,0.7043533754842102,0.7043533754842086,-0.25046140774823805,0.7043533754842086,-0.07297803557503582,-0.07297803557503578,-0.07297803557503584,-0.07297803557503584
occupancy_rate_booked,-0.17918320036547825,,0.056839236959438606,-0.09264398970362661,-0.07803381552218143,,-0.040976921941438475,-0.09084614712997895,-0.039347422572018,-0.22886843139603005,-0.16852410971833848,-0.05093198953446292,-0.2518872806688958,-0.06524148647229705,-0.27063539296731837,-0.1904512842186571,0.2737148957711766,0.17637896131249114,-0.26541727377200175,0.2346509337650291,,0.10430174236123654,0.12381270558574599,0.13123765930754647,0.1091050061583253,0.6140353632264469,0.8342562660991597,0.6644335956715789,0.1182042846979754,0.7361794012714777,1.0000000000000002,0.7584293466607075,0.05357505493104746,0.13074397383109976,0.037763287330573145,0.01732754064186485,0.0710408914375937,0.06913923424065804,0.17016060995146026,-0.2921356162882422,-0.28024238514009603,-0.05803127134693398,-0.0408656346298601,0.7587615774437433,-0.23541286511973936,-0.24411707084065806,-0.2250687956552992,-0.23283091874307604,0.7023145533972364,-0.04549047358012037,-0.05413411614647131,-0.235412865119739,-0.26706570062744484,-0.24411707084065803,0.6140353632264471,0.7239374426990219,0.7587615774437432,-0.10910500615832519,1.0,0.6434398097571009,-0.17716430351110804,0.7584293466607074,-0.13262661776755852,-0.11334731737539587,-0.11578323552278098,-0.2921356162882422,-0.13176518255023983,,,,,,,,,-0.17716430351110804,-0.17716430351110807,-0.17716430351110804,-0.060080778181383125,-0.17716430351110804,0.7584293466607073,0.7584293466607083,0.7584293466607076,0.7584293466607076
occupancy_is_capped,-0.10758488776278546,,0.03372090950512053,-0.08531983392144518,-0.07739028132388455,,-0.003063788058308772,-0.052296304103128605,-0.0996198683512383,-0.1843278687292331,-0.16767844891703612,-0.10718591707674778,-0.1094835913217003,-0.05149874820782587,-0.12930637348532534,-0.11563443110971171,0.17765371233423333,0.11347701409365875,-0.12998520190684612,0.1579390272142477,,0.06044559845326901,0.09988933689545684,0.1324239652731142,0.030037495028764478,0.5572800524247997,0.7332544409656447,0.5665906318284084,0.12529081620290675,0.6619367598768521,0.6434398097571004,0.39358972549452687,0.010295802076583786,0.055176948984874775,0.014659294525094665,0.019647403072560698,0.033924453437511944,0.006932296225346058,0.08659163212619767,-0.15804271262159067,-0.15897981762244665,0.021103148472023856,-0.015813309400543672,0.6642256044554435,-0.18862568113974276,-0.22734741663757668,-0.12667492278750409,-0.13919335123789026,0.4095567392428522,-0.10315641612051911,-0.10546091168587957,-0.18862568113974276,-0.26035583276120927,-0.22734741663757707,0.5572800524247998,0.4441445283052983,0.6642256044554434,-0.030037495028764405,0.6434398097571009,1.0,-0.09561822278491476,0.39358972549452687,-0.031245271164136508,-0.0356249764530353,-0.04750836033317915,-0.15804271262159067,-0.06393197348538056,,,,,,,,,-0.09561822278491476,-0.09561822278491504,-0.09561822278491476,-0.04090812453552682,-0.09561822278491476,0.39358972549452687,0.3935897254945265,0.3935897254945268,0.3935897254945268
est_annual_revenue,0.022156189002067155,,-0.026246100908368278,-0.03849155961400347,-0.0388352620406318,,0.10632680072318319,0.05956742282829533,0.2692965506176495,0.32419607512884135,0.32643458767094313,0.2735919345262998,-0.03337865280692141,-0.05755141882886327,-0.038402651771361464,-0.03584988609700408,-0.14310329000422264,-0.06432684988502947,-0.040349739137751583,-0.07159131958821446,,-0.3552788682482073,-0.4368713433285313,-0.5162271551390916,-0.7043533754842091,-0.12631305096154288,-0.1344933001085799,-0.1254938849466821,-0.4716749755066906,-0.13202961024441465,-0.17716430351110832,0.06763249704410844,0.08128534695510867,0.06029453031187848,0.05132302346209018,0.05792269140306211,-0.02760443424789901,0.11654338814130503,0.010115775894512962,0.12105047138168355,0.12218213749949994,-0.015541309466926258,-0.018133763974705678,-0.13930680692752745,0.5335801510243379,0.5020375384343225,0.27665643238989945,0.2754900095849621,-0.1247679881308404,0.2688331425240869,0.2679958325782865,0.533580151024338,0.4507213218899282,0.5020375384343226,-0.12631305096154266,-0.13611620522704068,-0.13930680692752753,0.7043533754842093,-0.17716430351110804,-0.09561822278491476,1.0,0.06763249704410848,0.7949275275977253,0.7797341538550465,0.7470750833229938,0.12105047138168351,-0.06374477644284207,,,,,,,,,1.0,0.9999999999999998,0.999999999999999,-0.19047293014537636,0.999999999999999,0.06763249704410856,0.06763249704410848,0.06763249704410847,0.06763249704410847
est_annual_revenue_booked,-0.16361178918005792,,0.04303172173904659,-0.07134124157139368,-0.06317221367488049,,-0.016563484930805353,-0.011660983898390402,0.29720718855629497,0.08923386908097596,0.2065441750773107,0.26107641543768617,-0.33099393828877394,-0.02098199256731761,-0.3516045643476082,-0.2021881704813794,0.15162318338466438,0.16452053562952715,-0.3720320093582993,0.14605274311917993,,0.10297270342273447,0.08653792860824343,0.05736521453277172,0.07297803557503578,0.40607149643300705,0.61722222398349,0.4588514073357475,0.05163399225033531,0.5270453936819791,0.7584293466607078,1.0,0.1293131614382402,0.1736085962112756,0.11677295985077073,0.12144362709003204,0.09619543152195448,0.07716881359967488,0.14517189531280128,-0.153179630222544,-0.13874450440990393,-0.08742009837853287,-0.04545287037962517,0.4941417981137604,0.23041535081685102,0.25831728655743286,-0.018235585215472718,0.006338767813141954,0.5888590597010689,0.2724408736943519,0.2300714077494886,0.23041535081685077,0.22774013344898164,0.25831728655743313,0.406071496433007,0.588075013431484,0.4941417981137602,-0.07297803557503578,0.7584293466607074,0.39358972549452687,0.06763249704410848,1.0,-0.06215256420960346,-0.027405175988770427,0.09940713055426563,-0.15317963022254394,-0.12616863146710722,,,,,,,,,0.06763249704410844,0.06763249704410865,0.06763249704410855,-0.10196159219503559,0.06763249704410855,0.9999999999999998,1.000000000000001,0.9999999999999991,0.9999999999999991
revenue_per_accommodates,0.053520355583456775,,-0.06120288698219199,-0.08344460672778975,-0.07846275556962704,,0.06385340540605923,0.08446187924723304,-0.15161512341946234,0.02010803486892779,-0.0395324437606739,-0.09501695497796657,0.05283239074495965,-0.14069009268584146,0.046203771334784566,0.011858916005396009,-0.11895710196258787,-0.11015218995831243,0.04315493723411538,-0.0913550702719951,,-0.33376063121234006,-0.39917682296554646,-0.45493385295400574,-0.7660176207370187,-0.07452913452936225,-0.07819636369640445,-0.023935688735312217,-0.4156549256917375,-0.07453261608318526,-0.13262661776755863,-0.06215256420960346,0.08478522336840685,0.067937701482977,0.07638876003265627,0.046946350075900006,0.023110565050326378,0.12229721205013308,0.04861035916973377,0.05168613010484688,0.05305589804032167,-0.01271381820669132,-0.010868480398252183,-0.041261541190497686,0.2563325598334733,0.23001192668835468,0.4416528715419756,0.43288904797357963,-0.1189027157835451,-0.18057040565274726,-0.10318160082180106,0.256332559833473,0.20762542948451018,0.23001192668835468,-0.0745291345293623,-0.11990322585484856,-0.04126154119049764,0.7660176207370186,-0.13262661776755852,-0.031245271164136508,0.7949275275977253,-0.06215256420960346,1.0,0.8770217246850934,0.6875738998667541,0.051686130104846885,-0.11837060794970156,,,,,,,,,0.7949275275977256,0.794927527597726,0.7949275275977261,-0.1978604759698467,0.7949275275977261,-0.0621525642096035,-0.062152564209603425,-0.06215256420960343,-0.06215256420960343
revenue_per_bedroom,0.05439004170681203,,0.014129338033831063,-0.08006830842242642,-0.07343137769972265,,0.07649134710970015,0.11290082701830506,-0.07955996516773578,-0.056466066222945775,-0.13531782773448783,-0.061161610324257154,-0.037958633214081355,-0.11103655643458944,-0.04645038542150843,-0.04628970993264305,-0.09041408366860473,-0.08985246564027359,-0.046999080856554805,-0.06839475652040462,,-0.3333838536351699,-0.3933446869437095,-0.43566624812282245,-0.7161619577612683,-0.0533385905119057,-0.049364776133242624,-0.0013273718769555751,-0.411482229470778,-0.04934163163681341,-0.11334731737539581,-0.027405175988770427,0.08048807921187066,0.06524671874074402,0.05892453025802701,0.01783302279235845,0.011159660156909184,0.10373295938526847,0.042096948014800434,0.03267500768283977,0.015056707521687819,0.12664153273639805,-0.0010282549155140105,-0.0034704640882738916,0.2508370411008148,0.25123854016722647,0.34165528958878466,0.3513500062124133,-0.08511083916906922,-0.07605202467748964,-0.05886347579018774,0.25083704110081484,0.2380413613204077,0.25123854016722613,-0.053338590511905704,-0.08511602007644155,-0.0034704640882738938,0.7161619577612685,-0.11334731737539587,-0.0356249764530353,0.7797341538550465,-0.027405175988770427,0.8770217246850934,1.0,0.6484560755104579,0.032675007682839784,-0.06867190998579943,,,,,,,,,0.7797341538550465,0.7797341538550465,0.7797341538550476,-0.18258877316984715,0.7797341538550476,-0.027405175988770465,-0.027405175988770406,-0.027405175988770507,-0.027405175988770507
log_est_revenue,-0.009366142384844029,,-0.06167919547574228,-0.02100313235149575,-0.015491734748493519,,0.16020695989735242,0.06595807444962917,0.2307834645812788,0.2847600027669747,0.32109852421087015,0.23001638628177873,-0.02907053817822762,-0.0233293938398642,-0.025454388648321214,-0.015809914054765402,-0.05509146893877901,0.02182357002977336,-0.020277344101636587,0.0031249368712858235,,-0.40782340402690576,-0.4816431609623324,-0.550567467664015,-0.7637398611676762,-0.05633753853084286,-0.0786384649654231,-0.07502408681617158,-0.5191250404381603,-0.052720518065806986,-0.11578323552278091,0.09940713055426563,0.10560417355947303,0.06423479356643892,0.029155748884909266,0.07172484739298032,-0.02215849047171287,0.08232630282847969,0.04525036604329674,0.10594535416321436,0.11673748425966234,-0.08644830368098093,0.00045854046843432655,-0.08281160242935526,0.3596150181983391,0.4020238486751872,0.1633888117622703,0.1911292707230231,-0.06307426354858625,0.24691260366072432,0.23653319450414903,0.35961501819833996,0.3876606851773837,0.40202384867518764,-0.05633753853084294,-0.07298945357423113,-0.08281160242935534,0.7637398611676772,-0.11578323552278098,-0.04750836033317915,0.7470750833229938,0.09940713055426563,0.6875738998667541,0.6484560755104579,1.0,0.10594535416321434,-0.11584836070760496,,,,,,,,,0.7470750833229938,0.7470750833229939,0.7470750833229932,-0.5752691622475665,0.7470750833229932,0.09940713055426574,0.09940713055426567,0.09940713055426573,0.09940713055426573
host_listings_in_city,0.13275837989580913,,-0.07145239757848591,0.2049207923800688,0.15245809316533301,,0.15492363896773909,0.05633126566246815,0.054174640684350434,0.20570252321428772,0.08635032461559088,0.07085573962685877,-0.0027032411311645192,0.34345741464106616,0.01054340448764781,0.09298640733002957,-0.333689165534673,0.08286282559252009,0.061157200684103394,-0.1917699452380939,,0.03364862260441697,0.06585263791449036,0.07567187447670716,0.015586455400678578,-0.24762372038768962,-0.23127227074703524,-0.19491214320606046,0.07970368637035351,-0.2304520003421547,-0.2921356162882421,-0.15317963022254394,-0.11105703884089979,-0.14014439865784678,-0.08833407018666874,-0.10613295143165591,-0.1646757589912142,-0.08252143455704311,-0.2349609323468221,1.0,0.9902607280112057,-0.006195515013823518,-0.009265717806781055,-0.27760526748434444,0.1885813188128783,0.20285187321479864,0.11510346913719026,0.14569152008928546,-0.3111007616731964,0.06423977752338515,0.08230209800633459,0.18858131881287848,0.19187851735332798,0.20285187321479892,-0.24762372038768993,-0.3289395054667375,-0.27760526748434455,-0.015586455400678705,-0.2921356162882422,-0.15804271262159067,0.12105047138168351,-0.15317963022254394,0.051686130104846885,0.032675007682839784,0.10594535416321434,1.0,0.5109089709359423,,,,,,,,,0.12105047138168351,0.12105047138168357,0.12105047138168351,-0.047323371610680454,0.12105047138168351,-0.153179630222544,-0.15317963022254383,-0.15317963022254402,-0.15317963022254402
host_is_professional,0.15302429657086503,,0.02021719079891786,0.22502619369778407,0.1969035627100506,,-0.011462833585744155,0.1482653395782348,0.04486119342476904,0.07772988507951445,0.015834253649855166,0.07130180329312198,-0.06021472572411813,0.11839242269611364,-0.054088796011120106,-0.035049800183532834,-0.1328115647884674,0.036378823448748904,-0.03918849725856839,-0.06484610944064355,,0.059518319331150114,0.07781099982158955,0.10281722211808546,0.16476006389994077,-0.1413793426570276,-0.09528090112202288,-0.11379297401215044,0.09643001697631606,-0.12371568803578631,-0.1317651825502402,-0.12616863146710722,-0.15880608610080124,-0.13176355540108375,-0.10433917407657106,-0.16433287399054333,-0.18947362095061396,-0.10285630972802845,-0.2090361087555613,0.5109089709359423,0.4757847160958547,0.20937197240370753,0.03798728540365694,-0.12445378706549808,0.08415532929815661,0.06611072242435158,0.015982690278606666,0.024163095416838053,-0.18175126691181648,0.031239681645829524,0.08191093617470595,0.0841553292981566,0.0792243777443285,0.06611072242435166,-0.1413793426570276,-0.20365617621141452,-0.124453787065498,-0.164760063899941,-0.13176518255023983,-0.06393197348538056,-0.06374477644284207,-0.12616863146710722,-0.11837060794970156,-0.06867190998579943,-0.11584836070760496,0.5109089709359423,1.0,,,,,,,,,-0.06374477644284203,-0.06374477644284222,-0.06374477644284204,0.0766445341547587,-0.06374477644284204,-0.12616863146710744,-0.12616863146710722,-0.12616863146710747,-0.12616863146710747
pct_professional_hosts,,,,,,,,,,,,,,,,,,,,,,,,,,,,,,,,,,,,,,,,,,,,,,,,,,,,,,,,,,,,,,,,,,,,,,,,,,,,,,,,,,,,
pct_large_operators,,,,,,,,,,,,,,,,,,,,,,,,,,,,,,,,,,,,,,,,,,,,,,,,,,,,,,,,,,,,,,,,,,,,,,,,,,,,,,,,,,,,
median_host_listings,,,,,,,,,,,,,,,,,,,,,,,,,,,,,,,,,,,,,,,,,,,,,,,,,,,,,,,,,,,,,,,,,,,,,,,,,,,,,,,,,,,,
gini_host_concentration,,,,,,,,,,,,,,,,,,,,,,,,,,,,,,,,,,,,,,,,,,,,,,,,,,,,,,,,,,,,,,,,,,,,,,,,,,,,,,,,,,,,
market_professionalization_score,,,,,,,,,,,,,,,,,,,,,,,,,,,,,,,,,,,,,,,,,,,,,,,,,,,,,,,,,,,,,,,,,,,,,,,,,,,,,,,,,,,,
purchase_price,,,,,,,,,,,,,,,,,,,,,,,,,,,,,,,,,,,,,,,,,,,,,,,,,,,,,,,,,,,,,,,,,,,,,,,,,,,,,,,,,,,,
monthly_payment,,,,,,,,,,,,,,,,,,,,,,,,,,,,,,,,,,,,,,,,,,,,,,,,,,,,,,,,,,,,,,,,,,,,,,,,,,,,,,,,,,,,
zori_rent,,,,,,,,,,,,,,,,,,,,,,,,,,,,,,,,,,,,,,,,,,,,,,,,,,,,,,,,,,,,,,,,,,,,,,,,,,,,,,,,,,,,
annual_cash_flow,0.022156189002067155,,-0.026246100908368278,-0.03849155961400347,-0.0388352620406318,,0.10632680072318319,0.05956742282829533,0.2692965506176495,0.32419607512884135,0.32643458767094313,0.2735919345262998,-0.03337865280692141,-0.05755141882886327,-0.038402651771361464,-0.03584988609700408,-0.14310329000422264,-0.06432684988502947,-0.040349739137751583,-0.07159131958821446,,-0.3552788682482073,-0.4368713433285313,-0.5162271551390916,-0.7043533754842091,-0.12631305096154288,-0.1344933001085799,-0.1254938849466821,-0.4716749755066906,-0.13202961024441465,-0.17716430351110832,0.06763249704410844,0.08128534695510867,0.06029453031187848,0.05132302346209018,0.05792269140306211,-0.02760443424789901,0.11654338814130503,0.010115775894512962,0.12105047138168351,0.12218213749949994,-0.015541309466926258,-0.018133763974705678,-0.13930680692752745,0.5335801510243379,0.5020375384343225,0.27665643238989945,0.2754900095849621,-0.1247679881308404,0.2688331425240869,0.2679958325782865,0.533580151024338,0.4507213218899282,0.5020375384343226,-0.12631305096154266,-0.13611620522704068,-0.13930680692752753,0.7043533754842093,-0.17716430351110804,-0.09561822278491476,1.0,0.06763249704410844,0.7949275275977256,0.7797341538550465,0.7470750833229938,0.12105047138168351,-0.06374477644284203,,,,,,,,,1.0,0.9999999999999998,0.999999999999999,-0.19047293014537636,0.999999999999999,0.06763249704410856,0.06763249704410848,0.06763249704410847,0.06763249704410847
cash_on_cash_roi,0.022156189002066666,,-0.026246100908368434,-0.038491559614003544,-0.038835262040631785,,0.10632680072318339,0.05956742282829546,0.2692965506176502,0.32419607512884135,0.3264345876709433,0.2735919345263004,-0.03337865280692161,-0.05755141882886316,-0.03840265177136153,-0.03584988609700411,-0.14310329000422267,-0.0643268498850294,-0.0403497391377518,-0.07159131958821438,,-0.3552788682482075,-0.4368713433285316,-0.5162271551390921,-0.7043533754842096,-0.12631305096154266,-0.13449330010857982,-0.1254938849466821,-0.4716749755066917,-0.13202961024441465,-0.17716430351110823,0.06763249704410865,0.08128534695510901,0.06029453031187847,0.051323023462090195,0.057922691403062165,-0.027604434247899007,0.11654338814130506,0.010115775894513034,0.12105047138168357,0.1221821374995001,-0.015541309466926436,-0.018133763974705633,-0.13930680692752753,0.5335801510243385,0.5020375384343239,0.2766564323898997,0.2754900095849621,-0.12476798813084024,0.2688331425240872,0.26799583257828696,0.5335801510243383,0.4507213218899283,0.5020375384343229,-0.12631305096154272,-0.13611620522704054,-0.13930680692752764,0.7043533754842102,-0.17716430351110807,-0.09561822278491504,0.9999999999999998,0.06763249704410865,0.794927527597726,0.7797341538550465,0.7470750833229939,0.12105047138168357,-0.06374477644284222,,,,,,,,,0.9999999999999998,1.0,0.9999999999999991,-0.1904729301453764,0.9999999999999991,0.0676324970441086,0.06763249704410848,0.06763249704410859,0.06763249704410859
cap_rate,0.022156189002066774,,-0.02624610090836839,-0.03849155961400353,-0.038835262040631834,,0.10632680072318328,0.05956742282829541,0.26929655061765,0.3241960751288417,0.32643458767094335,0.27359193452629976,-0.03337865280692157,-0.057551418828863124,-0.038402651771361526,-0.03584988609700408,-0.14310329000422262,-0.06432684988502926,-0.040349739137751785,-0.07159131958821438,,-0.3552788682482075,-0.4368713433285314,-0.5162271551390929,-0.7043533754842096,-0.1263130509615426,-0.13449330010857988,-0.1254938849466819,-0.47167497550669096,-0.13202961024441467,-0.1771643035111083,0.06763249704410855,0.08128534695510886,0.06029453031187844,0.05132302346209019,0.057922691403061985,-0.027604434247899073,0.11654338814130513,0.010115775894513053,0.12105047138168351,0.12218213749949998,-0.015541309466926376,-0.01813376397470566,-0.1393068069275276,0.5335801510243381,0.5020375384343231,0.27665643238989945,0.27549000958496206,-0.1247679881308403,0.26883314252408713,0.2679958325782869,0.5335801510243381,0.4507213218899281,0.5020375384343229,-0.1263130509615424,-0.1361162052270405,-0.13930680692752762,0.7043533754842086,-0.17716430351110804,-0.09561822278491476,0.999999999999999,0.06763249704410855,0.7949275275977261,0.7797341538550476,0.7470750833229932,0.12105047138168351,-0.06374477644284204,,,,,,,,,0.999999999999999,0.9999999999999991,1.0,-0.19047293014537617,1.0,0.06763249704410855,0.0676324970441087,0.06763249704410852,0.06763249704410852
price_to_rent_ratio,0.10646970949787073,,-0.001876203011568853,-0.006298807644880414,-0.010957116956008638,,-0.09935222194799688,-0.043198120372229025,-0.13547111110344856,-0.11163043329662449,-0.13191621712908355,-0.12597655517661677,0.11299781238858214,-0.05173462266902926,0.11413404082589168,0.0508658945149989,-0.07948444908641705,-0.12132770388247129,0.10589591398951143,-0.10153889951765664,,0.22800451389521423,0.22689376662510816,0.23748925355246267,0.25046140774823833,-0.0636978649612404,-0.05625739973044715,-0.04462341445625846,0.23754179588498325,-0.06944053842468191,-0.060080778181383125,-0.10196159219503559,0.003891199044614866,0.01556255035134554,0.037038730600040315,0.008069286056519055,0.037461223104939774,-0.002040904470639653,0.010647183555522216,-0.047323371610680454,-0.05518465546826863,0.06166518029179918,-0.008368470188054708,-0.02233448719765155,-0.11981468589776181,-0.18943932573445085,-0.02304145557842811,-0.02626578400447505,-0.12871682184812236,-0.17868935056594923,-0.13873671576421154,-0.11981468589776206,-0.16527540435197674,-0.18943932573445085,-0.06369786496124051,-0.1170561194831513,-0.022334487197651604,-0.25046140774823805,-0.060080778181383125,-0.04090812453552682,-0.19047293014537636,-0.10196159219503559,-0.1978604759698467,-0.18258877316984715,-0.5752691622475665,-0.047323371610680454,0.0766445341547587,,,,,,,,,-0.19047293014537636,-0.1904729301453764,-0.19047293014537617,1.0,-0.19047293014537617,-0.10196159219503557,-0.1019615921950354,-0.10196159219503549,-0.10196159219503549
revenue_yield,0.022156189002066774,,-0.02624610090836839,-0.03849155961400353,-0.038835262040631834,,0.10632680072318328,0.05956742282829541,0.26929655061765,0.3241960751288417,0.32643458767094335,0.27359193452629976,-0.03337865280692157,-0.057551418828863124,-0.038402651771361526,-0.03584988609700408,-0.14310329000422262,-0.06432684988502926,-0.040349739137751785,-0.07159131958821438,,-0.3552788682482075,-0.4368713433285314,-0.5162271551390929,-0.7043533754842096,-0.1263130509615426,-0.13449330010857988,-0.1254938849466819,-0.47167497550669096,-0.13202961024441467,-0.1771643035111083,0.06763249704410855,0.08128534695510886,0.06029453031187844,0.05132302346209019,0.057922691403061985,-0.027604434247899073,0.11654338814130513,0.010115775894513053,0.12105047138168351,0.12218213749949998,-0.015541309466926376,-0.01813376397470566,-0.1393068069275276,0.5335801510243381,0.5020375384343231,0.27665643238989945,0.27549000958496206,-0.1247679881308403,0.26883314252408713,0.2679958325782869,0.5335801510243381,0.4507213218899281,0.5020375384343229,-0.1263130509615424,-0.1361162052270405,-0.13930680692752762,0.7043533754842086,-0.17716430351110804,-0.09561822278491476,0.999999999999999,0.06763249704410855,0.7949275275977261,0.7797341538550476,0.7470750833229932,0.12105047138168351,-0.06374477644284204,,,,,,,,,0.999999999999999,0.9999999999999991,1.0,-0.19047293014537617,1.0,0.06763249704410855,0.0676324970441087,0.06763249704410852,0.06763249704410852
annual_cash_flow_booked,-0.1636117891800582,,0.04303172173904645,-0.0713412415713937,-0.0631722136748805,,-0.016563484930805412,-0.01166098389839035,0.2972071885562949,0.08923386908097596,0.20654417507731065,0.2610764154376862,-0.330993938288774,-0.020981992567317535,-0.3516045643476082,-0.20218817048137946,0.1516231833846644,0.16452053562952726,-0.3720320093582994,0.14605274311918,,0.10297270342273451,0.08653792860824346,0.05736521453277173,0.07297803557503578,0.4060714964330073,0.61722222398349,0.4588514073357476,0.051633992250335305,0.5270453936819791,0.7584293466607078,0.9999999999999998,0.12931316143824012,0.1736085962112757,0.11677295985077063,0.12144362709003208,0.09619543152195459,0.07716881359967491,0.14517189531280136,-0.153179630222544,-0.13874450440990393,-0.08742009837853289,-0.045452870379625115,0.49414179811376086,0.23041535081685102,0.25831728655743286,-0.01823558521547273,0.006338767813141984,0.5888590597010689,0.2724408736943519,0.2300714077494886,0.2304153508168508,0.22774013344898167,0.25831728655743313,0.4060714964330071,0.5880750134314843,0.4941417981137605,-0.07297803557503582,0.7584293466607073,0.39358972549452687,0.06763249704410856,0.9999999999999998,-0.0621525642096035,-0.027405175988770465,0.09940713055426574,-0.153179630222544,-0.12616863146710744,,,,,,,,,0.06763249704410856,0.0676324970441086,0.06763249704410855,-0.10196159219503557,0.06763249704410855,1.0,1.000000000000001,0.9999999999999991,0.9999999999999991
cash_on_cash_roi_booked,-0.1636117891800583,,0.04303172173904647,-0.07134124157139378,-0.06317221367488038,,-0.016563484930805318,-0.011660983898390313,0.29720718855629463,0.0892338690809758,0.20654417507731057,0.2610764154376864,-0.3309939382887738,-0.020981992567317538,-0.3516045643476079,-0.2021881704813795,0.1516231833846644,0.16452053562952737,-0.37203200935829944,0.14605274311918,,0.10297270342273444,0.08653792860824334,0.0573652145327716,0.07297803557503572,0.4060714964330066,0.6172222239834897,0.45885140733574725,0.05163399225033524,0.5270453936819787,0.7584293466607073,1.000000000000001,0.12931316143824048,0.17360859621127558,0.11677295985077062,0.121443627090032,0.09619543152195473,0.0771688135996749,0.14517189531280142,-0.15317963022254383,-0.13874450440990377,-0.08742009837853298,-0.04545287037962518,0.4941417981137609,0.23041535081685074,0.25831728655743275,-0.01823558521547268,0.0063387678131419985,0.5888590597010691,0.2724408736943516,0.23007140774948842,0.23041535081685088,0.22774013344898147,0.25831728655743286,0.4060714964330071,0.5880750134314838,0.49414179811376063,-0.07297803557503578,0.7584293466607083,0.3935897254945265,0.06763249704410848,1.000000000000001,-0.062152564209603425,-0.027405175988770406,0.09940713055426567,-0.15317963022254383,-0.12616863146710722,,,,,,,,,0.06763249704410848,0.06763249704410848,0.0676324970441087,-0.1019615921950354,0.0676324970441087,1.000000000000001,1.0,0.9999999999999993,0.9999999999999993
cap_rate_booked,-0.1636117891800591,,0.0430317217390462,-0.07134124157139365,-0.06317221367488035,,-0.01656348493080535,-0.011660983898390207,0.2972071885562945,0.08923386908097579,0.20654417507731027,0.26107641543768595,-0.33099393828877394,-0.020981992567317177,-0.3516045643476082,-0.20218817048137966,0.15162318338466466,0.16452053562952773,-0.37203200935829933,0.14605274311918026,,0.10297270342273428,0.08653792860824334,0.05736521453277162,0.07297803557503571,0.40607149643300744,0.6172222239834896,0.4588514073357468,0.05163399225033527,0.5270453936819793,0.7584293466607076,0.9999999999999991,0.12931316143824023,0.17360859621127567,0.11677295985077062,0.12144362709003204,0.09619543152195463,0.07716881359967506,0.14517189531280142,-0.15317963022254402,-0.13874450440990393,-0.08742009837853305,-0.04545287037962526,0.49414179811376086,0.2304153508168511,0.2583172865574328,-0.01823558521547253,0.00633876781314207,0.5888590597010696,0.27244087369435155,0.23007140774948837,0.23041535081685083,0.22774013344898178,0.25831728655743297,0.40607149643300744,0.5880750134314847,0.4941417981137608,-0.07297803557503584,0.7584293466607076,0.3935897254945268,0.06763249704410847,0.9999999999999991,-0.06215256420960343,-0.027405175988770507,0.09940713055426573,-0.15317963022254402,-0.12616863146710747,,,,,,,,,0.06763249704410847,0.06763249704410859,0.06763249704410852,-0.10196159219503549,0.06763249704410852,0.9999999999999991,0.9999999999999993,1.0,1.0
revenue_yield_booked,-0.1636117891800591,,0.0430317217390462,-0.07134124157139365,-0.06317221367488035,,-0.01656348493080535,-0.011660983898390207,0.2972071885562945,0.08923386908097579,0.20654417507731027,0.26107641543768595,-0.33099393828877394,-0.020981992567317177,-0.3516045643476082,-0.20218817048137966,0.15162318338466466,0.16452053562952773,-0.37203200935829933,0.14605274311918026,,0.10297270342273428,0.08653792860824334,0.05736521453277162,0.07297803557503571,0.40607149643300744,0.6172222239834896,0.4588514073357468,0.05163399225033527,0.5270453936819793,0.7584293466607076,0.9999999999999991,0.12931316143824023,0.17360859621127567,0.11677295985077062,0.12144362709003204,0.09619543152195463,0.07716881359967506,0.14517189531280142,-0.15317963022254402,-0.13874450440990393,-0.08742009837853305,-0.04545287037962526,0.49414179811376086,0.2304153508168511,0.2583172865574328,-0.01823558521547253,0.00633876781314207,0.5888590597010696,0.27244087369435155,0.23007140774948837,0.23041535081685083,0.22774013344898178,0.25831728655743297,0.40607149643300744,0.5880750134314847,0.4941417981137608,-0.07297803557503584,0.7584293466607076,0.3935897254945268,0.06763249704410847,0.9999999999999991,-0.06215256420960343,-0.027405175988770507,0.09940713055426573,-0.15317963022254402,-0.12616863146710747,,,,,,,,,0.06763249704410847,0.06763249704410859,0.06763249704410852,-0.10196159219503549,0.06763249704410852,0.9999999999999991,0.9999999999999993,1.0,1.0
