,id,scrape_id,host_id,host_listings_count,host_total_listings_count,latitude,longitude,accommodates,bathrooms,bedrooms,beds,minimum_nights,maximum_nights,minimum_minimum_nights,maximum_minimum_nights,minimum_maximum_nights,maximum_maximum_nights,minimum_nights_avg_ntm,maximum_nights_avg_ntm,calendar_updated,availability_30,availability_60,availability_90,availability_365,number_of_reviews,number_of_reviews_ltm,number_of_reviews_l30d,availability_eoy,number_of_reviews_ly,estimated_occupancy_l365d,estimated_revenue_l365d,review_scores_rating,review_scores_accuracy,review_scores_cleanliness,review_scores_checkin,review_scores_communication,review_scores_location,review_scores_value,calculated_host_listings_count,calculated_host_listings_count_entire_homes,calculated_host_listings_count_private_rooms,calculated_host_listings_count_shared_rooms,reviews_per_month,price_clean,log_price,price_per_accommodates,log_price_per_accommodates,log_reviews,log_accommodates,log_beds,price_zscore,price_percentile,log_price_zscore,reviews_zscore,reviews_percentile,reviews_per_month_zscore,occupancy_rate,occupancy_rate_booked,occupancy_is_capped,est_annual_revenue,est_annual_revenue_booked,revenue_per_accommodates,revenue_per_bedroom,log_est_revenue,host_listings_in_city,host_is_professional,pct_professional_hosts,pct_large_operators,median_host_listings,gini_host_concentration,market_professionalization_score,purchase_price,monthly_payment,zori_rent,annual_cash_flow,cash_on_cash_roi,cap_rate,price_to_rent_ratio,revenue_yield,annual_cash_flow_booked,cash_on_cash_roi_booked,cap_rate_booked,revenue_yield_booked
id,1.0,,0.47274600753612905,0.04642060440657282,0.050262315214655184,0.03148246401079446,0.06886088375450196,0.13168097575128337,0.06737957514879593,0.08173814645317344,0.03593183999038102,-0.10803681545809206,-0.26908157550893635,-0.11243407872746519,-0.07940869363988749,-0.007687494191195543,-0.007687259592693782,-0.10774113869963035,-0.0076862026762748534,,0.20770219936984283,0.2387705138659054,0.2550359611743711,0.26581899410239057,-0.3236743881558432,0.009695379179285223,0.09394741034138378,0.2654010256941976,-0.12133413702493166,-0.019946063894492733,-0.07055547598140181,-0.0637659633315469,-0.07605009245362548,-0.022934173067475208,-0.10313086796737843,-0.06897307868516635,-0.10429100511056491,-0.06089312442702936,0.09804584633846841,0.04608726978598975,0.18137342749713062,0.0836812199759279,0.20165545112820651,0.0038603411046401093,-0.009942526789650304,-0.008605139768146362,-0.10496710442239035,-0.3902969007442653,0.1323720223223736,0.03523106610480601,0.003860341104640164,0.013678073787896402,-0.009942526789656724,-0.323674388155841,-0.3777118319583014,0.2016554511282086,-0.2658189941023855,-0.019946063894488122,-0.02664754821674321,-0.01810801015625371,-0.07055547598140181,-0.03294371151752221,-0.024046852149778544,-0.09035286958770593,0.09804584633846841,0.23660165205447745,,,,,,,,,-0.018108010156253185,-0.018108010156252356,-0.018108010156252612,0.05999970519545582,-0.018108010156252612,-0.0705554759814005,-0.0705554759814057,-0.07055547598140052,-0.07055547598140052
scrape_id,,,,,,,,,,,,,,,,,,,,,,,,,,,,,,,,,,,,,,,,,,,,,,,,,,,,,,,,,,,,,,,,,,,,,,,,,,,,,,,,,,,
host_id,0.47274600753612905,,1.0,-0.010748677307371276,-0.01030499822710349,0.017914242141912198,0.11549552794592143,0.053051696832300765,-0.012826241564808221,0.0093783425697614,0.0034627956927486474,-0.09655025133045486,-0.1530826996886043,-0.10101300124095848,-0.09633389541627821,0.004469744217117453,0.004470326847593181,-0.09891292208281902,0.004470213960023577,,0.13865888427142123,0.14901115308436505,0.15172986860608373,0.13733462444073202,-0.1659102310188277,0.01599400263115596,0.05951481005757318,0.15347106321945406,-0.046851527228135736,-0.025369589421073785,-0.05587286691011929,-0.10910899361088258,-0.1067456069034532,-0.07406829024556712,-0.12202364607210986,-0.10043588443947793,-0.12562771035038814,-0.09830068985926019,0.02890949352445801,-0.05315333543916483,0.2686082124598464,0.13363784665594733,0.1342917725623112,0.010182278956576942,-0.0978581214316058,0.0076658435181239885,-0.1546285941412559,-0.18956785922258965,0.044930404746956816,-0.006414915703748049,0.010182278956577214,-0.08792133999223367,-0.09785812143160826,-0.1659102310188261,-0.18385048608097818,0.13429177256231237,-0.13733462444072847,-0.02536958942107181,-0.02678850380082619,-0.007600984669099981,-0.05587286691011929,-0.013191587039585354,0.0005654084308298043,-0.11866910683829422,0.02890949352445801,0.1508343404492623,,,,,,,,,-0.007600984669099716,-0.007600984669099255,-0.007600984669099371,0.09336746468479272,-0.007600984669099371,-0.055872866910119105,-0.05587286691012116,-0.05587286691011844,-0.05587286691011844
host_listings_count,0.04642060440657282,,-0.010748677307371276,1.0,0.9822568558396356,-0.010063655555042256,-0.0446728776028161,-0.06429213530322252,-0.044397263050473874,-0.05946996864696878,-0.07917670200422612,0.049014284280594726,0.1872655010867093,0.051235321031011916,0.3087719703474611,-0.0010604849947945733,-0.001060375557195593,0.05654006850798349,-0.0010603232522636223,,0.06798891956256943,0.06237890142941261,0.05788715310629117,0.10858272889745209,-0.06639131841384824,-0.06682684643304143,-0.06369864514162756,0.06279667008187893,-0.06382574969298194,-0.0989658683073761,-0.07765875351459467,-0.08403733587589043,-0.05875187932977464,-0.05115372702613121,-0.099724578424739,-0.12514792764278715,-0.04856913326963088,-0.11718661497161184,0.8768151573466767,0.9052664313492609,0.011065275353150782,0.005982347200619001,-0.062331908132662775,0.010538554838561837,0.04120720319945547,0.026099192869519144,0.12855106181609469,-0.1500820546205149,-0.05578931842468694,-0.08536934337658628,0.01053855483856178,0.06528417272976506,0.04120720319945619,-0.06639131841384908,-0.15887054806789958,-0.06233190813266274,-0.10858272889745034,-0.09896586830737515,-0.0414007819839199,-0.013203379968559574,-0.07765875351459467,-0.004324977869497959,-0.0018655310017251323,-0.03372473177870637,0.8768151573466767,0.12397717520423586,,,,,,,,,-0.013203379968559498,-0.013203379968559434,-0.013203379968559423,-0.0006854218441688191,-0.013203379968559423,-0.07765875351459506,-0.07765875351459378,-0.07765875351459309,-0.07765875351459309
host_total_listings_count,0.050262315214655184,,-0.01030499822710349,0.9822568558396356,1.0,-0.016802047272391735,-0.04512222513321093,-0.055679251271737645,-0.04117561925639755,-0.05398104997279135,-0.07489517932589798,0.04567553558815457,0.19382952427285224,0.04784523769509272,0.29309322184684894,-0.001149911841716123,-0.0011496503352449788,0.052826437328232695,-0.0011497056168522778,,0.07067598153351731,0.06569177005029753,0.06148175629939843,0.10969479898989912,-0.06904182849532796,-0.06850799362948147,-0.06551259175513456,0.0666276907053839,-0.06575855361917282,-0.10002609743255293,-0.07625161270078232,-0.08953926665407651,-0.06585796737065462,-0.05550142684902221,-0.10124458856970973,-0.12774770299120647,-0.052263020772916224,-0.12136659925952052,0.8500652857227352,0.8757793743249456,0.014952388333345779,0.0043368087263334736,-0.06516112895741527,0.030875192485803074,0.04946384005452618,0.043368395161472,0.13446916317818705,-0.1519331691490449,-0.04811516677955298,-0.08070234540391691,0.030875192485802894,0.07006706341589895,0.049463840054525705,-0.06904182849532904,-0.16039115395539771,-0.06516112895741488,-0.10969479898989819,-0.10002609743255136,-0.04284752147925474,0.0009460818743874824,-0.07625161270078232,0.007052711664954105,0.013662163452688683,-0.034323099469132035,0.8500652857227352,0.13323112384285368,,,,,,,,,0.0009460818743875542,0.0009460818743875214,0.0009460818743874768,3.113854964269725e-05,0.0009460818743874768,-0.07625161270078282,-0.07625161270078303,-0.07625161270078161,-0.07625161270078161
latitude,0.03148246401079446,,0.017914242141912198,-0.010063655555042256,-0.016802047272391735,1.0,-0.07386843860577819,0.027441921706585264,0.05123590854188958,0.045303178486275034,0.016879576916603023,-0.0036161118297138397,-0.00697250051547662,-0.0019868387692413415,-0.011685421924815153,-0.008680737493826382,-0.0086810533674811,-0.00347233694389746,-0.00868045898793922,,0.04121907134731793,0.03830298403513702,0.03485286518790531,0.0375506385809758,-0.05387406295864937,-0.05745463729797672,-0.059787548633689604,0.03008723358170695,-0.05322131608350746,-0.05826424311909343,-0.0724017841363051,0.021371200828281044,0.01743226296359514,0.021383359569275222,0.01024432107329758,0.01667475020502536,0.017648360637975626,0.038240335612763736,-0.029324505027368053,-0.022262977057502548,-0.025423338424805816,-0.019475256816968614,-0.05090951844155106,-0.002071926977428149,-0.06545065088721053,-0.003527297698277738,-0.08682468813612097,-0.06854038027419204,-0.00010452150143424615,0.004659748387801003,-0.002071926977428131,-0.07223924279923817,-0.06545065088721079,-0.053874062958649084,-0.06747949780488081,-0.050909518441551185,-0.03755063858097552,-0.058264243119093284,-0.028510612626819344,-0.029917977191409505,-0.0724017841363051,-0.022654840290718712,-0.033098719279206046,-0.08955132525015563,-0.029324505027368053,-0.007529487738176697,,,,,,,,,-0.029917977191409546,-0.029917977191409546,-0.0299179771914095,0.07292644615168094,-0.0299179771914095,-0.07240178413630509,-0.0724017841363049,-0.07240178413630434,-0.07240178413630434
longitude,0.06886088375450196,,0.11549552794592143,-0.0446728776028161,-0.04512222513321093,-0.07386843860577819,1.0,-0.055671568712841096,-0.11246780738579379,-0.06210674098637273,-0.04281209282994753,-0.1117318949476357,-0.05621923264490333,-0.1154448044877663,-0.09870539829685142,-0.0035048447845800962,-0.0035049846882619696,-0.11010289068445697,-0.003504070045121968,,0.0015426645862481778,0.000844561845797821,0.0009682406155461392,-0.014042664189534444,0.016358595059985888,0.08398276871303152,0.0656797141492534,0.0022189370529434164,0.06734174738229794,0.06454465583237065,-0.06843436086256682,-0.03841489750697089,-0.030436837579412353,-0.03880554686028861,-0.018054215629293623,-0.023294177597586636,-0.0671471100484277,0.0017659579178650989,-0.0481051666150079,-0.05364578733554173,0.014744250779563494,-0.0041825886838199105,0.07688994929475396,-0.07779985464657767,-0.26738630733712815,-0.04642322342681931,-0.3157993151665888,0.07954498748340706,-0.05794946088779904,-0.04624502890025405,-0.07779985464657684,-0.2588420796781268,-0.26738630733712854,0.016358595059985753,0.08576893365794408,0.07688994929475441,0.01404266418953471,0.0645446558323713,0.03199154835708479,-0.09080186259944259,-0.06843436086256682,-0.05345265157145994,-0.056239622892566704,-0.11832801610103107,-0.0481051666150079,0.06475360116357558,,,,,,,,,-0.09080186259944273,-0.090801862599443,-0.09080186259944373,0.04058996558195835,-0.09080186259944373,-0.06843436086256685,-0.06843436086256778,-0.06843436086256763,-0.06843436086256763
accommodates,0.13168097575128337,,0.053051696832300765,-0.06429213530322252,-0.055679251271737645,0.027441921706585264,-0.055671568712841096,1.0,0.6929643715056892,0.8335997801361896,0.8310402406190841,-0.0713273780470339,-0.004692252443093366,-0.07445047926392516,-0.06984993096606035,-0.00010364601259039053,-0.00010346757725714853,-0.07055576943469906,-0.0001035673335406037,,0.11731093902956491,0.11266456117204222,0.1106906551371235,0.10854963333915042,-0.03137976978629175,0.05084700106848449,0.06202591782481694,0.11628013684198209,0.03650768547423163,0.022212718490493333,0.2674588730570844,0.021127327204402357,0.005545437624182248,0.018772542398470843,0.015310165344868561,0.022740689933415936,0.012758579566183202,0.0027253624187838685,-0.05041109417034317,-0.010554535241198613,-0.13858354787932795,-0.06749770870459056,0.08293571447475953,0.20798631271235435,0.6698910059227453,0.009658134888294069,-0.04277744637768658,0.01674169299948549,0.9320249961983882,0.8224678105869508,0.20798631271235507,0.6654281919110273,0.6698910059227489,-0.03137976978629153,0.020326690702034408,0.08293571447475996,-0.10854963333914924,0.022212718490494072,0.005029630843428642,0.21301489720664502,0.2674588730570844,-0.01095971723165239,0.0255318333799779,0.3007317398745155,-0.05041109417034317,0.056097323121328084,,,,,,,,,0.2130148972066452,0.2130148972066448,0.213014897206645,-0.1481816368646201,0.213014897206645,0.2674588730570846,0.2674588730570817,0.26745887305708227,0.26745887305708227
bathrooms,0.06737957514879593,,-0.012826241564808221,-0.044397263050473874,-0.04117561925639755,0.05123590854188958,-0.11246780738579379,0.6929643715056892,1.0,0.7779015078605772,0.6427361884688305,-0.003486683552357081,0.024013301111581568,-0.00401312105325276,-0.011633006595628187,-0.0028454407942687487,-0.0028454362470336256,-0.003559605551768387,-0.0028451784946994154,,0.08141890270081249,0.06685312621913099,0.054408452140915275,0.05868561268808246,-0.10393596250864631,-0.0726551278108138,-0.060176977437459575,0.053716764161767586,-0.0730179848183044,-0.11030869870480219,0.17539797777518845,0.024393978312498045,0.012022708982578099,0.004895723828342005,0.021454187956929858,0.01994567241566186,0.02708776010686553,0.01429052442418563,-0.01340100581351427,0.009069122810077554,-0.07532471336826256,-0.034985067683883334,-0.06413657921841409,0.26387696081671425,0.6144911535005763,0.05052248604713595,0.23360075649198578,-0.12540176441786138,0.591165560342209,0.6029224152592251,0.26387696081671463,0.5210340408711294,0.6144911535005841,-0.10393596250864623,-0.12464186624869959,-0.06413657921841447,-0.0586856126880838,-0.11030869870480291,-0.06385429704768364,0.24998768957623085,0.17539797777518845,0.03295168499113819,0.032093333213459155,0.2441716702667716,-0.01340100581351427,0.03703782334628613,,,,,,,,,0.2499876895762308,0.2499876895762298,0.24998768957622908,-0.0711329154072765,0.24998768957622908,0.17539797777518862,0.1753979777751903,0.17539797777518917,0.17539797777518917
bedrooms,0.08173814645317344,,0.0093783425697614,-0.05946996864696878,-0.05398104997279135,0.045303178486275034,-0.06210674098637273,0.8335997801361896,0.7779015078605772,1.0,0.80190884076465,-0.022931512396220852,0.0032668028321135014,-0.02578128872252253,-0.03251003433000568,-0.004202574024035872,-0.004202626715958257,-0.025337864727255025,-0.0042018007232092385,,0.05621229888291166,0.03696527009123447,0.025540972066276688,0.02148501843282731,-0.09728205488777615,-0.03896198088524652,-0.023597965043413816,0.024637465276576672,-0.041056710977543064,-0.07582804132994336,0.2241801012922517,0.03972234176771239,0.019464450954210816,0.021090634929264857,0.0386187461379809,0.0348221993443153,0.03070702272137697,0.025670449295170483,-0.046245281144164416,-0.016123827372490723,-0.10833976576287187,-0.042672055145439106,-0.022600989798214947,0.2048277189601225,0.6537415497328,0.02272188579357152,0.10671703325220395,-0.08032269571219437,0.7577888402493227,0.7806749284730916,0.2048277189601243,0.6299342770301068,0.6537415497328003,-0.0972820548877769,-0.07605297447813619,-0.02260098979821538,-0.02148501843282693,-0.0758280413299426,-0.045595738812500834,0.2144946828824511,0.2241801012922517,0.007414540637393485,0.006626183090837794,0.28504737622235643,-0.046245281144164416,0.004818364969161809,,,,,,,,,0.21449468288245113,0.21449468288245332,0.21449468288245158,-0.12136194259814016,0.21449468288245158,0.2241801012922534,0.2241801012922545,0.2241801012922524,0.2241801012922524
beds,0.03593183999038102,,0.0034627956927486474,-0.07917670200422612,-0.07489517932589798,0.016879576916603023,-0.04281209282994753,0.8310402406190841,0.6427361884688305,0.80190884076465,1.0,-0.07929009777166927,0.014505513911641567,-0.08197885398717548,-0.072977951740414,-0.0037916523724034566,-0.0037915236631014776,-0.0766455542689155,-0.0037911112027115405,,0.05591110114438616,0.040380019682855026,0.032262433925953245,0.032891455760018846,-0.030662633778560846,0.018174514448543563,0.02654858032468332,0.03582734815838269,0.014798238905214568,-0.011659681169125432,0.23853353592412466,0.0279484569275043,0.013456846980622631,0.015350051206113225,0.0285031194279177,0.02986716656028107,0.02247604202649331,0.018789865181958867,-0.07247577248175814,-0.03493615257165624,-0.1313630303066987,-0.05313266780546006,0.028975822928463138,0.157250890201054,0.5561551935654547,0.005819493191079749,-0.015288026636924645,0.013711137632083141,0.7548736736717588,0.9427796735882102,0.15725089020105454,0.5534219063009206,0.5561551935654622,-0.030662633778560877,0.017631578592350254,0.02897582292846328,-0.032891455760019006,-0.0116596811691255,-0.01724654173421819,0.17324289065134366,0.23853353592412466,-0.005106796167209313,0.009198446947625179,0.25260813836309925,-0.07247577248175814,0.0026676489902577464,,,,,,,,,0.17324289065134374,0.17324289065134538,0.1732428906513448,-0.11099553291090807,0.1732428906513448,0.2385335359241241,0.23853353592412935,0.2385335359241272,0.2385335359241272
minimum_nights,-0.10803681545809206,,-0.09655025133045486,0.049014284280594726,0.04567553558815457,-0.0036161118297138397,-0.1117318949476357,-0.0713273780470339,-0.003486683552357081,-0.022931512396220852,-0.07929009777166927,1.0,0.11875214037114609,0.9684954467027005,0.7915311630436557,-0.002545504296359007,-0.0025458835848449816,0.9602991194587697,-0.002545013337609149,,-0.013812840729695327,-0.02400271423653758,-0.031869807545248395,-0.009287257780512008,-0.12577668340804576,-0.21678662238822577,-0.21495599007319838,-0.03472364984806213,-0.1861155105884626,-0.11872518972800668,-0.1330122341641702,-0.003958541252374039,-0.0014928078234248,-0.023606018043825287,0.010995392532610424,-0.004166268369986624,-0.0022493123995576706,-0.020539356524579305,0.05703543566138098,0.04818984600854909,0.036087079752821806,0.02309295553486906,-0.23881459484723644,-0.019833674713712245,-0.06265764264501048,-0.011673866848378331,0.0324163186347852,-0.19411876131477176,-0.07819221911528214,-0.08620039645887129,-0.019833674713712248,-0.07408320060568417,-0.06265764264500989,-0.1257766834080441,-0.1949030038963645,-0.2388145948472383,0.00928725778051142,-0.1187251897280093,-0.01637914693543947,-0.05622043382327395,-0.1330122341641702,-0.03917656039188423,-0.051191437280565105,-0.11984841807412058,0.05703543566138098,-0.03736736289355147,,,,,,,,,-0.05622043382327384,-0.05622043382327394,-0.05622043382327389,0.08949437891688354,-0.05622043382327389,-0.13301223416417035,-0.13301223416416957,-0.13301223416417202,-0.13301223416417202
maximum_nights,-0.26908157550893635,,-0.1530826996886043,0.1872655010867093,0.19382952427285224,-0.00697250051547662,-0.05621923264490333,-0.004692252443093366,0.024013301111581568,0.0032668028321135014,0.014505513911641567,0.11875214037114609,1.0,0.1234337306088451,0.16275538767845735,-0.006944658634425837,-0.0069442689730770816,0.12356887914797458,-0.006943504869690318,,-0.08151868312163502,-0.0977141628342184,-0.10810545356502653,-0.030003069537382288,-0.04091610720595106,-0.11223153329883341,-0.12104672998629731,-0.10146582425499989,-0.09162411438761169,-0.12441955042196444,-0.03549917662347547,-0.038852683864128754,-0.027370742632647535,-0.052430148316066696,-0.017371090133613095,-0.03317663902480237,0.004910653725130331,-0.04699463285657665,0.19785668785391758,0.21968903630481706,-0.05210000120139624,-0.01674660607354191,-0.15608388448867574,0.0684002841574989,0.06738549717093845,0.052836670324017516,0.06327251462219595,-0.03734521637282678,-0.0035787738699373864,0.017651010745277848,0.06840028415749916,0.052687656256120374,0.06738549717093957,-0.040916107205949785,-0.033629015154372395,-0.1560838844886783,0.03000306953738012,-0.12441955042196653,-0.0618950002679606,0.034203694292966304,-0.03549917662347547,0.014098726339513265,0.03421021746140596,-0.02153340532636134,0.19785668785391758,-0.012360814784483275,,,,,,,,,0.03420369429296623,0.034203694292966116,0.03420369429296567,0.001089651995160371,0.03420369429296567,-0.035499176623475744,-0.03549917662347474,-0.035499176623476895,-0.035499176623476895
minimum_minimum_nights,-0.11243407872746519,,-0.10101300124095848,0.051235321031011916,0.04784523769509272,-0.0019868387692413415,-0.1154448044877663,-0.07445047926392516,-0.00401312105325276,-0.02578128872252253,-0.08197885398717548,0.9684954467027005,0.1234337306088451,1.0,0.7961746629110477,-0.0037406741634423684,-0.0037411058496992153,0.9733261971060829,-0.0037409049944556547,,-0.013516175740969588,-0.023223267753020034,-0.030980026447852284,-0.005926281738037037,-0.1304069994406012,-0.22461123176799724,-0.22128394475865154,-0.0337720938541689,-0.19402004895416203,-0.13513362436879217,-0.15462167671747462,-0.005898622130365198,-0.00288893315625141,-0.026914953927630225,0.010235467686529663,-0.005553841901046059,-0.005629382611705914,-0.0226150330010135,0.058544879646447175,0.049440135739879466,0.03693893177200744,0.02449604288034456,-0.24874367187852706,-0.019464628850298007,-0.06704771862941647,-0.011364383239955539,0.030555606595756925,-0.20112586793777606,-0.08211880338100608,-0.08990775248579382,-0.019464628850298225,-0.07993413732875958,-0.06704771862941607,-0.13040699944060347,-0.20182124859937284,-0.24874367187852733,0.00592628173803754,-0.13513362436879384,-0.03800922396147411,-0.05741927398746493,-0.15462167671747462,-0.040730294725987604,-0.053518166850008826,-0.12839347993439884,0.058544879646447175,-0.04107794913952186,,,,,,,,,-0.05741927398746481,-0.05741927398746522,-0.05741927398746499,0.09434825456927215,-0.05741927398746499,-0.15462167671747568,-0.15462167671747465,-0.15462167671747484,-0.15462167671747484
maximum_minimum_nights,-0.07940869363988749,,-0.09633389541627821,0.3087719703474611,0.29309322184684894,-0.011685421924815153,-0.09870539829685142,-0.06984993096606035,-0.011633006595628187,-0.03251003433000568,-0.072977951740414,0.7915311630436557,0.16275538767845735,0.7961746629110477,1.0,-0.0031054892943827486,-0.0031057846412136944,0.8388191105380438,-0.0031056561929946923,,-0.03702260745104866,-0.0424579933104076,-0.046331004975112354,0.009272579661770567,-0.11503544207899481,-0.185727826681248,-0.18355765566973128,-0.04406534611688344,-0.15963090170983504,-0.11587434317268155,-0.10970296114121345,-0.013209848538444955,-0.006340544921281404,-0.024325738254204487,-0.005423442675219446,-0.016042191416128237,-0.0031669071778721463,-0.033757249594912074,0.32712087867490924,0.3338156506391446,0.01792868240707085,0.013833054936117395,-0.2160684097418579,-0.01555408632869612,-0.01867128392173265,-0.005369962194529973,0.06609345755294292,-0.18470659477400123,-0.07068313815102761,-0.07768449382906042,-0.015554086328696325,-0.011203294570549074,-0.01867128392173232,-0.11503544207899664,-0.18696583584372567,-0.2160684097418587,-0.00927257966177009,-0.11587434317268377,-0.027084919479594922,-0.036688823869180584,-0.10970296114121345,-0.020603180731214116,-0.028355087927652952,-0.05069926019617567,0.32712087867490924,0.004386925281708537,,,,,,,,,-0.03668882386918053,-0.03668882386918082,-0.03668882386918047,0.04015774789827705,-0.03668882386918047,-0.10970296114121401,-0.10970296114121472,-0.10970296114121476,-0.10970296114121476
minimum_maximum_nights,-0.007687494191195543,,0.004469744217117453,-0.0010604849947945733,-0.001149911841716123,-0.008680737493826382,-0.0035048447845800962,-0.00010364601259039053,-0.0028454407942687487,-0.004202574024035872,-0.0037916523724034566,-0.002545504296359007,-0.006944658634425837,-0.0037406741634423684,-0.0031054892943827486,1.0,0.9999999999710513,-0.003784475532436033,0.9999999999883163,,-0.0016624678772552623,-0.0025792795250026367,-0.0029365168014340876,-0.0025039438408541166,-0.001963159972666844,-0.0025462190751252257,-0.0029808905114706227,-0.0028979201603571204,-0.0019031717779199725,-0.0032360358485126026,0.0001364925916996634,-0.002634282978831694,-0.0030334971896243544,0.002638149769637423,-0.002434129961676863,-0.004193339829494542,0.0016533722848330304,-0.002941601776570575,-0.0017891370645006404,-0.0015184036535011536,-0.001079291745915591,-0.0005645202987635465,-0.005215882317853254,0.00014977531786978195,0.004444659663960267,0.00022392692526797655,0.0047066492075676595,0.0014321416635295857,0.0021030815916656563,-0.004472278073321465,0.00014977531786977848,0.006194856836935569,0.004444659663960323,-0.0019631599726668476,0.0020926868572662197,-0.005215882317853292,0.0025039438408541517,-0.0032360358485126694,-0.0019021314247325248,-0.0007278641029305781,0.0001364925916996634,-0.0006100293153471126,1.8577660171686315e-05,0.0014576512539723665,-0.0017891370645006404,-0.008520131057036223,,,,,,,,,-0.0007278641029305724,-0.0007278641029305639,-0.0007278641029305672,-0.001498161086998055,-0.0007278641029305672,0.00013649259169965641,0.0001364925916996657,0.0001364925916996539,0.0001364925916996539
maximum_maximum_nights,-0.007687259592693782,,0.004470326847593181,-0.001060375557195593,-0.0011496503352449788,-0.0086810533674811,-0.0035049846882619696,-0.00010346757725714853,-0.0028454362470336256,-0.004202626715958257,-0.0037915236631014776,-0.0025458835848449816,-0.0069442689730770816,-0.0037411058496992153,-0.0031057846412136944,0.9999999999710513,1.0,-0.003784874479152702,0.999999999990945,,-0.0016622061204087885,-0.002578993908543372,-0.0029362098580117137,-0.002503967300028095,-0.0019630304248173867,-0.002545605227475966,-0.0029805483522137442,-0.002897620368811433,-0.0019027357860370386,-0.003235892151268723,0.00013702632308454843,-0.0026345071302818677,-0.0030336952810246006,0.0026380852705353524,-0.002434322252858899,-0.004193608123141959,0.0016532877183559013,-0.0029418903943963016,-0.0017890597702876184,-0.001518393990881545,-0.0010791999506880113,-0.0005645534822481565,-0.005215368801781109,0.00015219830507575018,0.0044456762246674365,0.00022615040143443912,0.00470770804834782,0.0014322414953597963,0.0021032929553169853,-0.004472110966851301,0.00015219830507574807,0.0061956196630656634,0.004445676224667488,-0.001963030424817411,0.00209276783506133,-0.005215368801781107,0.00250396730002812,-0.0032358921512687685,-0.001901922177963982,-0.0007259408214847392,0.00013702632308454843,-0.0006082025073164132,2.0944663828226683e-05,0.0014584519845523337,-0.0017890597702876184,-0.008519581470732358,,,,,,,,,-0.0007259408214847336,-0.0007259408214847189,-0.0007259408214847351,-0.0014984513276120005,-0.0007259408214847351,0.0001370263230845414,0.00013702632308455013,0.00013702632308453452,0.00013702632308453452
minimum_nights_avg_ntm,-0.10774113869963035,,-0.09891292208281902,0.05654006850798349,0.052826437328232695,-0.00347233694389746,-0.11010289068445697,-0.07055576943469906,-0.003559605551768387,-0.025337864727255025,-0.0766455542689155,0.9602991194587697,0.12356887914797458,0.9733261971060829,0.8388191105380438,-0.003784475532436033,-0.003784874479152702,1.0,-0.003784009268384536,,-0.014457657230009732,-0.022684593948666648,-0.02935861470912153,-0.003132233806666352,-0.12511398062230938,-0.21364101681565414,-0.2118785172128408,-0.031400470798776295,-0.1846137735779298,-0.1204979120254913,-0.13640547452219412,-0.0036281037019811227,-0.00032687887595714044,-0.023703102243714767,0.011817961673520026,-0.0028681675808105056,-0.004377111079001447,-0.02017463136801876,0.0643598207596972,0.056738129974177716,0.0328622689181127,0.022222546288301646,-0.2370943847472371,-0.019701173520900582,-0.060577268265181124,-0.011846350669633505,0.029436685975095748,-0.19021474976616168,-0.07704568182680023,-0.08348446237104529,-0.01970117352090059,-0.07160069403740169,-0.06057726826518047,-0.12511398062231105,-0.1907084354280873,-0.23709438474724023,0.0031322338066657684,-0.12049791202549326,-0.027049851448414472,-0.05466885236321102,-0.13640547452219412,-0.039237527701379935,-0.05111099632437145,-0.11644496868746375,0.0643598207596972,-0.033374531026739686,,,,,,,,,-0.05466885236321113,-0.054668852363210584,-0.054668852363210584,0.0850513335287723,-0.054668852363210584,-0.1364054745221941,-0.13640547452219595,-0.13640547452219545,-0.13640547452219545
maximum_nights_avg_ntm,-0.0076862026762748534,,0.004470213960023577,-0.0010603232522636223,-0.0011497056168522778,-0.00868045898793922,-0.003504070045121968,-0.0001035673335406037,-0.0028451784946994154,-0.0042018007232092385,-0.0037911112027115405,-0.002545013337609149,-0.006943504869690318,-0.0037409049944556547,-0.0031056561929946923,0.9999999999883163,0.999999999990945,-0.003784009268384536,1.0,,-0.0016604902775367893,-0.0025767847191567952,-0.0029336864806105323,-0.0025014298086799853,-0.0019636014729481634,-0.00252595657530049,-0.0029640890301050713,-0.002894986165534035,-0.0019038870537310536,-0.0032368971904388343,0.00013602576349973705,-0.002634116418114432,-0.0030330899079735727,0.0026378987470375005,-0.0024341169842424294,-0.004193070523464796,0.001653209585274505,-0.002941633496835009,-0.0017889838879331748,-0.0015182459669191744,-0.0010793259771784197,-0.0005644355530684136,-0.005196842557808986,0.0001502374118203877,0.004444793484383527,0.00022434661646588986,0.004706563081364672,0.0014298414483936723,0.002103038787806127,-0.00447163574703306,0.00015023741182038986,0.006194873617521583,0.004444793484383569,-0.0019636014729481938,0.0020907615185949855,-0.005196842557809071,0.0025014298086799428,-0.0032368971904388985,-0.0019033508342544748,-0.000727899766082012,0.00013602576349973705,-0.0006101396138349953,1.8674615633972746e-05,0.001456503840861052,-0.0017889838879331748,-0.008519555661966785,,,,,,,,,-0.0007278997660820158,-0.00072789976608203,-0.0007278997660820349,-0.0014979008463876684,-0.0007278997660820349,0.00013602576349971992,0.00013602576349975787,0.00013602576349972304,0.00013602576349972304
calendar_updated,,,,,,,,,,,,,,,,,,,,,,,,,,,,,,,,,,,,,,,,,,,,,,,,,,,,,,,,,,,,,,,,,,,,,,,,,,,,,,,,,,,
availability_30,0.20770219936984283,,0.13865888427142123,0.06798891956256943,0.07067598153351731,0.04121907134731793,0.0015426645862481778,0.11731093902956491,0.08141890270081249,0.05621229888291166,0.05591110114438616,-0.013812840729695327,-0.08151868312163502,-0.013516175740969588,-0.03702260745104866,-0.0016624678772552623,-0.0016622061204087885,-0.014457657230009732,-0.0016604902775367893,,1.0,0.9395546475600733,0.884988068352788,0.5762770038112397,-0.041691516317302973,-0.01110589607620729,0.012681050754069764,0.8369708690247252,-0.018685753394114327,-0.06485046771052529,-0.12503361508651065,-0.091679100470601,-0.095749700269123,-0.05963730349648958,-0.08402381786826162,-0.08367178578785898,-0.07694782594965643,-0.10484283486845676,0.0536582148182733,0.06109339234945314,-0.022852463102008454,0.015691124820300474,0.0553865263116143,0.043231973360082325,0.10162164947221036,0.01868006529112493,0.0859989141062464,-0.08342808596400687,0.10575631189889476,0.04623123872318109,0.043231973360082325,0.08998315474211784,0.10162164947220947,-0.04169151631730192,-0.09193349392072159,0.055386526311614344,-0.5762770038112379,-0.06485046771052416,-0.049756982505393316,-0.06829068463740233,-0.12503361508651065,-0.06817234992250121,-0.07126392395029173,-0.2928488816134549,0.0536582148182733,0.14345906446407744,,,,,,,,,-0.06829068463740232,-0.0682906846374024,-0.06829068463740157,0.2767531460546565,-0.06829068463740157,-0.12503361508651034,-0.1250336150865104,-0.12503361508651115,-0.12503361508651115
availability_60,0.2387705138659054,,0.14901115308436505,0.06237890142941261,0.06569177005029753,0.03830298403513702,0.000844561845797821,0.11266456117204222,0.06685312621913099,0.03696527009123447,0.040380019682855026,-0.02400271423653758,-0.0977141628342184,-0.023223267753020034,-0.0424579933104076,-0.0025792795250026367,-0.002578993908543372,-0.022684593948666648,-0.0025767847191567952,,0.9395546475600733,1.0,0.9771693510662239,0.6516694597930752,-0.025977549610663633,0.013153294314250333,0.03596096716082572,0.9369522074336737,0.0009755267036847292,-0.01817502615233865,-0.12566548481144102,-0.08704658857547017,-0.09038403882674707,-0.05130618448139114,-0.08125870873252576,-0.07999151897383308,-0.07770056982765255,-0.10236891472801816,0.05575156581803987,0.058373122419515415,-0.006448663176759753,0.021541743681629266,0.07631783892691422,0.03506223047905231,0.07761673346008104,0.012896270294937144,0.0669399733465963,-0.05839660288984602,0.10393769204374587,0.031078542221705596,0.03506223047905239,0.0677682555236632,0.07761673346007937,-0.02597754961066328,-0.06599301524485977,0.07631783892691488,-0.6516694597930728,-0.01817502615233715,-0.03050263892143369,-0.0941507106219541,-0.12566548481144102,-0.08629595593600575,-0.0900740086957736,-0.3432166102486265,0.05575156581803987,0.17518743454587146,,,,,,,,,-0.09415071062195417,-0.09415071062195395,-0.09415071062195579,0.26133183825009015,-0.09415071062195579,-0.12566548481144102,-0.12566548481143866,-0.12566548481143996,-0.12566548481143996
availability_90,0.2550359611743711,,0.15172986860608373,0.05788715310629117,0.06148175629939843,0.03485286518790531,0.0009682406155461392,0.1106906551371235,0.054408452140915275,0.025540972066276688,0.032262433925953245,-0.031869807545248395,-0.10810545356502653,-0.030980026447852284,-0.046331004975112354,-0.0029365168014340876,-0.0029362098580117137,-0.02935861470912153,-0.0029336864806105323,,0.884988068352788,0.9771693510662239,1.0,0.6968902772442409,-0.008268468087651895,0.03650309058759348,0.05896059496039966,0.9768684142192281,0.020774352535760758,0.020482443577677836,-0.11970705090178095,-0.07865418026051367,-0.08224241005157215,-0.04019564865231471,-0.07510294596571154,-0.07352371113928417,-0.07284577535564932,-0.09531241797208716,0.05449840782042395,0.05632962127220185,-0.0044430874819243755,0.023919986585385387,0.09804468155609607,0.03353605238945841,0.0642657912575352,0.015178370184847809,0.05463962517938818,-0.03466895430193047,0.10440052344905557,0.023859891846320955,0.033536052389458344,0.055371109428636364,0.06426579125753566,-0.008268468087651422,-0.04203679091486842,0.09804468155609569,-0.6968902772442471,0.020482443577679265,-0.010277470203999479,-0.11059737121735021,-0.11970705090178095,-0.09532660584342288,-0.09811992906470021,-0.3653395278467642,0.05449840782042395,0.19190611452959988,,,,,,,,,-0.11059737121735003,-0.11059737121734876,-0.1105973712173507,0.24585136534876875,-0.1105973712173507,-0.11970705090178078,-0.11970705090177987,-0.11970705090178123,-0.11970705090178123
availability_365,0.26581899410239057,,0.13733462444073202,0.10858272889745209,0.10969479898989912,0.0375506385809758,-0.014042664189534444,0.10854963333915042,0.05868561268808246,0.02148501843282731,0.032891455760018846,-0.009287257780512008,-0.030003069537382288,-0.005926281738037037,0.009272579661770567,-0.0025039438408541166,-0.002503967300028095,-0.003132233806666352,-0.0025014298086799853,,0.5762770038112397,0.6516694597930752,0.6968902772442409,1.0,-0.0015643907802744446,0.026651199198679136,0.048105687857339374,0.7821812081331764,0.01029924468111521,0.055749601586179476,-0.106542890971356,-0.06917107218711774,-0.0742363326700396,-0.03039961591088481,-0.06944212892966117,-0.06861429891803937,-0.07434499458608093,-0.08796404572899659,0.12300925348319769,0.11503669041000142,0.04566956317064007,-0.018335015579766415,0.08089399885538866,0.03604647286985906,0.037539568926594734,0.019156061094846303,0.02161393205417505,-0.04314276040093027,0.1048550754434187,0.025539121548964074,0.0360464728698589,0.01960228373121349,0.037539568926594706,-0.001564390780273477,-0.0508876017178626,0.08089399885538892,-0.9999999999999994,0.05574960158618089,-0.001196692095701534,-0.2637636522366342,-0.106542890971356,-0.23211583718214276,-0.22513166771398807,-0.7310279938608454,0.12300925348319769,0.22650269391105135,,,,,,,,,-0.2637636522366344,-0.2637636522366305,-0.26376365223663123,0.31474057351197626,-0.26376365223663123,-0.10654289097135594,-0.10654289097135636,-0.10654289097135525,-0.10654289097135525
number_of_reviews,-0.3236743881558432,,-0.1659102310188277,-0.06639131841384824,-0.06904182849532796,-0.05387406295864937,0.016358595059985888,-0.03137976978629175,-0.10393596250864631,-0.09728205488777615,-0.030662633778560846,-0.12577668340804576,-0.04091610720595106,-0.1304069994406012,-0.11503544207899481,-0.001963159972666844,-0.0019630304248173867,-0.12511398062230938,-0.0019636014729481634,,-0.041691516317302973,-0.025977549610663633,-0.008268468087651895,-0.0015643907802744446,1.0,0.5910854402448656,0.4179204740489932,0.0018819460723063055,0.7050727212290032,0.48013367410021707,0.2606719373421825,0.08475642929302704,0.09298700689542445,0.0967735747920749,0.08627641829936535,0.08293414009924371,0.06882223028740653,0.0958829649203037,-0.09414569907992693,-0.07553165302188235,-0.07146896687194249,-0.033326971947791426,0.596618352085299,-0.04054308806799455,-0.05408801317106204,-0.021535522283794278,-0.04467665762007674,0.6979267870240154,-0.008813829054900682,-0.023455746602845513,-0.04054308806799352,-0.04678217783136297,-0.05408801317105865,1.000000000000003,0.6173497436848159,0.5966183520853088,0.0015643907802728597,0.4801336741002137,0.4102943691233165,-0.01780678119423625,0.2606719373421825,0.0034583377127742018,0.0071031551214934775,0.07218521985401548,-0.09414569907992693,-0.06024029008248791,,,,,,,,,-0.017806781194236333,-0.01780678119423657,-0.017806781194236582,-0.08352596054994224,-0.017806781194236582,0.2606719373421824,0.26067193734218036,0.26067193734217853,0.26067193734217853
number_of_reviews_ltm,0.009695379179285223,,0.01599400263115596,-0.06682684643304143,-0.06850799362948147,-0.05745463729797672,0.08398276871303152,0.05084700106848449,-0.0726551278108138,-0.03896198088524652,0.018174514448543563,-0.21678662238822577,-0.11223153329883341,-0.22461123176799724,-0.185727826681248,-0.0025462190751252257,-0.002545605227475966,-0.21364101681565414,-0.00252595657530049,,-0.01110589607620729,0.013153294314250333,0.03650309058759348,0.026651199198679136,0.5910854402448656,1.0,0.7403801462199087,0.05095778404694784,0.8439734668679851,0.6983601724951719,0.42854439048473647,0.09080065942571196,0.08498268694056799,0.10465962238819648,0.06544726891536096,0.07809278721974076,0.04632193615064265,0.09583387141442672,-0.08689671462497998,-0.07040871825534384,-0.06371502275016865,-0.028957136554047986,0.8483646261988229,-0.042533312407404086,-0.027159465636939658,-0.028782805651861122,-0.0948383757707446,0.5803820787908623,0.07559763711017616,0.029767487652814843,-0.042533312407403545,-0.0035453197332031543,-0.027159465636940418,0.5910854402448709,0.5436772606276752,0.8483646261988299,-0.02665119919867831,0.6983601724951807,0.5896934740476091,-0.00941317711046328,0.42854439048473647,0.00032585199321555965,0.008149226967869912,0.10920063617839379,-0.08689671462497998,0.0030642829685458253,,,,,,,,,-0.0094131771104635,-0.009413177110463314,-0.009413177110463394,-0.10750120569680795,-0.009413177110463394,0.4285443904847363,0.4285443904847358,0.42854439048473536,0.42854439048473536
number_of_reviews_l30d,0.09394741034138378,,0.05951481005757318,-0.06369864514162756,-0.06551259175513456,-0.059787548633689604,0.0656797141492534,0.06202591782481694,-0.060176977437459575,-0.023597965043413816,0.02654858032468332,-0.21495599007319838,-0.12104672998629731,-0.22128394475865154,-0.18355765566973128,-0.0029808905114706227,-0.0029805483522137442,-0.2118785172128408,-0.0029640890301050713,,0.012681050754069764,0.03596096716082572,0.05896059496039966,0.048105687857339374,0.4179204740489932,0.7403801462199087,1.0,0.07227898144786966,0.5486926570967491,0.5364507924897949,0.33915738659831124,0.0837811257646728,0.07730210612785039,0.09903480421965281,0.05485879946848131,0.07082776574461727,0.04708967105163892,0.08965800754172912,-0.0821071505400705,-0.06617845208752139,-0.06153086669268485,-0.027234860949890097,0.7504003495260513,-0.038499348202003646,-0.009968221430419892,-0.02702301202866152,-0.08533308492290438,0.4525251467964244,0.08535008841388886,0.04020692368054981,-0.038499348202003535,0.017304560043747634,-0.00996822143042022,0.4179204740489994,0.4336696562708149,0.7504003495260543,-0.0481056878573378,0.5364507924898037,0.40845038573213527,-0.010019131075132564,0.33915738659831124,-0.0025906288534308063,0.004426483497247857,0.09150918622177107,-0.0821071505400705,0.004823864449707499,,,,,,,,,-0.010019131075132574,-0.010019131075132475,-0.010019131075132493,-0.09762290206137193,-0.010019131075132493,0.3391573865983115,0.3391573865983049,0.33915738659831096,0.33915738659831096
availability_eoy,0.2654010256941976,,0.15347106321945406,0.06279667008187893,0.0666276907053839,0.03008723358170695,0.0022189370529434164,0.11628013684198209,0.053716764161767586,0.024637465276576672,0.03582734815838269,-0.03472364984806213,-0.10146582425499989,-0.0337720938541689,-0.04406534611688344,-0.0028979201603571204,-0.002897620368811433,-0.031400470798776295,-0.002894986165534035,,0.8369708690247252,0.9369522074336737,0.9768684142192281,0.7821812081331764,0.0018819460723063055,0.05095778404694784,0.07227898144786966,1.0,0.03363920988538086,0.04730614606325647,-0.10824962502629155,-0.07398254712263481,-0.07837011542578425,-0.03359433524271761,-0.07265374785344142,-0.07047491214322076,-0.07252564792068537,-0.09250423267504233,0.06306786444313331,0.06287310499272405,0.00295477857702592,0.02805995001918728,0.11170186426062483,0.03510157878884256,0.06289680870818166,0.016641872319295953,0.04542856042455438,-0.022164464719195046,0.11206432916834523,0.028028640471169413,0.03510157878884268,0.05373920095488088,0.06289680870818133,0.0018819460723063614,-0.029650182568032847,0.11170186426062576,-0.7821812081331566,0.04730614606325824,0.0029700848212161806,-0.14787029387244452,-0.10824962502629155,-0.13034065609496182,-0.12855484904849404,-0.44186801590953784,0.06306786444313331,0.20580261252634,,,,,,,,,-0.1478702938724443,-0.14787029387244205,-0.14787029387244294,0.25558701314151194,-0.14787029387244294,-0.10824962502629157,-0.10824962502629097,-0.10824962502629043,-0.10824962502629043
number_of_reviews_ly,-0.12133413702493166,,-0.046851527228135736,-0.06382574969298194,-0.06575855361917282,-0.05322131608350746,0.06734174738229794,0.03650768547423163,-0.0730179848183044,-0.041056710977543064,0.014798238905214568,-0.1861155105884626,-0.09162411438761169,-0.19402004895416203,-0.15963090170983504,-0.0019031717779199725,-0.0019027357860370386,-0.1846137735779298,-0.0019038870537310536,,-0.018685753394114327,0.0009755267036847292,0.020774352535760758,0.01029924468111521,0.7050727212290032,0.8439734668679851,0.5486926570967491,0.03363920988538086,1.0,0.6488672976157877,0.3969988211305347,0.09888704999685657,0.09442061320409874,0.10797847180098936,0.07959238135568335,0.08537136003775302,0.05848815290462736,0.09865358252114956,-0.08612960565450443,-0.06805881890630705,-0.06876873003383141,-0.031796223964778915,0.7087786908817677,-0.037828598626752634,-0.021693581916066587,-0.024908082134996356,-0.07174612233165484,0.6262347861036579,0.06072718612561311,0.026734451113326653,-0.037828598626752606,-0.002366409859901942,-0.02169358191606628,0.7050727212290039,0.5756260872996327,0.7087786908817679,-0.010299244681116187,0.6488672976157926,0.5658590511084278,-0.004769197119754529,0.3969988211305347,0.004101407475572164,0.01039898779702588,0.10916201547825559,-0.08612960565450443,-0.025962742644722626,,,,,,,,,-0.004769197119754923,-0.004769197119755304,-0.0047691971197548755,-0.10072379436107692,-0.0047691971197548755,0.3969988211305345,0.39699882113053553,0.3969988211305401,0.3969988211305401
estimated_occupancy_l365d,-0.019946063894492733,,-0.025369589421073785,-0.0989658683073761,-0.10002609743255293,-0.05826424311909343,0.06454465583237065,0.022212718490493333,-0.11030869870480219,-0.07582804132994336,-0.011659681169125432,-0.11872518972800668,-0.12441955042196444,-0.13513362436879217,-0.11587434317268155,-0.0032360358485126026,-0.003235892151268723,-0.1204979120254913,-0.0032368971904388343,,-0.06485046771052529,-0.01817502615233865,0.020482443577677836,0.055749601586179476,0.48013367410021707,0.6983601724951719,0.5364507924897949,0.04730614606325647,0.6488672976157877,1.0,0.6150462308776693,0.11697823634271472,0.10500305100521214,0.12357560666450716,0.09010145953112902,0.09467139379882714,0.054296737072639226,0.10443752338292905,-0.10745027624051164,-0.09036048245786307,-0.07006150048422957,-0.01634917300665649,0.564803048557541,-0.06969612223510814,-0.09111700644784788,-0.04480248813945366,-0.14018112195976642,0.6467838152898996,0.04892016053776938,0.0028570641162785097,-0.06969612223510685,-0.06645780917357305,-0.09111700644784655,0.4801336741002125,0.6377353108009589,0.5648030485575446,-0.055749601586179254,1.0000000000000024,0.6501599075879869,-0.028240847015320605,0.6150462308776693,-0.006912467737132545,-0.00248993822138386,0.12130152362710778,-0.10745027624051164,0.03969288700784845,,,,,,,,,-0.02824084701532092,-0.028240847015321372,-0.028240847015320838,-0.14069957326548524,-0.028240847015320838,0.6150462308776687,0.6150462308776664,0.6150462308776695,0.6150462308776695
estimated_revenue_l365d,-0.07055547598140181,,-0.05587286691011929,-0.07765875351459467,-0.07625161270078232,-0.0724017841363051,-0.06843436086256682,0.2674588730570844,0.17539797777518845,0.2241801012922517,0.23853353592412466,-0.1330122341641702,-0.03549917662347547,-0.15462167671747462,-0.10970296114121345,0.0001364925916996634,0.00013702632308454843,-0.13640547452219412,0.00013602576349973705,,-0.12503361508651065,-0.12566548481144102,-0.11970705090178095,-0.106542890971356,0.2606719373421825,0.42854439048473647,0.33915738659831124,-0.10824962502629155,0.3969988211305347,0.6150462308776693,1.0,0.11920508188301802,0.10247926642477193,0.11237832235929363,0.08987427883801223,0.09412421048734972,0.10073103222322481,0.09712535801850523,-0.08747291841289401,-0.06159082244413167,-0.09757019330062613,-0.03782972672424453,0.29653770356440173,0.09099949529142143,0.2949372586901111,0.08041007308764565,0.12640596906881227,0.4324171257643742,0.2698051680751239,0.24924017519389496,0.09099949529142057,0.30477781942895704,0.2949372586901124,0.26067193734218014,0.4348236243961856,0.2965377035644021,0.10654289097135607,0.6150462308776683,0.3941120026225373,0.1696330118180654,1.0,0.10731962220199996,0.13509119828042537,0.2610535930302336,-0.08747291841289401,-0.05192361945385558,,,,,,,,,0.16963301181806517,0.16963301181806495,0.16963301181806487,-0.125022558946755,0.16963301181806487,0.9999999999999997,1.000000000000004,1.000000000000005,1.000000000000005
review_scores_rating,-0.0637659633315469,,-0.10910899361088258,-0.08403733587589043,-0.08953926665407651,0.021371200828281044,-0.03841489750697089,0.021127327204402357,0.024393978312498045,0.03972234176771239,0.0279484569275043,-0.003958541252374039,-0.038852683864128754,-0.005898622130365198,-0.013209848538444955,-0.002634282978831694,-0.0026345071302818677,-0.0036281037019811227,-0.002634116418114432,,-0.091679100470601,-0.08704658857547017,-0.07865418026051367,-0.06917107218711774,0.08475642929302704,0.09080065942571196,0.0837811257646728,-0.07398254712263481,0.09888704999685657,0.11697823634271472,0.11920508188301802,1.0,0.8591850519730706,0.8058732621342434,0.7613880555386141,0.8088292723695548,0.6947286485226597,0.860125837092895,-0.12205894018090624,-0.09323504324135806,-0.1108244665138884,-0.038657932046615835,0.09036483081258694,0.019170979313357747,0.10950961431538184,0.010008724224232556,0.12120701393381866,0.14644480660093187,0.0251889448917888,0.03230724892725419,0.01917097931335772,0.10709312880355505,0.10950961431538193,0.0847564292930269,0.1496100878303517,0.09036483081258692,0.0691710721871181,0.11697823634271431,0.07101984378185208,0.05173779597747154,0.11920508188301795,0.034346092543828796,0.03916334290091292,0.13464946158260005,-0.12205894018090624,-0.11387865206127018,,,,,,,,,0.051737795977471496,0.051737795977471704,0.05173779597747132,-0.09318946990512159,0.05173779597747132,0.11920508188301722,0.11920508188301941,0.1192050818830166,0.1192050818830166
review_scores_accuracy,-0.07605009245362548,,-0.1067456069034532,-0.05875187932977464,-0.06585796737065462,0.01743226296359514,-0.030436837579412353,0.005545437624182248,0.012022708982578099,0.019464450954210816,0.013456846980622631,-0.0014928078234248,-0.027370742632647535,-0.00288893315625141,-0.006340544921281404,-0.0030334971896243544,-0.0030336952810246006,-0.00032687887595714044,-0.0030330899079735727,,-0.095749700269123,-0.09038403882674707,-0.08224241005157215,-0.0742363326700396,0.09298700689542445,0.08498268694056799,0.07730210612785039,-0.07837011542578425,0.09442061320409874,0.10500305100521214,0.10247926642477193,0.8591850519730706,1.0,0.7817356652867578,0.7456416630635666,0.7731731062784126,0.6900952793293584,0.8297728333593531,-0.0948323419527426,-0.06914107852796315,-0.09661341154973353,-0.033933349560745424,0.08851976932866261,0.007389625606988002,0.0874251209823273,0.003482710630135008,0.10544326321192615,0.15673660458987637,0.012645064667242661,0.018889949457785965,0.007389625606988044,0.08582757335124135,0.08742512098232601,0.09298700689542409,0.15980218559398243,0.08851976932866264,0.07423633267003925,0.10500305100521073,0.06702123584381929,0.04252978869957765,0.10247926642477187,0.029533058582983093,0.03334139601083524,0.1275133903851383,-0.0948323419527426,-0.10937447857428437,,,,,,,,,0.04252978869957742,0.04252978869957746,0.04252978869957786,-0.09225998422247633,0.04252978869957786,0.1024792664247719,0.10247926642477201,0.10247926642477202,0.10247926642477202
review_scores_cleanliness,-0.022934173067475208,,-0.07406829024556712,-0.05115372702613121,-0.05550142684902221,0.021383359569275222,-0.03880554686028861,0.018772542398470843,0.004895723828342005,0.021090634929264857,0.015350051206113225,-0.023606018043825287,-0.052430148316066696,-0.026914953927630225,-0.024325738254204487,0.002638149769637423,0.0026380852705353524,-0.023703102243714767,0.0026378987470375005,,-0.05963730349648958,-0.05130618448139114,-0.04019564865231471,-0.03039961591088481,0.0967735747920749,0.10465962238819648,0.09903480421965281,-0.03359433524271761,0.10797847180098936,0.12357560666450716,0.11237832235929363,0.8058732621342434,0.7817356652867578,1.0,0.6566889369102367,0.6921924460787618,0.6147632953901924,0.7524744632745802,-0.08921704742369405,-0.05787906764179387,-0.11577268337405035,-0.03701998331637872,0.1162599180841978,0.028786729596002168,0.1165439505479157,0.018975428492483303,0.1338234023366185,0.15696537781381206,0.029667112723971913,0.021841785928890883,0.02878672959600196,0.11394380198520658,0.11654395054791496,0.09677357479207177,0.15937512028035908,0.11625991808419589,0.030399615910884734,0.12357560666450568,0.0743401965980036,0.052614856641507585,0.11237832235929358,0.03898595475226116,0.04378858561493723,0.12393790435522431,-0.08921704742369405,-0.08001738051262867,,,,,,,,,0.0526148566415075,0.052614856641507377,0.052614856641507765,-0.09592406569217105,0.052614856641507765,0.11237832235929363,0.11237832235929324,0.1123783223592943,0.1123783223592943
review_scores_checkin,-0.10313086796737843,,-0.12202364607210986,-0.099724578424739,-0.10124458856970973,0.01024432107329758,-0.018054215629293623,0.015310165344868561,0.021454187956929858,0.0386187461379809,0.0285031194279177,0.010995392532610424,-0.017371090133613095,0.010235467686529663,-0.005423442675219446,-0.002434129961676863,-0.002434322252858899,0.011817961673520026,-0.0024341169842424294,,-0.08402381786826162,-0.08125870873252576,-0.07510294596571154,-0.06944212892966117,0.08627641829936535,0.06544726891536096,0.05485879946848131,-0.07265374785344142,0.07959238135568335,0.09010145953112902,0.08987427883801223,0.7613880555386141,0.7456416630635666,0.6566889369102367,1.0,0.7767653819385082,0.6410043219117413,0.7257023541195068,-0.12942317759160543,-0.10861391960369213,-0.08792322841934358,-0.023160964671703886,0.05986692540747805,0.025123661014941418,0.06807067991714143,0.01404213830162282,0.07571612987927374,0.14683782612957216,0.013896716806880646,0.029783310067615327,0.02512366101494122,0.057663644272588035,0.06807067991714025,0.08627641829936562,0.1499250292160308,0.05986692540747802,0.06944212892966062,0.09010145953112794,0.05451286940344353,0.04530869031773972,0.08987427883801231,0.030488287901393515,0.033289201663121826,0.10483050199511279,-0.12942317759160543,-0.10142546029461584,,,,,,,,,0.04530869031773978,0.04530869031774006,0.04530869031773976,-0.08219470328138538,0.04530869031773976,0.08987427883801154,0.08987427883801336,0.08987427883801298,0.08987427883801298
review_scores_communication,-0.06897307868516635,,-0.10043588443947793,-0.12514792764278715,-0.12774770299120647,0.01667475020502536,-0.023294177597586636,0.022740689933415936,0.01994567241566186,0.0348221993443153,0.02986716656028107,-0.004166268369986624,-0.03317663902480237,-0.005553841901046059,-0.016042191416128237,-0.004193339829494542,-0.004193608123141959,-0.0028681675808105056,-0.004193070523464796,,-0.08367178578785898,-0.07999151897383308,-0.07352371113928417,-0.06861429891803937,0.08293414009924371,0.07809278721974076,0.07082776574461727,-0.07047491214322076,0.08537136003775302,0.09467139379882714,0.09412421048734972,0.8088292723695548,0.7731731062784126,0.6921924460787618,0.7767653819385082,1.0,0.6455855349041427,0.7654202180042228,-0.15360916266728966,-0.13514638665494053,-0.08336169863666681,-0.020371561085390004,0.08235817763773012,0.01271773591187114,0.07732974192296287,0.006886291141923478,0.07394551866026158,0.1498299432756023,0.027317251344475928,0.03428708487316788,0.012717735911871168,0.0753645736055824,0.07732974192296173,0.08293414009924202,0.15381653806846796,0.08235817763773019,0.06861429891803913,0.09467139379882517,0.059997247946655015,0.03862065462335533,0.09412421048734981,0.028651202246554767,0.029702092640377823,0.11234097387637175,-0.15360916266728966,-0.09950497437011012,,,,,,,,,0.038620654623355476,0.03862065462335518,0.03862065462335483,-0.08973120553583422,0.03862065462335483,0.09412421048734966,0.09412421048734959,0.09412421048734898,0.09412421048734898
review_scores_location,-0.10429100511056491,,-0.12562771035038814,-0.04856913326963088,-0.052263020772916224,0.017648360637975626,-0.0671471100484277,0.012758579566183202,0.02708776010686553,0.03070702272137697,0.02247604202649331,-0.0022493123995576706,0.004910653725130331,-0.005629382611705914,-0.0031669071778721463,0.0016533722848330304,0.0016532877183559013,-0.004377111079001447,0.001653209585274505,,-0.07694782594965643,-0.07770056982765255,-0.07284577535564932,-0.07434499458608093,0.06882223028740653,0.04632193615064265,0.04708967105163892,-0.07252564792068537,0.05848815290462736,0.054296737072639226,0.10073103222322481,0.6947286485226597,0.6900952793293584,0.6147632953901924,0.6410043219117413,0.6455855349041427,1.0,0.6998329829423787,-0.09631514119423823,-0.051631230461981856,-0.16397958940170262,-0.033384552343521806,0.04352151220804334,0.041609768020576254,0.14917285681978656,0.024427551948589393,0.18500766657211545,0.12346091984189046,0.018808677202460725,0.028582764712322045,0.041609768020575776,0.14406012439884056,0.149172856819787,0.0688222302874062,0.12650725271704574,0.04352151220804286,0.07434499458608108,0.054296737072639704,0.04514840836876756,0.07161516386932155,0.10073103222322476,0.0465380914180347,0.05721084313943746,0.14845835675112726,-0.09631514119423823,-0.11271448372670877,,,,,,,,,0.07161516386932129,0.0716151638693218,0.07161516386932196,-0.0873571342380933,0.07161516386932196,0.10073103222322469,0.1007310322232249,0.10073103222322509,0.10073103222322509
review_scores_value,-0.06089312442702936,,-0.09830068985926019,-0.11718661497161184,-0.12136659925952052,0.038240335612763736,0.0017659579178650989,0.0027253624187838685,0.01429052442418563,0.025670449295170483,0.018789865181958867,-0.020539356524579305,-0.04699463285657665,-0.0226150330010135,-0.033757249594912074,-0.002941601776570575,-0.0029418903943963016,-0.02017463136801876,-0.002941633496835009,,-0.10484283486845676,-0.10236891472801816,-0.09531241797208716,-0.08796404572899659,0.0958829649203037,0.09583387141442672,0.08965800754172912,-0.09250423267504233,0.09865358252114956,0.10443752338292905,0.09712535801850523,0.860125837092895,0.8297728333593531,0.7524744632745802,0.7257023541195068,0.7654202180042228,0.6998329829423787,1.0,-0.1635230748976127,-0.1382859774479802,-0.10668883345145098,-0.02954372028428484,0.10360187093417177,0.003217324048416547,0.05143804064659579,0.0011733003082455538,0.06647279115317326,0.1585953863185635,0.0011357689380223925,0.020049372256268162,0.003217324048416601,0.05033749344232155,0.051438040646595413,0.09588296492030482,0.16134153968505158,0.10360187093417231,0.08796404572899658,0.10443752338293011,0.07279535612762257,0.025926458404266575,0.09712535801850528,0.020638658727587182,0.02493810528540009,0.10002567877080107,-0.1635230748976127,-0.12824045623449976,,,,,,,,,0.025926458404266654,0.025926458404266335,0.025926458404266647,-0.07079059330223723,0.025926458404266647,0.0971253580185049,0.09712535801850541,0.09712535801850491,0.09712535801850491
calculated_host_listings_count,0.09804584633846841,,0.02890949352445801,0.8768151573466767,0.8500652857227352,-0.029324505027368053,-0.0481051666150079,-0.05041109417034317,-0.01340100581351427,-0.046245281144164416,-0.07247577248175814,0.05703543566138098,0.19785668785391758,0.058544879646447175,0.32712087867490924,-0.0017891370645006404,-0.0017890597702876184,0.0643598207596972,-0.0017889838879331748,,0.0536582148182733,0.05575156581803987,0.05449840782042395,0.12300925348319769,-0.09414569907992693,-0.08689671462497998,-0.0821071505400705,0.06306786444313331,-0.08612960565450443,-0.10745027624051164,-0.08747291841289401,-0.12205894018090624,-0.0948323419527426,-0.08921704742369405,-0.12942317759160543,-0.15360916266728966,-0.09631514119423823,-0.1635230748976127,1.0,0.9571364556782976,0.26107427673664957,0.11452015856536352,-0.09170168395134827,0.018341247115334587,-0.00622875530635809,0.022520480848029857,0.05788868811349633,-0.1863370625179746,-0.046805141894940845,-0.07890414568748341,0.01834124711533444,0.009344792043642797,-0.006228755306359067,-0.09414569907992673,-0.19268143368820975,-0.09170168395134796,-0.12300925348319784,-0.10745027624051275,-0.050673129463090306,-0.001661523573344071,-0.08747291841289401,-0.0007376122830375234,0.004713691217956922,-0.01555595206127118,1.0,0.21033956945065405,,,,,,,,,-0.0016615235733440285,-0.0016615235733439138,-0.0016615235733437957,0.006202484195629618,-0.0016615235733437957,-0.08747291841289409,-0.08747291841289428,-0.08747291841289498,-0.08747291841289498
calculated_host_listings_count_entire_homes,0.04608726978598975,,-0.05315333543916483,0.9052664313492609,0.8757793743249456,-0.022262977057502548,-0.05364578733554173,-0.010554535241198613,0.009069122810077554,-0.016123827372490723,-0.03493615257165624,0.04818984600854909,0.21968903630481706,0.049440135739879466,0.3338156506391446,-0.0015184036535011536,-0.001518393990881545,0.056738129974177716,-0.0015182459669191744,,0.06109339234945314,0.058373122419515415,0.05632962127220185,0.11503669041000142,-0.07553165302188235,-0.07040871825534384,-0.06617845208752139,0.06287310499272405,-0.06805881890630705,-0.09036048245786307,-0.06159082244413167,-0.09323504324135806,-0.06914107852796315,-0.05787906764179387,-0.10861391960369213,-0.13514638665494053,-0.051631230461981856,-0.1382859774479802,0.9571364556782976,1.0,-0.02543200830914598,-0.005753490531409409,-0.07884842668290573,0.013537449742398115,0.07684512805037415,0.014827146143750197,0.11518707321887664,-0.14681965822756007,0.002343690646120836,-0.034526439050486274,0.01353744974239802,0.09497384711201463,0.07684512805037293,-0.07553165302188161,-0.1517140287230828,-0.07884842668290533,-0.11503669041000125,-0.09036048245786332,-0.04067291136012321,0.001286910997309678,-0.061590822444131686,-0.003079909818484268,0.0007395104624913802,0.04470648774744398,0.9571364556782975,0.17043186346133563,,,,,,,,,0.0012869109973096115,0.0012869109973096913,0.0012869109973096975,-0.031492320869452715,0.0012869109973096975,-0.06159082244413192,-0.061590822444130715,-0.06159082244413171,-0.06159082244413171
calculated_host_listings_count_private_rooms,0.18137342749713062,,0.2686082124598464,0.011065275353150782,0.014952388333345779,-0.025423338424805816,0.014744250779563494,-0.13858354787932795,-0.07532471336826256,-0.10833976576287187,-0.1313630303066987,0.036087079752821806,-0.05210000120139624,0.03693893177200744,0.01792868240707085,-0.001079291745915591,-0.0010791999506880113,0.0328622689181127,-0.0010793259771784197,,-0.022852463102008454,-0.006448663176759753,-0.0044430874819243755,0.04566956317064007,-0.07146896687194249,-0.06371502275016865,-0.06153086669268485,0.00295477857702592,-0.06876873003383141,-0.07006150048422957,-0.09757019330062613,-0.1108244665138884,-0.09661341154973353,-0.11577268337405035,-0.08792322841934358,-0.08336169863666681,-0.16397958940170262,-0.10668883345145098,0.26107427673664957,-0.02543200830914598,1.0,0.272240599365835,-0.054350530340965285,-0.03790466463009549,-0.27624424312924173,-0.020788140433083847,-0.18847420362447098,-0.15028250879456495,-0.1654203523895888,-0.15345490743049253,-0.037904664630095404,-0.28062316169936163,-0.27624424312924045,-0.07146896687194193,-0.15568063388603698,-0.05435053034096526,-0.045669563170639256,-0.07006150048422934,-0.04065553374296486,-0.04925738488196709,-0.09757019330062613,-0.02790291629662458,-0.034400639027550715,-0.13930770916222954,0.26107427673664957,0.15563541525794106,,,,,,,,,-0.04925738488196692,-0.049257384881966786,-0.04925738488196699,0.08169888680764963,-0.04925738488196699,-0.09757019330062588,-0.09757019330062587,-0.09757019330062512,-0.09757019330062512
calculated_host_listings_count_shared_rooms,0.0836812199759279,,0.13363784665594733,0.005982347200619001,0.0043368087263334736,-0.019475256816968614,-0.0041825886838199105,-0.06749770870459056,-0.034985067683883334,-0.042672055145439106,-0.05313266780546006,0.02309295553486906,-0.01674660607354191,0.02449604288034456,0.013833054936117395,-0.0005645202987635465,-0.0005645534822481565,0.022222546288301646,-0.0005644355530684136,,0.015691124820300474,0.021541743681629266,0.023919986585385387,-0.018335015579766415,-0.033326971947791426,-0.028957136554047986,-0.027234860949890097,0.02805995001918728,-0.031796223964778915,-0.01634917300665649,-0.03782972672424453,-0.038657932046615835,-0.033933349560745424,-0.03701998331637872,-0.023160964671703886,-0.020371561085390004,-0.033384552343521806,-0.02954372028428484,0.11452015856536352,-0.005753490531409409,0.272240599365835,1.0,-0.020347592864395244,-0.017064932645482516,-0.17333352157238668,-0.010945855219722947,-0.12768415388013854,-0.06782539954497302,-0.09497759683253677,-0.06921663010194594,-0.01706493264548264,-0.1319722294407154,-0.1733335215723865,-0.03332697194779122,-0.07021372080091363,-0.020347592864394998,0.018335015579766762,-0.01634917300665625,-0.003732019547448135,-0.020540740363316105,-0.03782972672424453,-0.011170831361101911,-0.011670729665320647,-0.05613099839564892,0.11452015856536353,0.06500945564969157,,,,,,,,,-0.020540740363316056,-0.02054074036331584,-0.020540740363315955,0.04446182422208711,-0.020540740363315955,-0.037829726724244395,-0.037829726724245116,-0.03782972672424452,-0.03782972672424452
reviews_per_month,0.20165545112820651,,0.1342917725623112,-0.062331908132662775,-0.06516112895741527,-0.05090951844155106,0.07688994929475396,0.08293571447475953,-0.06413657921841409,-0.022600989798214947,0.028975822928463138,-0.23881459484723644,-0.15608388448867574,-0.24874367187852706,-0.2160684097418579,-0.005215882317853254,-0.005215368801781109,-0.2370943847472371,-0.005196842557808986,,0.0553865263116143,0.07631783892691422,0.09804468155609607,0.08089399885538866,0.596618352085299,0.8483646261988229,0.7504003495260513,0.11170186426062483,0.7087786908817677,0.564803048557541,0.29653770356440173,0.09036483081258694,0.08851976932866261,0.1162599180841978,0.05986692540747805,0.08235817763773012,0.04352151220804334,0.10360187093417177,-0.09170168395134827,-0.07884842668290573,-0.054350530340965285,-0.020347592864395244,1.0,-0.04228932953396232,0.0015486923718896987,-0.02878481666705323,-0.10033561676956484,0.5760940368096813,0.11127995571034664,0.04331987079258968,-0.042289329533962805,0.02846607172177066,0.0015486923718869958,0.5966183520853128,0.5498209227499663,1.0000000000000042,-0.08089399885539063,0.5648030485575379,0.4687558871090783,-0.016914264732876758,0.29653770356440173,-0.010478130667342657,0.004865313985902958,0.06930095551771447,-0.09170168395134827,0.004482460097917187,,,,,,,,,-0.01691426473287655,-0.01691426473287725,-0.016914264732876827,-0.09763748085289474,-0.016914264732876827,0.2965377035644024,0.29653770356440246,0.2965377035644041,0.2965377035644041
price_clean,0.0038603411046401093,,0.010182278956576942,0.010538554838561837,0.030875192485803074,-0.002071926977428149,-0.07779985464657767,0.20798631271235435,0.26387696081671425,0.2048277189601225,0.157250890201054,-0.019833674713712245,0.0684002841574989,-0.019464628850298007,-0.01555408632869612,0.00014977531786978195,0.00015219830507575018,-0.019701173520900582,0.0001502374118203877,,0.043231973360082325,0.03506223047905231,0.03353605238945841,0.03604647286985906,-0.04054308806799455,-0.042533312407404086,-0.038499348202003646,0.03510157878884256,-0.037828598626752634,-0.06969612223510814,0.09099949529142143,0.019170979313357747,0.007389625606988002,0.028786729596002168,0.025123661014941418,0.01271773591187114,0.041609768020576254,0.003217324048416547,0.018341247115334587,0.013537449742398115,-0.03790466463009549,-0.017064932645482516,-0.04228932953396232,1.0,0.4351650677353152,0.7788365937785505,0.4190956366638871,-0.07648645098181298,0.17218360318127462,0.14859031852790627,1.0000000000000118,0.2332167655954213,0.43516506773531644,-0.040543088067993734,-0.08081231227829878,-0.042289329533962826,-0.03604647286985863,-0.06969612223510722,-0.02857629772089259,0.7019336786150916,0.09099949529142144,0.5675108474114868,0.7167864970262572,0.17624012395417424,0.018341247115334594,0.016337873122146643,,,,,,,,,0.7019336786150918,0.7019336786150968,0.7019336786150956,-0.037710532217422696,0.7019336786150956,0.09099949529142147,0.09099949529142086,0.09099949529142058,0.09099949529142058
log_price,-0.009942526789650304,,-0.0978581214316058,0.04120720319945547,0.04946384005452618,-0.06545065088721053,-0.26738630733712815,0.6698910059227453,0.6144911535005763,0.6537415497328,0.5561551935654547,-0.06265764264501048,0.06738549717093845,-0.06704771862941647,-0.01867128392173265,0.004444659663960267,0.0044456762246674365,-0.060577268265181124,0.004444793484383527,,0.10162164947221036,0.07761673346008104,0.0642657912575352,0.037539568926594734,-0.05408801317106204,-0.027159465636939658,-0.009968221430419892,0.06289680870818166,-0.021693581916066587,-0.09111700644784788,0.2949372586901111,0.10950961431538184,0.0874251209823273,0.1165439505479157,0.06807067991714143,0.07732974192296287,0.14917285681978656,0.05143804064659579,-0.00622875530635809,0.07684512805037415,-0.27624424312924173,-0.17333352157238668,0.0015486923718896987,0.4351650677353152,1.0,0.2534669633250541,0.6633039214544081,-0.05905972812704247,0.686821260862157,0.5844085427712986,0.4351650677353173,0.9354062811969897,0.9999999999999963,-0.05408801317106297,-0.06154433999624359,0.0015486923718896514,-0.03753956892659455,-0.09111700644784722,-0.03586830995530508,0.4196908438047206,0.2949372586901111,0.22808590789152805,0.2666077325405419,0.45702858757974274,-0.006228755306358104,-0.07395723027616821,,,,,,,,,0.41969084380472077,0.419690843804719,0.41969084380471705,-0.22393923455619136,0.41969084380471705,0.294937258690111,0.29493725869011117,0.2949372586901136,0.2949372586901136
price_per_accommodates,-0.008605139768146362,,0.0076658435181239885,0.026099192869519144,0.043368395161472,-0.003527297698277738,-0.04642322342681931,0.009658134888294069,0.05052248604713595,0.02272188579357152,0.005819493191079749,-0.011673866848378331,0.052836670324017516,-0.011364383239955539,-0.005369962194529973,0.00022392692526797655,0.00022615040143443912,-0.011846350669633505,0.00022434661646588986,,0.01868006529112493,0.012896270294937144,0.015178370184847809,0.019156061094846303,-0.021535522283794278,-0.028782805651861122,-0.02702301202866152,0.016641872319295953,-0.024908082134996356,-0.04480248813945366,0.08041007308764565,0.010008724224232556,0.003482710630135008,0.018975428492483303,0.01404213830162282,0.006886291141923478,0.024427551948589393,0.0011733003082455538,0.022520480848029857,0.014827146143750197,-0.020788140433083847,-0.010945855219722947,-0.02878481666705323,0.7788365937785505,0.2534669633250541,1.0,0.34867722148310193,-0.04705243086774747,-0.0012721343831722718,0.0029259065162697837,0.7788365937785487,0.11740346635145853,0.25346696332504975,-0.021535522283794,-0.0498229429654907,-0.028784816667053327,-0.019156061094845994,-0.044802488139453686,-0.01755408275633431,0.5940110795651434,0.08041007308764567,0.805154048142957,0.8433331309148231,0.10924546649688349,0.022520480848029857,0.005750057716402503,,,,,,,,,0.5940110795651434,0.5940110795651458,0.5940110795651449,-0.0187647581774511,0.5940110795651449,0.08041007308764574,0.08041007308764725,0.0804100730876461,0.0804100730876461
log_price_per_accommodates,-0.10496710442239035,,-0.1546285941412559,0.12855106181609469,0.13446916317818705,-0.08682468813612097,-0.3157993151665888,-0.04277744637768658,0.23360075649198578,0.10671703325220395,-0.015288026636924645,0.0324163186347852,0.06327251462219595,0.030555606595756925,0.06609345755294292,0.0047066492075676595,0.00470770804834782,0.029436685975095748,0.004706563081364672,,0.0859989141062464,0.0669399733465963,0.05463962517938818,0.02161393205417505,-0.04467665762007674,-0.0948383757707446,-0.08533308492290438,0.04542856042455438,-0.07174612233165484,-0.14018112195976642,0.12640596906881227,0.12120701393381866,0.10544326321192615,0.1338234023366185,0.07571612987927374,0.07394551866026158,0.18500766657211545,0.06647279115317326,0.05788868811349633,0.11518707321887664,-0.18847420362447098,-0.12768415388013854,-0.10033561676956484,0.4190956366638871,0.6633039214544081,0.34867722148310193,1.0,-0.1045748456509714,-0.08834935980433327,-0.02697084073640047,0.4190956366638837,0.5435686919685361,0.6633039214544003,-0.04467665762007583,-0.11215128091974505,-0.10033561676956528,-0.021613932054173484,-0.14018112195976762,-0.05413441570269737,0.37902563592632366,0.1264059690688123,0.3325573807839185,0.33448834296857194,0.28713593333927356,0.05788868811349631,-0.1001428361087727,,,,,,,,,0.3790256359263239,0.3790256359263245,0.3790256359263221,-0.11884872141514947,0.3790256359263221,0.1264059690688125,0.1264059690688129,0.12640596906881316,0.12640596906881316
log_reviews,-0.3902969007442653,,-0.18956785922258965,-0.1500820546205149,-0.1519331691490449,-0.06854038027419204,0.07954498748340706,0.01674169299948549,-0.12540176441786138,-0.08032269571219437,0.013711137632083141,-0.19411876131477176,-0.03734521637282678,-0.20112586793777606,-0.18470659477400123,0.0014321416635295857,0.0014322414953597963,-0.19021474976616168,0.0014298414483936723,,-0.08342808596400687,-0.05839660288984602,-0.03466895430193047,-0.04314276040093027,0.6979267870240154,0.5803820787908623,0.4525251467964244,-0.022164464719195046,0.6262347861036579,0.6467838152898996,0.4324171257643742,0.14644480660093187,0.15673660458987637,0.15696537781381206,0.14683782612957216,0.1498299432756023,0.12346091984189046,0.1585953863185635,-0.1863370625179746,-0.14681965822756007,-0.15028250879456495,-0.06782539954497302,0.5760940368096813,-0.07648645098181298,-0.05905972812704247,-0.04705243086774747,-0.1045748456509714,1.0,0.04886506362029849,0.02915792653448822,-0.07648645098181256,-0.03419763456058151,-0.05905972812703675,0.6979267870240122,0.9915667613859332,0.5760940368096787,0.04314276040092774,0.6467838152898991,0.37303129035013266,-0.0160915572858763,0.4324171257643742,0.006160502146944448,0.01037024973228244,0.15513776052501285,-0.18633706251797463,-0.02980364594423624,,,,,,,,,-0.01609155728587663,-0.016091557285877245,-0.016091557285876835,-0.15397188676128834,-0.016091557285876835,0.4324171257643733,0.4324171257643748,0.4324171257643684,0.4324171257643684
log_accommodates,0.1323720223223736,,0.044930404746956816,-0.05578931842468694,-0.04811516677955298,-0.00010452150143424615,-0.05794946088779904,0.9320249961983882,0.591165560342209,0.7577888402493227,0.7548736736717588,-0.07819221911528214,-0.0035787738699373864,-0.08211880338100608,-0.07068313815102761,0.0021030815916656563,0.0021032929553169853,-0.07704568182680023,0.002103038787806127,,0.10575631189889476,0.10393769204374587,0.10440052344905557,0.1048550754434187,-0.008813829054900682,0.07559763711017616,0.08535008841388886,0.11206432916834523,0.06072718612561311,0.04892016053776938,0.2698051680751239,0.0251889448917888,0.012645064667242661,0.029667112723971913,0.013896716806880646,0.027317251344475928,0.018808677202460725,0.0011357689380223925,-0.046805141894940845,0.002343690646120836,-0.1654203523895888,-0.09497759683253677,0.11127995571034664,0.17218360318127462,0.686821260862157,-0.0012721343831722718,-0.08834935980433327,0.04886506362029849,1.0,0.8038204467858083,0.17218360318127562,0.7171354037545976,0.6868212608621586,-0.008813829054900316,0.05239812749235605,0.1112799557103474,-0.10485507544341835,0.0489201605377705,0.022683046262588373,0.19050419877864863,0.2698051680751239,-0.019399316465296638,0.031231748034919567,0.32112775999127957,-0.04680514189494083,0.03558894061285109,,,,,,,,,0.1905041987786486,0.19050419877864738,0.1905041987786488,-0.17823131715711657,0.1905041987786488,0.26980516807512417,0.2698051680751253,0.2698051680751274,0.2698051680751274
log_beds,0.03523106610480601,,-0.006414915703748049,-0.08536934337658628,-0.08070234540391691,0.004659748387801003,-0.04624502890025405,0.8224678105869508,0.6029224152592251,0.7806749284730916,0.9427796735882102,-0.08620039645887129,0.017651010745277848,-0.08990775248579382,-0.07768449382906042,-0.004472278073321465,-0.004472110966851301,-0.08348446237104529,-0.00447163574703306,,0.04623123872318109,0.031078542221705596,0.023859891846320955,0.025539121548964074,-0.023455746602845513,0.029767487652814843,0.04020692368054981,0.028028640471169413,0.026734451113326653,0.0028570641162785097,0.24924017519389496,0.03230724892725419,0.018889949457785965,0.021841785928890883,0.029783310067615327,0.03428708487316788,0.028582764712322045,0.020049372256268162,-0.07890414568748341,-0.034526439050486274,-0.15345490743049253,-0.06921663010194594,0.04331987079258968,0.14859031852790627,0.5844085427712986,0.0029259065162697837,-0.02697084073640047,0.02915792653448822,0.8038204467858083,1.0,0.14859031852790472,0.6012411406561788,0.5844085427713046,-0.02345574660284579,0.03347158858397883,0.043319870792589504,-0.02553912154896447,0.002857064116278303,-0.008092207741434028,0.17035165918445538,0.24924017519389496,-0.006686583928337221,0.011653568385571529,0.27470330844197455,-0.0789041456874834,-0.006911536560726917,,,,,,,,,0.1703516591844555,0.17035165918445444,0.170351659184454,-0.13282936022012481,0.170351659184454,0.24924017519389452,0.249240175193898,0.24924017519389438,0.24924017519389438
price_zscore,0.003860341104640164,,0.010182278956577214,0.01053855483856178,0.030875192485802894,-0.002071926977428131,-0.07779985464657684,0.20798631271235507,0.26387696081671463,0.2048277189601243,0.15725089020105454,-0.019833674713712248,0.06840028415749916,-0.019464628850298225,-0.015554086328696325,0.00014977531786977848,0.00015219830507574807,-0.01970117352090059,0.00015023741182038986,,0.043231973360082325,0.03506223047905239,0.033536052389458344,0.0360464728698589,-0.04054308806799352,-0.042533312407403545,-0.038499348202003535,0.03510157878884268,-0.037828598626752606,-0.06969612223510685,0.09099949529142057,0.01917097931335772,0.007389625606988044,0.02878672959600196,0.02512366101494122,0.012717735911871168,0.041609768020575776,0.003217324048416601,0.01834124711533444,0.01353744974239802,-0.037904664630095404,-0.01706493264548264,-0.042289329533962805,1.0000000000000118,0.4351650677353173,0.7788365937785487,0.4190956366638837,-0.07648645098181256,0.17218360318127562,0.14859031852790472,1.0,0.23321676559542207,0.4351650677353184,-0.040543088067994205,-0.08081231227829967,-0.04228932953396242,-0.03604647286985908,-0.06969612223510759,-0.02857629772089236,0.701933678615099,0.09099949529142054,0.5675108474114838,0.7167864970262482,0.176240123954176,0.01834124711533444,0.01633787312214676,,,,,,,,,0.7019336786150993,0.7019336786150862,0.7019336786150951,-0.037710532217422967,0.7019336786150951,0.09099949529142067,0.09099949529142098,0.09099949529142043,0.09099949529142043
price_percentile,0.013678073787896402,,-0.08792133999223367,0.06528417272976506,0.07006706341589895,-0.07223924279923817,-0.2588420796781268,0.6654281919110273,0.5210340408711294,0.6299342770301068,0.5534219063009206,-0.07408320060568417,0.052687656256120374,-0.07993413732875958,-0.011203294570549074,0.006194856836935569,0.0061956196630656634,-0.07160069403740169,0.006194873617521583,,0.08998315474211784,0.0677682555236632,0.055371109428636364,0.01960228373121349,-0.04678217783136297,-0.0035453197332031543,0.017304560043747634,0.05373920095488088,-0.002366409859901942,-0.06645780917357305,0.30477781942895704,0.10709312880355505,0.08582757335124135,0.11394380198520658,0.057663644272588035,0.0753645736055824,0.14406012439884056,0.05033749344232155,0.009344792043642797,0.09497384711201463,-0.28062316169936163,-0.1319722294407154,0.02846607172177066,0.2332167655954213,0.9354062811969897,0.11740346635145853,0.5435686919685361,-0.03419763456058151,0.7171354037545976,0.6012411406561788,0.23321676559542207,1.0,0.9354062811969814,-0.04678217783136194,-0.03503892536042796,0.028466071721770632,-0.019602283731213255,-0.06645780917357184,-0.027341034050173567,0.26764383684830395,0.3047778194289571,0.12268276863612877,0.14573162830889388,0.44227210167773623,0.00934479204364278,-0.08783269535171258,,,,,,,,,0.2676438368483038,0.26764383684830545,0.2676438368483061,-0.2329291918988982,0.2676438368483061,0.3047778194289573,0.30477781942895954,0.304777819428958,0.304777819428958
log_price_zscore,-0.009942526789656724,,-0.09785812143160826,0.04120720319945619,0.049463840054525705,-0.06545065088721079,-0.26738630733712854,0.6698910059227489,0.6144911535005841,0.6537415497328003,0.5561551935654622,-0.06265764264500989,0.06738549717093957,-0.06704771862941607,-0.01867128392173232,0.004444659663960323,0.004445676224667488,-0.06057726826518047,0.004444793484383569,,0.10162164947220947,0.07761673346007937,0.06426579125753566,0.037539568926594706,-0.05408801317105865,-0.027159465636940418,-0.00996822143042022,0.06289680870818133,-0.02169358191606628,-0.09111700644784655,0.2949372586901124,0.10950961431538193,0.08742512098232601,0.11654395054791496,0.06807067991714025,0.07732974192296173,0.149172856819787,0.051438040646595413,-0.006228755306359067,0.07684512805037293,-0.27624424312924045,-0.1733335215723865,0.0015486923718869958,0.43516506773531644,0.9999999999999963,0.25346696332504975,0.6633039214544003,-0.05905972812703675,0.6868212608621586,0.5844085427713046,0.4351650677353184,0.9354062811969814,1.0,-0.05408801317105874,-0.06154433999624128,0.0015486923718869953,-0.037539568926594255,-0.09111700644784679,-0.03586830995530494,0.41969084380471927,0.2949372586901124,0.22808590789152997,0.26660773254054293,0.4570285875797492,-0.006228755306359073,-0.07395723027616857,,,,,,,,,0.41969084380471927,0.4196908438047142,0.4196908438047231,-0.22393923455619275,0.4196908438047231,0.2949372586901123,0.29493725869011383,0.29493725869011156,0.29493725869011156
reviews_zscore,-0.323674388155841,,-0.1659102310188261,-0.06639131841384908,-0.06904182849532904,-0.053874062958649084,0.016358595059985753,-0.03137976978629153,-0.10393596250864623,-0.0972820548877769,-0.030662633778560877,-0.1257766834080441,-0.040916107205949785,-0.13040699944060347,-0.11503544207899664,-0.0019631599726668476,-0.001963030424817411,-0.12511398062231105,-0.0019636014729481938,,-0.04169151631730192,-0.02597754961066328,-0.008268468087651422,-0.001564390780273477,1.000000000000003,0.5910854402448709,0.4179204740489994,0.0018819460723063614,0.7050727212290039,0.4801336741002125,0.26067193734218014,0.0847564292930269,0.09298700689542409,0.09677357479207177,0.08627641829936562,0.08293414009924202,0.0688222302874062,0.09588296492030482,-0.09414569907992673,-0.07553165302188161,-0.07146896687194193,-0.03332697194779122,0.5966183520853128,-0.040543088067993734,-0.05408801317106297,-0.021535522283794,-0.04467665762007583,0.6979267870240122,-0.008813829054900316,-0.02345574660284579,-0.040543088067994205,-0.04678217783136194,-0.05408801317105874,1.0,0.6173497436848197,0.5966183520853084,0.001564390780271458,0.48013367410020974,0.4102943691233064,-0.01780678119423597,0.2606719373421801,0.003458337712774373,0.007103155121493466,0.07218521985401502,-0.09414569907992673,-0.060240290082487546,,,,,,,,,-0.017806781194236107,-0.01780678119423656,-0.017806781194236333,-0.08352596054994127,-0.017806781194236333,0.2606719373421798,0.2606719373421823,0.2606719373421798,0.2606719373421798
reviews_percentile,-0.3777118319583014,,-0.18385048608097818,-0.15887054806789958,-0.16039115395539771,-0.06747949780488081,0.08576893365794408,0.020326690702034408,-0.12464186624869959,-0.07605297447813619,0.017631578592350254,-0.1949030038963645,-0.033629015154372395,-0.20182124859937284,-0.18696583584372567,0.0020926868572662197,0.00209276783506133,-0.1907084354280873,0.0020907615185949855,,-0.09193349392072159,-0.06599301524485977,-0.04203679091486842,-0.0508876017178626,0.6173497436848159,0.5436772606276752,0.4336696562708149,-0.029650182568032847,0.5756260872996327,0.6377353108009589,0.4348236243961856,0.1496100878303517,0.15980218559398243,0.15937512028035908,0.1499250292160308,0.15381653806846796,0.12650725271704574,0.16134153968505158,-0.19268143368820975,-0.1517140287230828,-0.15568063388603698,-0.07021372080091363,0.5498209227499663,-0.08081231227829878,-0.06154433999624359,-0.0498229429654907,-0.11215128091974505,0.9915667613859332,0.05239812749235605,0.03347158858397883,-0.08081231227829967,-0.03503892536042796,-0.06154433999624128,0.6173497436848197,1.0,0.5498209227499589,0.050887601717860075,0.6377353108009636,0.3449303694145422,-0.01610118243632874,0.43482362439618555,0.006231491803250134,0.009667578075577887,0.1610552752909781,-0.19268143368820975,-0.018955585578666004,,,,,,,,,-0.016101182436329162,-0.01610118243632909,-0.016101182436329194,-0.1591795956506796,-0.016101182436329194,0.4348236243961852,0.4348236243961897,0.43482362439618694,0.43482362439618694
reviews_per_month_zscore,0.2016554511282086,,0.13429177256231237,-0.06233190813266274,-0.06516112895741488,-0.050909518441551185,0.07688994929475441,0.08293571447475996,-0.06413657921841447,-0.02260098979821538,0.02897582292846328,-0.2388145948472383,-0.1560838844886783,-0.24874367187852733,-0.2160684097418587,-0.005215882317853292,-0.005215368801781107,-0.23709438474724023,-0.005196842557809071,,0.055386526311614344,0.07631783892691488,0.09804468155609569,0.08089399885538892,0.5966183520853088,0.8483646261988299,0.7504003495260543,0.11170186426062576,0.7087786908817679,0.5648030485575446,0.2965377035644021,0.09036483081258692,0.08851976932866264,0.11625991808419589,0.05986692540747802,0.08235817763773019,0.04352151220804286,0.10360187093417231,-0.09170168395134796,-0.07884842668290533,-0.05435053034096526,-0.020347592864394998,1.0000000000000042,-0.042289329533962826,0.0015486923718896514,-0.028784816667053327,-0.10033561676956528,0.5760940368096787,0.1112799557103474,0.043319870792589504,-0.04228932953396242,0.028466071721770632,0.0015486923718869953,0.5966183520853084,0.5498209227499589,1.0,-0.08089399885539061,0.5648030485575418,0.4687558871090783,-0.016914264732876688,0.29653770356440223,-0.01047813066734269,0.004865313985902995,0.0693009555177146,-0.09170168395134798,0.0044824600979173086,,,,,,,,,-0.016914264732876483,-0.016914264732877247,-0.016914264732876754,-0.09763748085289488,-0.016914264732876754,0.29653770356440234,0.2965377035644029,0.29653770356440584,0.29653770356440584
occupancy_rate,-0.2658189941023855,,-0.13733462444072847,-0.10858272889745034,-0.10969479898989819,-0.03755063858097552,0.01404266418953471,-0.10854963333914924,-0.0586856126880838,-0.02148501843282693,-0.032891455760019006,0.00928725778051142,0.03000306953738012,0.00592628173803754,-0.00927257966177009,0.0025039438408541517,0.00250396730002812,0.0031322338066657684,0.0025014298086799428,,-0.5762770038112379,-0.6516694597930728,-0.6968902772442471,-0.9999999999999994,0.0015643907802728597,-0.02665119919867831,-0.0481056878573378,-0.7821812081331566,-0.010299244681116187,-0.055749601586179254,0.10654289097135607,0.0691710721871181,0.07423633267003925,0.030399615910884734,0.06944212892966062,0.06861429891803913,0.07434499458608108,0.08796404572899658,-0.12300925348319784,-0.11503669041000125,-0.045669563170639256,0.018335015579766762,-0.08089399885539063,-0.03604647286985863,-0.03753956892659455,-0.019156061094845994,-0.021613932054173484,0.04314276040092774,-0.10485507544341835,-0.02553912154896447,-0.03604647286985908,-0.019602283731213255,-0.037539568926594255,0.001564390780271458,0.050887601717860075,-0.08089399885539061,1.0,-0.05574960158618108,0.0011966920957020382,0.2637636522366323,0.10654289097135612,0.2321158371821421,0.22513166771398802,0.7310279938608475,-0.12300925348319784,-0.2265026939110503,,,,,,,,,0.26376365223663234,0.2637636522366301,0.26376365223663334,-0.314740573511973,0.26376365223663334,0.10654289097135586,0.10654289097135662,0.10654289097135634,0.10654289097135634
occupancy_rate_booked,-0.019946063894488122,,-0.02536958942107181,-0.09896586830737515,-0.10002609743255136,-0.058264243119093284,0.0645446558323713,0.022212718490494072,-0.11030869870480291,-0.0758280413299426,-0.0116596811691255,-0.1187251897280093,-0.12441955042196653,-0.13513362436879384,-0.11587434317268377,-0.0032360358485126694,-0.0032358921512687685,-0.12049791202549326,-0.0032368971904388985,,-0.06485046771052416,-0.01817502615233715,0.020482443577679265,0.05574960158618089,0.4801336741002137,0.6983601724951807,0.5364507924898037,0.04730614606325824,0.6488672976157926,1.0000000000000024,0.6150462308776683,0.11697823634271431,0.10500305100521073,0.12357560666450568,0.09010145953112794,0.09467139379882517,0.054296737072639704,0.10443752338293011,-0.10745027624051275,-0.09036048245786332,-0.07006150048422934,-0.01634917300665625,0.5648030485575379,-0.06969612223510722,-0.09111700644784722,-0.044802488139453686,-0.14018112195976762,0.6467838152898991,0.0489201605377705,0.002857064116278303,-0.06969612223510759,-0.06645780917357184,-0.09111700644784679,0.48013367410020974,0.6377353108009636,0.5648030485575418,-0.05574960158618108,1.0,0.6501599075879864,-0.0282408470153207,0.6150462308776683,-0.006912467737132194,-0.002489938221383576,0.12130152362710835,-0.10745027624051272,0.03969288700784966,,,,,,,,,-0.028240847015321164,-0.0282408470153206,-0.028240847015320883,-0.14069957326548482,-0.028240847015320883,0.615046230877668,0.6150462308776674,0.6150462308776677,0.6150462308776677
occupancy_is_capped,-0.02664754821674321,,-0.02678850380082619,-0.0414007819839199,-0.04284752147925474,-0.028510612626819344,0.03199154835708479,0.005029630843428642,-0.06385429704768364,-0.045595738812500834,-0.01724654173421819,-0.01637914693543947,-0.0618950002679606,-0.03800922396147411,-0.027084919479594922,-0.0019021314247325248,-0.001901922177963982,-0.027049851448414472,-0.0019033508342544748,,-0.049756982505393316,-0.03050263892143369,-0.010277470203999479,-0.001196692095701534,0.4102943691233165,0.5896934740476091,0.40845038573213527,0.0029700848212161806,0.5658590511084278,0.6501599075879869,0.3941120026225373,0.07101984378185208,0.06702123584381929,0.0743401965980036,0.05451286940344353,0.059997247946655015,0.04514840836876756,0.07279535612762257,-0.050673129463090306,-0.04067291136012321,-0.04065553374296486,-0.003732019547448135,0.4687558871090783,-0.02857629772089259,-0.03586830995530508,-0.01755408275633431,-0.05413441570269737,0.37303129035013266,0.022683046262588373,-0.008092207741434028,-0.02857629772089236,-0.027341034050173567,-0.03586830995530494,0.4102943691233064,0.3449303694145422,0.4687558871090783,0.0011966920957020382,0.6501599075879864,1.0,-0.007480660837667534,0.3941120026225373,0.002880095425139203,0.0067675087088231185,0.07579418830241254,-0.050673129463090306,-0.005757577315082391,,,,,,,,,-0.007480660837667707,-0.007480660837668004,-0.007480660837667636,-0.06958542313299056,-0.007480660837667636,0.3941120026225372,0.39411200262254603,0.39411200262254553,0.39411200262254553
est_annual_revenue,-0.01810801015625371,,-0.007600984669099981,-0.013203379968559574,0.0009460818743874824,-0.029917977191409505,-0.09080186259944259,0.21301489720664502,0.24998768957623085,0.2144946828824511,0.17324289065134366,-0.05622043382327395,0.034203694292966304,-0.05741927398746493,-0.036688823869180584,-0.0007278641029305781,-0.0007259408214847392,-0.05466885236321102,-0.000727899766082012,,-0.06829068463740233,-0.0941507106219541,-0.11059737121735021,-0.2637636522366342,-0.01780678119423625,-0.00941317711046328,-0.010019131075132564,-0.14787029387244452,-0.004769197119754529,-0.028240847015320605,0.1696330118180654,0.05173779597747154,0.04252978869957765,0.052614856641507585,0.04530869031773972,0.03862065462335533,0.07161516386932155,0.025926458404266575,-0.001661523573344071,0.001286910997309678,-0.04925738488196709,-0.020540740363316105,-0.016914264732876758,0.7019336786150916,0.4196908438047206,0.5940110795651434,0.37902563592632366,-0.0160915572858763,0.19050419877864863,0.17035165918445538,0.701933678615099,0.26764383684830395,0.41969084380471927,-0.01780678119423597,-0.01610118243632874,-0.016914264732876688,0.2637636522366323,-0.0282408470153207,-0.007480660837667534,1.0,0.1696330118180654,0.7210033049361538,0.8017932925263631,0.4079535835393507,-0.001661523573344063,-0.012616648307190491,,,,,,,,,0.9999999999999997,0.9999999999999987,1.0000000000000033,-0.08941319091418777,1.0000000000000033,0.16963301181806528,0.16963301181806553,0.16963301181806484,0.16963301181806484
est_annual_revenue_booked,-0.07055547598140181,,-0.05587286691011929,-0.07765875351459467,-0.07625161270078232,-0.0724017841363051,-0.06843436086256682,0.2674588730570844,0.17539797777518845,0.2241801012922517,0.23853353592412466,-0.1330122341641702,-0.03549917662347547,-0.15462167671747462,-0.10970296114121345,0.0001364925916996634,0.00013702632308454843,-0.13640547452219412,0.00013602576349973705,,-0.12503361508651065,-0.12566548481144102,-0.11970705090178095,-0.106542890971356,0.2606719373421825,0.42854439048473647,0.33915738659831124,-0.10824962502629155,0.3969988211305347,0.6150462308776693,1.0,0.11920508188301795,0.10247926642477187,0.11237832235929358,0.08987427883801231,0.09412421048734981,0.10073103222322476,0.09712535801850528,-0.08747291841289401,-0.061590822444131686,-0.09757019330062613,-0.03782972672424453,0.29653770356440173,0.09099949529142144,0.2949372586901111,0.08041007308764567,0.1264059690688123,0.4324171257643742,0.2698051680751239,0.24924017519389496,0.09099949529142054,0.3047778194289571,0.2949372586901124,0.2606719373421801,0.43482362439618555,0.29653770356440223,0.10654289097135612,0.6150462308776683,0.3941120026225373,0.1696330118180654,1.0,0.10731962220199996,0.13509119828042537,0.2610535930302336,-0.08747291841289401,-0.05192361945385558,,,,,,,,,0.16963301181806517,0.16963301181806495,0.16963301181806487,-0.125022558946755,0.16963301181806487,0.9999999999999997,1.000000000000004,1.000000000000005,1.000000000000005
revenue_per_accommodates,-0.03294371151752221,,-0.013191587039585354,-0.004324977869497959,0.007052711664954105,-0.022654840290718712,-0.05345265157145994,-0.01095971723165239,0.03295168499113819,0.007414540637393485,-0.005106796167209313,-0.03917656039188423,0.014098726339513265,-0.040730294725987604,-0.020603180731214116,-0.0006100293153471126,-0.0006082025073164132,-0.039237527701379935,-0.0006101396138349953,,-0.06817234992250121,-0.08629595593600575,-0.09532660584342288,-0.23211583718214276,0.0034583377127742018,0.00032585199321555965,-0.0025906288534308063,-0.13034065609496182,0.004101407475572164,-0.006912467737132545,0.10731962220199996,0.034346092543828796,0.029533058582983093,0.03898595475226116,0.030488287901393515,0.028651202246554767,0.0465380914180347,0.020638658727587182,-0.0007376122830375234,-0.003079909818484268,-0.02790291629662458,-0.011170831361101911,-0.010478130667342657,0.5675108474114868,0.22808590789152805,0.805154048142957,0.3325573807839185,0.006160502146944448,-0.019399316465296638,-0.006686583928337221,0.5675108474114838,0.12268276863612877,0.22808590789152997,0.003458337712774373,0.006231491803250134,-0.01047813066734269,0.2321158371821421,-0.006912467737132194,0.002880095425139203,0.7210033049361538,0.10731962220199996,1.0,0.945395374990298,0.2835022187995066,-0.0007376122830375254,-0.025353990295622814,,,,,,,,,0.7210033049361536,0.7210033049361537,0.7210033049361647,-0.0752044502975135,0.7210033049361647,0.10731962220199996,0.10731962220200131,0.10731962220199963,0.10731962220199963
revenue_per_bedroom,-0.024046852149778544,,0.0005654084308298043,-0.0018655310017251323,0.013662163452688683,-0.033098719279206046,-0.056239622892566704,0.0255318333799779,0.032093333213459155,0.006626183090837794,0.009198446947625179,-0.051191437280565105,0.03421021746140596,-0.053518166850008826,-0.028355087927652952,1.8577660171686315e-05,2.0944663828226683e-05,-0.05111099632437145,1.8674615633972746e-05,,-0.07126392395029173,-0.0900740086957736,-0.09811992906470021,-0.22513166771398807,0.0071031551214934775,0.008149226967869912,0.004426483497247857,-0.12855484904849404,0.01039898779702588,-0.00248993822138386,0.13509119828042537,0.03916334290091292,0.03334139601083524,0.04378858561493723,0.033289201663121826,0.029702092640377823,0.05721084313943746,0.02493810528540009,0.004713691217956922,0.0007395104624913802,-0.034400639027550715,-0.011670729665320647,0.004865313985902958,0.7167864970262572,0.2666077325405419,0.8433331309148231,0.33448834296857194,0.01037024973228244,0.031231748034919567,0.011653568385571529,0.7167864970262482,0.14573162830889388,0.26660773254054293,0.007103155121493466,0.009667578075577887,0.004865313985902995,0.22513166771398802,-0.002489938221383576,0.0067675087088231185,0.8017932925263631,0.13509119828042537,0.945395374990298,1.0,0.3016444942523231,0.004713691217956927,-0.012950113278298,,,,,,,,,0.8017932925263628,0.8017932925263568,0.8017932925263577,-0.07832591390992472,0.8017932925263577,0.13509119828042548,0.1350911982804242,0.13509119828042518,0.13509119828042518
log_est_revenue,-0.09035286958770593,,-0.11866910683829422,-0.03372473177870637,-0.034323099469132035,-0.08955132525015563,-0.11832801610103107,0.3007317398745155,0.2441716702667716,0.28504737622235643,0.25260813836309925,-0.11984841807412058,-0.02153340532636134,-0.12839347993439884,-0.05069926019617567,0.0014576512539723665,0.0014584519845523337,-0.11644496868746375,0.001456503840861052,,-0.2928488816134549,-0.3432166102486265,-0.3653395278467642,-0.7310279938608454,0.07218521985401548,0.10920063617839379,0.09150918622177107,-0.44186801590953784,0.10916201547825559,0.12130152362710778,0.2610535930302336,0.13464946158260005,0.1275133903851383,0.12393790435522431,0.10483050199511279,0.11234097387637175,0.14845835675112726,0.10002567877080107,-0.01555595206127118,0.04470648774744398,-0.13930770916222954,-0.05613099839564892,0.06930095551771447,0.17624012395417424,0.45702858757974274,0.10924546649688349,0.28713593333927356,0.15513776052501285,0.32112775999127957,0.27470330844197455,0.176240123954176,0.44227210167773623,0.4570285875797492,0.07218521985401502,0.1610552752909781,0.0693009555177146,0.7310279938608475,0.12130152362710835,0.07579418830241254,0.4079535835393507,0.2610535930302336,0.2835022187995066,0.3016444942523231,1.0,-0.015555952061271182,-0.08277384693939688,,,,,,,,,0.4079535835393507,0.4079535835393526,0.4079535835393538,-0.6307105063669821,0.4079535835393538,0.2610535930302334,0.2610535930302316,0.2610535930302334,0.2610535930302334
host_listings_in_city,0.09804584633846841,,0.02890949352445801,0.8768151573466767,0.8500652857227352,-0.029324505027368053,-0.0481051666150079,-0.05041109417034317,-0.01340100581351427,-0.046245281144164416,-0.07247577248175814,0.05703543566138098,0.19785668785391758,0.058544879646447175,0.32712087867490924,-0.0017891370645006404,-0.0017890597702876184,0.0643598207596972,-0.0017889838879331748,,0.0536582148182733,0.05575156581803987,0.05449840782042395,0.12300925348319769,-0.09414569907992693,-0.08689671462497998,-0.0821071505400705,0.06306786444313331,-0.08612960565450443,-0.10745027624051164,-0.08747291841289401,-0.12205894018090624,-0.0948323419527426,-0.08921704742369405,-0.12942317759160543,-0.15360916266728966,-0.09631514119423823,-0.1635230748976127,1.0,0.9571364556782975,0.26107427673664957,0.11452015856536353,-0.09170168395134827,0.018341247115334594,-0.006228755306358104,0.022520480848029857,0.05788868811349631,-0.18633706251797463,-0.04680514189494083,-0.0789041456874834,0.01834124711533444,0.00934479204364278,-0.006228755306359073,-0.09414569907992673,-0.19268143368820975,-0.09170168395134798,-0.12300925348319784,-0.10745027624051272,-0.050673129463090306,-0.001661523573344063,-0.08747291841289401,-0.0007376122830375254,0.004713691217956927,-0.015555952061271182,1.0,0.21033956945065405,,,,,,,,,-0.0016615235733440285,-0.0016615235733439138,-0.0016615235733437957,0.006202484195629618,-0.0016615235733437957,-0.08747291841289409,-0.08747291841289428,-0.08747291841289498,-0.08747291841289498
host_is_professional,0.23660165205447745,,0.1508343404492623,0.12397717520423586,0.13323112384285368,-0.007529487738176697,0.06475360116357558,0.056097323121328084,0.03703782334628613,0.004818364969161809,0.0026676489902577464,-0.03736736289355147,-0.012360814784483275,-0.04107794913952186,0.004386925281708537,-0.008520131057036223,-0.008519581470732358,-0.033374531026739686,-0.008519555661966785,,0.14345906446407744,0.17518743454587146,0.19190611452959988,0.22650269391105135,-0.06024029008248791,0.0030642829685458253,0.004823864449707499,0.20580261252634,-0.025962742644722626,0.03969288700784845,-0.05192361945385558,-0.11387865206127018,-0.10937447857428437,-0.08001738051262867,-0.10142546029461584,-0.09950497437011012,-0.11271448372670877,-0.12824045623449976,0.21033956945065405,0.17043186346133563,0.15563541525794106,0.06500945564969157,0.004482460097917187,0.016337873122146643,-0.07395723027616821,0.005750057716402503,-0.1001428361087727,-0.02980364594423624,0.03558894061285109,-0.006911536560726917,0.01633787312214676,-0.08783269535171258,-0.07395723027616857,-0.060240290082487546,-0.018955585578666004,0.0044824600979173086,-0.2265026939110503,0.03969288700784966,-0.005757577315082391,-0.012616648307190491,-0.05192361945385558,-0.025353990295622814,-0.012950113278298,-0.08277384693939688,0.21033956945065405,1.0,,,,,,,,,-0.012616648307190363,-0.012616648307190271,-0.012616648307190406,0.03670951148969657,-0.012616648307190406,-0.05192361945385554,-0.051923619453856006,-0.051923619453855735,-0.051923619453855735
pct_professional_hosts,,,,,,,,,,,,,,,,,,,,,,,,,,,,,,,,,,,,,,,,,,,,,,,,,,,,,,,,,,,,,,,,,,,,,,,,,,,,,,,,,,,
pct_large_operators,,,,,,,,,,,,,,,,,,,,,,,,,,,,,,,,,,,,,,,,,,,,,,,,,,,,,,,,,,,,,,,,,,,,,,,,,,,,,,,,,,,
median_host_listings,,,,,,,,,,,,,,,,,,,,,,,,,,,,,,,,,,,,,,,,,,,,,,,,,,,,,,,,,,,,,,,,,,,,,,,,,,,,,,,,,,,
gini_host_concentration,,,,,,,,,,,,,,,,,,,,,,,,,,,,,,,,,,,,,,,,,,,,,,,,,,,,,,,,,,,,,,,,,,,,,,,,,,,,,,,,,,,
market_professionalization_score,,,,,,,,,,,,,,,,,,,,,,,,,,,,,,,,,,,,,,,,,,,,,,,,,,,,,,,,,,,,,,,,,,,,,,,,,,,,,,,,,,,
purchase_price,,,,,,,,,,,,,,,,,,,,,,,,,,,,,,,,,,,,,,,,,,,,,,,,,,,,,,,,,,,,,,,,,,,,,,,,,,,,,,,,,,,
monthly_payment,,,,,,,,,,,,,,,,,,,,,,,,,,,,,,,,,,,,,,,,,,,,,,,,,,,,,,,,,,,,,,,,,,,,,,,,,,,,,,,,,,,
zori_rent,,,,,,,,,,,,,,,,,,,,,,,,,,,,,,,,,,,,,,,,,,,,,,,,,,,,,,,,,,,,,,,,,,,,,,,,,,,,,,,,,,,
annual_cash_flow,-0.018108010156253185,,-0.007600984669099716,-0.013203379968559498,0.0009460818743875542,-0.029917977191409546,-0.09080186259944273,0.2130148972066452,0.2499876895762308,0.21449468288245113,0.17324289065134374,-0.05622043382327384,0.03420369429296623,-0.05741927398746481,-0.03668882386918053,-0.0007278641029305724,-0.0007259408214847336,-0.05466885236321113,-0.0007278997660820158,,-0.06829068463740232,-0.09415071062195417,-0.11059737121735003,-0.2637636522366344,-0.017806781194236333,-0.0094131771104635,-0.010019131075132574,-0.1478702938724443,-0.004769197119754923,-0.02824084701532092,0.16963301181806517,0.051737795977471496,0.04252978869957742,0.0526148566415075,0.04530869031773978,0.038620654623355476,0.07161516386932129,0.025926458404266654,-0.0016615235733440285,0.0012869109973096115,-0.04925738488196692,-0.020540740363316056,-0.01691426473287655,0.7019336786150918,0.41969084380472077,0.5940110795651434,0.3790256359263239,-0.01609155728587663,0.1905041987786486,0.1703516591844555,0.7019336786150993,0.2676438368483038,0.41969084380471927,-0.017806781194236107,-0.016101182436329162,-0.016914264732876483,0.26376365223663234,-0.028240847015321164,-0.007480660837667707,0.9999999999999997,0.16963301181806517,0.7210033049361536,0.8017932925263628,0.4079535835393507,-0.0016615235733440285,-0.012616648307190363,,,,,,,,,1.0,0.999999999999999,1.000000000000003,-0.08941319091418767,1.000000000000003,0.16963301181806523,0.1696330118180653,0.1696330118180646,0.1696330118180646
cash_on_cash_roi,-0.018108010156252356,,-0.007600984669099255,-0.013203379968559434,0.0009460818743875214,-0.029917977191409546,-0.090801862599443,0.2130148972066448,0.2499876895762298,0.21449468288245332,0.17324289065134538,-0.05622043382327394,0.034203694292966116,-0.05741927398746522,-0.03668882386918082,-0.0007278641029305639,-0.0007259408214847189,-0.054668852363210584,-0.00072789976608203,,-0.0682906846374024,-0.09415071062195395,-0.11059737121734876,-0.2637636522366305,-0.01780678119423657,-0.009413177110463314,-0.010019131075132475,-0.14787029387244205,-0.004769197119755304,-0.028240847015321372,0.16963301181806495,0.051737795977471704,0.04252978869957746,0.052614856641507377,0.04530869031774006,0.03862065462335518,0.0716151638693218,0.025926458404266335,-0.0016615235733439138,0.0012869109973096913,-0.049257384881966786,-0.02054074036331584,-0.01691426473287725,0.7019336786150968,0.419690843804719,0.5940110795651458,0.3790256359263245,-0.016091557285877245,0.19050419877864738,0.17035165918445444,0.7019336786150862,0.26764383684830545,0.4196908438047142,-0.01780678119423656,-0.01610118243632909,-0.016914264732877247,0.2637636522366301,-0.0282408470153206,-0.007480660837668004,0.9999999999999987,0.16963301181806495,0.7210033049361537,0.8017932925263568,0.4079535835393526,-0.0016615235733439138,-0.012616648307190271,,,,,,,,,0.999999999999999,1.0,1.000000000000005,-0.08941319091418817,1.000000000000005,0.16963301181806498,0.16963301181806448,0.1696330118180649,0.1696330118180649
cap_rate,-0.018108010156252612,,-0.007600984669099371,-0.013203379968559423,0.0009460818743874768,-0.0299179771914095,-0.09080186259944373,0.213014897206645,0.24998768957622908,0.21449468288245158,0.1732428906513448,-0.05622043382327389,0.03420369429296567,-0.05741927398746499,-0.03668882386918047,-0.0007278641029305672,-0.0007259408214847351,-0.054668852363210584,-0.0007278997660820349,,-0.06829068463740157,-0.09415071062195579,-0.1105973712173507,-0.26376365223663123,-0.017806781194236582,-0.009413177110463394,-0.010019131075132493,-0.14787029387244294,-0.0047691971197548755,-0.028240847015320838,0.16963301181806487,0.05173779597747132,0.04252978869957786,0.052614856641507765,0.04530869031773976,0.03862065462335483,0.07161516386932196,0.025926458404266647,-0.0016615235733437957,0.0012869109973096975,-0.04925738488196699,-0.020540740363315955,-0.016914264732876827,0.7019336786150956,0.41969084380471705,0.5940110795651449,0.3790256359263221,-0.016091557285876835,0.1905041987786488,0.170351659184454,0.7019336786150951,0.2676438368483061,0.4196908438047231,-0.017806781194236333,-0.016101182436329194,-0.016914264732876754,0.26376365223663334,-0.028240847015320883,-0.007480660837667636,1.0000000000000033,0.16963301181806487,0.7210033049361647,0.8017932925263577,0.4079535835393538,-0.0016615235733437957,-0.012616648307190406,,,,,,,,,1.000000000000003,1.000000000000005,1.0,-0.08941319091418906,1.0,0.16963301181806464,0.16963301181806503,0.16963301181806395,0.16963301181806395
price_to_rent_ratio,0.05999970519545582,,0.09336746468479272,-0.0006854218441688191,3.113854964269725e-05,0.07292644615168094,0.04058996558195835,-0.1481816368646201,-0.0711329154072765,-0.12136194259814016,-0.11099553291090807,0.08949437891688354,0.001089651995160371,0.09434825456927215,0.04015774789827705,-0.001498161086998055,-0.0014984513276120005,0.0850513335287723,-0.0014979008463876684,,0.2767531460546565,0.26133183825009015,0.24585136534876875,0.31474057351197626,-0.08352596054994224,-0.10750120569680795,-0.09762290206137193,0.25558701314151194,-0.10072379436107692,-0.14069957326548524,-0.125022558946755,-0.09318946990512159,-0.09225998422247633,-0.09592406569217105,-0.08219470328138538,-0.08973120553583422,-0.0873571342380933,-0.07079059330223723,0.006202484195629618,-0.031492320869452715,0.08169888680764963,0.04446182422208711,-0.09763748085289474,-0.037710532217422696,-0.22393923455619136,-0.0187647581774511,-0.11884872141514947,-0.15397188676128834,-0.17823131715711657,-0.13282936022012481,-0.037710532217422967,-0.2329291918988982,-0.22393923455619275,-0.08352596054994127,-0.1591795956506796,-0.09763748085289488,-0.314740573511973,-0.14069957326548482,-0.06958542313299056,-0.08941319091418777,-0.125022558946755,-0.0752044502975135,-0.07832591390992472,-0.6307105063669821,0.006202484195629618,0.03670951148969657,,,,,,,,,-0.08941319091418767,-0.08941319091418817,-0.08941319091418906,1.0,-0.08941319091418908,-0.12502255894675485,-0.1250225589467551,-0.12502255894675512,-0.12502255894675512
revenue_yield,-0.018108010156252612,,-0.007600984669099371,-0.013203379968559423,0.0009460818743874768,-0.0299179771914095,-0.09080186259944373,0.213014897206645,0.24998768957622908,0.21449468288245158,0.1732428906513448,-0.05622043382327389,0.03420369429296567,-0.05741927398746499,-0.03668882386918047,-0.0007278641029305672,-0.0007259408214847351,-0.054668852363210584,-0.0007278997660820349,,-0.06829068463740157,-0.09415071062195579,-0.1105973712173507,-0.26376365223663123,-0.017806781194236582,-0.009413177110463394,-0.010019131075132493,-0.14787029387244294,-0.0047691971197548755,-0.028240847015320838,0.16963301181806487,0.05173779597747132,0.04252978869957786,0.052614856641507765,0.04530869031773976,0.03862065462335483,0.07161516386932196,0.025926458404266647,-0.0016615235733437957,0.0012869109973096975,-0.04925738488196699,-0.020540740363315955,-0.016914264732876827,0.7019336786150956,0.41969084380471705,0.5940110795651449,0.3790256359263221,-0.016091557285876835,0.1905041987786488,0.170351659184454,0.7019336786150951,0.2676438368483061,0.4196908438047231,-0.017806781194236333,-0.016101182436329194,-0.016914264732876754,0.26376365223663334,-0.028240847015320883,-0.007480660837667636,1.0000000000000033,0.16963301181806487,0.7210033049361647,0.8017932925263577,0.4079535835393538,-0.0016615235733437957,-0.012616648307190406,,,,,,,,,1.000000000000003,1.000000000000005,1.0,-0.08941319091418908,1.0,0.16963301181806464,0.16963301181806503,0.16963301181806395,0.16963301181806395
annual_cash_flow_booked,-0.0705554759814005,,-0.055872866910119105,-0.07765875351459506,-0.07625161270078282,-0.07240178413630509,-0.06843436086256685,0.2674588730570846,0.17539797777518862,0.2241801012922534,0.2385335359241241,-0.13301223416417035,-0.035499176623475744,-0.15462167671747568,-0.10970296114121401,0.00013649259169965641,0.0001370263230845414,-0.1364054745221941,0.00013602576349971992,,-0.12503361508651034,-0.12566548481144102,-0.11970705090178078,-0.10654289097135594,0.2606719373421824,0.4285443904847363,0.3391573865983115,-0.10824962502629157,0.3969988211305345,0.6150462308776687,0.9999999999999997,0.11920508188301722,0.1024792664247719,0.11237832235929363,0.08987427883801154,0.09412421048734966,0.10073103222322469,0.0971253580185049,-0.08747291841289409,-0.06159082244413192,-0.09757019330062588,-0.037829726724244395,0.2965377035644024,0.09099949529142147,0.294937258690111,0.08041007308764574,0.1264059690688125,0.4324171257643733,0.26980516807512417,0.24924017519389452,0.09099949529142067,0.3047778194289573,0.2949372586901123,0.2606719373421798,0.4348236243961852,0.29653770356440234,0.10654289097135586,0.615046230877668,0.3941120026225372,0.16963301181806528,0.9999999999999997,0.10731962220199996,0.13509119828042548,0.2610535930302334,-0.08747291841289409,-0.05192361945385554,,,,,,,,,0.16963301181806523,0.16963301181806498,0.16963301181806464,-0.12502255894675485,0.16963301181806464,1.0,1.0000000000000038,1.0000000000000049,1.0000000000000049
cash_on_cash_roi_booked,-0.0705554759814057,,-0.05587286691012116,-0.07765875351459378,-0.07625161270078303,-0.0724017841363049,-0.06843436086256778,0.2674588730570817,0.1753979777751903,0.2241801012922545,0.23853353592412935,-0.13301223416416957,-0.03549917662347474,-0.15462167671747465,-0.10970296114121472,0.0001364925916996657,0.00013702632308455013,-0.13640547452219595,0.00013602576349975787,,-0.1250336150865104,-0.12566548481143866,-0.11970705090177987,-0.10654289097135636,0.26067193734218036,0.4285443904847358,0.3391573865983049,-0.10824962502629097,0.39699882113053553,0.6150462308776664,1.000000000000004,0.11920508188301941,0.10247926642477201,0.11237832235929324,0.08987427883801336,0.09412421048734959,0.1007310322232249,0.09712535801850541,-0.08747291841289428,-0.061590822444130715,-0.09757019330062587,-0.037829726724245116,0.29653770356440246,0.09099949529142086,0.29493725869011117,0.08041007308764725,0.1264059690688129,0.4324171257643748,0.2698051680751253,0.249240175193898,0.09099949529142098,0.30477781942895954,0.29493725869011383,0.2606719373421823,0.4348236243961897,0.2965377035644029,0.10654289097135662,0.6150462308776674,0.39411200262254603,0.16963301181806553,1.000000000000004,0.10731962220200131,0.1350911982804242,0.2610535930302316,-0.08747291841289428,-0.051923619453856006,,,,,,,,,0.1696330118180653,0.16963301181806448,0.16963301181806503,-0.1250225589467551,0.16963301181806503,1.0000000000000038,1.0,1.0000000000000062,1.0000000000000062
cap_rate_booked,-0.07055547598140052,,-0.05587286691011844,-0.07765875351459309,-0.07625161270078161,-0.07240178413630434,-0.06843436086256763,0.26745887305708227,0.17539797777518917,0.2241801012922524,0.2385335359241272,-0.13301223416417202,-0.035499176623476895,-0.15462167671747484,-0.10970296114121476,0.0001364925916996539,0.00013702632308453452,-0.13640547452219545,0.00013602576349972304,,-0.12503361508651115,-0.12566548481143996,-0.11970705090178123,-0.10654289097135525,0.26067193734217853,0.42854439048473536,0.33915738659831096,-0.10824962502629043,0.3969988211305401,0.6150462308776695,1.000000000000005,0.1192050818830166,0.10247926642477202,0.1123783223592943,0.08987427883801298,0.09412421048734898,0.10073103222322509,0.09712535801850491,-0.08747291841289498,-0.06159082244413171,-0.09757019330062512,-0.03782972672424452,0.2965377035644041,0.09099949529142058,0.2949372586901136,0.0804100730876461,0.12640596906881316,0.4324171257643684,0.2698051680751274,0.24924017519389438,0.09099949529142043,0.304777819428958,0.29493725869011156,0.2606719373421798,0.43482362439618694,0.29653770356440584,0.10654289097135634,0.6150462308776677,0.39411200262254553,0.16963301181806484,1.000000000000005,0.10731962220199963,0.13509119828042518,0.2610535930302334,-0.08747291841289498,-0.051923619453855735,,,,,,,,,0.1696330118180646,0.1696330118180649,0.16963301181806395,-0.12502255894675512,0.16963301181806395,1.0000000000000049,1.0000000000000062,1.0,1.0
revenue_yield_booked,-0.07055547598140052,,-0.05587286691011844,-0.07765875351459309,-0.07625161270078161,-0.07240178413630434,-0.06843436086256763,0.26745887305708227,0.17539797777518917,0.2241801012922524,0.2385335359241272,-0.13301223416417202,-0.035499176623476895,-0.15462167671747484,-0.10970296114121476,0.0001364925916996539,0.00013702632308453452,-0.13640547452219545,0.00013602576349972304,,-0.12503361508651115,-0.12566548481143996,-0.11970705090178123,-0.10654289097135525,0.26067193734217853,0.42854439048473536,0.33915738659831096,-0.10824962502629043,0.3969988211305401,0.6150462308776695,1.000000000000005,0.1192050818830166,0.10247926642477202,0.1123783223592943,0.08987427883801298,0.09412421048734898,0.10073103222322509,0.09712535801850491,-0.08747291841289498,-0.06159082244413171,-0.09757019330062512,-0.03782972672424452,0.2965377035644041,0.09099949529142058,0.2949372586901136,0.0804100730876461,0.12640596906881316,0.4324171257643684,0.2698051680751274,0.24924017519389438,0.09099949529142043,0.304777819428958,0.29493725869011156,0.2606719373421798,0.43482362439618694,0.29653770356440584,0.10654289097135634,0.6150462308776677,0.39411200262254553,0.16963301181806484,1.000000000000005,0.10731962220199963,0.13509119828042518,0.2610535930302334,-0.08747291841289498,-0.051923619453855735,,,,,,,,,0.1696330118180646,0.1696330118180649,0.16963301181806395,-0.12502255894675512,0.16963301181806395,1.0000000000000049,1.0000000000000062,1.0,1.0
