calendar_occupancy_proxy,actual_occupancy_rate,host_blocked_rate,host_blocked_days
0.10684931506849316,0.0,0.10684931506849316,39
0.8164383561643835,0.14794520547945206,0.6684931506849315,244
0.8465753424657534,0.13150684931506848,0.7150684931506849,261
0.2410958904109589,0.0,0.2410958904109589,88
0.40273972602739727,0.0,0.40273972602739727,147
0.6794520547945205,0.17534246575342466,0.5041095890410959,184
0.0958904109589041,0.3287671232876712,-0.2328767123287671,-85
0.21643835616438356,0.0,0.21643835616438356,79
0.5260273972602739,0.03287671232876712,0.4931506849315068,180
0.06575342465753424,0.23013698630136986,-0.1643835616438356,-60
0.8794520547945206,0.4767123287671233,0.40273972602739727,147
0.8328767123287671,0.0,0.8328767123287671,304
0.36164383561643837,0.0,0.36164383561643837,132
0.6876712328767123,0.0,0.6876712328767123,251
0.0,0.0,0.0,0
0.8767123287671232,0.5589041095890411,0.3178082191780822,116
0.1643835616438356,0.6986301369863014,-0.5342465753424658,-195
0.7068493150684931,0.6986301369863014,0.00821917808219178,3
0.40273972602739727,0.36164383561643837,0.0410958904109589,15
0.5095890410958904,0.410958904109589,0.09863013698630137,36
0.13972602739726028,0.5917808219178082,-0.4520547945205479,-165
0.3452054794520548,0.19726027397260273,0.14794520547945206,54
0.09863013698630137,0.01643835616438356,0.0821917808219178,30
0.16712328767123288,0.39452054794520547,-0.2273972602739726,-83
0.4273972602739726,0.6575342465753424,-0.23013698630136986,-84
0.11232876712328767,0.4931506849315068,-0.38082191780821917,-139
0.873972602739726,0.0,0.873972602739726,319
0.005479452054794521,0.0,0.005479452054794521,2
0.4821917808219178,0.0,0.4821917808219178,176
0.12602739726027398,0.3287671232876712,-0.20273972602739726,-74
0.9945205479452055,0.1643835616438356,0.8301369863013699,303
0.5150684931506849,0.6986301369863014,-0.18356164383561643,-67
0.2219178082191781,0.1643835616438356,0.057534246575342465,21
0.3780821917808219,0.4602739726027397,-0.0821917808219178,-30
0.0,0.0,0.0,0
0.8657534246575342,0.06575342465753424,0.8,292
0.12602739726027398,0.6986301369863014,-0.5726027397260274,-209
0.8,0.273972602739726,0.5260273972602739,192
0.4958904109589041,0.6986301369863014,-0.20273972602739726,-74
0.8547945205479452,0.26301369863013696,0.5917808219178082,216
0.0,0.0,0.0,0
0.4602739726027397,0.1643835616438356,0.2958904109589041,108
0.673972602739726,0.6986301369863014,-0.024657534246575342,-9
0.0,0.0,0.0,0
0.2821917808219178,0.0,0.2821917808219178,103
0.26575342465753427,0.06575342465753424,0.2,73
0.09863013698630137,0.5917808219178082,-0.4931506849315068,-180
0.030136986301369864,0.03287671232876712,-0.0027397260273972603,-1
0.663013698630137,0.2136986301369863,0.44931506849315067,164
0.01643835616438356,0.0,0.01643835616438356,6
0.18356164383561643,0.6986301369863014,-0.5150684931506849,-188
0.9753424657534246,0.6986301369863014,0.27671232876712326,101
0.336986301369863,0.3287671232876712,0.00821917808219178,3
0.8767123287671232,0.6986301369863014,0.1780821917808219,65
0.1917808219178082,0.4273972602739726,-0.2356164383561644,-86
0.03287671232876712,0.1589041095890411,-0.12602739726027398,-46
0.019178082191780823,0.0,0.019178082191780823,7
0.1232876712328767,0.2465753424657534,-0.1232876712328767,-45
0.273972602739726,0.0,0.273972602739726,100
0.2136986301369863,0.2191780821917808,-0.005479452054794521,-2
0.005479452054794521,0.0,0.005479452054794521,2
0.005479452054794521,0.0,0.005479452054794521,2
0.0,0.0,0.0,0
0.5945205479452055,0.0,0.5945205479452055,217
0.0,0.0,0.0,0
0.7972602739726027,0.1643835616438356,0.6328767123287671,231
0.4986301369863014,0.14794520547945206,0.3506849315068493,128
0.7534246575342466,0.2958904109589041,0.4575342465753425,167
0.6,0.6986301369863014,-0.09863013698630137,-36
0.5315068493150685,0.4986301369863014,0.03287671232876712,12
0.5698630136986301,0.2136986301369863,0.3561643835616438,130
0.6410958904109589,0.4986301369863014,0.14246575342465753,52
0.0,0.0,0.0,0
0.0136986301369863,0.0,0.0136986301369863,5
0.0,0.0,0.0,0
0.1643835616438356,0.0,0.1643835616438356,60
0.0,0.4931506849315068,-0.4931506849315068,-180
0.0821917808219178,0.5095890410958904,-0.4273972602739726,-156
0.29863013698630136,0.23013698630136986,0.0684931506849315,25
0.8904109589041096,0.6986301369863014,0.1917808219178082,70
0.6273972602739726,0.4602739726027397,0.16712328767123288,61
0.22465753424657534,0.4986301369863014,-0.273972602739726,-100
0.873972602739726,0.0,0.873972602739726,319
0.5671232876712329,0.6082191780821918,-0.0410958904109589,-15
0.0,0.0,0.0,0
0.7917808219178082,0.0,0.7917808219178082,289
0.0,0.0,0.0,0
0.5041095890410959,0.6356164383561644,-0.13150684931506848,-48
0.8547945205479452,0.1589041095890411,0.6958904109589041,254
0.7534246575342466,0.0,0.7534246575342466,275
0.7506849315068493,0.6356164383561644,0.11506849315068493,42
0.28493150684931506,0.27945205479452057,0.005479452054794521,2
0.5753424657534246,0.0,0.5753424657534246,210
0.2136986301369863,0.19726027397260273,0.01643835616438356,6
0.4712328767123288,0.4986301369863014,-0.0273972602739726,-10
0.273972602739726,0.1589041095890411,0.11506849315068493,42
0.8931506849315068,0.6986301369863014,0.19452054794520549,71
0.7671232876712328,0.36164383561643837,0.4054794520547945,148
0.5424657534246575,0.0547945205479452,0.4876712328767123,178
0.33424657534246577,0.3287671232876712,0.005479452054794521,2
0.5178082191780822,0.33972602739726027,0.1780821917808219,65
0.13972602739726028,0.4931506849315068,-0.35342465753424657,-129
0.9178082191780822,0.6986301369863014,0.2191780821917808,80
0.09863013698630137,0.39452054794520547,-0.2958904109589041,-108
0.11232876712328767,0.0821917808219178,0.030136986301369864,11
0.13150684931506848,0.11506849315068493,0.01643835616438356,6
0.21643835616438356,0.18082191780821918,0.03561643835616438,13
0.8931506849315068,0.6986301369863014,0.19452054794520549,71
0.8712328767123287,0.26301369863013696,0.6082191780821918,222
0.4958904109589041,0.6986301369863014,-0.20273972602739726,-74
0.8986301369863013,0.6986301369863014,0.2,73
0.0,0.0,0.0,0
0.0,0.0,0.0,0
0.5095890410958904,0.0,0.5095890410958904,186
0.06575342465753424,0.6986301369863014,-0.6328767123287671,-231
0.11232876712328767,0.2958904109589041,-0.18356164383561643,-67
0.0,0.0,0.0,0
0.2054794520547945,0.6986301369863014,-0.4931506849315068,-180
0.2054794520547945,0.3452054794520548,-0.13972602739726028,-51
0.3287671232876712,0.049315068493150684,0.27945205479452057,102
0.4136986301369863,0.4986301369863014,-0.08493150684931507,-31
0.2191780821917808,0.3506849315068493,-0.13150684931506848,-48
0.18082191780821918,0.0,0.18082191780821918,66
0.08767123287671233,0.3287671232876712,-0.2410958904109589,-88
0.8301369863013699,0.2465753424657534,0.5835616438356165,213
0.15342465753424658,0.0,0.15342465753424658,56
0.2547945205479452,0.6986301369863014,-0.4438356164383562,-162
0.9205479452054794,0.3561643835616438,0.5643835616438356,206
0.0,0.0,0.0,0
0.8164383561643835,0.6986301369863014,0.1178082191780822,43
0.4,0.4767123287671233,-0.07671232876712329,-28
0.09863013698630137,0.0,0.09863013698630137,36
0.0,0.0,0.0,0
0.863013698630137,0.6246575342465753,0.23835616438356164,87
0.9095890410958904,0.03287671232876712,0.8767123287671232,320
0.5178082191780822,0.3178082191780822,0.2,73
0.684931506849315,0.01643835616438356,0.6684931506849315,244
0.0,0.0,0.0,0
0.13424657534246576,0.4767123287671233,-0.3424657534246575,-125
0.3780821917808219,0.27945205479452057,0.09863013698630137,36
0.0821917808219178,0.23013698630136986,-0.14794520547945206,-54
0.8328767123287671,0.26301369863013696,0.5698630136986301,208
0.4410958904109589,0.6986301369863014,-0.25753424657534246,-94
0.5315068493150685,0.6986301369863014,-0.16712328767123288,-61
0.5150684931506849,0.0,0.5150684931506849,188
0.22465753424657534,0.6575342465753424,-0.4328767123287671,-158
0.947945205479452,0.2136986301369863,0.7342465753424657,268
0.821917808219178,0.2465753424657534,0.5753424657534246,210
0.16164383561643836,0.3178082191780822,-0.15616438356164383,-57
0.13424657534246576,0.0,0.13424657534246576,49
0.8410958904109589,0.673972602739726,0.16712328767123288,61
0.27123287671232876,0.1589041095890411,0.11232876712328767,41
0.1589041095890411,0.3780821917808219,-0.2191780821917808,-80
0.8246575342465754,0.1917808219178082,0.6328767123287671,231
0.1095890410958904,0.26301369863013696,-0.15342465753424658,-56
1.0,0.4767123287671233,0.5232876712328767,191
0.0273972602739726,0.6986301369863014,-0.6712328767123288,-245
0.3041095890410959,0.19726027397260273,0.10684931506849316,39
0.1232876712328767,0.4438356164383562,-0.32054794520547947,-117
0.4794520547945205,0.09863013698630137,0.38082191780821917,139
0.1863013698630137,0.26301369863013696,-0.07671232876712329,-28
0.11232876712328767,0.2136986301369863,-0.10136986301369863,-37
0.4438356164383562,0.5589041095890411,-0.11506849315068493,-42
0.1095890410958904,0.0821917808219178,0.0273972602739726,10
0.3835616438356164,0.4438356164383562,-0.06027397260273973,-22
0.0,0.0,0.0,0
0.19452054794520549,0.4767123287671233,-0.2821917808219178,-103
0.0,0.0,0.0,0
0.5534246575342465,0.0,0.5534246575342465,202
0.12054794520547946,0.4438356164383562,-0.3232876712328767,-118
0.15342465753424658,0.2136986301369863,-0.06027397260273973,-22
0.2547945205479452,0.4767123287671233,-0.2219178082191781,-81
0.23835616438356164,0.14794520547945206,0.09041095890410959,33
0.13972602739726028,0.07671232876712329,0.06301369863013699,23
0.0,0.0,0.0,0
0.9342465753424658,0.4767123287671233,0.4575342465753425,167
0.2493150684931507,0.0,0.2493150684931507,91
0.08493150684931507,0.0,0.08493150684931507,31
0.8794520547945206,0.5260273972602739,0.35342465753424657,129
0.4136986301369863,0.6986301369863014,-0.28493150684931506,-104
0.28493150684931506,0.23013698630136986,0.0547945205479452,20
0.3095890410958904,0.6986301369863014,-0.38904109589041097,-142
0.2958904109589041,0.0,0.2958904109589041,108
0.2191780821917808,0.6082191780821918,-0.38904109589041097,-142
0.15616438356164383,0.31232876712328766,-0.15616438356164383,-57
0.12054794520547946,0.3452054794520548,-0.22465753424657534,-82
0.21095890410958903,0.410958904109589,-0.2,-73
0.1863013698630137,0.3452054794520548,-0.1589041095890411,-58
0.25205479452054796,0.5753424657534246,-0.3232876712328767,-118
0.3698630136986301,0.673972602739726,-0.3041095890410959,-111
0.29041095890410956,0.3178082191780822,-0.0273972602739726,-10
0.00821917808219178,0.0,0.00821917808219178,3
0.1589041095890411,0.049315068493150684,0.1095890410958904,40
0.37534246575342467,0.4273972602739726,-0.052054794520547946,-19
0.15342465753424658,0.0,0.15342465753424658,56
0.1917808219178082,0.4931506849315068,-0.3013698630136986,-110
0.15342465753424658,0.23013698630136986,-0.07671232876712329,-28
0.4684931506849315,0.6136986301369863,-0.14520547945205478,-53
0.16986301369863013,0.2465753424657534,-0.07671232876712329,-28
0.3589041095890411,0.16986301369863013,0.18904109589041096,69
0.030136986301369864,0.1589041095890411,-0.12876712328767123,-47
0.15616438356164383,0.5424657534246575,-0.3863013698630137,-141
0.0,0.0,0.0,0
0.0,0.0,0.0,0
0.1643835616438356,0.18082191780821918,-0.01643835616438356,-6
0.4383561643835616,0.6082191780821918,-0.16986301369863013,-62
0.1178082191780822,0.5589041095890411,-0.4410958904109589,-161
0.25753424657534246,0.4602739726027397,-0.20273972602739726,-74
0.2136986301369863,0.36164383561643837,-0.14794520547945206,-54
0.2410958904109589,0.3452054794520548,-0.10410958904109589,-38
0.19452054794520549,0.2958904109589041,-0.10136986301369863,-37
0.0,0.0,0.0,0
0.13424657534246576,0.4767123287671233,-0.3424657534246575,-125
0.3589041095890411,0.5424657534246575,-0.18356164383561643,-67
0.1178082191780822,0.049315068493150684,0.0684931506849315,25
0.6575342465753424,0.6986301369863014,-0.0410958904109589,-15
0.3561643835616438,0.6986301369863014,-0.3424657534246575,-125
0.24383561643835616,0.5753424657534246,-0.3315068493150685,-121
0.8164383561643835,0.3287671232876712,0.4876712328767123,178
0.2410958904109589,0.3178082191780822,-0.07671232876712329,-28
0.3643835616438356,0.673972602739726,-0.3095890410958904,-113
0.27945205479452057,0.0,0.27945205479452057,102
0.3041095890410959,0.26301369863013696,0.0410958904109589,15
0.0,0.0,0.0,0
0.5808219178082191,0.4986301369863014,0.0821917808219178,30
0.6931506849315069,0.6986301369863014,-0.005479452054794521,-2
0.29863013698630136,0.0821917808219178,0.21643835616438356,79
0.915068493150685,0.5698630136986301,0.3452054794520548,126
0.0,0.0,0.0,0
0.0,0.0,0.0,0
0.019178082191780823,0.1643835616438356,-0.14520547945205478,-53
0.20273972602739726,0.0,0.20273972602739726,74
0.5671232876712329,0.23013698630136986,0.336986301369863,123
0.7808219178082192,0.03287671232876712,0.7479452054794521,273
0.4136986301369863,0.6356164383561644,-0.2219178082191781,-81
0.18904109589041096,0.4931506849315068,-0.3041095890410959,-111
0.5041095890410959,0.6986301369863014,-0.19452054794520549,-71
0.7561643835616438,0.0,0.7561643835616438,276
0.7863013698630137,0.6356164383561644,0.1506849315068493,55
0.00821917808219178,0.0,0.00821917808219178,3
0.0684931506849315,0.1643835616438356,-0.0958904109589041,-35
0.29041095890410956,0.3287671232876712,-0.038356164383561646,-14
0.5178082191780822,0.3178082191780822,0.2,73
1.0,0.0,1.0,365
0.31232876712328766,0.6986301369863014,-0.3863013698630137,-141
0.3698630136986301,0.4931506849315068,-0.1232876712328767,-45
1.0,0.0,1.0,365
1.0,0.0,1.0,365
0.684931506849315,0.0,0.684931506849315,250
0.0410958904109589,0.0,0.0410958904109589,15
0.9424657534246575,0.09863013698630137,0.8438356164383561,308
0.09315068493150686,0.2191780821917808,-0.12602739726027398,-46
0.1095890410958904,0.1589041095890411,-0.049315068493150684,-18
0.7534246575342466,0.0,0.7534246575342466,275
0.40273972602739727,0.6986301369863014,-0.2958904109589041,-108
0.2356164383561644,0.3287671232876712,-0.09315068493150686,-34
0.2465753424657534,0.0,0.2465753424657534,90
0.0027397260273972603,0.0,0.0027397260273972603,1
0.052054794520547946,0.0,0.052054794520547946,19
0.7671232876712328,0.4931506849315068,0.273972602739726,100
0.8931506849315068,0.16986301369863013,0.7232876712328767,264
0.33424657534246577,0.19726027397260273,0.136986301369863,50
0.9397260273972603,0.0,0.9397260273972603,343
0.2219178082191781,0.6986301369863014,-0.4767123287671233,-174
0.019178082191780823,0.6575342465753424,-0.6383561643835617,-233
0.10684931506849316,0.1589041095890411,-0.052054794520547946,-19
0.9616438356164384,0.049315068493150684,0.9123287671232877,333
0.7479452054794521,0.6986301369863014,0.049315068493150684,18
0.5452054794520548,0.6986301369863014,-0.15342465753424658,-56
0.5123287671232877,0.0,0.5123287671232877,187
0.5095890410958904,0.0,0.5095890410958904,186
0.3726027397260274,0.6904109589041096,-0.3178082191780822,-116
0.019178082191780823,0.0,0.019178082191780823,7
0.9232876712328767,0.6410958904109589,0.2821917808219178,103
0.5068493150684932,0.0,0.5068493150684932,185
0.13150684931506848,0.0,0.13150684931506848,48
0.021917808219178082,0.0,0.021917808219178082,8
0.2356164383561644,0.4986301369863014,-0.26301369863013696,-96
0.01643835616438356,0.0,0.01643835616438356,6
0.0,0.0,0.0,0
0.36164383561643837,0.6986301369863014,-0.336986301369863,-123
0.1095890410958904,0.0821917808219178,0.0273972602739726,10
0.410958904109589,0.6356164383561644,-0.22465753424657534,-82
0.5835616438356165,0.3287671232876712,0.2547945205479452,93
0.0136986301369863,0.0,0.0136986301369863,5
0.12876712328767123,0.3506849315068493,-0.2219178082191781,-81
0.2684931506849315,0.0,0.2684931506849315,98
0.23013698630136986,0.0,0.23013698630136986,84
0.0,0.0,0.0,0
0.0,0.0,0.0,0
0.0,0.0,0.0,0
0.0,0.0,0.0,0
0.6082191780821918,0.3287671232876712,0.27945205479452057,102
0.8191780821917808,0.0,0.8191780821917808,299
0.0410958904109589,0.4767123287671233,-0.43561643835616437,-159
0.2547945205479452,0.6986301369863014,-0.4438356164383562,-162
0.0,0.0,0.0,0
0.0,0.0,0.0,0
0.10136986301369863,0.6082191780821918,-0.5068493150684932,-185
0.0,0.0,0.0,0
0.6794520547945205,0.6986301369863014,-0.019178082191780823,-7
0.3589041095890411,0.6356164383561644,-0.27671232876712326,-101
0.0684931506849315,0.1643835616438356,-0.0958904109589041,-35
0.14520547945205478,0.0,0.14520547945205478,53
0.4575342465753425,0.4767123287671233,-0.019178082191780823,-7
0.0821917808219178,0.410958904109589,-0.3287671232876712,-120
0.2821917808219178,0.6575342465753424,-0.37534246575342467,-137
0.0,0.4986301369863014,-0.4986301369863014,-182
0.1178082191780822,0.03287671232876712,0.08493150684931507,31
0.9726027397260274,0.273972602739726,0.6986301369863014,255
0.4,0.6082191780821918,-0.20821917808219179,-76
0.021917808219178082,0.01643835616438356,0.005479452054794521,2
0.673972602739726,0.6575342465753424,0.01643835616438356,6
0.0,0.0,0.0,0
0.8191780821917808,0.6986301369863014,0.12054794520547946,44
0.14246575342465753,0.5424657534246575,-0.4,-146
0.1506849315068493,0.4273972602739726,-0.27671232876712326,-101
0.043835616438356165,0.0,0.043835616438356165,16
0.010958904109589041,0.1643835616438356,-0.15342465753424658,-56
0.936986301369863,0.6082191780821918,0.3287671232876712,120
0.25205479452054796,0.4931506849315068,-0.2410958904109589,-88
0.019178082191780823,0.0,0.019178082191780823,7
0.16712328767123288,0.3287671232876712,-0.16164383561643836,-59
0.40273972602739727,0.6986301369863014,-0.2958904109589041,-108
0.07397260273972603,0.0,0.07397260273972603,27
0.7123287671232876,0.36164383561643837,0.3506849315068493,128
0.8438356164383561,0.3561643835616438,0.4876712328767123,178
0.5808219178082191,0.11506849315068493,0.4657534246575342,170
0.17534246575342466,0.6986301369863014,-0.5232876712328767,-191
0.6164383561643836,0.4273972602739726,0.18904109589041096,69
0.589041095890411,0.2136986301369863,0.37534246575342467,137
0.5972602739726027,0.14794520547945206,0.44931506849315067,164
0.821917808219178,0.6082191780821918,0.2136986301369863,78
0.15342465753424658,0.0,0.15342465753424658,56
0.005479452054794521,0.0,0.005479452054794521,2
0.5534246575342465,0.6986301369863014,-0.14520547945205478,-53
0.2547945205479452,0.6986301369863014,-0.4438356164383562,-162
0.0,0.0,0.0,0
0.19726027397260273,0.6986301369863014,-0.5013698630136987,-183
0.6109589041095891,0.0,0.6109589041095891,223
0.6356164383561644,0.5753424657534246,0.06027397260273973,22
0.0,0.0,0.0,0
0.18904109589041096,0.6986301369863014,-0.5095890410958904,-186
0.32054794520547947,0.0,0.32054794520547947,117
0.8273972602739726,0.5260273972602739,0.3013698630136986,110
0.29863013698630136,0.0,0.29863013698630136,109
0.3150684931506849,0.6986301369863014,-0.3835616438356164,-140
0.3315068493150685,0.3013698630136986,0.030136986301369864,11
0.20273972602739726,0.13150684931506848,0.07123287671232877,26
0.27945205479452057,0.16986301369863013,0.1095890410958904,40
0.4849315068493151,0.0821917808219178,0.40273972602739727,147
0.1863013698630137,0.0,0.1863013698630137,68
0.10136986301369863,0.5095890410958904,-0.40821917808219177,-149
0.1863013698630137,0.2136986301369863,-0.0273972602739726,-10
0.28493150684931506,0.0,0.28493150684931506,104
0.19726027397260273,0.2136986301369863,-0.01643835616438356,-6
0.12602739726027398,0.3178082191780822,-0.1917808219178082,-70
0.873972602739726,0.3287671232876712,0.5452054794520548,199
0.005479452054794521,0.4767123287671233,-0.4712328767123288,-172
0.0027397260273972603,0.1643835616438356,-0.16164383561643836,-59
0.09863013698630137,0.4767123287671233,-0.3780821917808219,-138
0.6657534246575343,0.0,0.6657534246575343,243
0.1863013698630137,0.18082191780821918,0.005479452054794521,2
0.0,0.0,0.0,0
0.16986301369863013,0.27945205479452057,-0.1095890410958904,-40
0.663013698630137,0.0,0.663013698630137,242
0.1726027397260274,0.6575342465753424,-0.4849315068493151,-177
0.1506849315068493,0.39452054794520547,-0.24383561643835616,-89
0.13150684931506848,0.23013698630136986,-0.09863013698630137,-36
0.10684931506849316,0.6986301369863014,-0.5917808219178082,-216
0.7561643835616438,0.0,0.7561643835616438,276
0.16712328767123288,0.6986301369863014,-0.5315068493150685,-194
0.7643835616438356,0.0,0.7643835616438356,279
0.12876712328767123,0.17534246575342466,-0.04657534246575343,-17
0.6246575342465753,0.19726027397260273,0.4273972602739726,156
0.0,0.0,0.0,0
0.2328767123287671,0.4931506849315068,-0.2602739726027397,-95
0.5068493150684932,0.0,0.5068493150684932,185
0.6219178082191781,0.4767123287671233,0.14520547945205478,53
0.06575342465753424,0.5589041095890411,-0.4931506849315068,-180
0.8273972602739726,0.3452054794520548,0.4821917808219178,176
0.5041095890410959,0.0,0.5041095890410959,184
0.24383561643835616,0.6410958904109589,-0.3972602739726027,-145
0.4438356164383562,0.6410958904109589,-0.19726027397260273,-72
0.00821917808219178,0.1589041095890411,-0.1506849315068493,-55
0.4136986301369863,0.6904109589041096,-0.27671232876712326,-101
0.07945205479452055,0.1589041095890411,-0.07945205479452055,-29
0.0,0.4986301369863014,-0.4986301369863014,-182
0.38904109589041097,0.6410958904109589,-0.25205479452054796,-92
0.6246575342465753,0.0,0.6246575342465753,228
0.11232876712328767,0.6986301369863014,-0.5863013698630137,-214
0.049315068493150684,0.6575342465753424,-0.6082191780821918,-222
0.0821917808219178,0.0,0.0821917808219178,30
0.0,0.0,0.0,0
0.5726027397260274,0.6986301369863014,-0.12602739726027398,-46
0.2191780821917808,0.0,0.2191780821917808,80
0.589041095890411,0.4931506849315068,0.0958904109589041,35
0.0,0.0,0.0,0
0.1863013698630137,0.6986301369863014,-0.5123287671232877,-187
0.26575342465753427,0.0,0.26575342465753427,97
0.27945205479452057,0.0,0.27945205479452057,102
0.9315068493150684,0.06575342465753424,0.8657534246575342,316
0.0,0.0,0.0,0
0.5506849315068493,0.0,0.5506849315068493,201
0.0,0.6986301369863014,-0.6986301369863014,-255
0.2356164383561644,0.14794520547945206,0.08767123287671233,32
0.5068493150684932,0.4986301369863014,0.00821917808219178,3
0.0,0.0,0.0,0
0.28493150684931506,0.0,0.28493150684931506,104
0.03287671232876712,0.27945205479452057,-0.2465753424657534,-90
0.0,0.0,0.0,0
0.5013698630136987,0.4931506849315068,0.00821917808219178,3
0.27123287671232876,0.1589041095890411,0.11232876712328767,41
0.005479452054794521,0.4931506849315068,-0.4876712328767123,-178
0.8301369863013699,0.6986301369863014,0.13150684931506848,48
0.0027397260273972603,0.0,0.0027397260273972603,1
0.0027397260273972603,0.0,0.0027397260273972603,1
0.3589041095890411,0.4986301369863014,-0.13972602739726028,-51
0.06575342465753424,0.06575342465753424,0.0,0
0.06301369863013699,0.19726027397260273,-0.13424657534246576,-49
0.04657534246575343,0.06575342465753424,-0.019178082191780823,-7
0.09315068493150686,0.0821917808219178,0.010958904109589041,4
0.030136986301369864,0.2136986301369863,-0.18356164383561643,-67
0.11506849315068493,0.0,0.11506849315068493,42
0.08767123287671233,0.1643835616438356,-0.07671232876712329,-28
0.7342465753424657,0.09863013698630137,0.6356164383561644,232
0.7945205479452054,0.3178082191780822,0.4767123287671233,174
0.2602739726027397,0.0,0.2602739726027397,95
0.4904109589041096,0.6986301369863014,-0.20821917808219179,-76
0.07671232876712329,0.5589041095890411,-0.4821917808219178,-176
0.12602739726027398,0.09863013698630137,0.0273972602739726,10
0.0,0.0,0.0,0
0.08493150684931507,0.6904109589041096,-0.6054794520547945,-221
0.0027397260273972603,0.0,0.0027397260273972603,1
0.8602739726027397,0.2136986301369863,0.6465753424657534,236
0.6054794520547945,0.6986301369863014,-0.09315068493150686,-34
0.8164383561643835,0.2958904109589041,0.5205479452054794,190
0.06575342465753424,0.273972602739726,-0.20821917808219179,-76
0.6684931506849315,0.6986301369863014,-0.030136986301369864,-11
0.1095890410958904,0.13150684931506848,-0.021917808219178082,-8
0.8794520547945206,0.39452054794520547,0.4849315068493151,177
0.1589041095890411,0.1589041095890411,0.0,0
0.26301369863013696,0.0,0.26301369863013696,96
0.09863013698630137,0.0,0.09863013698630137,36
0.8328767123287671,0.6986301369863014,0.13424657534246576,49
0.03287671232876712,0.17534246575342466,-0.14246575342465753,-52
0.10410958904109589,0.5260273972602739,-0.42191780821917807,-154
0.21643835616438356,0.0,0.21643835616438356,79
0.852054794520548,0.14794520547945206,0.7041095890410959,257
0.810958904109589,0.3178082191780822,0.4931506849315068,180
0.25205479452054796,0.4767123287671233,-0.22465753424657534,-82
0.821917808219178,0.0,0.821917808219178,300
0.9780821917808219,0.18082191780821918,0.7972602739726027,291
0.7205479452054795,0.4767123287671233,0.24383561643835616,89
0.7342465753424657,0.4767123287671233,0.25753424657534246,94
0.7479452054794521,0.4273972602739726,0.32054794520547947,117
0.8054794520547945,0.4602739726027397,0.3452054794520548,126
0.24383561643835616,0.6986301369863014,-0.4547945205479452,-166
0.7561643835616438,0.0,0.7561643835616438,276
0.5095890410958904,0.0,0.5095890410958904,186
0.8,0.01643835616438356,0.7835616438356164,286
0.27123287671232876,0.3452054794520548,-0.07397260273972603,-27
0.038356164383561646,0.09863013698630137,-0.06027397260273973,-22
0.00821917808219178,0.03287671232876712,-0.024657534246575342,-9
0.410958904109589,0.410958904109589,0.0,0
0.021917808219178082,0.6986301369863014,-0.6767123287671233,-247
0.29315068493150687,0.6986301369863014,-0.4054794520547945,-148
0.0547945205479452,0.6986301369863014,-0.6438356164383562,-235
0.5945205479452055,0.5095890410958904,0.08493150684931507,31
0.00821917808219178,0.1589041095890411,-0.1506849315068493,-55
0.0410958904109589,0.06575342465753424,-0.024657534246575342,-9
0.005479452054794521,0.09863013698630137,-0.09315068493150686,-34
0.23013698630136986,0.0,0.23013698630136986,84
0.4986301369863014,0.16986301369863013,0.3287671232876712,120
0.03561643835616438,0.3287671232876712,-0.29315068493150687,-107
0.6082191780821918,0.6986301369863014,-0.09041095890410959,-33
0.44931506849315067,0.6986301369863014,-0.2493150684931507,-91
0.1095890410958904,0.6904109589041096,-0.5808219178082191,-212
0.16164383561643836,0.4931506849315068,-0.3315068493150685,-121
0.4438356164383562,0.6356164383561644,-0.1917808219178082,-70
0.0,0.0,0.0,0
0.0273972602739726,0.17534246575342466,-0.14794520547945206,-54
0.01643835616438356,0.0,0.01643835616438356,6
0.7534246575342466,0.0,0.7534246575342466,275
0.14520547945205478,0.3780821917808219,-0.2328767123287671,-85
0.09315068493150686,0.0,0.09315068493150686,34
0.34794520547945207,0.4931506849315068,-0.14520547945205478,-53
0.39452054794520547,0.13150684931506848,0.26301369863013696,96
0.15342465753424658,0.0,0.15342465753424658,56
0.17534246575342466,0.6986301369863014,-0.5232876712328767,-191
0.5671232876712329,0.15342465753424658,0.4136986301369863,151
0.24383561643835616,0.17534246575342466,0.0684931506849315,25
0.0,0.0,0.0,0
0.30684931506849317,0.3452054794520548,-0.038356164383561646,-14
0.1863013698630137,0.36164383561643837,-0.17534246575342466,-64
0.20273972602739726,0.3287671232876712,-0.12602739726027398,-46
0.09041095890410959,0.3287671232876712,-0.23835616438356164,-87
0.0821917808219178,0.0,0.0821917808219178,30
0.21643835616438356,0.3178082191780822,-0.10136986301369863,-37
0.32054794520547947,0.39452054794520547,-0.07397260273972603,-27
0.09315068493150686,0.6986301369863014,-0.6054794520547945,-221
0.46301369863013697,0.6986301369863014,-0.2356164383561644,-86
0.16986301369863013,0.6575342465753424,-0.4876712328767123,-178
0.07945205479452055,0.6986301369863014,-0.6191780821917808,-226
0.1506849315068493,0.6986301369863014,-0.547945205479452,-200
0.2493150684931507,0.4986301369863014,-0.2493150684931507,-91
0.0027397260273972603,0.0,0.0027397260273972603,1
0.0027397260273972603,0.0,0.0027397260273972603,1
0.14246575342465753,0.0,0.14246575342465753,52
0.8246575342465754,0.5424657534246575,0.2821917808219178,103
0.6219178082191781,0.1589041095890411,0.46301369863013697,169
0.2602739726027397,0.0,0.2602739726027397,95
0.5616438356164384,0.5589041095890411,0.0027397260273972603,1
0.5972602739726027,0.36164383561643837,0.2356164383561644,86
0.23835616438356164,0.6986301369863014,-0.4602739726027397,-168
0.052054794520547946,0.5260273972602739,-0.473972602739726,-173
0.3698630136986301,0.4931506849315068,-0.1232876712328767,-45
0.0958904109589041,0.4767123287671233,-0.38082191780821917,-139
0.6054794520547945,0.3287671232876712,0.27671232876712326,101
0.2219178082191781,0.16986301369863013,0.052054794520547946,19
0.0,0.0,0.0,0
0.18082191780821918,0.6986301369863014,-0.5178082191780822,-189
0.0027397260273972603,0.0,0.0027397260273972603,1
0.1506849315068493,0.0,0.1506849315068493,55
0.136986301369863,0.1643835616438356,-0.0273972602739726,-10
0.01643835616438356,0.0,0.01643835616438356,6
0.06027397260273973,0.0,0.06027397260273973,22
0.0,0.4986301369863014,-0.4986301369863014,-182
0.4301369863013699,0.3287671232876712,0.10136986301369863,37
0.27123287671232876,0.1643835616438356,0.10684931506849316,39
0.4465753424657534,0.6575342465753424,-0.21095890410958903,-77
0.10410958904109589,0.3287671232876712,-0.22465753424657534,-82
0.0547945205479452,0.5589041095890411,-0.5041095890410959,-184
0.6164383561643836,0.0,0.6164383561643836,225
0.2410958904109589,0.4767123287671233,-0.2356164383561644,-86
0.43561643835616437,0.26301369863013696,0.1726027397260274,63
0.9753424657534246,0.3506849315068493,0.6246575342465753,228
0.0136986301369863,0.4931506849315068,-0.4794520547945205,-175
0.09863013698630137,0.0,0.09863013698630137,36
0.0136986301369863,0.0,0.0136986301369863,5
0.12876712328767123,0.0,0.12876712328767123,47
0.09315068493150686,0.0,0.09315068493150686,34
0.1178082191780822,0.0,0.1178082191780822,43
0.8356164383561644,0.6082191780821918,0.2273972602739726,83
0.2191780821917808,0.0,0.2191780821917808,80
0.6520547945205479,0.1643835616438356,0.4876712328767123,178
0.6328767123287671,0.06575342465753424,0.5671232876712329,207
0.13424657534246576,0.0,0.13424657534246576,49
0.0027397260273972603,0.0,0.0027397260273972603,1
0.0136986301369863,0.1589041095890411,-0.14520547945205478,-53
0.6246575342465753,0.01643835616438356,0.6082191780821918,222
0.336986301369863,0.0821917808219178,0.2547945205479452,93
0.9232876712328767,0.3287671232876712,0.5945205479452055,217
0.18904109589041096,0.4273972602739726,-0.23835616438356164,-87
0.024657534246575342,0.3178082191780822,-0.29315068493150687,-107
0.40273972602739727,0.5589041095890411,-0.15616438356164383,-57
0.14520547945205478,0.0,0.14520547945205478,53
0.8246575342465754,0.5424657534246575,0.2821917808219178,103
0.8328767123287671,0.23013698630136986,0.6027397260273972,220
0.8328767123287671,0.3287671232876712,0.5041095890410959,184
0.6246575342465753,0.01643835616438356,0.6082191780821918,222
0.2273972602739726,0.4602739726027397,-0.2328767123287671,-85
0.2547945205479452,0.4986301369863014,-0.24383561643835616,-89
0.14246575342465753,0.4438356164383562,-0.3013698630136986,-110
0.0684931506849315,0.5917808219178082,-0.5232876712328767,-191
0.18082191780821918,0.1589041095890411,0.021917808219178082,8
0.18082191780821918,0.27945205479452057,-0.09863013698630137,-36
0.5315068493150685,0.6986301369863014,-0.16712328767123288,-61
0.26301369863013696,0.0,0.26301369863013696,96
0.8410958904109589,0.6575342465753424,0.18356164383561643,67
0.9205479452054794,0.6986301369863014,0.2219178082191781,81
0.12054794520547946,0.0,0.12054794520547946,44
0.00821917808219178,0.0,0.00821917808219178,3
0.9424657534246575,0.6986301369863014,0.24383561643835616,89
0.049315068493150684,0.6986301369863014,-0.6493150684931507,-237
0.0,0.0,0.0,0
0.1506849315068493,0.6986301369863014,-0.547945205479452,-200
0.04657534246575343,0.13150684931506848,-0.08493150684931507,-31
0.10410958904109589,0.6986301369863014,-0.5945205479452055,-217
0.5534246575342465,0.0,0.5534246575342465,202
0.00821917808219178,0.0,0.00821917808219178,3
0.10684931506849316,0.0,0.10684931506849316,39
0.5150684931506849,0.049315068493150684,0.4657534246575342,170
0.8602739726027397,0.14794520547945206,0.7123287671232876,260
0.27123287671232876,0.3178082191780822,-0.04657534246575343,-17
0.5095890410958904,0.0,0.5095890410958904,186
0.4712328767123288,0.3287671232876712,0.14246575342465753,52
0.8410958904109589,0.6986301369863014,0.14246575342465753,52
0.736986301369863,0.4767123287671233,0.2602739726027397,95
0.8191780821917808,0.0,0.8191780821917808,299
0.7452054794520548,0.6986301369863014,0.04657534246575343,17
0.6301369863013698,0.6986301369863014,-0.0684931506849315,-25
0.8547945205479452,0.6986301369863014,0.15616438356164383,57
0.8547945205479452,0.5589041095890411,0.2958904109589041,108
0.5698630136986301,0.4767123287671233,0.09315068493150686,34
0.7041095890410959,0.6986301369863014,0.005479452054794521,2
0.09315068493150686,0.6986301369863014,-0.6054794520547945,-221
0.06027397260273973,0.4438356164383562,-0.3835616438356164,-140
0.0027397260273972603,0.0,0.0027397260273972603,1
0.8657534246575342,0.0,0.8657534246575342,316
0.3863013698630137,0.6986301369863014,-0.31232876712328766,-114
0.821917808219178,0.6986301369863014,0.1232876712328767,45
0.0,0.0,0.0,0
0.23013698630136986,0.6986301369863014,-0.4684931506849315,-171
0.16986301369863013,0.2465753424657534,-0.07671232876712329,-28
0.7835616438356164,0.6356164383561644,0.14794520547945206,54
0.7534246575342466,0.6986301369863014,0.0547945205479452,20
0.2821917808219178,0.3287671232876712,-0.04657534246575343,-17
0.6575342465753424,0.03287671232876712,0.6246575342465753,228
0.8027397260273973,0.0,0.8027397260273973,293
0.5424657534246575,0.0821917808219178,0.4602739726027397,168
0.2876712328767123,0.3178082191780822,-0.030136986301369864,-11
0.6356164383561644,0.0,0.6356164383561644,232
0.4575342465753425,0.6246575342465753,-0.16712328767123288,-61
0.0,0.3178082191780822,-0.3178082191780822,-116
0.13972602739726028,0.0,0.13972602739726028,51
0.5095890410958904,0.06575342465753424,0.4438356164383562,162
0.27945205479452057,0.3178082191780822,-0.038356164383561646,-14
0.3589041095890411,0.0,0.3589041095890411,131
0.27123287671232876,0.4767123287671233,-0.2054794520547945,-75
0.6273972602739726,0.0,0.6273972602739726,229
0.06301369863013699,0.4767123287671233,-0.4136986301369863,-151
0.536986301369863,0.0,0.536986301369863,196
0.07671232876712329,0.5753424657534246,-0.4986301369863014,-182
0.11232876712328767,0.19726027397260273,-0.08493150684931507,-31
0.16986301369863013,0.4273972602739726,-0.25753424657534246,-94
0.821917808219178,0.09863013698630137,0.7232876712328767,264
0.9342465753424658,0.5589041095890411,0.37534246575342467,137
0.0136986301369863,0.1589041095890411,-0.14520547945205478,-53
0.4191780821917808,0.23013698630136986,0.18904109589041096,69
0.27945205479452057,0.13150684931506848,0.14794520547945206,54
0.27671232876712326,0.18082191780821918,0.0958904109589041,35
0.2821917808219178,0.19726027397260273,0.08493150684931507,31
0.8301369863013699,0.3452054794520548,0.4849315068493151,177
0.23013698630136986,0.4767123287671233,-0.2465753424657534,-90
0.13150684931506848,0.6986301369863014,-0.5671232876712329,-207
0.06027397260273973,0.3780821917808219,-0.3178082191780822,-116
0.15616438356164383,0.0,0.15616438356164383,57
0.10684931506849316,0.1589041095890411,-0.052054794520547946,-19
0.473972602739726,0.6986301369863014,-0.22465753424657534,-82
0.7561643835616438,0.0,0.7561643835616438,276
0.0,0.0,0.0,0
0.049315068493150684,0.4438356164383562,-0.39452054794520547,-144
0.136986301369863,0.0,0.136986301369863,50
0.12054794520547946,0.0,0.12054794520547946,44
0.9095890410958904,0.6986301369863014,0.21095890410958903,77
0.6,0.0,0.6,219
0.4301369863013699,0.6986301369863014,-0.2684931506849315,-98
0.3917808219178082,0.6986301369863014,-0.30684931506849317,-112
0.21095890410958903,0.4767123287671233,-0.26575342465753427,-97
0.5150684931506849,0.03287671232876712,0.4821917808219178,176
0.3150684931506849,0.1589041095890411,0.15616438356164383,57
0.27123287671232876,0.6986301369863014,-0.4273972602739726,-156
0.38082191780821917,0.1589041095890411,0.2219178082191781,81
0.3315068493150685,0.1589041095890411,0.1726027397260274,63
0.1232876712328767,0.2465753424657534,-0.1232876712328767,-45
0.10410958904109589,0.2465753424657534,-0.14246575342465753,-52
0.136986301369863,0.0,0.136986301369863,50
0.6493150684931507,0.6986301369863014,-0.049315068493150684,-18
0.049315068493150684,0.4767123287671233,-0.4273972602739726,-156
0.27123287671232876,0.0,0.27123287671232876,99
0.273972602739726,0.0,0.273972602739726,100
0.2602739726027397,0.0,0.2602739726027397,95
0.024657534246575342,0.0,0.024657534246575342,9
1.0,0.0,1.0,365
0.3424657534246575,0.049315068493150684,0.29315068493150687,107
0.1643835616438356,0.17534246575342466,-0.010958904109589041,-4
0.336986301369863,0.3287671232876712,0.00821917808219178,3
0.8684931506849315,0.6986301369863014,0.16986301369863013,62
0.2273972602739726,0.0,0.2273972602739726,83
0.10684931506849316,0.0,0.10684931506849316,39
0.6547945205479452,0.0,0.6547945205479452,239
0.0,0.0,0.0,0
0.3178082191780822,0.39452054794520547,-0.07671232876712329,-28
0.2684931506849315,0.0,0.2684931506849315,98
0.4520547945205479,0.0,0.4520547945205479,165
0.5643835616438356,0.6986301369863014,-0.13424657534246576,-49
0.07671232876712329,0.0,0.07671232876712329,28
0.005479452054794521,0.4767123287671233,-0.4712328767123288,-172
0.5917808219178082,0.0,0.5917808219178082,216
0.4,0.1643835616438356,0.2356164383561644,86
0.30684931506849317,0.0,0.30684931506849317,112
0.26301369863013696,0.4767123287671233,-0.2136986301369863,-78
0.29315068493150687,0.1589041095890411,0.13424657534246576,49
0.39452054794520547,0.4767123287671233,-0.0821917808219178,-30
0.4328767123287671,0.4438356164383562,-0.010958904109589041,-4
0.06301369863013699,0.4931506849315068,-0.4301369863013699,-157
0.13424657534246576,0.6986301369863014,-0.5643835616438356,-206
0.5753424657534246,0.18082191780821918,0.39452054794520547,144
0.1232876712328767,0.410958904109589,-0.2876712328767123,-105
0.0,0.1589041095890411,-0.1589041095890411,-58
0.7671232876712328,0.1589041095890411,0.6082191780821918,222
0.410958904109589,0.6986301369863014,-0.2876712328767123,-105
0.726027397260274,0.4438356164383562,0.2821917808219178,103
0.7534246575342466,0.3178082191780822,0.43561643835616437,159
0.3287671232876712,0.4438356164383562,-0.11506849315068493,-42
0.684931506849315,0.17534246575342466,0.5095890410958904,186
0.36712328767123287,0.0,0.36712328767123287,134
0.26301369863013696,0.1643835616438356,0.09863013698630137,36
0.08767123287671233,0.049315068493150684,0.038356164383561646,14
0.9260273972602739,0.4602739726027397,0.4657534246575342,170
0.057534246575342465,0.03287671232876712,0.024657534246575342,9
0.25205479452054796,0.0,0.25205479452054796,92
0.3780821917808219,0.0,0.3780821917808219,138
0.1643835616438356,0.3178082191780822,-0.15342465753424658,-56
0.1780821917808219,0.3287671232876712,-0.1506849315068493,-55
0.4246575342465753,0.6986301369863014,-0.273972602739726,-100
0.4657534246575342,0.0,0.4657534246575342,170
0.5726027397260274,0.1643835616438356,0.40821917808219177,149
0.5205479452054794,0.41643835616438357,0.10410958904109589,38
0.3041095890410959,0.0,0.3041095890410959,111
0.06027397260273973,0.36164383561643837,-0.3013698630136986,-110
0.33424657534246577,0.39452054794520547,-0.06027397260273973,-22
0.3232876712328767,0.6986301369863014,-0.37534246575342467,-137
0.3315068493150685,0.4273972602739726,-0.0958904109589041,-35
0.29041095890410956,0.36164383561643837,-0.07123287671232877,-26
0.26301369863013696,0.0,0.26301369863013696,96
0.2602739726027397,0.0,0.2602739726027397,95
0.7671232876712328,0.1589041095890411,0.6082191780821918,222
0.6383561643835617,0.0,0.6383561643835617,233
0.3041095890410959,0.5095890410958904,-0.2054794520547945,-75
0.11506849315068493,0.18082191780821918,-0.06575342465753424,-24
0.0,0.0,0.0,0
0.30684931506849317,0.2465753424657534,0.06027397260273973,22
0.09863013698630137,0.410958904109589,-0.31232876712328766,-114
0.15616438356164383,0.6986301369863014,-0.5424657534246575,-198
0.7808219178082192,0.673972602739726,0.10684931506849316,39
0.8301369863013699,0.5260273972602739,0.3041095890410959,111
0.3287671232876712,0.4767123287671233,-0.14794520547945206,-54
0.11506849315068493,0.26301369863013696,-0.14794520547945206,-54
0.11232876712328767,0.14794520547945206,-0.03561643835616438,-13
0.0684931506849315,0.06575342465753424,0.0027397260273972603,1
0.5095890410958904,0.0,0.5095890410958904,186
0.1178082191780822,0.19726027397260273,-0.07945205479452055,-29
0.8849315068493151,0.5589041095890411,0.32602739726027397,119
0.8328767123287671,0.6986301369863014,0.13424657534246576,49
0.43561643835616437,0.6986301369863014,-0.26301369863013696,-96
0.4849315068493151,0.6986301369863014,-0.2136986301369863,-78
0.5835616438356165,0.0,0.5835616438356165,213
0.15342465753424658,0.0,0.15342465753424658,56
0.16986301369863013,0.09863013698630137,0.07123287671232877,26
0.2273972602739726,0.6986301369863014,-0.4712328767123288,-172
0.12876712328767123,0.0,0.12876712328767123,47
0.13150684931506848,0.0,0.13150684931506848,48
0.13424657534246576,0.0,0.13424657534246576,49
0.0,0.0,0.0,0
0.7890410958904109,0.0,0.7890410958904109,288
0.4410958904109589,0.0,0.4410958904109589,161
0.0,0.0,0.0,0
0.547945205479452,0.5589041095890411,-0.010958904109589041,-4
0.3315068493150685,0.0,0.3315068493150685,121
0.32054794520547947,0.0,0.32054794520547947,117
0.7342465753424657,0.0821917808219178,0.6520547945205479,238
0.8602739726027397,0.4767123287671233,0.3835616438356164,140
0.6054794520547945,0.27945205479452057,0.32602739726027397,119
0.5972602739726027,0.0,0.5972602739726027,218
0.0,0.0,0.0,0
0.01643835616438356,0.0,0.01643835616438356,6
0.0,0.0,0.0,0
0.6410958904109589,0.6986301369863014,-0.057534246575342465,-21
0.6356164383561644,0.6246575342465753,0.010958904109589041,4
0.810958904109589,0.6986301369863014,0.11232876712328767,41
0.7534246575342466,0.0,0.7534246575342466,275
0.7534246575342466,0.0,0.7534246575342466,275
0.8767123287671232,0.0,0.8767123287671232,320
0.5178082191780822,0.0,0.5178082191780822,189
0.0410958904109589,0.6986301369863014,-0.6575342465753424,-240
0.3095890410958904,0.1589041095890411,0.1506849315068493,55
0.0273972602739726,0.4767123287671233,-0.44931506849315067,-164
0.25753424657534246,0.049315068493150684,0.20821917808219179,76
0.873972602739726,0.13150684931506848,0.7424657534246575,271
0.34794520547945207,0.049315068493150684,0.29863013698630136,109
0.9123287671232877,0.0,0.9123287671232877,333
0.5835616438356165,0.0,0.5835616438356165,213
0.5095890410958904,0.0,0.5095890410958904,186
0.9013698630136986,0.3287671232876712,0.5726027397260274,209
0.7397260273972602,0.3178082191780822,0.42191780821917807,154
0.726027397260274,0.6986301369863014,0.0273972602739726,10
0.25205479452054796,0.11506849315068493,0.136986301369863,50
0.8383561643835616,0.6986301369863014,0.13972602739726028,51
0.27123287671232876,0.6986301369863014,-0.4273972602739726,-156
0.4520547945205479,0.3178082191780822,0.13424657534246576,49
0.5917808219178082,0.0,0.5917808219178082,216
0.2219178082191781,0.15342465753424658,0.0684931506849315,25
0.7315068493150685,0.3506849315068493,0.38082191780821917,139
0.2273972602739726,0.6356164383561644,-0.40821917808219177,-149
0.7616438356164383,0.0,0.7616438356164383,278
0.15616438356164383,0.6575342465753424,-0.5013698630136987,-183
0.3041095890410959,0.6986301369863014,-0.39452054794520547,-144
0.27123287671232876,0.0,0.27123287671232876,99
0.7534246575342466,0.0,0.7534246575342466,275
0.08493150684931507,0.09863013698630137,-0.0136986301369863,-5
0.1589041095890411,0.1643835616438356,-0.005479452054794521,-2
0.2684931506849315,0.3452054794520548,-0.07671232876712329,-28
0.673972602739726,0.0,0.673972602739726,246
0.5835616438356165,0.18082191780821918,0.40273972602739727,147
0.0,0.0,0.0,0
0.2821917808219178,0.410958904109589,-0.12876712328767123,-47
0.10684931506849316,0.17534246575342466,-0.0684931506849315,-25
0.23835616438356164,0.1589041095890411,0.07945205479452055,29
0.6465753424657534,0.6986301369863014,-0.052054794520547946,-19
0.07945205479452055,0.09863013698630137,-0.019178082191780823,-7
0.1095890410958904,0.2136986301369863,-0.10410958904109589,-38
0.11506849315068493,0.06575342465753424,0.049315068493150684,18
0.6164383561643836,0.1589041095890411,0.4575342465753425,167
0.2602739726027397,0.4767123287671233,-0.21643835616438356,-79
0.958904109589041,0.0,0.958904109589041,350
0.958904109589041,0.06575342465753424,0.8931506849315068,326
0.2465753424657534,0.0,0.2465753424657534,90
0.736986301369863,0.0,0.736986301369863,269
0.0958904109589041,0.6356164383561644,-0.5397260273972603,-197
0.8712328767123287,0.2136986301369863,0.6575342465753424,240
0.2054794520547945,0.3287671232876712,-0.1232876712328767,-45
0.27123287671232876,0.4986301369863014,-0.2273972602739726,-83
0.6328767123287671,0.3287671232876712,0.3041095890410959,111
0.010958904109589041,0.6986301369863014,-0.6876712328767123,-251
0.1863013698630137,0.1643835616438356,0.021917808219178082,8
0.8301369863013699,0.0,0.8301369863013699,303
0.3315068493150685,0.0,0.3315068493150685,121
0.10410958904109589,0.4931506849315068,-0.38904109589041097,-142
0.13424657534246576,0.6986301369863014,-0.5643835616438356,-206
0.2191780821917808,0.0,0.2191780821917808,80
0.030136986301369864,0.3287671232876712,-0.29863013698630136,-109
0.16712328767123288,0.0,0.16712328767123288,61
0.07671232876712329,0.1643835616438356,-0.08767123287671233,-32
0.21095890410958903,0.17534246575342466,0.03561643835616438,13
0.049315068493150684,0.3178082191780822,-0.2684931506849315,-98
0.6876712328767123,0.0,0.6876712328767123,251
0.1863013698630137,0.0,0.1863013698630137,68
0.021917808219178082,0.0,0.021917808219178082,8
0.26301369863013696,0.3178082191780822,-0.0547945205479452,-20
0.7561643835616438,0.0,0.7561643835616438,276
0.5123287671232877,0.4986301369863014,0.0136986301369863,5
0.00821917808219178,0.03287671232876712,-0.024657534246575342,-9
1.0,0.0,1.0,365
0.23835616438356164,0.0,0.23835616438356164,87
0.23835616438356164,0.0,0.23835616438356164,87
0.2219178082191781,0.0,0.2219178082191781,81
0.7589041095890411,0.1589041095890411,0.6,219
0.06301369863013699,0.049315068493150684,0.0136986301369863,5
0.1589041095890411,0.6986301369863014,-0.5397260273972603,-197
0.08767123287671233,0.13150684931506848,-0.043835616438356165,-16
0.10410958904109589,0.03287671232876712,0.07123287671232877,26
0.32054794520547947,0.4767123287671233,-0.15616438356164383,-57
0.3013698630136986,0.4767123287671233,-0.17534246575342466,-64
0.7945205479452054,0.4273972602739726,0.36712328767123287,134
0.10410958904109589,0.6986301369863014,-0.5945205479452055,-217
0.1232876712328767,0.0,0.1232876712328767,45
0.21643835616438356,0.0,0.21643835616438356,79
0.4931506849315068,0.17534246575342466,0.3178082191780822,116
0.29315068493150687,0.6986301369863014,-0.4054794520547945,-148
0.1726027397260274,0.0,0.1726027397260274,63
0.13424657534246576,0.1643835616438356,-0.030136986301369864,-11
0.13424657534246576,0.1643835616438356,-0.030136986301369864,-11
0.3780821917808219,0.1643835616438356,0.2136986301369863,78
0.5178082191780822,0.0,0.5178082191780822,189
0.08493150684931507,0.6986301369863014,-0.6136986301369863,-224
0.8657534246575342,0.4602739726027397,0.4054794520547945,148
0.8301369863013699,0.23013698630136986,0.6,219
0.12054794520547946,0.2958904109589041,-0.17534246575342466,-64
0.0,0.4986301369863014,-0.4986301369863014,-182
0.5123287671232877,0.3178082191780822,0.19452054794520549,71
0.09863013698630137,0.0,0.09863013698630137,36
0.9068493150684932,0.13150684931506848,0.7753424657534247,283
0.0547945205479452,0.13150684931506848,-0.07671232876712329,-28
0.33424657534246577,0.6904109589041096,-0.3561643835616438,-130
0.23835616438356164,0.4986301369863014,-0.2602739726027397,-95
0.0,0.0,0.0,0
0.24383561643835616,0.0,0.24383561643835616,89
0.23013698630136986,0.0,0.23013698630136986,84
0.36164383561643837,0.19726027397260273,0.1643835616438356,60
0.27671232876712326,0.14794520547945206,0.12876712328767123,47
0.5150684931506849,0.0,0.5150684931506849,188
0.0273972602739726,0.0,0.0273972602739726,10
0.3917808219178082,0.6986301369863014,-0.30684931506849317,-112
0.01643835616438356,0.0,0.01643835616438356,6
0.09041095890410959,0.0,0.09041095890410959,33
0.10684931506849316,0.0,0.10684931506849316,39
0.27945205479452057,0.0,0.27945205479452057,102
0.2547945205479452,0.0,0.2547945205479452,93
0.3589041095890411,0.0,0.3589041095890411,131
0.26301369863013696,0.0,0.26301369863013696,96
0.23835616438356164,0.3178082191780822,-0.07945205479452055,-29
0.8657534246575342,0.6356164383561644,0.23013698630136986,84
0.049315068493150684,0.0,0.049315068493150684,18
0.4767123287671233,0.2136986301369863,0.26301369863013696,96
0.8328767123287671,0.0,0.8328767123287671,304
0.2410958904109589,0.0,0.2410958904109589,88
0.2273972602739726,0.0,0.2273972602739726,83
0.5835616438356165,0.6986301369863014,-0.11506849315068493,-42
0.3506849315068493,0.0,0.3506849315068493,128
0.6027397260273972,0.0,0.6027397260273972,220
0.2356164383561644,0.6986301369863014,-0.46301369863013697,-169
0.29863013698630136,0.6986301369863014,-0.4,-146
0.021917808219178082,0.0,0.021917808219178082,8
0.4904109589041096,0.4986301369863014,-0.00821917808219178,-3
0.10684931506849316,0.6986301369863014,-0.5917808219178082,-216
0.4794520547945205,0.6986301369863014,-0.2191780821917808,-80
0.989041095890411,0.6986301369863014,0.29041095890410956,106
0.936986301369863,0.6986301369863014,0.23835616438356164,87
0.9780821917808219,0.6986301369863014,0.27945205479452057,102
0.8904109589041096,0.673972602739726,0.21643835616438356,79
0.989041095890411,0.6986301369863014,0.29041095890410956,106
0.0547945205479452,0.0,0.0547945205479452,20
0.2821917808219178,0.0,0.2821917808219178,103
0.1095890410958904,0.0,0.1095890410958904,40
0.3150684931506849,0.2191780821917808,0.0958904109589041,35
0.9260273972602739,0.4438356164383562,0.4821917808219178,176
0.9780821917808219,0.6986301369863014,0.27945205479452057,102
0.9643835616438357,0.6986301369863014,0.26575342465753427,97
0.9534246575342465,0.6986301369863014,0.2547945205479452,93
0.936986301369863,0.6410958904109589,0.2958904109589041,108
0.1178082191780822,0.4767123287671233,-0.3589041095890411,-131
0.6219178082191781,0.3780821917808219,0.24383561643835616,89
0.1178082191780822,0.0,0.1178082191780822,43
0.9808219178082191,0.6986301369863014,0.2821917808219178,103
0.9616438356164384,0.673972602739726,0.2876712328767123,105
0.6410958904109589,0.0,0.6410958904109589,234
0.24383561643835616,0.0,0.24383561643835616,89
0.6794520547945205,0.17534246575342466,0.5041095890410959,184
0.07397260273972603,0.0,0.07397260273972603,27
0.07945205479452055,0.0,0.07945205479452055,29
0.6082191780821918,0.0,0.6082191780821918,222
0.07397260273972603,0.0,0.07397260273972603,27
0.16986301369863013,0.0,0.16986301369863013,62
0.26575342465753427,0.0,0.26575342465753427,97
0.4054794520547945,0.31232876712328766,0.09315068493150686,34
0.38082191780821917,0.1643835616438356,0.21643835616438356,79
0.0410958904109589,0.0,0.0410958904109589,15
0.09041095890410959,0.0,0.09041095890410959,33
0.42191780821917807,0.6986301369863014,-0.27671232876712326,-101
0.5232876712328767,0.17534246575342466,0.34794520547945207,127
0.09315068493150686,0.0,0.09315068493150686,34
0.0,0.0,0.0,0
0.0547945205479452,0.0,0.0547945205479452,20
0.1178082191780822,0.0,0.1178082191780822,43
0.11232876712328767,0.6986301369863014,-0.5863013698630137,-214
0.11232876712328767,0.17534246575342466,-0.06301369863013699,-23
0.2410958904109589,0.4931506849315068,-0.25205479452054796,-92
0.08493150684931507,0.6986301369863014,-0.6136986301369863,-224
0.01643835616438356,0.0,0.01643835616438356,6
0.6,0.0,0.6,219
0.3726027397260274,0.4602739726027397,-0.08767123287671233,-32
0.33972602739726027,0.1589041095890411,0.18082191780821918,66
0.2465753424657534,0.0,0.2465753424657534,90
0.4438356164383562,0.0,0.4438356164383562,162
0.9698630136986301,0.6986301369863014,0.27123287671232876,99
0.9397260273972603,0.6986301369863014,0.2410958904109589,88
0.9698630136986301,0.6986301369863014,0.27123287671232876,99
0.9835616438356164,0.6986301369863014,0.28493150684931506,104
0.9753424657534246,0.6986301369863014,0.27671232876712326,101
0.9726027397260274,0.6986301369863014,0.273972602739726,100
0.9753424657534246,0.6986301369863014,0.27671232876712326,101
0.3232876712328767,0.18082191780821918,0.14246575342465753,52
0.2958904109589041,0.09863013698630137,0.19726027397260273,72
0.019178082191780823,0.0,0.019178082191780823,7
0.6821917808219178,0.0,0.6821917808219178,249
0.6904109589041096,0.0,0.6904109589041096,252
0.1863013698630137,0.0,0.1863013698630137,68
0.9315068493150684,0.0821917808219178,0.8493150684931506,310
0.03561643835616438,0.0,0.03561643835616438,13
0.9205479452054794,0.11506849315068493,0.8054794520547945,294
0.14246575342465753,0.410958904109589,-0.2684931506849315,-98
0.3506849315068493,0.4438356164383562,-0.09315068493150686,-34
0.3726027397260274,0.4273972602739726,-0.0547945205479452,-20
0.37534246575342467,0.31232876712328766,0.06301369863013699,23
0.33424657534246577,0.36164383561643837,-0.0273972602739726,-10
0.40821917808219177,0.6986301369863014,-0.29041095890410956,-106
0.39452054794520547,0.3780821917808219,0.01643835616438356,6
0.16712328767123288,0.6986301369863014,-0.5315068493150685,-194
0.6821917808219178,0.3287671232876712,0.35342465753424657,129
0.5041095890410959,0.3287671232876712,0.17534246575342466,64
0.43561643835616437,0.5589041095890411,-0.1232876712328767,-45
0.37534246575342467,0.5917808219178082,-0.21643835616438356,-79
0.15342465753424658,0.5917808219178082,-0.4383561643835616,-160
0.3643835616438356,0.1589041095890411,0.2054794520547945,75
0.37534246575342467,0.5260273972602739,-0.1506849315068493,-55
0.23835616438356164,0.6082191780821918,-0.3698630136986301,-135
0.821917808219178,0.0,0.821917808219178,300
0.4821917808219178,0.0,0.4821917808219178,176
0.8575342465753425,0.3178082191780822,0.5397260273972603,197
0.8767123287671232,0.6986301369863014,0.1780821917808219,65
0.8547945205479452,0.0,0.8547945205479452,312
0.3150684931506849,0.5095890410958904,-0.19452054794520549,-71
0.12876712328767123,0.0,0.12876712328767123,47
0.9287671232876712,0.6986301369863014,0.23013698630136986,84
0.0,0.0,0.0,0
0.3561643835616438,0.6575342465753424,-0.3013698630136986,-110
0.5205479452054794,0.0,0.5205479452054794,190
0.6136986301369863,0.5260273972602739,0.08767123287671233,32
0.4,0.5589041095890411,-0.1589041095890411,-58
0.3150684931506849,0.0,0.3150684931506849,115
0.19452054794520549,0.6986301369863014,-0.5041095890410959,-184
0.11506849315068493,0.6986301369863014,-0.5835616438356165,-213
0.11506849315068493,0.5095890410958904,-0.39452054794520547,-144
1.0,0.0,1.0,365
0.2493150684931507,0.6986301369863014,-0.44931506849315067,-164
0.8328767123287671,0.5753424657534246,0.25753424657534246,94
0.9178082191780822,0.09863013698630137,0.8191780821917808,299
0.7561643835616438,0.1589041095890411,0.5972602739726027,218
0.3013698630136986,0.4438356164383562,-0.14246575342465753,-52
1.0,0.2136986301369863,0.7863013698630137,287
0.4191780821917808,0.0,0.4191780821917808,153
0.3726027397260274,0.5917808219178082,-0.2191780821917808,-80
0.2054794520547945,0.5753424657534246,-0.3698630136986301,-135
0.2328767123287671,0.5260273972602739,-0.29315068493150687,-107
0.4273972602739726,0.0,0.4273972602739726,156
0.0,0.0,0.0,0
0.38082191780821917,0.5589041095890411,-0.1780821917808219,-65
0.23013698630136986,0.14794520547945206,0.0821917808219178,30
0.18356164383561643,0.0,0.18356164383561643,67
0.10684931506849316,0.0,0.10684931506849316,39
0.07671232876712329,0.0,0.07671232876712329,28
0.10136986301369863,0.0,0.10136986301369863,37
0.1726027397260274,0.6986301369863014,-0.5260273972602739,-192
0.1917808219178082,0.36164383561643837,-0.16986301369863013,-62
0.1780821917808219,0.6986301369863014,-0.5205479452054794,-190
0.20821917808219179,0.6986301369863014,-0.4904109589041096,-179
0.18082191780821918,0.6986301369863014,-0.5178082191780822,-189
0.25753424657534246,0.6986301369863014,-0.4410958904109589,-161
0.052054794520547946,0.11506849315068493,-0.06301369863013699,-23
0.3561643835616438,0.4438356164383562,-0.08767123287671233,-32
0.1643835616438356,0.6986301369863014,-0.5342465753424658,-195
0.5643835616438356,0.1589041095890411,0.4054794520547945,148
0.5835616438356165,0.6986301369863014,-0.11506849315068493,-42
0.0,0.1589041095890411,-0.1589041095890411,-58
0.3287671232876712,0.23013698630136986,0.09863013698630137,36
0.821917808219178,0.6986301369863014,0.1232876712328767,45
0.8301369863013699,0.6986301369863014,0.13150684931506848,48
0.23013698630136986,0.6986301369863014,-0.4684931506849315,-171
0.9780821917808219,0.6986301369863014,0.27945205479452057,102
0.9534246575342465,0.6986301369863014,0.2547945205479452,93
0.873972602739726,0.4767123287671233,0.3972602739726027,145
0.2273972602739726,0.4931506849315068,-0.26575342465753427,-97
0.947945205479452,0.6986301369863014,0.2493150684931507,91
0.9671232876712329,0.6986301369863014,0.2684931506849315,98
0.0547945205479452,0.17534246575342466,-0.12054794520547946,-44
0.336986301369863,0.6986301369863014,-0.36164383561643837,-132
0.17534246575342466,0.3287671232876712,-0.15342465753424658,-56
0.2328767123287671,0.17534246575342466,0.057534246575342465,21
0.1643835616438356,0.0,0.1643835616438356,60
0.4301369863013699,0.0,0.4301369863013699,157
0.005479452054794521,0.11506849315068493,-0.1095890410958904,-40
0.8328767123287671,0.5589041095890411,0.273972602739726,100
0.09863013698630137,0.0,0.09863013698630137,36
0.4383561643835616,0.6986301369863014,-0.2602739726027397,-95
0.10410958904109589,0.0,0.10410958904109589,38
0.8136986301369863,0.23013698630136986,0.5835616438356165,213
0.043835616438356165,0.049315068493150684,-0.005479452054794521,-2
0.8246575342465754,0.0821917808219178,0.7424657534246575,271
0.1863013698630137,0.6986301369863014,-0.5123287671232877,-187
0.5917808219178082,0.2958904109589041,0.2958904109589041,108
0.010958904109589041,0.0,0.010958904109589041,4
0.8054794520547945,0.0,0.8054794520547945,294
0.049315068493150684,0.0,0.049315068493150684,18
0.3315068493150685,0.5589041095890411,-0.2273972602739726,-83
0.12876712328767123,0.0547945205479452,0.07397260273972603,27
0.09863013698630137,0.0,0.09863013698630137,36
0.3232876712328767,0.6986301369863014,-0.37534246575342467,-137
0.810958904109589,0.0,0.810958904109589,296
0.38904109589041097,0.6986301369863014,-0.3095890410958904,-113
0.6328767123287671,0.6986301369863014,-0.06575342465753424,-24
0.09315068493150686,0.17534246575342466,-0.0821917808219178,-30
0.01643835616438356,0.0,0.01643835616438356,6
0.052054794520547946,0.31232876712328766,-0.2602739726027397,-95
0.35342465753424657,0.5589041095890411,-0.2054794520547945,-75
0.4191780821917808,0.6986301369863014,-0.27945205479452057,-102
0.3506849315068493,0.5260273972602739,-0.17534246575342466,-64
0.5780821917808219,0.5698630136986301,0.00821917808219178,3
0.6136986301369863,0.0,0.6136986301369863,224
0.15342465753424658,0.09863013698630137,0.0547945205479452,20
0.852054794520548,0.2465753424657534,0.6054794520547945,221
0.14246575342465753,0.0,0.14246575342465753,52
0.8712328767123287,0.36164383561643837,0.5095890410958904,186
0.8657534246575342,0.26301369863013696,0.6027397260273972,220
0.8164383561643835,0.3287671232876712,0.4876712328767123,178
0.8465753424657534,0.1643835616438356,0.6821917808219178,249
0.29315068493150687,0.6986301369863014,-0.4054794520547945,-148
0.2821917808219178,0.1643835616438356,0.1178082191780822,43
0.5945205479452055,0.17534246575342466,0.4191780821917808,153
0.3150684931506849,0.0,0.3150684931506849,115
0.5397260273972603,0.0,0.5397260273972603,197
0.684931506849315,0.0,0.684931506849315,250
0.18082191780821918,0.6986301369863014,-0.5178082191780822,-189
0.9287671232876712,0.6246575342465753,0.3041095890410959,111
0.7945205479452054,0.6986301369863014,0.0958904109589041,35
0.136986301369863,0.03287671232876712,0.10410958904109589,38
0.2,0.13150684931506848,0.0684931506849315,25
0.03287671232876712,0.06575342465753424,-0.03287671232876712,-12
0.13972602739726028,0.049315068493150684,0.09041095890410959,33
0.14520547945205478,0.03287671232876712,0.11232876712328767,41
0.3013698630136986,0.049315068493150684,0.25205479452054796,92
0.6712328767123288,0.0,0.6712328767123288,245
0.3095890410958904,0.4767123287671233,-0.16712328767123288,-61
0.3506849315068493,0.4931506849315068,-0.14246575342465753,-52
1.0,0.0,1.0,365
0.09863013698630137,0.26301369863013696,-0.1643835616438356,-60
0.989041095890411,0.6986301369863014,0.29041095890410956,106
0.3863013698630137,0.6986301369863014,-0.31232876712328766,-114
0.19726027397260273,0.36164383561643837,-0.1643835616438356,-60
0.8602739726027397,0.6986301369863014,0.16164383561643836,59
0.06575342465753424,0.18082191780821918,-0.11506849315068493,-42
0.5205479452054794,0.5753424657534246,-0.0547945205479452,-20
0.4821917808219178,0.410958904109589,0.07123287671232877,26
0.5013698630136987,0.31232876712328766,0.18904109589041096,69
0.5945205479452055,0.0,0.5945205479452055,217
0.2410958904109589,0.0,0.2410958904109589,88
0.5260273972602739,0.3178082191780822,0.20821917808219179,76
0.536986301369863,0.4273972602739726,0.1095890410958904,40
0.4794520547945205,0.5260273972602739,-0.04657534246575343,-17
0.136986301369863,0.4931506849315068,-0.3561643835616438,-130
0.29863013698630136,0.0,0.29863013698630136,109
0.7972602739726027,0.0,0.7972602739726027,291
0.1863013698630137,0.0,0.1863013698630137,68
0.3726027397260274,0.0,0.3726027397260274,136
0.0,0.0,0.0,0
0.5808219178082191,0.6356164383561644,-0.0547945205479452,-20
0.5232876712328767,0.3178082191780822,0.2054794520547945,75
0.3643835616438356,0.4767123287671233,-0.11232876712328767,-41
0.7561643835616438,0.0,0.7561643835616438,276
0.9095890410958904,0.6575342465753424,0.25205479452054796,92
0.2821917808219178,0.6986301369863014,-0.41643835616438357,-152
0.21643835616438356,0.6986301369863014,-0.4821917808219178,-176
0.18356164383561643,0.6986301369863014,-0.5150684931506849,-188
0.21095890410958903,0.6986301369863014,-0.4876712328767123,-178
0.19726027397260273,0.6986301369863014,-0.5013698630136987,-183
0.22465753424657534,0.6986301369863014,-0.473972602739726,-173
0.2684931506849315,0.0,0.2684931506849315,98
0.5342465753424658,0.4273972602739726,0.10684931506849316,39
0.5232876712328767,0.4931506849315068,0.030136986301369864,11
0.2876712328767123,0.2465753424657534,0.0410958904109589,15
0.6027397260273972,0.6986301369863014,-0.0958904109589041,-35
0.17534246575342466,0.6986301369863014,-0.5232876712328767,-191
0.049315068493150684,0.23013698630136986,-0.18082191780821918,-66
0.8273972602739726,0.6986301369863014,0.12876712328767123,47
0.18904109589041096,0.6986301369863014,-0.5095890410958904,-186
0.27123287671232876,0.0,0.27123287671232876,99
0.0,0.0,0.0,0
0.9342465753424658,0.5260273972602739,0.40821917808219177,149
0.473972602739726,0.6986301369863014,-0.22465753424657534,-82
0.6520547945205479,0.3452054794520548,0.30684931506849317,112
0.17534246575342466,0.6986301369863014,-0.5232876712328767,-191
0.1726027397260274,0.6904109589041096,-0.5178082191780822,-189
0.1589041095890411,0.6575342465753424,-0.4986301369863014,-182
0.14794520547945206,0.4273972602739726,-0.27945205479452057,-102
0.14246575342465753,0.6986301369863014,-0.5561643835616439,-203
0.00821917808219178,0.0,0.00821917808219178,3
0.1178082191780822,0.01643835616438356,0.10136986301369863,37
0.038356164383561646,0.0,0.038356164383561646,14
0.29315068493150687,0.4986301369863014,-0.2054794520547945,-75
0.16712328767123288,0.6986301369863014,-0.5315068493150685,-194
0.273972602739726,0.2465753424657534,0.0273972602739726,10
0.5863013698630137,0.6904109589041096,-0.10410958904109589,-38
0.6767123287671233,0.6986301369863014,-0.021917808219178082,-8
0.8493150684931506,0.0,0.8493150684931506,310
0.2136986301369863,0.0,0.2136986301369863,78
0.5589041095890411,0.0,0.5589041095890411,204
0.2547945205479452,0.4602739726027397,-0.2054794520547945,-75
0.1095890410958904,0.0,0.1095890410958904,40
0.24383561643835616,0.0,0.24383561643835616,89
0.8712328767123287,0.6986301369863014,0.1726027397260274,63
0.7013698630136986,0.6986301369863014,0.0027397260273972603,1
0.0027397260273972603,0.6986301369863014,-0.6958904109589041,-254
0.19452054794520549,0.6986301369863014,-0.5041095890410959,-184
0.019178082191780823,0.6986301369863014,-0.6794520547945205,-248
1.0,0.0,1.0,365
0.4246575342465753,0.3178082191780822,0.10684931506849316,39
0.14246575342465753,0.0,0.14246575342465753,52
0.7972602739726027,0.27945205479452057,0.5178082191780822,189
0.2465753424657534,0.0,0.2465753424657534,90
0.7452054794520548,0.0,0.7452054794520548,272
0.3698630136986301,0.36164383561643837,0.00821917808219178,3
0.7561643835616438,0.0,0.7561643835616438,276
0.34794520547945207,0.2465753424657534,0.10136986301369863,37
0.9205479452054794,0.6986301369863014,0.2219178082191781,81
0.057534246575342465,0.0,0.057534246575342465,21
0.5095890410958904,0.6986301369863014,-0.18904109589041096,-69
0.36712328767123287,0.6082191780821918,-0.2410958904109589,-88
0.4849315068493151,0.6575342465753424,-0.1726027397260274,-63
0.6794520547945205,0.6904109589041096,-0.010958904109589041,-4
0.5068493150684932,0.4767123287671233,0.030136986301369864,11
0.19452054794520549,0.6986301369863014,-0.5041095890410959,-184
0.23835616438356164,0.0,0.23835616438356164,87
0.23835616438356164,0.23013698630136986,0.00821917808219178,3
0.3780821917808219,0.0,0.3780821917808219,138
0.23835616438356164,0.0,0.23835616438356164,87
0.2493150684931507,0.6986301369863014,-0.44931506849315067,-164
0.7917808219178082,0.18082191780821918,0.6109589041095891,223
0.2547945205479452,0.11506849315068493,0.13972602739726028,51
0.25753424657534246,0.0821917808219178,0.17534246575342466,64
0.23835616438356164,0.0,0.23835616438356164,87
0.8575342465753425,0.27945205479452057,0.5780821917808219,211
0.24383561643835616,0.6986301369863014,-0.4547945205479452,-166
0.3643835616438356,0.6410958904109589,-0.27671232876712326,-101
0.38904109589041097,0.6986301369863014,-0.3095890410958904,-113
0.024657534246575342,0.0,0.024657534246575342,9
0.26575342465753427,0.6986301369863014,-0.4328767123287671,-158
0.22465753424657534,0.6356164383561644,-0.410958904109589,-150
0.1232876712328767,0.4273972602739726,-0.3041095890410959,-111
0.16164383561643836,0.0,0.16164383561643836,59
0.6273972602739726,0.0,0.6273972602739726,229
0.684931506849315,0.0,0.684931506849315,250
0.40821917808219177,0.3506849315068493,0.057534246575342465,21
0.4301369863013699,0.6986301369863014,-0.2684931506849315,-98
0.5260273972602739,0.3452054794520548,0.18082191780821918,66
0.5808219178082191,0.6246575342465753,-0.043835616438356165,-16
0.473972602739726,0.31232876712328766,0.16164383561643836,59
0.7287671232876712,0.6986301369863014,0.030136986301369864,11
0.2273972602739726,0.3178082191780822,-0.09041095890410959,-33
0.2,0.0,0.2,73
0.9780821917808219,0.6986301369863014,0.27945205479452057,102
0.18356164383561643,0.0,0.18356164383561643,67
0.03561643835616438,0.14794520547945206,-0.11232876712328767,-41
0.15616438356164383,0.6986301369863014,-0.5424657534246575,-198
0.2958904109589041,0.06575342465753424,0.23013698630136986,84
0.20273972602739726,0.13150684931506848,0.07123287671232877,26
0.2328767123287671,0.6986301369863014,-0.4657534246575342,-170
0.17534246575342466,0.06575342465753424,0.1095890410958904,40
0.2465753424657534,0.18082191780821918,0.06575342465753424,24
0.4301369863013699,0.0,0.4301369863013699,157
0.473972602739726,0.547945205479452,-0.07397260273972603,-27
0.049315068493150684,0.17534246575342466,-0.12602739726027398,-46
0.13424657534246576,0.0,0.13424657534246576,49
0.6767123287671233,0.1589041095890411,0.5178082191780822,189
0.1726027397260274,0.0,0.1726027397260274,63
0.6054794520547945,0.6986301369863014,-0.09315068493150686,-34
0.6465753424657534,0.6986301369863014,-0.052054794520547946,-19
0.6575342465753424,0.6986301369863014,-0.0410958904109589,-15
0.6164383561643836,0.6575342465753424,-0.0410958904109589,-15
0.35342465753424657,0.31232876712328766,0.0410958904109589,15
0.3506849315068493,0.6986301369863014,-0.34794520547945207,-127
0.0821917808219178,0.5095890410958904,-0.4273972602739726,-156
0.2465753424657534,0.0,0.2465753424657534,90
0.10684931506849316,0.0,0.10684931506849316,39
0.3287671232876712,0.39452054794520547,-0.06575342465753424,-24
0.6931506849315069,0.6575342465753424,0.03561643835616438,13
0.6602739726027397,0.6986301369863014,-0.038356164383561646,-14
0.9808219178082191,0.0,0.9808219178082191,358
0.9452054794520548,0.6986301369863014,0.2465753424657534,90
0.2191780821917808,0.0,0.2191780821917808,80
0.6219178082191781,0.0,0.6219178082191781,227
0.4684931506849315,0.31232876712328766,0.15616438356164383,57
0.9534246575342465,0.6986301369863014,0.2547945205479452,93
0.40273972602739727,0.3506849315068493,0.052054794520547946,19
0.6383561643835617,0.0,0.6383561643835617,233
0.8821917808219178,0.14794520547945206,0.7342465753424657,268
0.6383561643835617,0.0,0.6383561643835617,233
0.13972602739726028,0.3287671232876712,-0.18904109589041096,-69
0.3835616438356164,0.6356164383561644,-0.25205479452054796,-92
0.15616438356164383,0.6575342465753424,-0.5013698630136987,-183
0.8547945205479452,0.0,0.8547945205479452,312
0.6219178082191781,0.4602739726027397,0.16164383561643836,59
0.5972602739726027,0.0,0.5972602739726027,218
0.2328767123287671,0.3178082191780822,-0.08493150684931507,-31
0.6191780821917808,0.4931506849315068,0.12602739726027398,46
0.6109589041095891,0.0,0.6109589041095891,223
0.0410958904109589,0.27945205479452057,-0.23835616438356164,-87
0.2602739726027397,0.0,0.2602739726027397,95
0.13972602739726028,0.0,0.13972602739726028,51
0.7671232876712328,0.0,0.7671232876712328,280
0.31232876712328766,0.673972602739726,-0.36164383561643837,-132
0.0,0.0,0.0,0
0.6410958904109589,0.0,0.6410958904109589,234
0.673972602739726,0.5041095890410959,0.16986301369863013,62
0.3095890410958904,0.31232876712328766,-0.0027397260273972603,-1
0.2493150684931507,0.19726027397260273,0.052054794520547946,19
0.2821917808219178,0.36164383561643837,-0.07945205479452055,-29
0.6273972602739726,0.0,0.6273972602739726,229
0.22465753424657534,0.3178082191780822,-0.09315068493150686,-34
1.0,0.3452054794520548,0.6547945205479452,239
0.21643835616438356,0.0,0.21643835616438356,79
0.6465753424657534,0.0,0.6465753424657534,236
0.5863013698630137,0.17534246575342466,0.410958904109589,150
0.7753424657534247,0.3287671232876712,0.4465753424657534,163
0.0958904109589041,0.39452054794520547,-0.29863013698630136,-109
0.8191780821917808,0.0,0.8191780821917808,299
0.3178082191780822,0.0,0.3178082191780822,116
0.0136986301369863,0.1643835616438356,-0.1506849315068493,-55
0.14246575342465753,0.3287671232876712,-0.1863013698630137,-68
0.7589041095890411,0.0,0.7589041095890411,277
0.46301369863013697,0.0,0.46301369863013697,169
0.6602739726027397,0.0,0.6602739726027397,241
0.25205479452054796,0.18082191780821918,0.07123287671232877,26
0.0958904109589041,0.1095890410958904,-0.0136986301369863,-5
0.8465753424657534,0.3780821917808219,0.4684931506849315,171
0.8465753424657534,0.0,0.8465753424657534,309
0.6794520547945205,0.6986301369863014,-0.019178082191780823,-7
0.24383561643835616,0.18082191780821918,0.06301369863013699,23
0.7890410958904109,0.19726027397260273,0.5917808219178082,216
0.41643835616438357,0.6986301369863014,-0.2821917808219178,-103
0.12054794520547946,0.0,0.12054794520547946,44
0.0,0.0,0.0,0
0.16164383561643836,0.0,0.16164383561643836,59
0.22465753424657534,0.0,0.22465753424657534,82
0.25205479452054796,0.0,0.25205479452054796,92
0.473972602739726,0.6986301369863014,-0.22465753424657534,-82
0.8410958904109589,0.18082191780821918,0.6602739726027397,241
0.8191780821917808,0.3780821917808219,0.4410958904109589,161
0.7945205479452054,0.3780821917808219,0.41643835616438357,152
0.8136986301369863,0.26301369863013696,0.5506849315068493,201
0.8575342465753425,0.11506849315068493,0.7424657534246575,271
0.2684931506849315,0.0,0.2684931506849315,98
0.5205479452054794,0.0,0.5205479452054794,190
0.23835616438356164,0.0,0.23835616438356164,87
0.010958904109589041,0.1643835616438356,-0.15342465753424658,-56
0.821917808219178,0.19726027397260273,0.6246575342465753,228
0.8301369863013699,0.3452054794520548,0.4849315068493151,177
0.810958904109589,0.27945205479452057,0.5315068493150685,194
0.8164383561643835,0.5424657534246575,0.273972602739726,100
0.821917808219178,0.0821917808219178,0.7397260273972602,270
0.8,0.3780821917808219,0.42191780821917807,154
0.8246575342465754,0.2465753424657534,0.5780821917808219,211
0.8191780821917808,0.31232876712328766,0.5068493150684932,185
0.3780821917808219,0.6986301369863014,-0.32054794520547947,-117
0.2602739726027397,0.0,0.2602739726027397,95
0.0,0.0,0.0,0
0.43561643835616437,0.0,0.43561643835616437,159
0.9534246575342465,0.0,0.9534246575342465,348
0.14246575342465753,0.0,0.14246575342465753,52
0.1726027397260274,0.6986301369863014,-0.5260273972602739,-192
0.8383561643835616,0.0,0.8383561643835616,306
0.3013698630136986,0.2136986301369863,0.08767123287671233,32
0.20821917808219179,0.6986301369863014,-0.4904109589041096,-179
0.26575342465753427,0.0,0.26575342465753427,97
0.4547945205479452,0.6986301369863014,-0.24383561643835616,-89
0.136986301369863,0.5589041095890411,-0.42191780821917807,-154
0.005479452054794521,0.01643835616438356,-0.010958904109589041,-4
0.37534246575342467,0.1589041095890411,0.21643835616438356,79
0.2684931506849315,0.0,0.2684931506849315,98
0.1917808219178082,0.6986301369863014,-0.5068493150684932,-185
0.27123287671232876,0.5753424657534246,-0.3041095890410959,-111
0.14520547945205478,0.0,0.14520547945205478,53
1.0,0.0,1.0,365
0.8493150684931506,0.0,0.8493150684931506,310
0.4191780821917808,0.6986301369863014,-0.27945205479452057,-102
0.3506849315068493,0.4767123287671233,-0.12602739726027398,-46
0.547945205479452,0.6356164383561644,-0.08767123287671233,-32
0.5753424657534246,0.4273972602739726,0.14794520547945206,54
0.863013698630137,0.0821917808219178,0.7808219178082192,285
0.08767123287671233,0.0,0.08767123287671233,32
0.8767123287671232,0.14794520547945206,0.7287671232876712,266
0.8328767123287671,0.3178082191780822,0.5150684931506849,188
0.26301369863013696,0.0,0.26301369863013696,96
0.8301369863013699,0.06575342465753424,0.7643835616438356,279
0.8328767123287671,0.09863013698630137,0.7342465753424657,268
0.23835616438356164,0.0,0.23835616438356164,87
0.852054794520548,0.19726027397260273,0.6547945205479452,239
0.6520547945205479,0.0,0.6520547945205479,238
0.7643835616438356,0.6986301369863014,0.06575342465753424,24
0.2493150684931507,0.0,0.2493150684931507,91
0.8465753424657534,0.0821917808219178,0.7643835616438356,279
0.8794520547945206,0.2958904109589041,0.5835616438356165,213
0.821917808219178,0.2136986301369863,0.6082191780821918,222
0.8493150684931506,0.11506849315068493,0.7342465753424657,268
0.8712328767123287,0.11506849315068493,0.7561643835616438,276
0.9013698630136986,0.0821917808219178,0.8191780821917808,299
0.8547945205479452,0.0821917808219178,0.7726027397260274,282
0.7808219178082192,0.0,0.7808219178082192,285
0.6602739726027397,0.0,0.6602739726027397,241
0.21643835616438356,0.0,0.21643835616438356,79
0.9178082191780822,0.0,0.9178082191780822,335
0.1726027397260274,0.0,0.1726027397260274,63
0.9013698630136986,0.26301369863013696,0.6383561643835617,233
0.8684931506849315,0.3287671232876712,0.5397260273972603,197
0.863013698630137,0.13150684931506848,0.7315068493150685,267
0.8410958904109589,0.23013698630136986,0.6109589041095891,223
0.8273972602739726,0.049315068493150684,0.7780821917808219,284
0.8356164383561644,0.0821917808219178,0.7534246575342466,275
0.2,0.6986301369863014,-0.4986301369863014,-182
0.8383561643835616,0.11506849315068493,0.7232876712328767,264
0.3506849315068493,0.049315068493150684,0.3013698630136986,110
0.8465753424657534,0.2136986301369863,0.6328767123287671,231
0.0821917808219178,0.0,0.0821917808219178,30
0.5178082191780822,0.0,0.5178082191780822,189
0.43561643835616437,0.0,0.43561643835616437,159
0.0821917808219178,0.1643835616438356,-0.0821917808219178,-30
0.852054794520548,0.14794520547945206,0.7041095890410959,257
0.8438356164383561,0.2465753424657534,0.5972602739726027,218
0.0136986301369863,0.6986301369863014,-0.684931506849315,-250
0.5561643835616439,0.0,0.5561643835616439,203
0.4794520547945205,0.0,0.4794520547945205,175
0.19452054794520549,0.6986301369863014,-0.5041095890410959,-184
0.10410958904109589,0.0,0.10410958904109589,38
0.5972602739726027,0.0,0.5972602739726027,218
0.4054794520547945,0.4986301369863014,-0.09315068493150686,-34
0.14794520547945206,0.6986301369863014,-0.5506849315068493,-201
0.0027397260273972603,0.1589041095890411,-0.15616438356164383,-57
0.4684931506849315,0.0,0.4684931506849315,171
0.1780821917808219,0.3452054794520548,-0.16712328767123288,-61
0.46301369863013697,0.6356164383561644,-0.1726027397260274,-63
0.3863013698630137,0.2465753424657534,0.13972602739726028,51
0.24383561643835616,0.0,0.24383561643835616,89
0.9068493150684932,0.0,0.9068493150684932,331
0.3917808219178082,0.0,0.3917808219178082,143
0.4410958904109589,0.0,0.4410958904109589,161
0.7698630136986301,0.0,0.7698630136986301,281
0.06301369863013699,0.1643835616438356,-0.10136986301369863,-37
0.1095890410958904,0.6986301369863014,-0.589041095890411,-215
0.11506849315068493,0.0,0.11506849315068493,42
0.06027397260273973,0.1095890410958904,-0.049315068493150684,-18
0.42191780821917807,0.0,0.42191780821917807,154
0.7589041095890411,0.2136986301369863,0.5452054794520548,199
0.4328767123287671,0.1589041095890411,0.273972602739726,100
0.3561643835616438,0.6986301369863014,-0.3424657534246575,-125
0.2273972602739726,0.0,0.2273972602739726,83
0.9863013698630136,0.13150684931506848,0.8547945205479452,312
0.5780821917808219,0.39452054794520547,0.18356164383561643,67
0.4,0.5095890410958904,-0.1095890410958904,-40
0.1863013698630137,0.0,0.1863013698630137,68
0.29041095890410956,0.18082191780821918,0.1095890410958904,40
0.8136986301369863,0.4931506849315068,0.32054794520547947,117
0.8931506849315068,0.3178082191780822,0.5753424657534246,210
0.4301369863013699,0.0,0.4301369863013699,157
0.2821917808219178,0.6986301369863014,-0.41643835616438357,-152
0.3698630136986301,0.0,0.3698630136986301,135
0.4684931506849315,0.6986301369863014,-0.23013698630136986,-84
0.3726027397260274,0.3178082191780822,0.0547945205479452,20
0.5178082191780822,0.0,0.5178082191780822,189
0.2410958904109589,0.4767123287671233,-0.2356164383561644,-86
0.589041095890411,0.0,0.589041095890411,215
0.2493150684931507,0.6986301369863014,-0.44931506849315067,-164
0.810958904109589,0.0,0.810958904109589,296
0.4301369863013699,0.0,0.4301369863013699,157
0.9095890410958904,0.3780821917808219,0.5315068493150685,194
0.07945205479452055,0.09863013698630137,-0.019178082191780823,-7
0.2,0.0,0.2,73
0.1589041095890411,0.1589041095890411,0.0,0
0.9835616438356164,0.23013698630136986,0.7534246575342466,275
0.7616438356164383,0.0,0.7616438356164383,278
0.0,0.16986301369863013,-0.16986301369863013,-62
0.0136986301369863,0.0,0.0136986301369863,5
0.2465753424657534,0.0,0.2465753424657534,90
0.0136986301369863,0.0,0.0136986301369863,5
0.7397260273972602,0.6575342465753424,0.0821917808219178,30
0.8438356164383561,0.0,0.8438356164383561,308
0.9397260273972603,0.0821917808219178,0.8575342465753425,313
0.5095890410958904,0.4383561643835616,0.07123287671232877,26
0.07123287671232877,0.2136986301369863,-0.14246575342465753,-52
0.6410958904109589,0.0,0.6410958904109589,234
0.09863013698630137,0.2136986301369863,-0.11506849315068493,-42
0.8931506849315068,0.1643835616438356,0.7287671232876712,266
0.5753424657534246,0.4273972602739726,0.14794520547945206,54
0.2273972602739726,0.0,0.2273972602739726,83
0.4904109589041096,0.0,0.4904109589041096,179
0.0273972602739726,0.0,0.0273972602739726,10
0.4328767123287671,0.4767123287671233,-0.043835616438356165,-16
0.7205479452054795,0.6986301369863014,0.021917808219178082,8
0.43561643835616437,0.1589041095890411,0.27671232876712326,101
0.8904109589041096,0.6904109589041096,0.2,73
0.9698630136986301,0.4767123287671233,0.4931506849315068,180
0.46301369863013697,0.0,0.46301369863013697,169
0.46301369863013697,0.6356164383561644,-0.1726027397260274,-63
0.9068493150684932,0.11506849315068493,0.7917808219178082,289
0.0027397260273972603,0.0,0.0027397260273972603,1
0.3452054794520548,0.6986301369863014,-0.35342465753424657,-129
0.0958904109589041,0.3178082191780822,-0.2219178082191781,-81
0.5013698630136987,0.4767123287671233,0.024657534246575342,9
0.4246575342465753,0.6986301369863014,-0.273972602739726,-100
0.6821917808219178,0.4931506849315068,0.18904109589041096,69
0.06027397260273973,0.6986301369863014,-0.6383561643835617,-233
0.043835616438356165,0.0,0.043835616438356165,16
0.2328767123287671,0.1643835616438356,0.0684931506849315,25
0.6520547945205479,0.4602739726027397,0.1917808219178082,70
0.11506849315068493,0.0,0.11506849315068493,42
0.6821917808219178,0.0,0.6821917808219178,249
0.2191780821917808,0.09863013698630137,0.12054794520547946,44
0.6219178082191781,0.5589041095890411,0.06301369863013699,23
0.4767123287671233,0.6986301369863014,-0.2219178082191781,-81
0.6054794520547945,0.0,0.6054794520547945,221
0.0027397260273972603,0.0,0.0027397260273972603,1
0.21095890410958903,0.0,0.21095890410958903,77
0.0821917808219178,0.39452054794520547,-0.31232876712328766,-114
0.20821917808219179,0.0,0.20821917808219179,76
0.06027397260273973,0.6575342465753424,-0.5972602739726027,-218
0.1178082191780822,0.23013698630136986,-0.11232876712328767,-41
0.12876712328767123,0.0,0.12876712328767123,47
0.17534246575342466,0.0,0.17534246575342466,64
0.5178082191780822,0.0,0.5178082191780822,189
0.0,0.0,0.0,0
0.5589041095890411,0.3780821917808219,0.18082191780821918,66
0.5041095890410959,0.6356164383561644,-0.13150684931506848,-48
0.852054794520548,0.0,0.852054794520548,311
0.20273972602739726,0.5753424657534246,-0.3726027397260274,-136
0.6931506849315069,0.0,0.6931506849315069,253
0.5452054794520548,0.3178082191780822,0.2273972602739726,83
0.5013698630136987,0.3178082191780822,0.18356164383561643,67
0.11232876712328767,0.18082191780821918,-0.0684931506849315,-25
0.3972602739726027,0.4767123287671233,-0.07945205479452055,-29
0.021917808219178082,0.31232876712328766,-0.29041095890410956,-106
0.03287671232876712,0.27945205479452057,-0.2465753424657534,-90
0.4383561643835616,0.0,0.4383561643835616,160
0.4191780821917808,0.6356164383561644,-0.21643835616438356,-79
0.41643835616438357,0.1589041095890411,0.25753424657534246,94
0.043835616438356165,0.1643835616438356,-0.12054794520547946,-44
0.3424657534246575,0.6986301369863014,-0.3561643835616438,-130
0.589041095890411,0.2465753424657534,0.3424657534246575,125
0.3232876712328767,0.6986301369863014,-0.37534246575342467,-137
0.2465753424657534,0.4986301369863014,-0.25205479452054796,-92
0.1589041095890411,0.4767123287671233,-0.3178082191780822,-116
0.2356164383561644,0.0,0.2356164383561644,86
0.39452054794520547,0.0,0.39452054794520547,144
0.6328767123287671,0.26301369863013696,0.3698630136986301,135
0.7917808219178082,0.0,0.7917808219178082,289
0.863013698630137,0.01643835616438356,0.8465753424657534,309
0.3972602739726027,0.3178082191780822,0.07945205479452055,29
0.23835616438356164,0.0,0.23835616438356164,87
0.821917808219178,0.5917808219178082,0.23013698630136986,84
0.7753424657534247,0.4767123287671233,0.29863013698630136,109
0.8,0.3452054794520548,0.4547945205479452,166
0.07123287671232877,0.0,0.07123287671232877,26
0.2410958904109589,0.1643835616438356,0.07671232876712329,28
0.3643835616438356,0.0821917808219178,0.2821917808219178,103
0.16986301369863013,0.6986301369863014,-0.5287671232876713,-193
0.057534246575342465,0.13150684931506848,-0.07397260273972603,-27
0.0821917808219178,0.0,0.0821917808219178,30
0.6821917808219178,0.0,0.6821917808219178,249
0.3835616438356164,0.0821917808219178,0.3013698630136986,110
0.12602739726027398,0.3178082191780822,-0.1917808219178082,-70
0.6054794520547945,0.0,0.6054794520547945,221
0.5424657534246575,0.5917808219178082,-0.049315068493150684,-18
0.4602739726027397,0.6986301369863014,-0.23835616438356164,-87
0.3917808219178082,0.6986301369863014,-0.30684931506849317,-112
0.14794520547945206,0.410958904109589,-0.26301369863013696,-96
0.030136986301369864,0.0,0.030136986301369864,11
0.2602739726027397,0.0,0.2602739726027397,95
0.1095890410958904,0.410958904109589,-0.3013698630136986,-110
0.5534246575342465,0.4767123287671233,0.07671232876712329,28
0.3835616438356164,0.1589041095890411,0.22465753424657534,82
0.4328767123287671,0.1589041095890411,0.273972602739726,100
0.15616438356164383,0.6082191780821918,-0.4520547945205479,-165
0.024657534246575342,0.0,0.024657534246575342,9
0.5506849315068493,0.0,0.5506849315068493,201
0.0,0.0,0.0,0
0.0,0.0,0.0,0
0.4,0.1589041095890411,0.2410958904109589,88
0.1726027397260274,0.5095890410958904,-0.336986301369863,-123
0.4986301369863014,0.4767123287671233,0.021917808219178082,8
0.6219178082191781,0.3178082191780822,0.3041095890410959,111
0.3726027397260274,0.3178082191780822,0.0547945205479452,20
0.4986301369863014,0.1589041095890411,0.33972602739726027,124
0.7643835616438356,0.0,0.7643835616438356,279
0.9506849315068493,0.15342465753424658,0.7972602739726027,291
0.2684931506849315,0.0,0.2684931506849315,98
0.4273972602739726,0.6246575342465753,-0.19726027397260273,-72
0.4684931506849315,0.5095890410958904,-0.0410958904109589,-15
0.40821917808219177,0.39452054794520547,0.0136986301369863,5
0.4301369863013699,0.6986301369863014,-0.2684931506849315,-98
0.10410958904109589,0.4986301369863014,-0.39452054794520547,-144
1.0,0.0,1.0,365
0.3506849315068493,0.0,0.3506849315068493,128
0.1506849315068493,0.6986301369863014,-0.547945205479452,-200
0.1863013698630137,0.6986301369863014,-0.5123287671232877,-187
0.2,0.6986301369863014,-0.4986301369863014,-182
0.3835616438356164,0.6986301369863014,-0.3150684931506849,-115
0.4191780821917808,0.1589041095890411,0.2602739726027397,95
0.7780821917808219,0.0,0.7780821917808219,284
0.4931506849315068,0.4767123287671233,0.01643835616438356,6
0.43561643835616437,0.5917808219178082,-0.15616438356164383,-57
0.37534246575342467,0.1589041095890411,0.21643835616438356,79
0.6958904109589041,0.0,0.6958904109589041,254
0.8164383561643835,0.4602739726027397,0.3561643835616438,130
0.9260273972602739,0.6986301369863014,0.2273972602739726,83
0.7808219178082192,0.6986301369863014,0.0821917808219178,30
0.726027397260274,0.0,0.726027397260274,265
0.5726027397260274,0.3178082191780822,0.2547945205479452,93
0.20273972602739726,0.0,0.20273972602739726,74
0.7068493150684931,0.6986301369863014,0.00821917808219178,3
0.6465753424657534,0.6986301369863014,-0.052054794520547946,-19
0.3780821917808219,0.6986301369863014,-0.32054794520547947,-117
0.3287671232876712,0.6986301369863014,-0.3698630136986301,-135
0.36164383561643837,0.6986301369863014,-0.336986301369863,-123
0.43561643835616437,0.6986301369863014,-0.26301369863013696,-96
0.17534246575342466,0.6082191780821918,-0.4328767123287671,-158
0.1726027397260274,0.5260273972602739,-0.35342465753424657,-129
0.18356164383561643,0.0,0.18356164383561643,67
0.2328767123287671,0.0,0.2328767123287671,85
0.07397260273972603,0.2136986301369863,-0.13972602739726028,-51
0.10410958904109589,0.36164383561643837,-0.25753424657534246,-94
0.19726027397260273,0.6986301369863014,-0.5013698630136987,-183
0.0136986301369863,0.13150684931506848,-0.1178082191780822,-43
0.34794520547945207,0.6986301369863014,-0.3506849315068493,-128
0.3726027397260274,0.6986301369863014,-0.32602739726027397,-119
0.3643835616438356,0.6986301369863014,-0.33424657534246577,-122
0.3643835616438356,0.6986301369863014,-0.33424657534246577,-122
0.37534246575342467,0.6986301369863014,-0.3232876712328767,-118
0.3589041095890411,0.6986301369863014,-0.33972602739726027,-124
0.3561643835616438,0.6986301369863014,-0.3424657534246575,-125
0.3726027397260274,0.6986301369863014,-0.32602739726027397,-119
0.3561643835616438,0.6246575342465753,-0.2684931506849315,-98
0.3972602739726027,0.6986301369863014,-0.3013698630136986,-110
0.3287671232876712,0.673972602739726,-0.3452054794520548,-126
0.4,0.6986301369863014,-0.29863013698630136,-109
0.3726027397260274,0.0,0.3726027397260274,136
0.12876712328767123,0.0,0.12876712328767123,47
0.0,0.0,0.0,0
0.5041095890410959,0.4767123287671233,0.0273972602739726,10
0.4712328767123288,0.4273972602739726,0.043835616438356165,16
0.5808219178082191,0.3780821917808219,0.20273972602739726,74
0.5589041095890411,0.5095890410958904,0.049315068493150684,18
0.09315068493150686,0.5589041095890411,-0.4657534246575342,-170
0.030136986301369864,0.049315068493150684,-0.019178082191780823,-7
0.1232876712328767,0.6986301369863014,-0.5753424657534246,-210
0.18356164383561643,0.5260273972602739,-0.3424657534246575,-125
0.019178082191780823,0.0,0.019178082191780823,7
0.4328767123287671,0.0,0.4328767123287671,158
0.6931506849315069,0.6986301369863014,-0.005479452054794521,-2
0.5315068493150685,0.4767123287671233,0.0547945205479452,20
0.7698630136986301,0.0,0.7698630136986301,281
0.2958904109589041,0.0,0.2958904109589041,108
0.2410958904109589,0.0,0.2410958904109589,88
0.005479452054794521,0.4383561643835616,-0.4328767123287671,-158
0.29863013698630136,0.0,0.29863013698630136,109
0.8794520547945206,0.0,0.8794520547945206,321
0.1232876712328767,0.6986301369863014,-0.5753424657534246,-210
0.0,0.0,0.0,0
0.40821917808219177,0.4931506849315068,-0.08493150684931507,-31
0.36712328767123287,0.1589041095890411,0.20821917808219179,76
0.41643835616438357,0.0,0.41643835616438357,152
0.1232876712328767,0.4767123287671233,-0.35342465753424657,-129
0.473972602739726,0.6082191780821918,-0.13424657534246576,-49
0.2328767123287671,0.0,0.2328767123287671,85
0.4273972602739726,0.6986301369863014,-0.27123287671232876,-99
0.0958904109589041,0.36164383561643837,-0.26575342465753427,-97
0.3178082191780822,0.6986301369863014,-0.38082191780821917,-139
0.10684931506849316,0.0,0.10684931506849316,39
0.23013698630136986,0.0821917808219178,0.14794520547945206,54
0.7890410958904109,0.3178082191780822,0.4712328767123288,172
0.2219178082191781,0.0,0.2219178082191781,81
0.37534246575342467,0.410958904109589,-0.03561643835616438,-13
0.2328767123287671,0.0,0.2328767123287671,85
0.1178082191780822,0.6986301369863014,-0.5808219178082191,-212
0.16164383561643836,0.6986301369863014,-0.536986301369863,-196
0.10410958904109589,0.6986301369863014,-0.5945205479452055,-217
0.4602739726027397,0.6986301369863014,-0.23835616438356164,-87
0.0027397260273972603,0.0,0.0027397260273972603,1
0.273972602739726,0.09863013698630137,0.17534246575342466,64
0.0958904109589041,0.6986301369863014,-0.6027397260273972,-220
0.9506849315068493,0.6986301369863014,0.25205479452054796,92
0.1589041095890411,0.6356164383561644,-0.4767123287671233,-174
0.0,0.0,0.0,0
0.0,0.0,0.0,0
0.8876712328767123,0.6082191780821918,0.27945205479452057,102
0.36712328767123287,0.27945205479452057,0.08767123287671233,32
0.1780821917808219,0.3452054794520548,-0.16712328767123288,-61
0.1863013698630137,0.6246575342465753,-0.4383561643835616,-160
0.4301369863013699,0.0,0.4301369863013699,157
0.7780821917808219,0.0,0.7780821917808219,284
0.0,0.0,0.0,0
0.9342465753424658,0.2465753424657534,0.6876712328767123,251
0.0,0.0,0.0,0
0.0,0.0,0.0,0
0.0,0.1643835616438356,-0.1643835616438356,-60
0.6821917808219178,0.0,0.6821917808219178,249
0.6054794520547945,0.6986301369863014,-0.09315068493150686,-34
0.4383561643835616,0.0,0.4383561643835616,160
0.2410958904109589,0.0,0.2410958904109589,88
0.16712328767123288,0.0,0.16712328767123288,61
0.24383561643835616,0.0821917808219178,0.16164383561643836,59
0.024657534246575342,0.0,0.024657534246575342,9
1.0,0.0,1.0,365
0.4876712328767123,0.0,0.4876712328767123,178
0.26575342465753427,0.0,0.26575342465753427,97
0.7671232876712328,0.5260273972602739,0.2410958904109589,88
0.3150684931506849,0.14794520547945206,0.16712328767123288,61
0.25205479452054796,0.6986301369863014,-0.4465753424657534,-163
0.8136986301369863,0.0,0.8136986301369863,297
0.0027397260273972603,0.0,0.0027397260273972603,1
0.1095890410958904,0.6986301369863014,-0.589041095890411,-215
0.7726027397260274,0.0,0.7726027397260274,282
0.6383561643835617,0.6246575342465753,0.0136986301369863,5
0.1589041095890411,0.3287671232876712,-0.16986301369863013,-62
0.10684931506849316,0.3178082191780822,-0.21095890410958903,-77
0.27123287671232876,0.26301369863013696,0.00821917808219178,3
0.0273972602739726,0.0,0.0273972602739726,10
0.6027397260273972,0.4438356164383562,0.1589041095890411,58
0.7671232876712328,0.5589041095890411,0.20821917808219179,76
0.22465753424657534,0.0,0.22465753424657534,82
0.46301369863013697,0.5260273972602739,-0.06301369863013699,-23
0.8958904109589041,0.3780821917808219,0.5178082191780822,189
0.3506849315068493,0.0,0.3506849315068493,128
0.043835616438356165,0.0,0.043835616438356165,16
0.24383561643835616,0.0,0.24383561643835616,89
0.16712328767123288,0.0,0.16712328767123288,61
0.2684931506849315,0.0,0.2684931506849315,98
0.07397260273972603,0.36164383561643837,-0.2876712328767123,-105
0.2191780821917808,0.0,0.2191780821917808,80
0.4,0.1589041095890411,0.2410958904109589,88
0.09041095890410959,0.6410958904109589,-0.5506849315068493,-201
0.2273972602739726,0.23013698630136986,-0.0027397260273972603,-1
0.4,0.4767123287671233,-0.07671232876712329,-28
0.2821917808219178,0.6986301369863014,-0.41643835616438357,-152
0.3041095890410959,0.1589041095890411,0.14520547945205478,53
0.2273972602739726,0.4931506849315068,-0.26575342465753427,-97
0.0,0.0,0.0,0
0.1589041095890411,0.673972602739726,-0.5150684931506849,-188
0.35342465753424657,0.4767123287671233,-0.1232876712328767,-45
0.5315068493150685,0.0,0.5315068493150685,194
0.0,0.16986301369863013,-0.16986301369863013,-62
0.2410958904109589,0.3287671232876712,-0.08767123287671233,-32
0.12054794520547946,0.09863013698630137,0.021917808219178082,8
0.20273972602739726,0.0,0.20273972602739726,74
0.20821917808219179,0.4767123287671233,-0.2684931506849315,-98
0.27123287671232876,0.19726027397260273,0.07397260273972603,27
0.7534246575342466,0.26301369863013696,0.4904109589041096,179
0.0027397260273972603,0.0,0.0027397260273972603,1
0.03561643835616438,0.2136986301369863,-0.1780821917808219,-65
0.41643835616438357,0.1589041095890411,0.25753424657534246,94
0.4383561643835616,0.6356164383561644,-0.19726027397260273,-72
0.0027397260273972603,0.0,0.0027397260273972603,1
0.26301369863013696,0.1589041095890411,0.10410958904109589,38
0.23835616438356164,0.0,0.23835616438356164,87
0.18082191780821918,0.6986301369863014,-0.5178082191780822,-189
0.6821917808219178,0.0,0.6821917808219178,249
0.136986301369863,0.6986301369863014,-0.5616438356164384,-205
0.5643835616438356,0.1643835616438356,0.4,146
0.684931506849315,0.0,0.684931506849315,250
0.9534246575342465,0.0,0.9534246575342465,348
0.273972602739726,0.4986301369863014,-0.22465753424657534,-82
0.07945205479452055,0.6986301369863014,-0.6191780821917808,-226
0.030136986301369864,0.01643835616438356,0.0136986301369863,5
0.42191780821917807,0.4767123287671233,-0.0547945205479452,-20
0.23013698630136986,0.0,0.23013698630136986,84
0.1863013698630137,0.0,0.1863013698630137,68
0.0684931506849315,0.6986301369863014,-0.6301369863013698,-230
0.863013698630137,0.01643835616438356,0.8465753424657534,309
0.2493150684931507,0.17534246575342466,0.07397260273972603,27
0.0,0.0,0.0,0
0.25205479452054796,0.6986301369863014,-0.4465753424657534,-163
0.9013698630136986,0.6986301369863014,0.20273972602739726,74
0.2821917808219178,0.0,0.2821917808219178,103
0.852054794520548,0.0,0.852054794520548,311
0.6821917808219178,0.0,0.6821917808219178,249
0.2465753424657534,0.17534246575342466,0.07123287671232877,26
0.0027397260273972603,0.0,0.0027397260273972603,1
0.0,0.0,0.0,0
0.536986301369863,0.6986301369863014,-0.16164383561643836,-59
0.8164383561643835,0.6986301369863014,0.1178082191780822,43
0.11232876712328767,0.5260273972602739,-0.4136986301369863,-151
0.27945205479452057,0.0,0.27945205479452057,102
0.0547945205479452,0.4931506849315068,-0.4383561643835616,-160
0.16986301369863013,0.6986301369863014,-0.5287671232876713,-193
0.07123287671232877,0.6986301369863014,-0.6273972602739726,-229
0.07397260273972603,0.0,0.07397260273972603,27
0.21643835616438356,0.0,0.21643835616438356,79
0.22465753424657534,0.4931506849315068,-0.2684931506849315,-98
0.9835616438356164,0.0,0.9835616438356164,359
0.0,0.0,0.0,0
0.7287671232876712,0.14794520547945206,0.5808219178082191,212
0.7452054794520548,0.03287671232876712,0.7123287671232876,260
0.3835616438356164,0.1589041095890411,0.22465753424657534,82
0.3150684931506849,0.0,0.3150684931506849,115
0.6136986301369863,0.0,0.6136986301369863,224
0.2219178082191781,0.3452054794520548,-0.1232876712328767,-45
0.3726027397260274,0.4767123287671233,-0.10410958904109589,-38
0.14246575342465753,0.0,0.14246575342465753,52
0.684931506849315,0.0,0.684931506849315,250
0.10410958904109589,0.6246575342465753,-0.5205479452054794,-190
0.13150684931506848,0.6410958904109589,-0.5095890410958904,-186
0.030136986301369864,0.03287671232876712,-0.0027397260273972603,-1
0.01643835616438356,0.0,0.01643835616438356,6
0.336986301369863,0.6986301369863014,-0.36164383561643837,-132
0.18904109589041096,0.0,0.18904109589041096,69
0.8931506849315068,0.0,0.8931506849315068,326
0.24383561643835616,0.4438356164383562,-0.2,-73
0.40821917808219177,0.6986301369863014,-0.29041095890410956,-106
0.5068493150684932,0.31232876712328766,0.19452054794520549,71
0.5041095890410959,0.6986301369863014,-0.19452054794520549,-71
0.38904109589041097,0.3780821917808219,0.010958904109589041,4
0.38082191780821917,0.36164383561643837,0.019178082191780823,7
0.3835616438356164,0.5917808219178082,-0.20821917808219179,-76
0.24383561643835616,0.0,0.24383561643835616,89
0.09315068493150686,0.6986301369863014,-0.6054794520547945,-221
0.29863013698630136,0.14794520547945206,0.1506849315068493,55
0.0273972602739726,0.1589041095890411,-0.13150684931506848,-48
0.3041095890410959,0.6356164383561644,-0.3315068493150685,-121
0.9863013698630136,0.6986301369863014,0.2876712328767123,105
0.6082191780821918,0.11506849315068493,0.4931506849315068,180
0.06027397260273973,0.0,0.06027397260273973,22
0.3506849315068493,0.13150684931506848,0.2191780821917808,80
0.6191780821917808,0.23013698630136986,0.38904109589041097,142
0.5041095890410959,0.14794520547945206,0.3561643835616438,130
0.3863013698630137,0.6986301369863014,-0.31232876712328766,-114
0.0,0.6356164383561644,-0.6356164383561644,-232
0.3287671232876712,0.5205479452054794,-0.1917808219178082,-70
0.2958904109589041,0.0,0.2958904109589041,108
0.736986301369863,0.4767123287671233,0.2602739726027397,95
0.8273972602739726,0.13150684931506848,0.6958904109589041,254
0.07945205479452055,0.5260273972602739,-0.4465753424657534,-163
0.273972602739726,0.049315068493150684,0.22465753424657534,82
0.00821917808219178,0.0,0.00821917808219178,3
0.2273972602739726,0.0,0.2273972602739726,83
0.6684931506849315,0.0,0.6684931506849315,244
0.663013698630137,0.09863013698630137,0.5643835616438356,206
0.5452054794520548,0.0,0.5452054794520548,199
0.36712328767123287,0.6986301369863014,-0.3315068493150685,-121
0.09863013698630137,0.2410958904109589,-0.14246575342465753,-52
0.29315068493150687,0.0,0.29315068493150687,107
0.39452054794520547,0.6986301369863014,-0.3041095890410959,-111
0.5917808219178082,0.5095890410958904,0.0821917808219178,30
0.5726027397260274,0.3452054794520548,0.2273972602739726,83
0.9232876712328767,0.0,0.9232876712328767,337
0.4191780821917808,0.6986301369863014,-0.27945205479452057,-102
0.09041095890410959,0.6986301369863014,-0.6082191780821918,-222
0.2958904109589041,0.18082191780821918,0.11506849315068493,42
0.0684931506849315,0.0,0.0684931506849315,25
0.2219178082191781,0.5917808219178082,-0.3698630136986301,-135
0.4849315068493151,0.1589041095890411,0.32602739726027397,119
0.21095890410958903,0.6986301369863014,-0.4876712328767123,-178
0.06575342465753424,0.0,0.06575342465753424,24
0.6575342465753424,0.0,0.6575342465753424,240
0.8904109589041096,0.2465753424657534,0.6438356164383562,235
0.10136986301369863,0.1589041095890411,-0.057534246575342465,-21
0.057534246575342465,0.410958904109589,-0.35342465753424657,-129
0.2602739726027397,0.19726027397260273,0.06301369863013699,23
0.1863013698630137,0.3178082191780822,-0.13150684931506848,-48
0.7589041095890411,0.0,0.7589041095890411,277
0.04657534246575343,0.18082191780821918,-0.13424657534246576,-49
0.13150684931506848,0.5589041095890411,-0.4273972602739726,-156
0.16712328767123288,0.11506849315068493,0.052054794520547946,19
0.0027397260273972603,0.0,0.0027397260273972603,1
0.0,0.0,0.0,0
0.8027397260273973,0.3780821917808219,0.4246575342465753,155
0.9534246575342465,0.03287671232876712,0.9205479452054794,336
0.3643835616438356,0.6986301369863014,-0.33424657534246577,-122
0.3643835616438356,0.14794520547945206,0.21643835616438356,79
0.0027397260273972603,0.0,0.0027397260273972603,1
0.00821917808219178,0.16986301369863013,-0.16164383561643836,-59
0.19726027397260273,0.6986301369863014,-0.5013698630136987,-183
0.3506849315068493,0.4767123287671233,-0.12602739726027398,-46
0.0136986301369863,0.0,0.0136986301369863,5
0.4520547945205479,0.6904109589041096,-0.23835616438356164,-87
0.2410958904109589,0.0,0.2410958904109589,88
0.2219178082191781,0.0,0.2219178082191781,81
0.3287671232876712,0.0,0.3287671232876712,120
0.04657534246575343,0.0,0.04657534246575343,17
0.4328767123287671,0.0,0.4328767123287671,158
0.07945205479452055,0.13150684931506848,-0.052054794520547946,-19
0.6191780821917808,0.6986301369863014,-0.07945205479452055,-29
0.06027397260273973,0.6410958904109589,-0.5808219178082191,-212
0.21095890410958903,0.6986301369863014,-0.4876712328767123,-178
0.0547945205479452,0.6575342465753424,-0.6027397260273972,-220
0.18356164383561643,0.6575342465753424,-0.473972602739726,-173
0.06027397260273973,0.18082191780821918,-0.12054794520547946,-44
0.6082191780821918,0.4767123287671233,0.13150684931506848,48
0.22465753424657534,0.6986301369863014,-0.473972602739726,-173
0.4931506849315068,0.27945205479452057,0.2136986301369863,78
0.5178082191780822,0.6986301369863014,-0.18082191780821918,-66
0.27945205479452057,0.0,0.27945205479452057,102
0.00821917808219178,0.0,0.00821917808219178,3
0.6575342465753424,0.26301369863013696,0.39452054794520547,144
0.7671232876712328,0.14794520547945206,0.6191780821917808,226
0.021917808219178082,0.0,0.021917808219178082,8
0.03287671232876712,0.049315068493150684,-0.01643835616438356,-6
0.9342465753424658,0.6986301369863014,0.2356164383561644,86
0.4328767123287671,0.0,0.4328767123287671,158
0.15616438356164383,0.0,0.15616438356164383,57
0.07671232876712329,0.31232876712328766,-0.2356164383561644,-86
0.019178082191780823,0.0,0.019178082191780823,7
0.03287671232876712,0.0,0.03287671232876712,12
0.8301369863013699,0.1589041095890411,0.6712328767123288,245
0.4410958904109589,0.6986301369863014,-0.25753424657534246,-94
0.0027397260273972603,0.0,0.0027397260273972603,1
0.8246575342465754,0.23013698630136986,0.5945205479452055,217
0.5068493150684932,0.6356164383561644,-0.12876712328767123,-47
0.4191780821917808,0.3287671232876712,0.09041095890410959,33
0.4712328767123288,0.4438356164383562,0.0273972602739726,10
0.10684931506849316,0.4767123287671233,-0.3698630136986301,-135
0.4767123287671233,0.0,0.4767123287671233,174
0.989041095890411,0.049315068493150684,0.9397260273972603,343
0.23013698630136986,0.1589041095890411,0.07123287671232877,26
0.6986301369863014,0.0,0.6986301369863014,255
0.23013698630136986,0.0,0.23013698630136986,84
0.4986301369863014,0.4767123287671233,0.021917808219178082,8
0.5178082191780822,0.4273972602739726,0.09041095890410959,33
0.0027397260273972603,0.1589041095890411,-0.15616438356164383,-57
0.726027397260274,0.0,0.726027397260274,265
0.4767123287671233,0.3506849315068493,0.12602739726027398,46
0.0027397260273972603,0.0,0.0027397260273972603,1
0.33972602739726027,0.3835616438356164,-0.043835616438356165,-16
0.0027397260273972603,0.0,0.0027397260273972603,1
0.27671232876712326,0.6904109589041096,-0.4136986301369863,-151
0.10410958904109589,0.0547945205479452,0.049315068493150684,18
0.10410958904109589,0.0,0.10410958904109589,38
0.6438356164383562,0.0,0.6438356164383562,235
0.01643835616438356,0.0,0.01643835616438356,6
0.5643835616438356,0.36164383561643837,0.20273972602739726,74
0.1095890410958904,0.6986301369863014,-0.589041095890411,-215
0.0027397260273972603,0.0,0.0027397260273972603,1
0.010958904109589041,0.0,0.010958904109589041,4
0.8328767123287671,0.1589041095890411,0.673972602739726,246
0.6136986301369863,0.6986301369863014,-0.08493150684931507,-31
0.5917808219178082,0.39452054794520547,0.19726027397260273,72
0.6191780821917808,0.5589041095890411,0.06027397260273973,22
0.6164383561643836,0.5753424657534246,0.0410958904109589,15
0.18904109589041096,0.6246575342465753,-0.43561643835616437,-159
0.3589041095890411,0.6986301369863014,-0.33972602739726027,-124
0.6273972602739726,0.6082191780821918,0.019178082191780823,7
0.6219178082191781,0.6986301369863014,-0.07671232876712329,-28
0.5972602739726027,0.6986301369863014,-0.10136986301369863,-37
0.6356164383561644,0.6986301369863014,-0.06301369863013699,-23
0.08493150684931507,0.4767123287671233,-0.3917808219178082,-143
0.07671232876712329,0.4931506849315068,-0.41643835616438357,-152
0.0821917808219178,0.23013698630136986,-0.14794520547945206,-54
0.1178082191780822,0.1643835616438356,-0.04657534246575343,-17
0.26301369863013696,0.14794520547945206,0.11506849315068493,42
0.8712328767123287,0.13150684931506848,0.7397260273972602,270
0.08493150684931507,0.18082191780821918,-0.0958904109589041,-35
0.0027397260273972603,0.0,0.0027397260273972603,1
0.0027397260273972603,0.0,0.0027397260273972603,1
0.07945205479452055,0.06575342465753424,0.0136986301369863,5
0.10136986301369863,0.09863013698630137,0.0027397260273972603,1
0.2136986301369863,0.3287671232876712,-0.11506849315068493,-42
0.09041095890410959,0.39452054794520547,-0.3041095890410959,-111
0.09315068493150686,0.2136986301369863,-0.12054794520547946,-44
0.10410958904109589,0.14794520547945206,-0.043835616438356165,-16
0.08493150684931507,0.13150684931506848,-0.04657534246575343,-17
0.0958904109589041,0.4931506849315068,-0.3972602739726027,-145
0.1095890410958904,0.3287671232876712,-0.2191780821917808,-80
0.0,0.0,0.0,0
0.23835616438356164,0.6986301369863014,-0.4602739726027397,-168
0.6986301369863014,0.0,0.6986301369863014,255
0.4246575342465753,0.0,0.4246575342465753,155
0.4,0.36164383561643837,0.038356164383561646,14
0.27123287671232876,0.4986301369863014,-0.2273972602739726,-83
0.26301369863013696,0.3178082191780822,-0.0547945205479452,-20
0.37534246575342467,0.6986301369863014,-0.3232876712328767,-118
0.38082191780821917,0.6986301369863014,-0.3178082191780822,-116
0.3561643835616438,0.6986301369863014,-0.3424657534246575,-125
0.3698630136986301,0.6986301369863014,-0.3287671232876712,-120
0.40273972602739727,0.6986301369863014,-0.2958904109589041,-108
0.25205479452054796,0.6356164383561644,-0.3835616438356164,-140
0.3506849315068493,0.6356164383561644,-0.28493150684931506,-104
0.40821917808219177,0.3178082191780822,0.09041095890410959,33
0.4246575342465753,0.6986301369863014,-0.273972602739726,-100
0.3726027397260274,0.6986301369863014,-0.32602739726027397,-119
0.40821917808219177,0.6986301369863014,-0.29041095890410956,-106
0.36164383561643837,0.6986301369863014,-0.336986301369863,-123
0.3972602739726027,0.6356164383561644,-0.23835616438356164,-87
0.410958904109589,0.6986301369863014,-0.2876712328767123,-105
0.052054794520547946,0.6986301369863014,-0.6465753424657534,-236
0.09315068493150686,0.6986301369863014,-0.6054794520547945,-221
0.7315068493150685,0.0821917808219178,0.6493150684931507,237
0.16164383561643836,0.5260273972602739,-0.3643835616438356,-133
0.12876712328767123,0.4767123287671233,-0.34794520547945207,-127
0.3780821917808219,0.3178082191780822,0.06027397260273973,22
0.1780821917808219,0.6986301369863014,-0.5205479452054794,-190
0.42191780821917807,0.27945205479452057,0.14246575342465753,52
0.38082191780821917,0.6986301369863014,-0.3178082191780822,-116
0.3698630136986301,0.26301369863013696,0.10684931506849316,39
0.8547945205479452,0.6410958904109589,0.2136986301369863,78
0.947945205479452,0.5095890410958904,0.4383561643835616,160
0.4958904109589041,0.6986301369863014,-0.20273972602739726,-74
0.4136986301369863,0.6986301369863014,-0.28493150684931506,-104
0.1095890410958904,0.6986301369863014,-0.589041095890411,-215
0.4986301369863014,0.0,0.4986301369863014,182
0.38082191780821917,0.6986301369863014,-0.3178082191780822,-116
0.38904109589041097,0.6986301369863014,-0.3095890410958904,-113
0.15616438356164383,0.6986301369863014,-0.5424657534246575,-198
0.44931506849315067,0.6986301369863014,-0.2493150684931507,-91
0.0,0.0821917808219178,-0.0821917808219178,-30
0.2465753424657534,0.6986301369863014,-0.4520547945205479,-165
0.10684931506849316,0.6986301369863014,-0.5917808219178082,-216
0.3780821917808219,0.6986301369863014,-0.32054794520547947,-117
0.10410958904109589,0.4767123287671233,-0.3726027397260274,-136
0.39452054794520547,0.6986301369863014,-0.3041095890410959,-111
0.09863013698630137,0.09863013698630137,0.0,0
0.25753424657534246,0.6986301369863014,-0.4410958904109589,-161
0.16164383561643836,0.18082191780821918,-0.019178082191780823,-7
0.40821917808219177,0.6986301369863014,-0.29041095890410956,-106
0.13150684931506848,0.6986301369863014,-0.5671232876712329,-207
0.2684931506849315,0.0,0.2684931506849315,98
0.030136986301369864,0.3452054794520548,-0.3150684931506849,-115
0.5589041095890411,0.6986301369863014,-0.13972602739726028,-51
0.10136986301369863,0.1589041095890411,-0.057534246575342465,-21
0.273972602739726,0.0,0.273972602739726,100
0.3917808219178082,0.4767123287671233,-0.08493150684931507,-31
0.11232876712328767,0.3780821917808219,-0.26575342465753427,-97
0.2410958904109589,0.0,0.2410958904109589,88
0.0,0.0,0.0,0
0.27123287671232876,0.4931506849315068,-0.2219178082191781,-81
0.852054794520548,0.0,0.852054794520548,311
0.9780821917808219,0.14794520547945206,0.8301369863013699,303
0.19726027397260273,0.6082191780821918,-0.410958904109589,-150
0.03287671232876712,0.1643835616438356,-0.13150684931506848,-48
0.18904109589041096,0.0,0.18904109589041096,69
0.6520547945205479,0.0,0.6520547945205479,238
0.10410958904109589,0.16986301369863013,-0.06575342465753424,-24
0.6246575342465753,0.5917808219178082,0.03287671232876712,12
0.37534246575342467,0.09863013698630137,0.27671232876712326,101
0.410958904109589,0.6986301369863014,-0.2876712328767123,-105
0.08493150684931507,0.6986301369863014,-0.6136986301369863,-224
0.010958904109589041,0.6986301369863014,-0.6876712328767123,-251
0.08767123287671233,0.6986301369863014,-0.6109589041095891,-223
0.36712328767123287,0.36164383561643837,0.005479452054794521,2
0.3972602739726027,0.4438356164383562,-0.04657534246575343,-17
0.16986301369863013,0.14794520547945206,0.021917808219178082,8
0.18082191780821918,0.6986301369863014,-0.5178082191780822,-189
0.38082191780821917,0.049315068493150684,0.3315068493150685,121
0.3726027397260274,0.6986301369863014,-0.32602739726027397,-119
0.1506849315068493,0.2958904109589041,-0.14520547945205478,-53
0.3698630136986301,0.2465753424657534,0.1232876712328767,45
0.010958904109589041,0.03287671232876712,-0.021917808219178082,-8
0.0027397260273972603,0.0,0.0027397260273972603,1
0.0027397260273972603,0.0,0.0027397260273972603,1
0.8027397260273973,0.6986301369863014,0.10410958904109589,38
0.8493150684931506,0.4438356164383562,0.4054794520547945,148
0.010958904109589041,0.0,0.010958904109589041,4
0.005479452054794521,0.0,0.005479452054794521,2
0.8027397260273973,0.0,0.8027397260273973,293
0.07123287671232877,0.4767123287671233,-0.4054794520547945,-148
0.7315068493150685,0.19726027397260273,0.5342465753424658,195
0.0027397260273972603,0.0,0.0027397260273972603,1
0.6,0.6986301369863014,-0.09863013698630137,-36
0.26301369863013696,0.3452054794520548,-0.0821917808219178,-30
0.40273972602739727,0.6575342465753424,-0.2547945205479452,-93
0.1863013698630137,0.0,0.1863013698630137,68
0.5945205479452055,0.5589041095890411,0.03561643835616438,13
0.8164383561643835,0.6986301369863014,0.1178082191780822,43
0.5917808219178082,0.410958904109589,0.18082191780821918,66
0.6246575342465753,0.6082191780821918,0.01643835616438356,6
0.6520547945205479,0.673972602739726,-0.021917808219178082,-8
0.9315068493150684,0.31232876712328766,0.6191780821917808,226
0.0,0.049315068493150684,-0.049315068493150684,-18
0.3178082191780822,0.0,0.3178082191780822,116
0.0027397260273972603,0.0,0.0027397260273972603,1
0.6109589041095891,0.5589041095890411,0.052054794520547946,19
0.21643835616438356,0.6986301369863014,-0.4821917808219178,-176
0.0027397260273972603,0.0,0.0027397260273972603,1
0.5178082191780822,0.0,0.5178082191780822,189
0.3726027397260274,0.6986301369863014,-0.32602739726027397,-119
0.4410958904109589,0.0,0.4410958904109589,161
0.12602739726027398,0.0,0.12602739726027398,46
0.1780821917808219,0.6986301369863014,-0.5205479452054794,-190
0.15342465753424658,0.31232876712328766,-0.1589041095890411,-58
0.6712328767123288,0.6410958904109589,0.030136986301369864,11
0.5972602739726027,0.6986301369863014,-0.10136986301369863,-37
0.22465753424657534,0.0,0.22465753424657534,82
0.40821917808219177,0.0,0.40821917808219177,149
0.6328767123287671,0.0,0.6328767123287671,231
0.7945205479452054,0.4438356164383562,0.3506849315068493,128
0.27123287671232876,0.6986301369863014,-0.4273972602739726,-156
0.5917808219178082,0.6410958904109589,-0.049315068493150684,-18
0.473972602739726,0.1643835616438356,0.3095890410958904,113
0.27123287671232876,0.19726027397260273,0.07397260273972603,27
0.1726027397260274,0.6986301369863014,-0.5260273972602739,-192
0.1917808219178082,0.3452054794520548,-0.15342465753424658,-56
0.13150684931506848,0.2958904109589041,-0.1643835616438356,-60
0.16712328767123288,0.36164383561643837,-0.19452054794520549,-71
0.1506849315068493,0.26301369863013696,-0.11232876712328767,-41
0.2410958904109589,0.4986301369863014,-0.25753424657534246,-94
0.09315068493150686,0.18082191780821918,-0.08767123287671233,-32
0.08767123287671233,0.06575342465753424,0.021917808219178082,8
0.18082191780821918,0.26301369863013696,-0.0821917808219178,-30
0.23013698630136986,0.26301369863013696,-0.03287671232876712,-12
0.1178082191780822,0.1643835616438356,-0.04657534246575343,-17
0.12602739726027398,0.26301369863013696,-0.136986301369863,-50
0.13150684931506848,0.4931506849315068,-0.36164383561643837,-132
0.1780821917808219,0.3287671232876712,-0.1506849315068493,-55
0.12602739726027398,0.23013698630136986,-0.10410958904109589,-38
0.12602739726027398,0.4273972602739726,-0.3013698630136986,-110
0.26301369863013696,0.5589041095890411,-0.2958904109589041,-108
0.1232876712328767,0.6246575342465753,-0.5013698630136987,-183
0.09315068493150686,0.14794520547945206,-0.0547945205479452,-20
0.1726027397260274,0.6986301369863014,-0.5260273972602739,-192
0.08767123287671233,0.4602739726027397,-0.3726027397260274,-136
0.14794520547945206,0.18082191780821918,-0.03287671232876712,-12
0.20273972602739726,0.6986301369863014,-0.4958904109589041,-181
0.10684931506849316,0.13150684931506848,-0.024657534246575342,-9
0.2356164383561644,0.410958904109589,-0.17534246575342466,-64
0.11506849315068493,0.11506849315068493,0.0,0
0.1178082191780822,0.2465753424657534,-0.12876712328767123,-47
0.06027397260273973,0.6986301369863014,-0.6383561643835617,-233
0.21095890410958903,0.1643835616438356,0.04657534246575343,17
0.958904109589041,0.6986301369863014,0.2602739726027397,95
0.0,0.0,0.0,0
0.09315068493150686,0.6410958904109589,-0.547945205479452,-200
0.021917808219178082,0.1589041095890411,-0.136986301369863,-50
0.4575342465753425,0.0,0.4575342465753425,167
0.273972602739726,0.23013698630136986,0.043835616438356165,16
0.6054794520547945,0.11506849315068493,0.4904109589041096,179
0.0,0.1589041095890411,-0.1589041095890411,-58
0.10136986301369863,0.5424657534246575,-0.4410958904109589,-161
0.5589041095890411,0.0,0.5589041095890411,204
0.136986301369863,0.6986301369863014,-0.5616438356164384,-205
1.0,0.11506849315068493,0.8849315068493151,323
0.019178082191780823,0.0,0.019178082191780823,7
0.1232876712328767,0.673972602739726,-0.5506849315068493,-201
0.6356164383561644,0.6986301369863014,-0.06301369863013699,-23
0.27945205479452057,0.09863013698630137,0.18082191780821918,66
0.0,0.1589041095890411,-0.1589041095890411,-58
0.00821917808219178,0.0,0.00821917808219178,3
0.13424657534246576,0.31232876712328766,-0.1780821917808219,-65
0.28493150684931506,0.09863013698630137,0.1863013698630137,68
0.6164383561643836,0.6986301369863014,-0.0821917808219178,-30
0.39452054794520547,0.3452054794520548,0.049315068493150684,18
0.6383561643835617,0.0,0.6383561643835617,233
0.6958904109589041,0.0,0.6958904109589041,254
0.27945205479452057,0.4931506849315068,-0.2136986301369863,-78
0.03287671232876712,0.0,0.03287671232876712,12
0.38082191780821917,0.14794520547945206,0.2328767123287671,85
0.4657534246575342,0.6986301369863014,-0.2328767123287671,-85
0.10136986301369863,0.6986301369863014,-0.5972602739726027,-218
0.9561643835616438,0.3452054794520548,0.6109589041095891,223
0.5342465753424658,0.09863013698630137,0.43561643835616437,159
0.852054794520548,0.31232876712328766,0.5397260273972603,197
0.29863013698630136,0.049315068493150684,0.2493150684931507,91
0.052054794520547946,0.3452054794520548,-0.29315068493150687,-107
0.8849315068493151,0.5589041095890411,0.32602739726027397,119
0.0821917808219178,0.4767123287671233,-0.39452054794520547,-144
0.1095890410958904,0.0,0.1095890410958904,40
0.005479452054794521,0.6986301369863014,-0.6931506849315069,-253
0.1232876712328767,0.6082191780821918,-0.4849315068493151,-177
0.10684931506849316,0.0,0.10684931506849316,39
0.5315068493150685,0.0,0.5315068493150685,194
0.5315068493150685,0.3178082191780822,0.2136986301369863,78
0.6136986301369863,0.5917808219178082,0.021917808219178082,8
0.08767123287671233,0.31232876712328766,-0.22465753424657534,-82
0.8301369863013699,0.6986301369863014,0.13150684931506848,48
0.0136986301369863,0.0821917808219178,-0.0684931506849315,-25
0.024657534246575342,0.3287671232876712,-0.3041095890410959,-111
0.03287671232876712,0.6986301369863014,-0.6657534246575343,-243
0.04657534246575343,0.6986301369863014,-0.6520547945205479,-238
0.589041095890411,0.6986301369863014,-0.1095890410958904,-40
0.3287671232876712,0.23013698630136986,0.09863013698630137,36
0.06301369863013699,0.1589041095890411,-0.0958904109589041,-35
0.2410958904109589,0.1589041095890411,0.0821917808219178,30
0.18904109589041096,0.4767123287671233,-0.2876712328767123,-105
0.3013698630136986,0.6986301369863014,-0.3972602739726027,-145
0.5452054794520548,0.6986301369863014,-0.15342465753424658,-56
0.3698630136986301,0.6986301369863014,-0.3287671232876712,-120
0.3041095890410959,0.3780821917808219,-0.07397260273972603,-27
0.5972602739726027,0.0,0.5972602739726027,218
0.5397260273972603,0.4767123287671233,0.06301369863013699,23
0.8602739726027397,0.4931506849315068,0.36712328767123287,134
0.057534246575342465,0.6986301369863014,-0.6410958904109589,-234
0.06027397260273973,0.6986301369863014,-0.6383561643835617,-233
0.12054794520547946,0.6986301369863014,-0.5780821917808219,-211
0.9643835616438357,0.1589041095890411,0.8054794520547945,294
0.5041095890410959,0.0,0.5041095890410959,184
0.11232876712328767,0.3178082191780822,-0.2054794520547945,-75
0.24383561643835616,0.3178082191780822,-0.07397260273972603,-27
0.22465753424657534,0.3178082191780822,-0.09315068493150686,-34
0.5041095890410959,0.6575342465753424,-0.15342465753424658,-56
0.07397260273972603,0.1643835616438356,-0.09041095890410959,-33
0.4821917808219178,0.3178082191780822,0.1643835616438356,60
0.6410958904109589,0.6986301369863014,-0.057534246575342465,-21
0.6109589041095891,0.0,0.6109589041095891,223
0.8493150684931506,0.0,0.8493150684931506,310
0.6876712328767123,0.0,0.6876712328767123,251
0.6602739726027397,0.0,0.6602739726027397,241
0.1917808219178082,0.6986301369863014,-0.5068493150684932,-185
0.0136986301369863,0.0,0.0136986301369863,5
0.06027397260273973,0.6986301369863014,-0.6383561643835617,-233
0.057534246575342465,0.3178082191780822,-0.2602739726027397,-95
0.019178082191780823,0.03287671232876712,-0.0136986301369863,-5
0.0027397260273972603,0.0,0.0027397260273972603,1
0.27945205479452057,0.01643835616438356,0.26301369863013696,96
0.3315068493150685,0.5095890410958904,-0.1780821917808219,-65
0.27671232876712326,0.6904109589041096,-0.4136986301369863,-151
0.9835616438356164,0.6410958904109589,0.3424657534246575,125
0.9287671232876712,0.0,0.9287671232876712,339
0.9397260273972603,0.0,0.9397260273972603,343
0.3972602739726027,0.6986301369863014,-0.3013698630136986,-110
0.010958904109589041,0.0,0.010958904109589041,4
0.6493150684931507,0.0,0.6493150684931507,237
0.7397260273972602,0.16986301369863013,0.5698630136986301,208
0.6876712328767123,0.16986301369863013,0.5178082191780822,189
0.0027397260273972603,0.0,0.0027397260273972603,1
0.0027397260273972603,0.0,0.0027397260273972603,1
1.0,0.6986301369863014,0.3013698630136986,110
0.29863013698630136,0.13150684931506848,0.16712328767123288,61
0.9835616438356164,0.6986301369863014,0.28493150684931506,104
0.863013698630137,0.0,0.863013698630137,315
0.6082191780821918,0.0,0.6082191780821918,222
0.03561643835616438,0.6986301369863014,-0.663013698630137,-242
0.3178082191780822,0.3780821917808219,-0.06027397260273973,-22
0.2958904109589041,0.3452054794520548,-0.049315068493150684,-18
0.9726027397260274,0.39452054794520547,0.5780821917808219,211
0.3506849315068493,0.5589041095890411,-0.20821917808219179,-76
0.043835616438356165,0.6986301369863014,-0.6547945205479452,-239
0.136986301369863,0.13150684931506848,0.005479452054794521,2
0.23013698630136986,0.6082191780821918,-0.3780821917808219,-138
0.5972602739726027,0.5424657534246575,0.0547945205479452,20
0.336986301369863,0.6986301369863014,-0.36164383561643837,-132
0.1506849315068493,0.021917808219178082,0.12876712328767123,47
0.5123287671232877,0.4602739726027397,0.052054794520547946,19
0.5945205479452055,0.36164383561643837,0.2328767123287671,85
0.32602739726027397,0.6986301369863014,-0.3726027397260274,-136
0.0,0.3178082191780822,-0.3178082191780822,-116
0.4328767123287671,0.6986301369863014,-0.26575342465753427,-97
0.5589041095890411,0.6356164383561644,-0.07671232876712329,-28
0.958904109589041,0.6986301369863014,0.2602739726027397,95
0.3095890410958904,0.28493150684931506,0.024657534246575342,9
0.2136986301369863,0.2191780821917808,-0.005479452054794521,-2
0.030136986301369864,0.1095890410958904,-0.07945205479452055,-29
0.6876712328767123,0.0,0.6876712328767123,251
0.6383561643835617,0.6986301369863014,-0.06027397260273973,-22
0.010958904109589041,0.6986301369863014,-0.6876712328767123,-251
0.3561643835616438,0.6246575342465753,-0.2684931506849315,-98
0.0,0.0,0.0,0
0.8438356164383561,0.26301369863013696,0.5808219178082191,212
0.35342465753424657,0.5095890410958904,-0.15616438356164383,-57
0.7452054794520548,0.6986301369863014,0.04657534246575343,17
0.06027397260273973,0.0821917808219178,-0.021917808219178082,-8
0.06575342465753424,0.6986301369863014,-0.6328767123287671,-231
0.06301369863013699,0.18082191780821918,-0.1178082191780822,-43
0.0,0.6986301369863014,-0.6986301369863014,-255
0.07123287671232877,0.03287671232876712,0.038356164383561646,14
0.08493150684931507,0.03287671232876712,0.052054794520547946,19
0.07945205479452055,0.0,0.07945205479452055,29
0.024657534246575342,0.4273972602739726,-0.40273972602739727,-147
0.5260273972602739,0.23013698630136986,0.2958904109589041,108
0.10684931506849316,0.1589041095890411,-0.052054794520547946,-19
0.2191780821917808,0.6986301369863014,-0.4794520547945205,-175
0.11506849315068493,0.4273972602739726,-0.31232876712328766,-114
0.6383561643835617,0.6986301369863014,-0.06027397260273973,-22
0.3287671232876712,0.6575342465753424,-0.3287671232876712,-120
0.3315068493150685,0.6986301369863014,-0.36712328767123287,-134
0.31232876712328766,0.6356164383561644,-0.3232876712328767,-118
0.5808219178082191,0.6986301369863014,-0.1178082191780822,-43
0.3780821917808219,0.6986301369863014,-0.32054794520547947,-117
0.11232876712328767,0.6986301369863014,-0.5863013698630137,-214
1.0,0.6986301369863014,0.3013698630136986,110
0.32054794520547947,0.6986301369863014,-0.3780821917808219,-138
0.29041095890410956,0.6246575342465753,-0.33424657534246577,-122
0.14520547945205478,0.6986301369863014,-0.5534246575342465,-202
0.00821917808219178,0.6986301369863014,-0.6904109589041096,-252
0.6273972602739726,0.673972602739726,-0.04657534246575343,-17
0.2821917808219178,0.01643835616438356,0.26575342465753427,97
0.3232876712328767,0.6356164383561644,-0.31232876712328766,-114
0.38904109589041097,0.3178082191780822,0.07123287671232877,26
0.19452054794520549,0.6986301369863014,-0.5041095890410959,-184
0.3315068493150685,0.049315068493150684,0.2821917808219178,103
0.2547945205479452,0.0821917808219178,0.1726027397260274,63
0.3178082191780822,0.06575342465753424,0.25205479452054796,92
0.09315068493150686,0.049315068493150684,0.043835616438356165,16
0.0958904109589041,0.049315068493150684,0.04657534246575343,17
0.08767123287671233,0.03287671232876712,0.0547945205479452,20
0.09315068493150686,0.6986301369863014,-0.6054794520547945,-221
0.8712328767123287,0.6356164383561644,0.2356164383561644,86
0.6356164383561644,0.3178082191780822,0.3178082191780822,116
0.1232876712328767,0.4602739726027397,-0.336986301369863,-123
0.41643835616438357,0.6986301369863014,-0.2821917808219178,-103
0.2821917808219178,0.6986301369863014,-0.41643835616438357,-152
0.2219178082191781,0.0,0.2219178082191781,81
0.3178082191780822,0.14794520547945206,0.16986301369863013,62
0.12876712328767123,0.09863013698630137,0.030136986301369864,11
0.10136986301369863,0.5095890410958904,-0.40821917808219177,-149
0.3178082191780822,0.23013698630136986,0.08767123287671233,32
0.2684931506849315,0.01643835616438356,0.25205479452054796,92
0.0027397260273972603,0.0,0.0027397260273972603,1
0.5397260273972603,0.4438356164383562,0.0958904109589041,35
0.1095890410958904,0.2465753424657534,-0.136986301369863,-50
0.09315068493150686,0.36164383561643837,-0.2684931506849315,-98
0.31232876712328766,0.2465753424657534,0.06575342465753424,24
0.10684931506849316,0.3452054794520548,-0.23835616438356164,-87
0.3452054794520548,0.6986301369863014,-0.35342465753424657,-129
0.37534246575342467,0.6575342465753424,-0.2821917808219178,-103
0.2410958904109589,0.6986301369863014,-0.4575342465753425,-167
0.5726027397260274,0.5753424657534246,-0.0027397260273972603,-1
0.4657534246575342,0.4438356164383562,0.021917808219178082,8
0.4849315068493151,0.36164383561643837,0.1232876712328767,45
0.14246575342465753,0.6986301369863014,-0.5561643835616439,-203
0.09315068493150686,0.3178082191780822,-0.22465753424657534,-82
0.5178082191780822,0.0,0.5178082191780822,189
0.0,0.0,0.0,0
0.057534246575342465,0.673972602739726,-0.6164383561643836,-225
0.2054794520547945,0.6986301369863014,-0.4931506849315068,-180
0.19452054794520549,0.6986301369863014,-0.5041095890410959,-184
0.27945205479452057,0.19726027397260273,0.0821917808219178,30
0.33424657534246577,0.6027397260273972,-0.2684931506849315,-98
0.09863013698630137,0.18082191780821918,-0.0821917808219178,-30
0.13972602739726028,0.0821917808219178,0.057534246575342465,21
0.6547945205479452,0.049315068493150684,0.6054794520547945,221
0.8438356164383561,0.2465753424657534,0.5972602739726027,218
0.4,0.6986301369863014,-0.29863013698630136,-109
0.27123287671232876,0.17534246575342466,0.0958904109589041,35
0.8821917808219178,0.0,0.8821917808219178,322
0.6547945205479452,0.0,0.6547945205479452,239
0.3315068493150685,0.0,0.3315068493150685,121
0.0410958904109589,0.0,0.0410958904109589,15
0.23835616438356164,0.0,0.23835616438356164,87
0.06027397260273973,0.3452054794520548,-0.28493150684931506,-104
0.7150684931506849,0.6986301369863014,0.01643835616438356,6
0.1643835616438356,0.6986301369863014,-0.5342465753424658,-195
0.2191780821917808,0.6986301369863014,-0.4794520547945205,-175
0.16164383561643836,0.6246575342465753,-0.46301369863013697,-169
0.18082191780821918,0.6986301369863014,-0.5178082191780822,-189
0.07397260273972603,0.6986301369863014,-0.6246575342465753,-228
0.1095890410958904,0.6986301369863014,-0.589041095890411,-215
0.36164383561643837,0.0,0.36164383561643837,132
0.0,0.03287671232876712,-0.03287671232876712,-12
0.0,0.0,0.0,0
0.3561643835616438,0.6575342465753424,-0.3013698630136986,-110
0.27671232876712326,0.273972602739726,0.0027397260273972603,1
0.27123287671232876,0.0,0.27123287671232876,99
0.5671232876712329,0.0,0.5671232876712329,207
0.26301369863013696,0.3178082191780822,-0.0547945205479452,-20
0.4465753424657534,0.0,0.4465753424657534,163
0.26575342465753427,0.3178082191780822,-0.052054794520547946,-19
0.26301369863013696,0.0,0.26301369863013696,96
0.0821917808219178,0.273972602739726,-0.1917808219178082,-70
0.2684931506849315,0.0,0.2684931506849315,98
0.43561643835616437,0.4931506849315068,-0.057534246575342465,-21
0.021917808219178082,0.0,0.021917808219178082,8
0.35342465753424657,0.6356164383561644,-0.2821917808219178,-103
0.049315068493150684,0.0,0.049315068493150684,18
0.3041095890410959,0.3013698630136986,0.0027397260273972603,1
0.5972602739726027,0.4986301369863014,0.09863013698630137,36
0.3835616438356164,0.0,0.3835616438356164,140
0.15342465753424658,0.09863013698630137,0.0547945205479452,20
0.6054794520547945,0.4273972602739726,0.1780821917808219,65
0.673972602739726,0.6986301369863014,-0.024657534246575342,-9
0.1863013698630137,0.0,0.1863013698630137,68
0.7506849315068493,0.07671232876712329,0.673972602739726,246
0.6438356164383562,0.09863013698630137,0.5452054794520548,199
0.07397260273972603,0.4767123287671233,-0.40273972602739727,-147
0.23835616438356164,0.0,0.23835616438356164,87
0.9397260273972603,0.6986301369863014,0.2410958904109589,88
0.6438356164383562,0.14794520547945206,0.4958904109589041,181
0.27945205479452057,0.0,0.27945205479452057,102
0.4849315068493151,0.1643835616438356,0.32054794520547947,117
0.15342465753424658,0.673972602739726,-0.5205479452054794,-190
0.3041095890410959,0.6986301369863014,-0.39452054794520547,-144
0.06027397260273973,0.1643835616438356,-0.10410958904109589,-38
0.01643835616438356,0.0,0.01643835616438356,6
0.23835616438356164,0.0,0.23835616438356164,87
0.4328767123287671,0.1589041095890411,0.273972602739726,100
0.7835616438356164,0.4767123287671233,0.30684931506849317,112
0.46301369863013697,0.0,0.46301369863013697,169
0.7589041095890411,0.1643835616438356,0.5945205479452055,217
0.42191780821917807,0.6356164383561644,-0.2136986301369863,-78
0.24383561643835616,0.0,0.24383561643835616,89
0.5424657534246575,0.0,0.5424657534246575,198
0.8328767123287671,0.0,0.8328767123287671,304
0.4383561643835616,0.1589041095890411,0.27945205479452057,102
0.5863013698630137,0.0,0.5863013698630137,214
0.3424657534246575,0.26301369863013696,0.07945205479452055,29
0.37534246575342467,0.0,0.37534246575342467,137
0.5945205479452055,0.0,0.5945205479452055,217
0.8931506849315068,0.5589041095890411,0.33424657534246577,122
0.2328767123287671,0.6986301369863014,-0.4657534246575342,-170
0.07123287671232877,0.03287671232876712,0.038356164383561646,14
0.2356164383561644,0.01643835616438356,0.2191780821917808,80
0.16712328767123288,0.01643835616438356,0.1506849315068493,55
0.3095890410958904,0.0821917808219178,0.2273972602739726,83
0.32054794520547947,0.6986301369863014,-0.3780821917808219,-138
0.010958904109589041,0.6904109589041096,-0.6794520547945205,-248
0.01643835616438356,0.6986301369863014,-0.6821917808219178,-249
0.9397260273972603,0.6986301369863014,0.2410958904109589,88
0.4,0.0,0.4,146
0.3698630136986301,0.0,0.3698630136986301,135
0.21095890410958903,0.0,0.21095890410958903,77
0.2684931506849315,0.0,0.2684931506849315,98
0.2465753424657534,0.0,0.2465753424657534,90
0.2684931506849315,0.0,0.2684931506849315,98
0.684931506849315,0.0,0.684931506849315,250
0.684931506849315,0.0,0.684931506849315,250
0.13424657534246576,0.0,0.13424657534246576,49
0.2465753424657534,0.01643835616438356,0.23013698630136986,84
0.6465753424657534,0.4602739726027397,0.1863013698630137,68
0.03561643835616438,0.09863013698630137,-0.06301369863013699,-23
0.0684931506849315,0.1643835616438356,-0.0958904109589041,-35
0.5205479452054794,0.13150684931506848,0.38904109589041097,142
0.36712328767123287,0.5589041095890411,-0.1917808219178082,-70
0.27123287671232876,0.0,0.27123287671232876,99
0.26575342465753427,0.23013698630136986,0.03561643835616438,13
0.5835616438356165,0.6246575342465753,-0.0410958904109589,-15
0.06027397260273973,0.0,0.06027397260273973,22
0.7698630136986301,0.0,0.7698630136986301,281
0.08493150684931507,0.6986301369863014,-0.6136986301369863,-224
0.40821917808219177,0.4767123287671233,-0.0684931506849315,-25
0.18356164383561643,0.3452054794520548,-0.16164383561643836,-59
0.2328767123287671,0.0,0.2328767123287671,85
0.22465753424657534,0.0,0.22465753424657534,82
0.3424657534246575,0.6986301369863014,-0.3561643835616438,-130
0.6602739726027397,0.4438356164383562,0.21643835616438356,79
0.6547945205479452,0.5095890410958904,0.14520547945205478,53
0.6821917808219178,0.26301369863013696,0.4191780821917808,153
0.2356164383561644,0.6986301369863014,-0.46301369863013697,-169
0.2,0.0,0.2,73
0.12602739726027398,0.0,0.12602739726027398,46
0.5342465753424658,0.0,0.5342465753424658,195
0.4876712328767123,0.1589041095890411,0.3287671232876712,120
0.049315068493150684,0.3287671232876712,-0.27945205479452057,-102
0.726027397260274,0.11506849315068493,0.6109589041095891,223
0.7287671232876712,0.0,0.7287671232876712,266
0.8246575342465754,0.4767123287671233,0.34794520547945207,127
0.0027397260273972603,0.0,0.0027397260273972603,1
0.6931506849315069,0.3178082191780822,0.37534246575342467,137
0.9698630136986301,0.0,0.9698630136986301,354
0.6410958904109589,0.0,0.6410958904109589,234
0.26575342465753427,0.6986301369863014,-0.4328767123287671,-158
0.4986301369863014,0.3780821917808219,0.12054794520547946,44
0.23835616438356164,0.0,0.23835616438356164,87
0.3698630136986301,0.6986301369863014,-0.3287671232876712,-120
0.7863013698630137,0.23013698630136986,0.5561643835616439,203
0.1863013698630137,0.0,0.1863013698630137,68
0.057534246575342465,0.6986301369863014,-0.6410958904109589,-234
0.9561643835616438,0.1643835616438356,0.7917808219178082,289
0.5041095890410959,0.6986301369863014,-0.19452054794520549,-71
0.4301369863013699,0.4986301369863014,-0.0684931506849315,-25
0.9178082191780822,0.6410958904109589,0.27671232876712326,101
0.29315068493150687,0.3287671232876712,-0.03561643835616438,-13
0.863013698630137,0.5260273972602739,0.336986301369863,123
0.6876712328767123,0.6986301369863014,-0.010958904109589041,-4
0.2273972602739726,0.0,0.2273972602739726,83
0.0958904109589041,0.11506849315068493,-0.019178082191780823,-7
0.46301369863013697,0.0,0.46301369863013697,169
0.4767123287671233,0.0,0.4767123287671233,174
0.4767123287671233,0.0,0.4767123287671233,174
0.26575342465753427,0.0821917808219178,0.18356164383561643,67
0.2328767123287671,0.6986301369863014,-0.4657534246575342,-170
0.34794520547945207,0.09863013698630137,0.2493150684931507,91
0.9698630136986301,0.6986301369863014,0.27123287671232876,99
0.043835616438356165,0.1589041095890411,-0.11506849315068493,-42
0.2410958904109589,0.0,0.2410958904109589,88
0.3589041095890411,0.5095890410958904,-0.1506849315068493,-55
0.7397260273972602,0.6986301369863014,0.0410958904109589,15
0.6273972602739726,0.6986301369863014,-0.07123287671232877,-26
0.0,0.0,0.0,0
0.6027397260273972,0.6986301369863014,-0.0958904109589041,-35
0.36712328767123287,0.4767123287671233,-0.1095890410958904,-40
0.3150684931506849,0.0,0.3150684931506849,115
0.07397260273972603,0.0,0.07397260273972603,27
0.3506849315068493,0.6246575342465753,-0.273972602739726,-100
0.6054794520547945,0.0,0.6054794520547945,221
0.2876712328767123,0.03287671232876712,0.2547945205479452,93
0.0,0.0,0.0,0
0.0,0.0,0.0,0
0.24383561643835616,0.4767123287671233,-0.2328767123287671,-85
0.2273972602739726,0.4931506849315068,-0.26575342465753427,-97
0.4904109589041096,0.6986301369863014,-0.20821917808219179,-76
0.26301369863013696,0.1589041095890411,0.10410958904109589,38
0.0958904109589041,0.0,0.0958904109589041,35
0.12876712328767123,0.0,0.12876712328767123,47
0.038356164383561646,0.0,0.038356164383561646,14
0.13150684931506848,0.0,0.13150684931506848,48
0.2465753424657534,0.0,0.2465753424657534,90
0.07397260273972603,0.0,0.07397260273972603,27
0.3726027397260274,0.4767123287671233,-0.10410958904109589,-38
0.4849315068493151,0.30684931506849317,0.1780821917808219,65
0.08493150684931507,0.1643835616438356,-0.07945205479452055,-29
0.7287671232876712,0.0,0.7287671232876712,266
0.5780821917808219,0.6904109589041096,-0.11232876712328767,-41
0.7561643835616438,0.4767123287671233,0.27945205479452057,102
0.8931506849315068,0.6986301369863014,0.19452054794520549,71
0.1863013698630137,0.6986301369863014,-0.5123287671232877,-187
0.3917808219178082,0.6986301369863014,-0.30684931506849317,-112
0.9342465753424658,0.6986301369863014,0.2356164383561644,86
0.9123287671232877,0.6986301369863014,0.2136986301369863,78
0.9041095890410958,0.6986301369863014,0.2054794520547945,75
0.8931506849315068,0.6356164383561644,0.25753424657534246,94
0.09863013698630137,0.6986301369863014,-0.6,-219
0.6082191780821918,0.6986301369863014,-0.09041095890410959,-33
0.8684931506849315,0.6986301369863014,0.16986301369863013,62
0.43561643835616437,0.6986301369863014,-0.26301369863013696,-96
0.038356164383561646,0.0,0.038356164383561646,14
0.01643835616438356,0.0,0.01643835616438356,6
0.1178082191780822,0.0,0.1178082191780822,43
0.3972602739726027,0.6356164383561644,-0.23835616438356164,-87
0.10410958904109589,0.23013698630136986,-0.12602739726027398,-46
0.5616438356164384,0.6986301369863014,-0.136986301369863,-50
0.5315068493150685,0.3178082191780822,0.2136986301369863,78
0.33424657534246577,0.27945205479452057,0.0547945205479452,20
0.6164383561643836,0.0,0.6164383561643836,225
0.6027397260273972,0.6986301369863014,-0.0958904109589041,-35
0.03561643835616438,0.18082191780821918,-0.14520547945205478,-53
0.3013698630136986,0.14794520547945206,0.15342465753424658,56
0.21643835616438356,0.17534246575342466,0.0410958904109589,15
0.6082191780821918,0.0,0.6082191780821918,222
0.6082191780821918,0.0,0.6082191780821918,222
0.9178082191780822,0.0,0.9178082191780822,335
0.030136986301369864,0.6986301369863014,-0.6684931506849315,-244
0.0,0.0,0.0,0
0.9095890410958904,0.0,0.9095890410958904,332
0.5342465753424658,0.0821917808219178,0.4520547945205479,165
0.5780821917808219,0.6986301369863014,-0.12054794520547946,-44
0.5698630136986301,0.6986301369863014,-0.12876712328767123,-47
0.6465753424657534,0.6904109589041096,-0.043835616438356165,-16
0.6520547945205479,0.6246575342465753,0.0273972602739726,10
0.09315068493150686,0.0,0.09315068493150686,34
0.14794520547945206,0.0,0.14794520547945206,54
0.5452054794520548,0.4986301369863014,0.04657534246575343,17
0.26575342465753427,0.0,0.26575342465753427,97
0.7479452054794521,0.0,0.7479452054794521,273
0.273972602739726,0.1589041095890411,0.11506849315068493,42
0.0,0.6986301369863014,-0.6986301369863014,-255
0.6383561643835617,0.4438356164383562,0.19452054794520549,71
0.2219178082191781,0.0,0.2219178082191781,81
0.6109589041095891,0.5917808219178082,0.019178082191780823,7
0.08493150684931507,0.0,0.08493150684931507,31
0.04657534246575343,0.0,0.04657534246575343,17
0.06027397260273973,0.14794520547945206,-0.08767123287671233,-32
0.2219178082191781,0.6986301369863014,-0.4767123287671233,-174
0.8410958904109589,0.1589041095890411,0.6821917808219178,249
0.14794520547945206,0.6986301369863014,-0.5506849315068493,-201
0.8493150684931506,0.0,0.8493150684931506,310
0.6246575342465753,0.0,0.6246575342465753,228
0.6,0.0,0.6,219
0.2328767123287671,0.17534246575342466,0.057534246575342465,21
0.27671232876712326,0.0,0.27671232876712326,101
0.16986301369863013,0.0,0.16986301369863013,62
0.06027397260273973,0.23013698630136986,-0.16986301369863013,-62
0.10410958904109589,0.6986301369863014,-0.5945205479452055,-217
0.11506849315068493,0.4438356164383562,-0.3287671232876712,-120
0.18082191780821918,0.6986301369863014,-0.5178082191780822,-189
0.8246575342465754,0.18082191780821918,0.6438356164383562,235
0.13424657534246576,0.27945205479452057,-0.14520547945205478,-53
0.052054794520547946,0.31232876712328766,-0.2602739726027397,-95
0.7698630136986301,0.4931506849315068,0.27671232876712326,101
0.8821917808219178,0.31232876712328766,0.5698630136986301,208
0.9178082191780822,0.01643835616438356,0.9013698630136986,329
0.9178082191780822,0.01643835616438356,0.9013698630136986,329
0.4657534246575342,0.36164383561643837,0.10410958904109589,38
0.6246575342465753,0.6986301369863014,-0.07397260273972603,-27
0.29315068493150687,0.03287671232876712,0.2602739726027397,95
0.4684931506849315,0.4602739726027397,0.00821917808219178,3
0.5260273972602739,0.6986301369863014,-0.1726027397260274,-63
0.00821917808219178,0.6986301369863014,-0.6904109589041096,-252
0.6,0.4931506849315068,0.10684931506849316,39
0.5863013698630137,0.6986301369863014,-0.11232876712328767,-41
0.8931506849315068,0.5917808219178082,0.3013698630136986,110
0.8328767123287671,0.6575342465753424,0.17534246575342466,64
0.5041095890410959,0.4931506849315068,0.010958904109589041,4
0.336986301369863,0.3178082191780822,0.019178082191780823,7
0.5150684931506849,0.4767123287671233,0.038356164383561646,14
0.5260273972602739,0.3178082191780822,0.20821917808219179,76
0.03561643835616438,0.23013698630136986,-0.19452054794520549,-71
0.40273972602739727,0.6986301369863014,-0.2958904109589041,-108
0.049315068493150684,0.03287671232876712,0.01643835616438356,6
0.32054794520547947,0.6356164383561644,-0.3150684931506849,-115
0.2958904109589041,0.5917808219178082,-0.2958904109589041,-108
0.2684931506849315,0.14794520547945206,0.12054794520547946,44
0.26575342465753427,0.19726027397260273,0.0684931506849315,25
0.28493150684931506,0.06575342465753424,0.2191780821917808,80
0.2547945205479452,0.2136986301369863,0.0410958904109589,15
0.23013698630136986,0.27945205479452057,-0.049315068493150684,-18
0.25205479452054796,0.049315068493150684,0.20273972602739726,74
0.057534246575342465,0.6986301369863014,-0.6410958904109589,-234
0.4273972602739726,0.6986301369863014,-0.27123287671232876,-99
0.7397260273972602,0.14794520547945206,0.5917808219178082,216
0.052054794520547946,0.13150684931506848,-0.07945205479452055,-29
0.4657534246575342,0.13150684931506848,0.33424657534246577,122
0.5342465753424658,0.6356164383561644,-0.10136986301369863,-37
0.6082191780821918,0.3452054794520548,0.26301369863013696,96
0.5835616438356165,0.673972602739726,-0.09041095890410959,-33
0.5013698630136987,0.4986301369863014,0.0027397260273972603,1
0.5068493150684932,0.6986301369863014,-0.1917808219178082,-70
0.019178082191780823,0.0,0.019178082191780823,7
0.5068493150684932,0.0,0.5068493150684932,185
0.9506849315068493,0.11506849315068493,0.8356164383561644,305
0.5808219178082191,0.26301369863013696,0.3178082191780822,116
0.18904109589041096,0.6986301369863014,-0.5095890410958904,-186
0.14794520547945206,0.4931506849315068,-0.3452054794520548,-126
0.5972602739726027,0.0,0.5972602739726027,218
0.5863013698630137,0.3287671232876712,0.25753424657534246,94
0.10684931506849316,0.1643835616438356,-0.057534246575342465,-21
0.10684931506849316,0.0,0.10684931506849316,39
0.3698630136986301,0.6986301369863014,-0.3287671232876712,-120
0.2602739726027397,0.3178082191780822,-0.057534246575342465,-21
0.13150684931506848,0.13150684931506848,0.0,0
0.989041095890411,0.0,0.989041095890411,361
0.10684931506849316,0.6986301369863014,-0.5917808219178082,-216
0.3561643835616438,0.13150684931506848,0.22465753424657534,82
0.25205479452054796,0.049315068493150684,0.20273972602739726,74
0.26301369863013696,0.049315068493150684,0.2136986301369863,78
0.25753424657534246,0.0821917808219178,0.17534246575342466,64
0.2328767123287671,0.3780821917808219,-0.14520547945205478,-53
0.0958904109589041,0.5095890410958904,-0.4136986301369863,-151
0.38904109589041097,0.684931506849315,-0.2958904109589041,-108
0.3506849315068493,0.6986301369863014,-0.34794520547945207,-127
0.7671232876712328,0.6986301369863014,0.0684931506849315,25
0.5835616438356165,0.4767123287671233,0.10684931506849316,39
0.3643835616438356,0.6986301369863014,-0.33424657534246577,-122
0.589041095890411,0.6986301369863014,-0.1095890410958904,-40
0.0684931506849315,0.6986301369863014,-0.6301369863013698,-230
0.8383561643835616,0.1095890410958904,0.7287671232876712,266
0.29863013698630136,0.6986301369863014,-0.4,-146
0.7917808219178082,0.3287671232876712,0.46301369863013697,169
0.08493150684931507,0.6986301369863014,-0.6136986301369863,-224
0.18356164383561643,0.0,0.18356164383561643,67
0.1589041095890411,0.0,0.1589041095890411,58
0.0,0.6986301369863014,-0.6986301369863014,-255
0.0,0.6986301369863014,-0.6986301369863014,-255
0.28493150684931506,0.36164383561643837,-0.07671232876712329,-28
0.021917808219178082,0.0,0.021917808219178082,8
0.39452054794520547,0.6986301369863014,-0.3041095890410959,-111
0.7835616438356164,0.5424657534246575,0.2410958904109589,88
0.28493150684931506,0.5917808219178082,-0.30684931506849317,-112
0.7808219178082192,0.043835616438356165,0.736986301369863,269
0.005479452054794521,0.049315068493150684,-0.043835616438356165,-16
0.1863013698630137,0.6986301369863014,-0.5123287671232877,-187
0.049315068493150684,0.4438356164383562,-0.39452054794520547,-144
0.06575342465753424,0.18082191780821918,-0.11506849315068493,-42
0.36712328767123287,0.3178082191780822,0.049315068493150684,18
0.6821917808219178,0.0,0.6821917808219178,249
0.0821917808219178,0.1643835616438356,-0.0821917808219178,-30
0.005479452054794521,0.3287671232876712,-0.3232876712328767,-118
0.0,0.6986301369863014,-0.6986301369863014,-255
0.5561643835616439,0.5095890410958904,0.04657534246575343,17
0.3561643835616438,0.6986301369863014,-0.3424657534246575,-125
0.8712328767123287,0.31232876712328766,0.5589041095890411,204
0.8547945205479452,0.23013698630136986,0.6246575342465753,228
0.8849315068493151,0.4767123287671233,0.40821917808219177,149
0.8931506849315068,0.2136986301369863,0.6794520547945205,248
0.03287671232876712,0.0,0.03287671232876712,12
0.7315068493150685,0.6986301369863014,0.03287671232876712,12
0.1863013698630137,0.4931506849315068,-0.30684931506849317,-112
0.1506849315068493,0.2465753424657534,-0.0958904109589041,-35
0.0,0.0,0.0,0
0.6438356164383562,0.16986301369863013,0.473972602739726,173
0.6054794520547945,0.6410958904109589,-0.03561643835616438,-13
0.29315068493150687,0.5424657534246575,-0.2493150684931507,-91
0.989041095890411,0.3452054794520548,0.6438356164383562,235
0.5972602739726027,0.4931506849315068,0.10410958904109589,38
0.23835616438356164,0.0,0.23835616438356164,87
0.07397260273972603,0.0,0.07397260273972603,27
0.9095890410958904,0.6986301369863014,0.21095890410958903,77
0.14794520547945206,0.4931506849315068,-0.3452054794520548,-126
0.1863013698630137,0.0,0.1863013698630137,68
0.8164383561643835,0.1917808219178082,0.6246575342465753,228
0.10410958904109589,0.23013698630136986,-0.12602739726027398,-46
0.14794520547945206,0.6986301369863014,-0.5506849315068493,-201
0.06027397260273973,0.3780821917808219,-0.3178082191780822,-116
0.5945205479452055,0.4602739726027397,0.13424657534246576,49
0.6164383561643836,0.3178082191780822,0.29863013698630136,109
0.0,0.6986301369863014,-0.6986301369863014,-255
0.07123287671232877,0.410958904109589,-0.33972602739726027,-124
0.052054794520547946,0.4931506849315068,-0.4410958904109589,-161
0.5123287671232877,0.0,0.5123287671232877,187
0.09863013698630137,0.6986301369863014,-0.6,-219
0.3561643835616438,0.1643835616438356,0.1917808219178082,70
0.06027397260273973,0.6575342465753424,-0.5972602739726027,-218
0.14246575342465753,0.23013698630136986,-0.08767123287671233,-32
0.3150684931506849,0.410958904109589,-0.0958904109589041,-35
0.0,0.0,0.0,0
0.2054794520547945,0.6986301369863014,-0.4931506849315068,-180
0.1095890410958904,0.6986301369863014,-0.589041095890411,-215
0.19452054794520549,0.4931506849315068,-0.29863013698630136,-109
0.2602739726027397,0.3287671232876712,-0.0684931506849315,-25
0.030136986301369864,0.1643835616438356,-0.13424657534246576,-49
0.052054794520547946,0.3287671232876712,-0.27671232876712326,-101
0.0821917808219178,0.6986301369863014,-0.6164383561643836,-225
0.1589041095890411,0.6986301369863014,-0.5397260273972603,-197
0.6136986301369863,0.23013698630136986,0.3835616438356164,140
0.4602739726027397,0.3013698630136986,0.1589041095890411,58
0.8602739726027397,0.0,0.8602739726027397,314
0.23013698630136986,0.0,0.23013698630136986,84
0.06027397260273973,0.31232876712328766,-0.25205479452054796,-92
0.8410958904109589,0.4767123287671233,0.3643835616438356,133
0.5205479452054794,0.36164383561643837,0.1589041095890411,58
0.5753424657534246,0.6082191780821918,-0.03287671232876712,-12
0.0,0.0,0.0,0
0.01643835616438356,0.049315068493150684,-0.03287671232876712,-12
0.11232876712328767,0.3178082191780822,-0.2054794520547945,-75
0.6493150684931507,0.410958904109589,0.23835616438356164,87
0.5945205479452055,0.6986301369863014,-0.10410958904109589,-38
0.547945205479452,0.4273972602739726,0.12054794520547946,44
0.5972602739726027,0.6986301369863014,-0.10136986301369863,-37
0.8904109589041096,0.03287671232876712,0.8575342465753425,313
0.6520547945205479,0.0,0.6520547945205479,238
0.29041095890410956,0.14794520547945206,0.14246575342465753,52
0.24383561643835616,0.0821917808219178,0.16164383561643836,59
0.2547945205479452,0.06575342465753424,0.18904109589041096,69
0.29863013698630136,0.0,0.29863013698630136,109
0.2602739726027397,0.19726027397260273,0.06301369863013699,23
0.25205479452054796,0.13150684931506848,0.12054794520547946,44
0.17534246575342466,0.049315068493150684,0.12602739726027398,46
1.0,0.4602739726027397,0.5397260273972603,197
0.7972602739726027,0.6986301369863014,0.09863013698630137,36
0.8136986301369863,0.5095890410958904,0.3041095890410959,111
0.0,0.0,0.0,0
0.052054794520547946,0.1643835616438356,-0.11232876712328767,-41
0.3013698630136986,0.1643835616438356,0.136986301369863,50
0.27123287671232876,0.1589041095890411,0.11232876712328767,41
0.1863013698630137,0.1589041095890411,0.0273972602739726,10
0.6876712328767123,0.1643835616438356,0.5232876712328767,191
0.030136986301369864,0.0,0.030136986301369864,11
0.7287671232876712,0.3452054794520548,0.3835616438356164,140
0.0027397260273972603,0.0,0.0027397260273972603,1
0.3643835616438356,0.6986301369863014,-0.33424657534246577,-122
0.11232876712328767,0.3178082191780822,-0.2054794520547945,-75
0.684931506849315,0.1589041095890411,0.5260273972602739,192
0.0,0.01643835616438356,-0.01643835616438356,-6
0.11232876712328767,0.6986301369863014,-0.5863013698630137,-214
0.12602739726027398,0.6986301369863014,-0.5726027397260274,-209
0.4767123287671233,0.4931506849315068,-0.01643835616438356,-6
0.1232876712328767,0.1643835616438356,-0.0410958904109589,-15
0.1863013698630137,0.0,0.1863013698630137,68
0.0136986301369863,0.6986301369863014,-0.684931506849315,-250
0.7397260273972602,0.09863013698630137,0.6410958904109589,234
0.6383561643835617,0.4931506849315068,0.14520547945205478,53
0.947945205479452,0.6986301369863014,0.2493150684931507,91
0.9095890410958904,0.4602739726027397,0.44931506849315067,164
0.0,0.01643835616438356,-0.01643835616438356,-6
0.0,0.01643835616438356,-0.01643835616438356,-6
0.021917808219178082,0.03287671232876712,-0.010958904109589041,-4
0.26575342465753427,0.1589041095890411,0.10684931506849316,39
0.06575342465753424,0.0,0.06575342465753424,24
0.09315068493150686,0.03287671232876712,0.06027397260273973,22
0.10684931506849316,0.1589041095890411,-0.052054794520547946,-19
0.3452054794520548,0.5260273972602739,-0.18082191780821918,-66
0.16986301369863013,0.1643835616438356,0.005479452054794521,2
0.8356164383561644,0.0,0.8356164383561644,305
0.4904109589041096,0.0,0.4904109589041096,179
0.10410958904109589,0.06575342465753424,0.038356164383561646,14
0.4931506849315068,0.0,0.4931506849315068,180
0.10410958904109589,0.0,0.10410958904109589,38
0.6356164383561644,0.1643835616438356,0.4712328767123288,172
0.0,0.0,0.0,0
0.11506849315068493,0.6410958904109589,-0.5260273972602739,-192
0.43561643835616437,0.0,0.43561643835616437,159
0.15342465753424658,0.1643835616438356,-0.010958904109589041,-4
0.0410958904109589,0.0,0.0410958904109589,15
0.16986301369863013,0.0,0.16986301369863013,62
0.2054794520547945,0.6986301369863014,-0.4931506849315068,-180
0.273972602739726,0.6986301369863014,-0.4246575342465753,-155
0.5013698630136987,0.0,0.5013698630136987,183
0.0136986301369863,0.06575342465753424,-0.052054794520547946,-19
0.0,0.01643835616438356,-0.01643835616438356,-6
0.3835616438356164,0.4931506849315068,-0.1095890410958904,-40
0.852054794520548,0.0,0.852054794520548,311
0.663013698630137,0.16986301369863013,0.4931506849315068,180
0.2602739726027397,0.0,0.2602739726027397,95
0.4383561643835616,0.3178082191780822,0.12054794520547946,44
0.9397260273972603,0.0,0.9397260273972603,343
0.1780821917808219,0.6410958904109589,-0.46301369863013697,-169
0.3178082191780822,0.11506849315068493,0.20273972602739726,74
0.42191780821917807,0.3178082191780822,0.10410958904109589,38
0.5232876712328767,0.0,0.5232876712328767,191
0.0,0.0,0.0,0
0.0,0.0,0.0,0
0.0,0.6986301369863014,-0.6986301369863014,-255
0.44931506849315067,0.0,0.44931506849315067,164
0.7863013698630137,0.3178082191780822,0.4684931506849315,171
0.4657534246575342,0.0,0.4657534246575342,170
0.2054794520547945,0.0,0.2054794520547945,75
0.09315068493150686,0.0,0.09315068493150686,34
0.0,0.0,0.0,0
0.4986301369863014,0.0,0.4986301369863014,182
0.8602739726027397,0.0,0.8602739726027397,314
0.3698630136986301,0.4767123287671233,-0.10684931506849316,-39
0.4602739726027397,0.4767123287671233,-0.01643835616438356,-6
0.7123287671232876,0.1589041095890411,0.5534246575342465,202
0.2410958904109589,0.0,0.2410958904109589,88
0.08767123287671233,0.5260273972602739,-0.4383561643835616,-160
0.07397260273972603,0.0,0.07397260273972603,27
0.5041095890410959,0.0,0.5041095890410959,184
0.9260273972602739,0.23013698630136986,0.6958904109589041,254
0.4767123287671233,0.1589041095890411,0.3178082191780822,116
0.10410958904109589,0.4273972602739726,-0.3232876712328767,-118
0.3013698630136986,0.0,0.3013698630136986,110
0.7561643835616438,0.0,0.7561643835616438,276
0.3835616438356164,0.0,0.3835616438356164,140
0.5287671232876713,0.3178082191780822,0.21095890410958903,77
0.1178082191780822,0.4767123287671233,-0.3589041095890411,-131
0.8602739726027397,0.5753424657534246,0.28493150684931506,104
0.7287671232876712,0.0,0.7287671232876712,266
0.10136986301369863,0.0,0.10136986301369863,37
0.08493150684931507,0.0,0.08493150684931507,31
0.41643835616438357,0.1589041095890411,0.25753424657534246,94
0.4191780821917808,0.6356164383561644,-0.21643835616438356,-79
0.36712328767123287,0.0,0.36712328767123287,134
0.0,0.0,0.0,0
0.4520547945205479,0.0,0.4520547945205479,165
0.4602739726027397,0.0,0.4602739726027397,168
0.0027397260273972603,0.0,0.0027397260273972603,1
0.6136986301369863,0.0,0.6136986301369863,224
0.4328767123287671,0.0,0.4328767123287671,158
0.22465753424657534,0.31232876712328766,-0.08767123287671233,-32
0.0958904109589041,0.6986301369863014,-0.6027397260273972,-220
0.6219178082191781,0.0,0.6219178082191781,227
0.36164383561643837,0.0,0.36164383561643837,132
0.07671232876712329,0.3287671232876712,-0.25205479452054796,-92
0.3424657534246575,0.0,0.3424657534246575,125
0.4794520547945205,0.3178082191780822,0.16164383561643836,59
0.3698630136986301,0.0,0.3698630136986301,135
0.4246575342465753,0.4767123287671233,-0.052054794520547946,-19
0.010958904109589041,0.6986301369863014,-0.6876712328767123,-251
0.08767123287671233,0.1589041095890411,-0.07123287671232877,-26
0.2191780821917808,0.06575342465753424,0.15342465753424658,56
0.7753424657534247,0.0,0.7753424657534247,283
0.1917808219178082,0.39452054794520547,-0.20273972602739726,-74
0.4931506849315068,0.03287671232876712,0.4602739726027397,168
0.31232876712328766,0.3287671232876712,-0.01643835616438356,-6
0.13150684931506848,0.6986301369863014,-0.5671232876712329,-207
0.01643835616438356,0.6356164383561644,-0.6191780821917808,-226
0.12054794520547946,0.6986301369863014,-0.5780821917808219,-211
0.4904109589041096,0.1589041095890411,0.3315068493150685,121
0.7671232876712328,0.1589041095890411,0.6082191780821918,222
0.410958904109589,0.19726027397260273,0.2136986301369863,78
0.3424657534246575,0.18082191780821918,0.16164383561643836,59
0.6712328767123288,0.14794520547945206,0.5232876712328767,191
0.36164383561643837,0.0,0.36164383561643837,132
0.6410958904109589,0.16986301369863013,0.4712328767123288,172
0.5753424657534246,0.19726027397260273,0.3780821917808219,138
0.5780821917808219,0.11506849315068493,0.46301369863013697,169
0.5452054794520548,0.0,0.5452054794520548,199
0.4328767123287671,0.16986301369863013,0.26301369863013696,96
0.4328767123287671,0.0,0.4328767123287671,158
0.2410958904109589,0.0,0.2410958904109589,88
0.15342465753424658,0.0,0.15342465753424658,56
0.6356164383561644,0.0,0.6356164383561644,232
1.0,0.0,1.0,365
0.5972602739726027,0.0,0.5972602739726027,218
1.0,0.0,1.0,365
0.35342465753424657,0.3452054794520548,0.00821917808219178,3
0.09863013698630137,0.19726027397260273,-0.09863013698630137,-36
0.15616438356164383,0.3287671232876712,-0.1726027397260274,-63
0.9972602739726028,0.3178082191780822,0.6794520547945205,248
1.0,0.2136986301369863,0.7863013698630137,287
0.9616438356164384,0.2465753424657534,0.7150684931506849,261
0.024657534246575342,0.11506849315068493,-0.09041095890410959,-33
0.12054794520547946,0.0,0.12054794520547946,44
0.10684931506849316,0.0,0.10684931506849316,39
1.0,0.0,1.0,365
1.0,0.0,1.0,365
0.5041095890410959,0.1589041095890411,0.3452054794520548,126
0.0,0.0,0.0,0
0.9616438356164384,0.0,0.9616438356164384,351
0.0958904109589041,0.0,0.0958904109589041,35
0.4246575342465753,0.0,0.4246575342465753,155
0.2684931506849315,0.0,0.2684931506849315,98
0.4958904109589041,0.4767123287671233,0.019178082191780823,7
0.6164383561643836,0.410958904109589,0.2054794520547945,75
0.863013698630137,0.1643835616438356,0.6986301369863014,255
0.29041095890410956,0.0821917808219178,0.20821917808219179,76
0.34794520547945207,0.3178082191780822,0.030136986301369864,11
0.2684931506849315,0.1589041095890411,0.1095890410958904,40
0.010958904109589041,0.0,0.010958904109589041,4
0.1232876712328767,0.0,0.1232876712328767,45
0.6958904109589041,0.0,0.6958904109589041,254
0.7671232876712328,0.0,0.7671232876712328,280
0.5506849315068493,0.1643835616438356,0.3863013698630137,141
0.28493150684931506,0.0,0.28493150684931506,104
0.20821917808219179,0.1589041095890411,0.049315068493150684,18
0.4904109589041096,0.0,0.4904109589041096,179
0.7397260273972602,0.6986301369863014,0.0410958904109589,15
0.5753424657534246,0.0,0.5753424657534246,210
0.32602739726027397,0.0,0.32602739726027397,119
0.6109589041095891,0.0,0.6109589041095891,223
0.3643835616438356,0.3178082191780822,0.04657534246575343,17
0.6109589041095891,0.3178082191780822,0.29315068493150687,107
0.40821917808219177,0.0,0.40821917808219177,149
0.5205479452054794,0.0,0.5205479452054794,190
0.6191780821917808,0.0,0.6191780821917808,226
0.536986301369863,0.4767123287671233,0.06027397260273973,22
0.547945205479452,0.0,0.547945205479452,200
0.11232876712328767,0.0,0.11232876712328767,41
0.4821917808219178,0.1589041095890411,0.3232876712328767,118
0.36712328767123287,0.0,0.36712328767123287,134
0.42191780821917807,0.3178082191780822,0.10410958904109589,38
0.0547945205479452,0.2465753424657534,-0.1917808219178082,-70
0.7506849315068493,0.0,0.7506849315068493,274
1.0,0.06575342465753424,0.9342465753424658,341
0.021917808219178082,0.4273972602739726,-0.4054794520547945,-148
0.03287671232876712,0.3780821917808219,-0.3452054794520548,-126
0.8164383561643835,0.09863013698630137,0.7178082191780822,262
0.14520547945205478,0.0821917808219178,0.06301369863013699,23
0.14794520547945206,0.06575342465753424,0.0821917808219178,30
0.024657534246575342,0.6986301369863014,-0.673972602739726,-246
0.0273972602739726,0.6986301369863014,-0.6712328767123288,-245
0.0136986301369863,0.6986301369863014,-0.684931506849315,-250
0.021917808219178082,0.6986301369863014,-0.6767123287671233,-247
0.0273972602739726,0.03287671232876712,-0.005479452054794521,-2
0.32054794520547947,0.09863013698630137,0.2219178082191781,81
0.2191780821917808,0.5753424657534246,-0.3561643835616438,-130
0.16986301369863013,0.5917808219178082,-0.42191780821917807,-154
0.8383561643835616,0.043835616438356165,0.7945205479452054,290
0.2356164383561644,0.6986301369863014,-0.46301369863013697,-169
0.1863013698630137,0.4273972602739726,-0.2410958904109589,-88
0.5041095890410959,0.0,0.5041095890410959,184
0.4328767123287671,0.1589041095890411,0.273972602739726,100
0.09315068493150686,0.18082191780821918,-0.08767123287671233,-32
0.8273972602739726,0.0,0.8273972602739726,302
0.8383561643835616,0.0,0.8383561643835616,306
0.7561643835616438,0.0,0.7561643835616438,276
0.005479452054794521,0.0,0.005479452054794521,2
0.3452054794520548,0.0,0.3452054794520548,126
0.3452054794520548,0.0,0.3452054794520548,126
0.01643835616438356,0.0,0.01643835616438356,6
0.08767123287671233,0.673972602739726,-0.5863013698630137,-214
0.7561643835616438,0.0,0.7561643835616438,276
0.038356164383561646,0.15342465753424658,-0.11506849315068493,-42
1.0,0.13150684931506848,0.8684931506849315,317
0.35342465753424657,0.6986301369863014,-0.3452054794520548,-126
0.44931506849315067,0.2958904109589041,0.15342465753424658,56
0.6876712328767123,0.0,0.6876712328767123,251
0.7534246575342466,0.0,0.7534246575342466,275
0.3506849315068493,0.0,0.3506849315068493,128
0.27123287671232876,0.0,0.27123287671232876,99
0.19726027397260273,0.3287671232876712,-0.13150684931506848,-48
0.3506849315068493,0.0,0.3506849315068493,128
0.25205479452054796,0.0,0.25205479452054796,92
0.27123287671232876,0.3287671232876712,-0.057534246575342465,-21
0.3506849315068493,0.0,0.3506849315068493,128
0.9205479452054794,0.19726027397260273,0.7232876712328767,264
0.043835616438356165,0.31232876712328766,-0.2684931506849315,-98
0.01643835616438356,0.0,0.01643835616438356,6
0.26301369863013696,0.0,0.26301369863013696,96
0.1643835616438356,0.2958904109589041,-0.13150684931506848,-48
0.6136986301369863,0.3452054794520548,0.2684931506849315,98
0.6164383561643836,0.3287671232876712,0.2876712328767123,105
0.2493150684931507,0.6986301369863014,-0.44931506849315067,-164
0.7561643835616438,0.19726027397260273,0.5589041095890411,204
0.863013698630137,0.0821917808219178,0.7808219178082192,285
0.6876712328767123,0.0,0.6876712328767123,251
0.31232876712328766,0.33972602739726027,-0.0273972602739726,-10
0.7287671232876712,0.0,0.7287671232876712,266
0.6493150684931507,0.0,0.6493150684931507,237
0.6876712328767123,0.0,0.6876712328767123,251
0.7150684931506849,0.0,0.7150684931506849,261
0.5917808219178082,0.0,0.5917808219178082,216
0.40821917808219177,0.0,0.40821917808219177,149
0.6904109589041096,0.0,0.6904109589041096,252
0.6410958904109589,0.0,0.6410958904109589,234
0.6904109589041096,0.0,0.6904109589041096,252
0.6602739726027397,0.0,0.6602739726027397,241
0.5863013698630137,0.0,0.5863013698630137,214
0.5917808219178082,0.0,0.5917808219178082,216
0.6876712328767123,0.0,0.6876712328767123,251
0.8082191780821918,0.0,0.8082191780821918,295
0.6986301369863014,0.0,0.6986301369863014,255
0.5287671232876713,0.0,0.5287671232876713,193
0.6876712328767123,0.0,0.6876712328767123,251
0.021917808219178082,0.0,0.021917808219178082,8
0.6712328767123288,0.0,0.6712328767123288,245
0.21095890410958903,0.09863013698630137,0.11232876712328767,41
0.2958904109589041,0.18082191780821918,0.11506849315068493,42
0.6767123287671233,0.0,0.6767123287671233,247
0.6958904109589041,0.0,0.6958904109589041,254
0.3589041095890411,0.0,0.3589041095890411,131
0.5917808219178082,0.0,0.5917808219178082,216
0.1780821917808219,0.39452054794520547,-0.21643835616438356,-79
0.24383561643835616,0.0,0.24383561643835616,89
0.0410958904109589,0.4931506849315068,-0.4520547945205479,-165
0.0684931506849315,0.4438356164383562,-0.37534246575342467,-137
0.010958904109589041,0.5424657534246575,-0.5315068493150685,-194
0.14246575342465753,0.0,0.14246575342465753,52
0.14246575342465753,0.0,0.14246575342465753,52
0.10136986301369863,0.0,0.10136986301369863,37
0.10410958904109589,0.0,0.10410958904109589,38
0.10410958904109589,0.0,0.10410958904109589,38
0.2410958904109589,0.0,0.2410958904109589,88
0.2602739726027397,0.0,0.2602739726027397,95
0.2602739726027397,0.0,0.2602739726027397,95
0.2602739726027397,0.0,0.2602739726027397,95
0.8712328767123287,0.0,0.8712328767123287,318
0.9068493150684932,0.1643835616438356,0.7424657534246575,271
0.5342465753424658,0.0,0.5342465753424658,195
0.09863013698630137,0.0,0.09863013698630137,36
0.13150684931506848,0.6986301369863014,-0.5671232876712329,-207
0.44931506849315067,0.0,0.44931506849315067,164
0.44931506849315067,0.0,0.44931506849315067,164
0.44931506849315067,0.0,0.44931506849315067,164
0.18082191780821918,0.6410958904109589,-0.4602739726027397,-168
0.03287671232876712,0.0,0.03287671232876712,12
0.11232876712328767,0.0,0.11232876712328767,41
0.11232876712328767,0.0,0.11232876712328767,41
0.09041095890410959,0.5260273972602739,-0.43561643835616437,-159
0.4821917808219178,0.4602739726027397,0.021917808219178082,8
0.2493150684931507,0.0,0.2493150684931507,91
0.04657534246575343,0.2465753424657534,-0.2,-73
0.4328767123287671,0.0,0.4328767123287671,158
0.0,0.1643835616438356,-0.1643835616438356,-60
0.021917808219178082,0.0,0.021917808219178082,8
0.27671232876712326,0.4931506849315068,-0.21643835616438356,-79
0.8821917808219178,0.6986301369863014,0.18356164383561643,67
0.8438356164383561,0.0,0.8438356164383561,308
0.5123287671232877,0.0,0.5123287671232877,187
0.057534246575342465,0.1589041095890411,-0.10136986301369863,-37
0.6821917808219178,0.0,0.6821917808219178,249
0.0,0.0,0.0,0
0.3232876712328767,0.14794520547945206,0.17534246575342466,64
0.2602739726027397,0.1589041095890411,0.10136986301369863,37
0.0,0.4767123287671233,-0.4767123287671233,-174
0.9287671232876712,0.0821917808219178,0.8465753424657534,309
1.0,0.13150684931506848,0.8684931506849315,317
0.08767123287671233,0.5917808219178082,-0.5041095890410959,-184
0.3561643835616438,0.1589041095890411,0.19726027397260273,72
0.7232876712328767,0.1589041095890411,0.5643835616438356,206
0.46301369863013697,0.0,0.46301369863013697,169
0.0958904109589041,0.13150684931506848,-0.03561643835616438,-13
0.12876712328767123,0.4931506849315068,-0.3643835616438356,-133
0.06575342465753424,0.3178082191780822,-0.25205479452054796,-92
0.07945205479452055,0.3780821917808219,-0.29863013698630136,-109
0.5068493150684932,0.2465753424657534,0.2602739726027397,95
0.0,0.6986301369863014,-0.6986301369863014,-255
0.4465753424657534,0.6356164383561644,-0.18904109589041096,-69
0.1643835616438356,0.6986301369863014,-0.5342465753424658,-195
0.07397260273972603,0.0,0.07397260273972603,27
0.41643835616438357,0.06575342465753424,0.3506849315068493,128
0.43561643835616437,0.09863013698630137,0.336986301369863,123
0.26301369863013696,0.1643835616438356,0.09863013698630137,36
0.1232876712328767,0.27945205479452057,-0.15616438356164383,-57
0.8082191780821918,0.4273972602739726,0.38082191780821917,139
0.2054794520547945,0.4273972602739726,-0.2219178082191781,-81
0.07671232876712329,0.6986301369863014,-0.6219178082191781,-227
0.0,0.0,0.0,0
0.08493150684931507,0.6986301369863014,-0.6136986301369863,-224
0.2328767123287671,0.0,0.2328767123287671,85
0.4465753424657534,0.049315068493150684,0.3972602739726027,145
0.07945205479452055,0.19726027397260273,-0.1178082191780822,-43
0.06301369863013699,0.6986301369863014,-0.6356164383561644,-232
0.052054794520547946,0.3780821917808219,-0.32602739726027397,-119
0.0273972602739726,0.6986301369863014,-0.6712328767123288,-245
0.07397260273972603,0.6986301369863014,-0.6246575342465753,-228
0.03561643835616438,0.6986301369863014,-0.663013698630137,-242
0.0547945205479452,0.26301369863013696,-0.20821917808219179,-76
0.0,0.4986301369863014,-0.4986301369863014,-182
0.07671232876712329,0.049315068493150684,0.0273972602739726,10
0.7315068493150685,0.6986301369863014,0.03287671232876712,12
0.07397260273972603,0.0,0.07397260273972603,27
0.5150684931506849,0.11506849315068493,0.4,146
0.07123287671232877,0.19726027397260273,-0.12602739726027398,-46
0.0958904109589041,0.3780821917808219,-0.2821917808219178,-103
0.13424657534246576,0.26301369863013696,-0.12876712328767123,-47
0.0136986301369863,0.0,0.0136986301369863,5
0.07397260273972603,0.2136986301369863,-0.13972602739726028,-51
0.08493150684931507,0.3287671232876712,-0.24383561643835616,-89
0.4301369863013699,0.31232876712328766,0.1178082191780822,43
0.03287671232876712,0.15342465753424658,-0.12054794520547946,-44
0.15342465753424658,0.0,0.15342465753424658,56
0.12602739726027398,0.6986301369863014,-0.5726027397260274,-209
0.8602739726027397,0.09863013698630137,0.7616438356164383,278
0.4465753424657534,0.13150684931506848,0.3150684931506849,115
0.6,0.0,0.6,219
0.7506849315068493,0.0,0.7506849315068493,274
0.0,0.3178082191780822,-0.3178082191780822,-116
0.5643835616438356,0.06575342465753424,0.4986301369863014,182
0.2821917808219178,0.14794520547945206,0.13424657534246576,49
0.6904109589041096,0.16986301369863013,0.5205479452054794,190
0.0,0.0,0.0,0
0.663013698630137,0.27945205479452057,0.3835616438356164,140
0.18904109589041096,0.5095890410958904,-0.32054794520547947,-117
0.31232876712328766,0.11506849315068493,0.19726027397260273,72
0.24383561643835616,0.0,0.24383561643835616,89
0.030136986301369864,0.2958904109589041,-0.26575342465753427,-97
0.1589041095890411,0.06575342465753424,0.09315068493150686,34
0.27671232876712326,0.01643835616438356,0.2602739726027397,95
0.2410958904109589,0.4767123287671233,-0.2356164383561644,-86
0.08493150684931507,0.06575342465753424,0.019178082191780823,7
0.2958904109589041,0.09863013698630137,0.19726027397260273,72
0.12876712328767123,0.0821917808219178,0.04657534246575343,17
0.0410958904109589,0.31232876712328766,-0.27123287671232876,-99
0.0547945205479452,0.2465753424657534,-0.1917808219178082,-70
0.10410958904109589,0.6986301369863014,-0.5945205479452055,-217
0.07397260273972603,0.3452054794520548,-0.27123287671232876,-99
0.0027397260273972603,0.1589041095890411,-0.15616438356164383,-57
0.9917808219178083,0.049315068493150684,0.9424657534246575,344
0.15616438356164383,0.4602739726027397,-0.3041095890410959,-111
0.18356164383561643,0.27945205479452057,-0.0958904109589041,-35
0.28493150684931506,0.18082191780821918,0.10410958904109589,38
0.29863013698630136,0.01643835616438356,0.2821917808219178,103
0.2191780821917808,0.36164383561643837,-0.14246575342465753,-52
0.06575342465753424,0.0,0.06575342465753424,24
0.26575342465753427,0.0,0.26575342465753427,97
0.7561643835616438,0.0,0.7561643835616438,276
0.3780821917808219,0.26301369863013696,0.11506849315068493,42
0.0,0.0,0.0,0
0.4712328767123288,0.26301369863013696,0.20821917808219179,76
0.0,0.0,0.0,0
0.6547945205479452,0.36164383561643837,0.29315068493150687,107
0.0547945205479452,0.0,0.0547945205479452,20
0.0547945205479452,0.0,0.0547945205479452,20
0.0027397260273972603,0.0,0.0027397260273972603,1
0.08767123287671233,0.6986301369863014,-0.6109589041095891,-223
0.0547945205479452,0.19726027397260273,-0.14246575342465753,-52
0.5452054794520548,0.15342465753424658,0.3917808219178082,143
0.06301369863013699,0.0,0.06301369863013699,23
0.410958904109589,0.39452054794520547,0.01643835616438356,6
0.0027397260273972603,0.0,0.0027397260273972603,1
0.052054794520547946,0.0,0.052054794520547946,19
0.3150684931506849,0.021917808219178082,0.29315068493150687,107
0.4575342465753425,0.13150684931506848,0.32602739726027397,119
0.6520547945205479,0.13150684931506848,0.5205479452054794,190
0.3452054794520548,0.15342465753424658,0.1917808219178082,70
0.7068493150684931,0.2191780821917808,0.4876712328767123,178
0.0,0.3178082191780822,-0.3178082191780822,-116
0.01643835616438356,0.3178082191780822,-0.3013698630136986,-110
0.13972602739726028,0.31232876712328766,-0.1726027397260274,-63
0.0958904109589041,0.2958904109589041,-0.2,-73
0.07397260273972603,0.2136986301369863,-0.13972602739726028,-51
0.12876712328767123,0.3287671232876712,-0.2,-73
0.07945205479452055,0.27945205479452057,-0.2,-73
0.10684931506849316,0.18082191780821918,-0.07397260273972603,-27
0.21643835616438356,0.2136986301369863,0.0027397260273972603,1
0.8273972602739726,0.23013698630136986,0.5972602739726027,218
0.6493150684931507,0.23013698630136986,0.4191780821917808,153
0.6082191780821918,0.1643835616438356,0.4438356164383562,162
0.27945205479452057,0.14794520547945206,0.13150684931506848,48
0.08767123287671233,0.0,0.08767123287671233,32
0.07671232876712329,0.0,0.07671232876712329,28
0.0,0.0,0.0,0
0.01643835616438356,0.1643835616438356,-0.14794520547945206,-54
0.5287671232876713,0.03287671232876712,0.4958904109589041,181
0.4410958904109589,0.4602739726027397,-0.019178082191780823,-7
0.1726027397260274,0.31232876712328766,-0.13972602739726028,-51
0.09041095890410959,0.30684931506849317,-0.21643835616438356,-79
0.07123287671232877,0.06575342465753424,0.005479452054794521,2
0.11232876712328767,0.6986301369863014,-0.5863013698630137,-214
0.0547945205479452,0.6986301369863014,-0.6438356164383562,-235
0.24383561643835616,0.6986301369863014,-0.4547945205479452,-166
0.10410958904109589,0.09863013698630137,0.005479452054794521,2
0.8602739726027397,0.03287671232876712,0.8273972602739726,302
0.17534246575342466,0.0,0.17534246575342466,64
0.14794520547945206,0.0,0.14794520547945206,54
0.5260273972602739,0.0,0.5260273972602739,192
0.7315068493150685,0.26301369863013696,0.4684931506849315,171
0.07945205479452055,0.0821917808219178,-0.0027397260273972603,-1
0.547945205479452,0.14794520547945206,0.4,146
0.2410958904109589,0.0,0.2410958904109589,88
0.3452054794520548,0.0,0.3452054794520548,126
0.6054794520547945,0.3287671232876712,0.27671232876712326,101
0.038356164383561646,0.0,0.038356164383561646,14
0.06301369863013699,0.3780821917808219,-0.3150684931506849,-115
0.1643835616438356,0.410958904109589,-0.2465753424657534,-90
0.38904109589041097,0.31232876712328766,0.07671232876712329,28
0.36164383561643837,0.27945205479452057,0.0821917808219178,30
0.3917808219178082,0.27945205479452057,0.11232876712328767,41
0.07945205479452055,0.049315068493150684,0.030136986301369864,11
0.3589041095890411,0.27945205479452057,0.07945205479452055,29
0.6657534246575343,0.2958904109589041,0.3698630136986301,135
0.936986301369863,0.19726027397260273,0.7397260273972602,270
0.9013698630136986,0.11506849315068493,0.7863013698630137,287
0.8986301369863013,0.27945205479452057,0.6191780821917808,226
0.936986301369863,0.19726027397260273,0.7397260273972602,270
0.7835616438356164,0.2136986301369863,0.5698630136986301,208
0.7589041095890411,0.14794520547945206,0.6109589041095891,223
0.7643835616438356,0.18082191780821918,0.5835616438356165,213
0.36164383561643837,0.14794520547945206,0.2136986301369863,78
0.27945205479452057,0.01643835616438356,0.26301369863013696,96
0.13972602739726028,0.31232876712328766,-0.1726027397260274,-63
0.11232876712328767,0.0821917808219178,0.030136986301369864,11
0.09041095890410959,0.2136986301369863,-0.1232876712328767,-45
0.3287671232876712,0.13150684931506848,0.19726027397260273,72
0.1095890410958904,0.13150684931506848,-0.021917808219178082,-8
0.0136986301369863,0.6986301369863014,-0.684931506849315,-250
0.9945205479452055,0.5260273972602739,0.4684931506849315,171
0.11506849315068493,0.4931506849315068,-0.3780821917808219,-138
0.6,0.0,0.6,219
0.1095890410958904,0.0,0.1095890410958904,40
0.21643835616438356,0.0,0.21643835616438356,79
0.25753424657534246,0.0,0.25753424657534246,94
0.26575342465753427,0.18082191780821918,0.08493150684931507,31
0.4986301369863014,0.06575342465753424,0.4328767123287671,158
0.7561643835616438,0.0,0.7561643835616438,276
0.3287671232876712,0.13150684931506848,0.19726027397260273,72
0.5013698630136987,0.3178082191780822,0.18356164383561643,67
0.1863013698630137,0.2465753424657534,-0.06027397260273973,-22
0.18082191780821918,0.0,0.18082191780821918,66
0.2136986301369863,0.0,0.2136986301369863,78
0.10136986301369863,0.0,0.10136986301369863,37
0.06027397260273973,0.0,0.06027397260273973,22
0.12054794520547946,0.0,0.12054794520547946,44
0.057534246575342465,0.0,0.057534246575342465,21
0.2602739726027397,0.6986301369863014,-0.4383561643835616,-160
0.15342465753424658,0.0,0.15342465753424658,56
0.27123287671232876,0.0,0.27123287671232876,99
0.18904109589041096,0.0,0.18904109589041096,69
0.09315068493150686,0.14794520547945206,-0.0547945205479452,-20
0.33424657534246577,0.0,0.33424657534246577,122
0.15342465753424658,0.0,0.15342465753424658,56
0.13972602739726028,0.0,0.13972602739726028,51
0.19726027397260273,0.0,0.19726027397260273,72
0.8328767123287671,0.0821917808219178,0.7506849315068493,274
0.8602739726027397,0.0821917808219178,0.7780821917808219,284
0.32054794520547947,0.06575342465753424,0.2547945205479452,93
0.33972602739726027,0.043835616438356165,0.2958904109589041,108
0.2684931506849315,0.08767123287671233,0.18082191780821918,66
0.07945205479452055,0.6986301369863014,-0.6191780821917808,-226
0.0410958904109589,0.01643835616438356,0.024657534246575342,9
0.20273972602739726,0.2465753424657534,-0.043835616438356165,-16
0.6986301369863014,0.01643835616438356,0.6821917808219178,249
0.6712328767123288,0.09863013698630137,0.5726027397260274,209
0.9698630136986301,0.3452054794520548,0.6246575342465753,228
0.1095890410958904,0.1589041095890411,-0.049315068493150684,-18
0.03561643835616438,0.06575342465753424,-0.030136986301369864,-11
0.08767123287671233,0.0821917808219178,0.005479452054794521,2
0.0547945205479452,0.01643835616438356,0.038356164383561646,14
0.14520547945205478,0.3780821917808219,-0.2328767123287671,-85
0.915068493150685,0.049315068493150684,0.8657534246575342,316
0.0958904109589041,0.4767123287671233,-0.38082191780821917,-139
0.0136986301369863,0.1589041095890411,-0.14520547945205478,-53
0.43561643835616437,0.36164383561643837,0.07397260273972603,27
0.07123287671232877,0.049315068493150684,0.021917808219178082,8
0.0,0.0,0.0,0
0.09315068493150686,0.27945205479452057,-0.1863013698630137,-68
0.12602739726027398,0.23013698630136986,-0.10410958904109589,-38
0.9315068493150684,0.09863013698630137,0.8328767123287671,304
0.7726027397260274,0.09863013698630137,0.673972602739726,246
0.6219178082191781,0.0,0.6219178082191781,227
0.39452054794520547,0.23013698630136986,0.1643835616438356,60
0.043835616438356165,0.03287671232876712,0.010958904109589041,4
0.7808219178082192,0.2136986301369863,0.5671232876712329,207
0.7589041095890411,0.03287671232876712,0.726027397260274,265
0.038356164383561646,0.0,0.038356164383561646,14
0.052054794520547946,0.0,0.052054794520547946,19
0.052054794520547946,0.0,0.052054794520547946,19
0.0547945205479452,0.0,0.0547945205479452,20
0.1863013698630137,0.4931506849315068,-0.30684931506849317,-112
0.11232876712328767,0.6575342465753424,-0.5452054794520548,-199
0.27671232876712326,0.1643835616438356,0.11232876712328767,41
0.16986301369863013,0.6986301369863014,-0.5287671232876713,-193
0.2328767123287671,0.0,0.2328767123287671,85
0.13972602739726028,0.01643835616438356,0.1232876712328767,45
0.0547945205479452,0.3452054794520548,-0.29041095890410956,-106
0.9643835616438357,0.6575342465753424,0.30684931506849317,112
0.7917808219178082,0.6986301369863014,0.09315068493150686,34
0.7808219178082192,0.03287671232876712,0.7479452054794521,273
0.8191780821917808,0.6082191780821918,0.21095890410958903,77
0.12876712328767123,0.2136986301369863,-0.08493150684931507,-31
0.07397260273972603,0.0821917808219178,-0.00821917808219178,-3
0.1863013698630137,0.0,0.1863013698630137,68
0.9643835616438357,0.26301369863013696,0.7013698630136986,256
0.3424657534246575,0.1589041095890411,0.18356164383561643,67
0.09863013698630137,0.2136986301369863,-0.11506849315068493,-42
0.8191780821917808,0.6986301369863014,0.12054794520547946,44
0.2219178082191781,0.0,0.2219178082191781,81
0.030136986301369864,0.0,0.030136986301369864,11
0.9287671232876712,0.3287671232876712,0.6,219
0.915068493150685,0.1643835616438356,0.7506849315068493,274
0.09315068493150686,0.0,0.09315068493150686,34
0.09863013698630137,0.03287671232876712,0.06575342465753424,24
0.16712328767123288,0.0821917808219178,0.08493150684931507,31
0.0027397260273972603,0.0,0.0027397260273972603,1
0.08767123287671233,0.01643835616438356,0.07123287671232877,26
0.06301369863013699,0.06575342465753424,-0.0027397260273972603,-1
0.8027397260273973,0.049315068493150684,0.7534246575342466,275
0.9397260273972603,0.0,0.9397260273972603,343
0.0684931506849315,0.0,0.0684931506849315,25
0.958904109589041,0.14794520547945206,0.810958904109589,296
0.40273972602739727,0.0821917808219178,0.32054794520547947,117
0.9068493150684932,0.19726027397260273,0.7095890410958904,259
0.8904109589041096,0.11506849315068493,0.7753424657534247,283
0.20821917808219179,0.14794520547945206,0.06027397260273973,22
0.5424657534246575,0.06575342465753424,0.4767123287671233,174
0.5671232876712329,0.1643835616438356,0.40273972602739727,147
0.15342465753424658,0.6986301369863014,-0.5452054794520548,-199
0.7945205479452054,0.0,0.7945205479452054,290
0.0136986301369863,0.4273972602739726,-0.4136986301369863,-151
0.0136986301369863,0.31232876712328766,-0.29863013698630136,-109
0.2821917808219178,0.0,0.2821917808219178,103
0.2410958904109589,0.0,0.2410958904109589,88
0.15616438356164383,0.19726027397260273,-0.0410958904109589,-15
0.13424657534246576,0.0,0.13424657534246576,49
0.11232876712328767,0.14794520547945206,-0.03561643835616438,-13
0.7150684931506849,0.0,0.7150684931506849,261
0.2328767123287671,0.0,0.2328767123287671,85
0.21643835616438356,0.0,0.21643835616438356,79
0.6082191780821918,0.3780821917808219,0.23013698630136986,84
0.6520547945205479,0.2465753424657534,0.4054794520547945,148
0.6082191780821918,0.0,0.6082191780821918,222
0.6410958904109589,0.03287671232876712,0.6082191780821918,222
0.6027397260273972,0.01643835616438356,0.5863013698630137,214
0.6054794520547945,0.31232876712328766,0.29315068493150687,107
0.3013698630136986,0.0,0.3013698630136986,110
0.057534246575342465,0.0,0.057534246575342465,21
0.35342465753424657,0.0,0.35342465753424657,129
0.7424657534246575,0.0,0.7424657534246575,271
0.6219178082191781,0.0,0.6219178082191781,227
0.06575342465753424,0.0821917808219178,-0.01643835616438356,-6
0.052054794520547946,0.1643835616438356,-0.11232876712328767,-41
0.07397260273972603,0.0,0.07397260273972603,27
0.1726027397260274,0.0,0.1726027397260274,63
0.136986301369863,0.0,0.136986301369863,50
0.13972602739726028,0.01643835616438356,0.1232876712328767,45
0.13150684931506848,0.0,0.13150684931506848,48
0.09041095890410959,0.0,0.09041095890410959,33
0.11506849315068493,0.0,0.11506849315068493,42
0.536986301369863,0.27945205479452057,0.25753424657534246,94
0.5863013698630137,0.01643835616438356,0.5698630136986301,208
0.5671232876712329,0.0,0.5671232876712329,207
0.5616438356164384,0.0821917808219178,0.4794520547945205,175
0.5616438356164384,0.01643835616438356,0.5452054794520548,199
0.7917808219178082,0.0,0.7917808219178082,289
0.5534246575342465,0.0,0.5534246575342465,202
0.5397260273972603,0.049315068493150684,0.4904109589041096,179
0.547945205479452,0.01643835616438356,0.5315068493150685,194
0.547945205479452,0.0,0.547945205479452,200
0.0027397260273972603,0.0,0.0027397260273972603,1
0.26575342465753427,0.0,0.26575342465753427,97
0.8054794520547945,0.0,0.8054794520547945,294
0.2493150684931507,0.0,0.2493150684931507,91
0.9506849315068493,0.03287671232876712,0.9178082191780822,335
0.0027397260273972603,0.0,0.0027397260273972603,1
1.0,0.01643835616438356,0.9835616438356164,359
0.8821917808219178,0.4931506849315068,0.38904109589041097,142
0.23835616438356164,0.0,0.23835616438356164,87
0.08767123287671233,0.0,0.08767123287671233,32
0.10410958904109589,0.1589041095890411,-0.0547945205479452,-20
0.14794520547945206,0.0,0.14794520547945206,54
0.273972602739726,0.0,0.273972602739726,100
0.23013698630136986,0.14794520547945206,0.0821917808219178,30
0.09863013698630137,0.0,0.09863013698630137,36
0.030136986301369864,0.03287671232876712,-0.0027397260273972603,-1
0.18904109589041096,0.0,0.18904109589041096,69
0.1589041095890411,0.0,0.1589041095890411,58
0.34794520547945207,0.11506849315068493,0.2328767123287671,85
0.06575342465753424,0.06575342465753424,0.0,0
0.06301369863013699,0.06575342465753424,-0.0027397260273972603,-1
0.11232876712328767,0.0,0.11232876712328767,41
0.28493150684931506,0.0,0.28493150684931506,104
0.09863013698630137,0.18082191780821918,-0.0821917808219178,-30
0.16986301369863013,0.26301369863013696,-0.09315068493150686,-34
0.06301369863013699,0.0,0.06301369863013699,23
0.5150684931506849,0.0,0.5150684931506849,188
0.04657534246575343,0.0821917808219178,-0.03561643835616438,-13
0.14246575342465753,0.0,0.14246575342465753,52
0.0684931506849315,0.03287671232876712,0.03561643835616438,13
0.01643835616438356,0.01643835616438356,0.0,0
0.5616438356164384,0.0,0.5616438356164384,205
0.06575342465753424,0.0,0.06575342465753424,24
0.038356164383561646,0.18082191780821918,-0.14246575342465753,-52
0.8328767123287671,0.09863013698630137,0.7342465753424657,268
0.019178082191780823,0.0821917808219178,-0.06301369863013699,-23
0.06575342465753424,0.0821917808219178,-0.01643835616438356,-6
0.8465753424657534,0.09863013698630137,0.7479452054794521,273
0.6602739726027397,0.14794520547945206,0.5123287671232877,187
0.2136986301369863,0.14794520547945206,0.06575342465753424,24
0.0547945205479452,0.01643835616438356,0.038356164383561646,14
0.9424657534246575,0.09863013698630137,0.8438356164383561,308
0.2465753424657534,0.0821917808219178,0.1643835616438356,60
0.5808219178082191,0.049315068493150684,0.5315068493150685,194
0.04657534246575343,0.01643835616438356,0.030136986301369864,11
0.6246575342465753,0.18082191780821918,0.4438356164383562,162
0.6657534246575343,0.0,0.6657534246575343,243
0.8410958904109589,0.0,0.8410958904109589,307
0.810958904109589,0.1589041095890411,0.6520547945205479,238
0.0,0.0,0.0,0
0.24383561643835616,0.0,0.24383561643835616,89
0.09863013698630137,0.0,0.09863013698630137,36
0.6520547945205479,0.0,0.6520547945205479,238
0.9534246575342465,0.0821917808219178,0.8712328767123287,318
0.2958904109589041,0.049315068493150684,0.2465753424657534,90
0.043835616438356165,0.01643835616438356,0.0273972602739726,10
0.10684931506849316,0.0,0.10684931506849316,39
0.10684931506849316,0.0,0.10684931506849316,39
0.10684931506849316,0.0,0.10684931506849316,39
0.10684931506849316,0.0,0.10684931506849316,39
0.10684931506849316,0.0,0.10684931506849316,39
0.10684931506849316,0.0,0.10684931506849316,39
0.10684931506849316,0.0,0.10684931506849316,39
0.09863013698630137,0.0,0.09863013698630137,36
0.10684931506849316,0.0,0.10684931506849316,39
0.04657534246575343,0.0,0.04657534246575343,17
0.10410958904109589,0.0,0.10410958904109589,38
0.1095890410958904,0.1589041095890411,-0.049315068493150684,-18
0.3698630136986301,0.01643835616438356,0.35342465753424657,129
0.8547945205479452,0.0,0.8547945205479452,312
0.6164383561643836,0.4767123287671233,0.13972602739726028,51
0.27945205479452057,0.0,0.27945205479452057,102
0.06027397260273973,0.01643835616438356,0.043835616438356165,16
0.0,0.0,0.0,0
0.7643835616438356,0.0,0.7643835616438356,279
0.7506849315068493,0.0,0.7506849315068493,274
0.2821917808219178,0.06575342465753424,0.21643835616438356,79
0.1178082191780822,0.0,0.1178082191780822,43
0.1095890410958904,0.0,0.1095890410958904,40
0.057534246575342465,0.0,0.057534246575342465,21
0.0547945205479452,0.0,0.0547945205479452,20
0.13424657534246576,0.0,0.13424657534246576,49
0.10136986301369863,0.0,0.10136986301369863,37
0.0410958904109589,0.0,0.0410958904109589,15
0.06027397260273973,0.01643835616438356,0.043835616438356165,16
0.0,0.0,0.0,0
0.7479452054794521,0.03287671232876712,0.7150684931506849,261
0.13972602739726028,0.03287671232876712,0.10684931506849316,39
0.16712328767123288,0.03287671232876712,0.13424657534246576,49
0.1643835616438356,0.03287671232876712,0.13150684931506848,48
0.06301369863013699,0.01643835616438356,0.04657534246575343,17
0.26301369863013696,0.0,0.26301369863013696,96
0.00821917808219178,0.0,0.00821917808219178,3
0.0,0.0,0.0,0
0.29041095890410956,0.0,0.29041095890410956,106
0.20821917808219179,0.01643835616438356,0.1917808219178082,70
0.0136986301369863,0.01643835616438356,-0.0027397260273972603,-1
0.7726027397260274,0.0,0.7726027397260274,282
0.6027397260273972,0.0,0.6027397260273972,220
0.7479452054794521,0.0,0.7479452054794521,273
0.4246575342465753,0.0,0.4246575342465753,155
0.9178082191780822,0.03287671232876712,0.8849315068493151,323
0.10684931506849316,0.0,0.10684931506849316,39
0.11506849315068493,0.0,0.11506849315068493,42
0.1095890410958904,0.0,0.1095890410958904,40
0.3095890410958904,0.0,0.3095890410958904,113
0.13424657534246576,0.01643835616438356,0.1178082191780822,43
0.14520547945205478,0.01643835616438356,0.12876712328767123,47
0.03287671232876712,0.0,0.03287671232876712,12
0.8164383561643835,0.03287671232876712,0.7835616438356164,286
0.936986301369863,0.0,0.936986301369863,342
0.9397260273972603,0.0,0.9397260273972603,343
0.9397260273972603,0.0,0.9397260273972603,343
0.9397260273972603,0.0,0.9397260273972603,343
0.336986301369863,0.03287671232876712,0.3041095890410959,111
0.049315068493150684,0.11506849315068493,-0.06575342465753424,-24
0.33424657534246577,0.01643835616438356,0.3178082191780822,116
0.3150684931506849,0.0,0.3150684931506849,115
0.3150684931506849,0.0,0.3150684931506849,115
0.3506849315068493,0.01643835616438356,0.33424657534246577,122
0.019178082191780823,0.0,0.019178082191780823,7
0.33424657534246577,0.01643835616438356,0.3178082191780822,116
0.36712328767123287,0.01643835616438356,0.3506849315068493,128
0.273972602739726,0.0,0.273972602739726,100
0.3041095890410959,0.03287671232876712,0.27123287671232876,99
0.2602739726027397,0.0,0.2602739726027397,95
0.27945205479452057,0.0,0.27945205479452057,102
0.030136986301369864,0.06575342465753424,-0.03561643835616438,-13
0.25753424657534246,0.0,0.25753424657534246,94
0.20273972602739726,0.0,0.20273972602739726,74
0.24383561643835616,0.0,0.24383561643835616,89
0.06575342465753424,0.0,0.06575342465753424,24
0.10684931506849316,0.01643835616438356,0.09041095890410959,33
0.04657534246575343,0.01643835616438356,0.030136986301369864,11
0.12876712328767123,0.0,0.12876712328767123,47
0.7835616438356164,0.0,0.7835616438356164,286
0.0410958904109589,0.01643835616438356,0.024657534246575342,9
0.057534246575342465,0.0,0.057534246575342465,21
0.043835616438356165,0.0,0.043835616438356165,16
0.15616438356164383,0.03287671232876712,0.1232876712328767,45
0.5095890410958904,0.0,0.5095890410958904,186
0.30684931506849317,0.0,0.30684931506849317,112
0.1589041095890411,0.0,0.1589041095890411,58
0.16712328767123288,0.01643835616438356,0.1506849315068493,55
0.25753424657534246,0.0,0.25753424657534246,94
0.18356164383561643,0.0,0.18356164383561643,67
0.08493150684931507,0.0,0.08493150684931507,31
0.6082191780821918,0.03287671232876712,0.5753424657534246,210
0.021917808219178082,0.0,0.021917808219178082,8
0.5150684931506849,0.0,0.5150684931506849,188
0.9917808219178083,0.0,0.9917808219178083,362
0.8328767123287671,0.0,0.8328767123287671,304
0.29863013698630136,0.0,0.29863013698630136,109
0.4328767123287671,0.0,0.4328767123287671,158
0.2219178082191781,0.0,0.2219178082191781,81
0.7616438356164383,0.0,0.7616438356164383,278
0.3150684931506849,0.0,0.3150684931506849,115
0.2602739726027397,0.0,0.2602739726027397,95
0.0,0.0,0.0,0
0.8301369863013699,0.0,0.8301369863013699,303
0.024657534246575342,0.0,0.024657534246575342,9
0.0273972602739726,0.0,0.0273972602739726,10
0.021917808219178082,0.0,0.021917808219178082,8
0.021917808219178082,0.0,0.021917808219178082,8
0.3232876712328767,0.0,0.3232876712328767,118
0.052054794520547946,0.0,0.052054794520547946,19
0.04657534246575343,0.0,0.04657534246575343,17
0.057534246575342465,0.0,0.057534246575342465,21
0.10684931506849316,0.0,0.10684931506849316,39
0.18356164383561643,0.0,0.18356164383561643,67
0.16164383561643836,0.0,0.16164383561643836,59
0.13972602739726028,0.0,0.13972602739726028,51
0.1589041095890411,0.0,0.1589041095890411,58
0.13424657534246576,0.0,0.13424657534246576,49
0.22465753424657534,0.0,0.22465753424657534,82
0.6547945205479452,0.0,0.6547945205479452,239
0.043835616438356165,0.0,0.043835616438356165,16
0.0136986301369863,0.0,0.0136986301369863,5
0.3424657534246575,0.0,0.3424657534246575,125
0.18904109589041096,0.0,0.18904109589041096,69
