,id,scrape_id,host_id,host_listings_count,host_total_listings_count,neighbourhood_group_cleansed,latitude,longitude,accommodates,bathrooms,bedrooms,beds,minimum_nights,maximum_nights,minimum_minimum_nights,maximum_minimum_nights,minimum_maximum_nights,maximum_maximum_nights,minimum_nights_avg_ntm,maximum_nights_avg_ntm,calendar_updated,availability_30,availability_60,availability_90,availability_365,number_of_reviews,number_of_reviews_ltm,number_of_reviews_l30d,availability_eoy,number_of_reviews_ly,estimated_occupancy_l365d,estimated_revenue_l365d,review_scores_rating,review_scores_accuracy,review_scores_cleanliness,review_scores_checkin,review_scores_communication,review_scores_location,review_scores_value,calculated_host_listings_count,calculated_host_listings_count_entire_homes,calculated_host_listings_count_private_rooms,calculated_host_listings_count_shared_rooms,reviews_per_month,price_clean,log_price,price_per_accommodates,log_price_per_accommodates,log_reviews,log_accommodates,log_beds,price_zscore,price_percentile,log_price_zscore,reviews_zscore,reviews_percentile,reviews_per_month_zscore,occupancy_rate,occupancy_rate_booked,occupancy_is_capped,est_annual_revenue,est_annual_revenue_booked,revenue_per_accommodates,revenue_per_bedroom,log_est_revenue,host_listings_in_city,host_is_professional,pct_professional_hosts,pct_large_operators,median_host_listings,gini_host_concentration,market_professionalization_score,purchase_price,monthly_payment,zori_rent,annual_cash_flow,cash_on_cash_roi,cap_rate,price_to_rent_ratio,revenue_yield,annual_cash_flow_booked,cash_on_cash_roi_booked,cap_rate_booked,revenue_yield_booked
id,1.0,,0.4147706412020457,0.002441497310377941,0.005803608904255486,,0.0524835319619007,0.030600714620271714,0.11237197364432361,0.03502090039735738,0.07840759921875444,0.06944271890446899,-0.2085289971156072,-0.3085005542669391,-0.20895687050936101,-0.07337371831123758,-0.32243237931934793,-0.05353201257037206,-0.19760954334656,-0.05353116292971308,,0.10386530733821042,0.1401432913822548,0.15447817477571327,0.156339713670697,-0.3686103681074512,-0.04414517458976681,0.07298755144560849,0.1629364357324813,-0.15842609257346996,-0.03817670885211638,-0.045202184431473516,-0.001182698174353988,-0.035425544729820756,0.023900154896012903,-0.03743603590418431,-0.012567587027056626,0.006554061725455388,-0.029714064021773765,0.045680972293922754,0.026661854635801462,0.13461280092989275,-0.02284769580536543,0.19811070534293132,0.059731345819400566,0.11239487073688974,0.016396946415391966,0.014571096737471293,-0.40286522921343676,0.10444572724968101,0.07752992250908707,0.05973134581940136,0.1141706451508673,0.11239487073689083,-0.36861036810745135,-0.4007207293389829,0.19811070534293174,-0.15633971367069618,-0.03817670885211612,-0.017324733194890203,0.011342513317869327,-0.045202184431473516,0.004506544106631616,0.013051919686943036,-0.011687525804615509,0.045680972293922754,0.18904835720158203,,,,,,,,,0.01134251331786883,0.011342513317868695,0.011342513317868235,-0.040133605089822055,0.011342513317868235,-0.045202184431473384,-0.04520218443147396,-0.04520218443147353,-0.04520218443147353
scrape_id,,,,,,,,,,,,,,,,,,,,,,,,,,,,,,,,,,,,,,,,,,,,,,,,,,,,,,,,,,,,,,,,,,,,,,,,,,,,,,,,,,,,
host_id,0.4147706412020457,,1.0,-0.10928175586622424,-0.10690166221882368,,0.06884433239412124,0.059143214435422774,0.07796466431602199,-0.02491262029417443,0.06435867179766845,0.09289439282757206,-0.17608065112013715,-0.2838715729734766,-0.1814629695332963,-0.16776380964480098,-0.24556578141965152,0.04400809091189346,-0.18318311364999162,0.04429365701831556,,0.13681650666212677,0.15513542693334714,0.16093677484941615,-0.004714768600266837,-0.1062270266632492,0.08902993480409192,0.11931450783573735,0.16185140801214337,0.0274407161285068,0.09733611241868698,0.15314715574220028,-0.018680223991437928,-0.0297551454340909,0.03081615011350333,-0.005852101762504796,0.000571732740572273,0.033739102568007565,-0.0267516506706188,-0.09038827605076691,-0.10779581898256263,0.1241144569777281,0.019230451036197752,0.21789041413772184,0.05493238981103311,0.1237424368745113,0.02740516625366133,0.07731138523922756,-0.07761876116268032,0.04184162893296562,0.09811497601185427,0.054932389811033294,0.1184295428247262,0.12374243687451154,-0.10622702666324906,-0.07652036242404286,0.2178904141377218,0.0047147686002668165,0.09733611241868755,0.07562231245381555,0.06733017145760639,0.15314715574220028,0.04372311887917567,0.044719842685793335,0.07971686983173493,-0.09038827605076691,0.10071304785504694,,,,,,,,,0.06733017145760624,0.06733017145760618,0.06733017145760621,-0.04340695663607293,0.06733017145760621,0.15314715574220042,0.15314715574220053,0.15314715574220056,0.15314715574220056
host_listings_count,0.002441497310377941,,-0.10928175586622424,1.0,0.9922792690679165,,0.1449095757496159,0.045489251638906394,-0.11726435216908278,-0.08319780347960902,-0.12498421489765217,-0.13937606827700438,0.050132543849821014,0.4105218365922731,0.043559843138896465,0.877516645076565,0.29316825164340576,-0.015366597691174353,0.09364368249137986,-0.015356819758095455,,-0.19694821779883015,-0.24472290555464152,-0.2620242077127688,0.01821359902383489,-0.16328882150081733,-0.1813819711099037,-0.1557102437960248,-0.25484644637508835,-0.15825367514503957,-0.24892894313381295,-0.20401103922723407,-0.1961913620135395,-0.10162822523679872,-0.141452498406667,-0.23937447951523094,-0.2618554458806519,-0.05177612398241128,-0.28868287966394846,0.9679230751364913,0.9780903149746968,-0.08034804771124868,-0.02345423314754655,-0.15090277733039995,0.05492259697965703,0.20624878140110997,0.13803887606464305,0.36773120404152676,-0.3616293060696847,-0.08574371618383109,-0.15054456176648148,0.054922596979657345,0.25705062200680673,0.20624878140111122,-0.1632888215008167,-0.36745727119994326,-0.15090277733039936,-0.018213599023834747,-0.2489289431338128,-0.1202079869548587,0.07699557572406605,-0.20401103922723407,0.1278669654319727,0.11475185610073466,0.19286726230040774,0.9679230751364913,0.17741921663817403,,,,,,,,,0.07699557572406608,0.07699557572406632,0.07699557572406576,-0.060644449582686694,0.07699557572406576,-0.20401103922723415,-0.20401103922723487,-0.20401103922723432,-0.20401103922723432
host_total_listings_count,0.005803608904255486,,-0.10690166221882368,0.9922792690679165,1.0,,0.15678408462216145,0.05248166056594046,-0.1225260208179093,-0.09471798668045336,-0.11671190778418908,-0.14353631437199701,0.062280251601362774,0.4107286144297111,0.055155777355245766,0.8707104646706294,0.2742559860431701,-0.016728397471010233,0.10455912586454223,-0.016717590084656203,,-0.1832500233628959,-0.23058999374583664,-0.24805393467331735,0.031725667901989114,-0.17449836439062788,-0.19326350270830592,-0.166276512784949,-0.24060098811246539,-0.1689992008650761,-0.26069167593353804,-0.21095309689170255,-0.20702610084492906,-0.11734022913758538,-0.14626492267133823,-0.2541346585388345,-0.2872932666508127,-0.05193460915153063,-0.30293150263330254,0.9618634255391845,0.9690590777283554,-0.05921017666806649,-0.025587830128963734,-0.16390787077609775,0.0525292825352491,0.20032673023732994,0.1361383106888808,0.3661934732177,-0.37779625609537737,-0.09150081690700486,-0.15473747578731148,0.05252928253524924,0.25294850628014315,0.20032673023732986,-0.17449836439062796,-0.38386461315814213,-0.16390787077609686,-0.0317256679019891,-0.2606916759335388,-0.12471086199491313,0.07212179645059812,-0.21095309689170255,0.1248720162660966,0.11013761783471243,0.18652982185269756,0.9618634255391845,0.1922605422416406,,,,,,,,,0.0721217964505981,0.07212179645059817,0.072121796450598,-0.060414630618564044,0.072121796450598,-0.21095309689170255,-0.2109530968917027,-0.21095309689170244,-0.21095309689170244
neighbourhood_group_cleansed,,,,,,,,,,,,,,,,,,,,,,,,,,,,,,,,,,,,,,,,,,,,,,,,,,,,,,,,,,,,,,,,,,,,,,,,,,,,,,,,,,,,
latitude,0.0524835319619007,,0.06884433239412124,0.1449095757496159,0.15678408462216145,,1.0,0.3096859248403936,-0.1069852425052209,-0.09485446847548645,-0.16988735320787457,-0.12917834417713545,0.009331296730941284,0.08757174673400038,0.0018547625696047397,0.12924046498233427,-0.010077511318038482,0.02909354358287604,0.022552929888454695,0.02888283363699153,,-0.10847247666374335,-0.11509743976784645,-0.10373256978730469,-0.07690731803580035,0.040679896004395984,0.07575570149951046,0.06006100390287282,-0.09721636652913647,0.057043230803297235,0.042693245645393334,0.1374607326113287,-0.0534319084837111,-0.039121735570832455,-0.04874593620834174,-0.05717167025497888,-0.06107616767745973,0.21808133789718234,-0.09852303990281358,0.18468136514877434,0.1817350788982434,0.01920682693793266,0.016574763249026347,0.1390138784403858,0.11233676870781509,0.2359714301078922,0.13947116236258297,0.36151756885283176,-0.049981416936316,-0.04251299094742868,-0.11809257322627667,0.11233676870781473,0.2326677785412917,0.23597143010789204,0.04067989600439605,-0.054660616586733456,0.13901387844038604,0.07690731803580024,0.04269324564539348,0.07286500631408442,0.12148770650906025,0.1374607326113287,0.12234044855647973,0.13413842757054675,0.19749927786413285,0.18468136514877434,0.07897091712617403,,,,,,,,,0.12148770650906023,0.12148770650906025,0.12148770650906017,-0.04683943509814794,0.12148770650906017,0.13746073261132874,0.13746073261132818,0.13746073261132888,0.13746073261132888
longitude,0.030600714620271714,,0.059143214435422774,0.045489251638906394,0.05248166056594046,,0.3096859248403936,1.0,0.05269366031913763,0.04149974954783457,-0.03880932949119452,0.02677166030124157,-0.0818969535106991,0.007978015198674575,-0.07395939598484381,0.006595475384745237,-0.07245890826707102,0.01624862715772031,-0.07693758345806967,0.016079068014845963,,-0.026511432988898888,-0.02610436917802449,-0.018999102009355836,-0.001448565085201821,0.06181636923508053,0.052271385510670273,0.030160768482333768,-0.02012783791061933,0.07110142413122338,0.015404932529147515,0.09575197833257591,-0.05427955962447193,-0.05686467753067417,-0.04558573856338233,-0.05047417709454722,-0.04652276837152487,-0.021249239129686886,-0.06624373607578489,0.06400077124354155,0.060784771112444555,0.02222320496291287,0.005502362604444071,0.09547254771230536,0.08748884874130129,0.13984019998357658,0.06483919055751629,0.12795910604818264,0.0074750114286730495,0.05940622619718814,0.020770782095228413,0.08748884874130129,0.14203396005221797,0.13984019998357702,0.061816369235080465,0.0037399383949611002,0.09547254771230507,0.0014485650852018605,0.015404932529147467,0.02851749567728428,0.08516970337889994,0.09575197833257591,0.06167011845638399,0.0683135089970569,0.11791930175367875,0.06400077124354155,0.044683697208907004,,,,,,,,,0.08516970337889986,0.08516970337889995,0.0851697033789001,0.016442928026764135,0.0851697033789001,0.09575197833257601,0.09575197833257593,0.09575197833257608,0.09575197833257608
accommodates,0.11237197364432361,,0.07796466431602199,-0.11726435216908278,-0.1225260208179093,,-0.1069852425052209,0.05269366031913763,1.0,0.5467691018870773,0.7466867571505037,0.8633579657471774,-0.1535775048426963,-0.07894821805975533,-0.15859176035579492,-0.1522888802084061,-0.0372649311443489,-0.014790095443800009,-0.16158791114034438,-0.01495021473055259,,0.10788111638839284,0.12694812702939912,0.11888449885199441,0.07877740297347421,0.015536226808979507,0.08265299097225497,0.053971046742885095,0.1087876866829186,0.0564973020340435,0.0661439284879867,0.3211167371273919,0.10053274152955322,0.07832805781077098,0.13222675764824085,0.05256770967032392,0.05757464108371935,-0.003964913405319184,0.10345916556151838,-0.14310801018407454,-0.11393607290420232,-0.20536580076754124,-0.04775463116804296,0.10270006311586884,0.30046131775840557,0.5597152575503913,-0.10343092182518812,-0.29155995847613003,0.09774856777195869,0.9197140422869556,0.8460589119242922,0.3004613177584048,0.5504646156450902,0.5597152575503912,0.015536226808979694,0.1002662422936034,0.10270006311586896,-0.07877740297347398,0.06614392848798703,0.032707459825582846,0.15761227123073251,0.3211167371273919,-0.08703511235380636,-0.038373151544721186,0.21990537768477983,-0.14310801018407454,-0.12279493442399893,,,,,,,,,0.15761227123073257,0.1576122712307322,0.15761227123073326,-0.0792070035996618,0.15761227123073326,0.3211167371273919,0.3211167371273914,0.32111673712739164,0.32111673712739164
bathrooms,0.03502090039735738,,-0.02491262029417443,-0.08319780347960902,-0.09471798668045336,,-0.09485446847548645,0.04149974954783457,0.5467691018870773,1.0,0.5542403100243665,0.5574931405965158,-0.06093131612646745,-0.04721808301643131,-0.06451193464844021,-0.08688036140663624,-0.003361623836278556,-0.022075226993305698,-0.06848683326166663,-0.022076525286202138,,0.12079549017972892,0.1157772440304581,0.09335263485993667,0.0716506215863821,-0.02561780986312192,0.012339922716063496,-0.021998041617787487,0.08407791532643077,0.008462354152289738,0.006259884703018881,0.24494579150983933,0.06339942206314801,0.04627561837745005,0.04569862037675492,0.03141064153129354,0.020390436863383637,-0.03469470216141029,0.07328909365450494,-0.09481574123071126,-0.08021680085930931,-0.10753681236106669,-0.027644943213893436,-0.0007290866423485081,0.2554084052379075,0.35789382374114664,-0.040140897084960506,-0.055003811377444,0.013487816735311518,0.467375467780988,0.5106061544275796,0.25540840523790714,0.33883697251949824,0.3578938237411465,-0.025617809863122037,0.015337568753421687,-0.0007290866423484817,-0.07165062158638254,0.0062598847030189385,0.0219184693457802,0.11973407370451507,0.24494579150983933,-0.06164664669747395,-0.06324749577192704,0.13137150389286514,-0.09481574123071126,-0.06963807034472248,,,,,,,,,0.11973407370451498,0.11973407370451532,0.11973407370451498,-0.037510253971572705,0.11973407370451498,0.24494579150983928,0.2449457915098388,0.24494579150983797,0.24494579150983797
bedrooms,0.07840759921875444,,0.06435867179766845,-0.12498421489765217,-0.11671190778418908,,-0.16988735320787457,-0.03880932949119452,0.7466867571505037,0.5542403100243665,1.0,0.7766413837117234,0.03129402144601733,-0.07855678740125287,0.03959996699443385,-0.1030439513998866,-0.08266451067415014,-0.02235580313732446,0.02705585162056862,-0.02233955371954382,,0.09317787407428466,0.08463134531788337,0.060223138399020916,-0.012490528069590435,-0.05680693621118002,-0.0143552248676149,-0.035089992000953966,0.050400600372182344,-0.016605509510920272,-0.03279851229744973,0.24602152267780605,0.1051900775451565,0.08014405839202882,0.10132253808135172,0.05178135228323706,0.05654117048871097,-0.053952453938308484,0.109079518298277,-0.1511846381718943,-0.15513833225831591,0.033019646145285304,-0.03603575900100136,-0.0005255155488972554,0.2521203910967507,0.3812936337003828,-0.09724497776160398,-0.2482159910316027,-0.02759081515500778,0.641037093193941,0.7526045536663883,0.2521203910967518,0.3815852657835896,0.3812936337003831,-0.05680693621118007,-0.026162056374388405,-0.0005255155488972007,0.012490528069590529,-0.03279851229744972,-0.01333631714508542,0.13814655852381114,0.24602152267780605,-0.07519507413611984,-0.08359164589011951,0.15842876397506972,-0.1511846381718943,-0.15902742134587716,,,,,,,,,0.1381465585238112,0.13814655852381114,0.13814655852381075,-0.03929118647402807,0.13814655852381075,0.246021522677806,0.24602152267780605,0.2460215226778058,0.2460215226778058
beds,0.06944271890446899,,0.09289439282757206,-0.13937606827700438,-0.14353631437199701,,-0.12917834417713545,0.02677166030124157,0.8633579657471774,0.5574931405965158,0.7766413837117234,1.0,-0.12533164553334622,-0.07204152152239834,-0.12442962784039124,-0.15559939223844865,-0.029588720108709648,-0.01960498827027111,-0.13450472458731105,-0.01950904879985646,,0.1136202084551011,0.12806824451901852,0.12291061130346889,0.07996381664560137,0.01817748314486701,0.06149594175385056,0.039023419625629344,0.11185640984716741,0.03971782742621217,0.0433444537615726,0.2669987720869794,0.10097121075862367,0.07142214911442933,0.1084802204672728,0.06009235486257089,0.07061225299322589,-0.021745007196047994,0.09851380628165134,-0.1644615708444447,-0.14781006627097767,-0.12124476301118638,-0.03584123316935735,0.06821047216777186,0.2714856366150152,0.4456986929387644,-0.0921533045444075,-0.244194579347311,0.07971413134072511,0.7434547062951593,0.9346073952355106,0.2714856366150154,0.42618068328473946,0.44569869293876546,0.018177483144866873,0.08070077726492629,0.06821047216777168,-0.07996381664560177,0.043344453761572886,0.016062610683238134,0.11571431068539831,0.2669987720869794,-0.08614412893131954,-0.061099874457628864,0.16785179049509213,-0.1644615708444447,-0.14982455510677647,,,,,,,,,0.11571431068539832,0.11571431068539827,0.11571431068539788,-0.05156284492961781,0.11571431068539788,0.2669987720869794,0.26699877208697775,0.26699877208697864,0.26699877208697864
minimum_nights,-0.2085289971156072,,-0.17608065112013715,0.050132543849821014,0.062280251601362774,,0.009331296730941284,-0.0818969535106991,-0.1535775048426963,-0.06093131612646745,0.03129402144601733,-0.12533164553334622,1.0,0.2974575752363196,0.9774865791785852,0.42704899760644865,0.173737014916122,-0.03508926440373317,0.985014204095812,-0.03506379905889684,,-0.024839396184574276,-0.12866162955286126,-0.18722665127938842,-0.13752375181462126,-0.2712798000323177,-0.38309900921762546,-0.3403736649789289,-0.19083188397891357,-0.32689182872007966,-0.3017176520385842,-0.2542774124176051,-0.02075524398036696,-0.033615288178507445,-0.11847550725201314,-0.021583012585102444,-0.02650390285067722,-0.007537400384697858,-0.003308761216871011,0.01859347807327647,0.007272638125637534,0.08036060094963314,-0.04143408640461701,-0.42015394692516805,-0.04793599037170299,-0.26986305630306523,0.034193023379538945,-0.09057893890523057,-0.3881186922906899,-0.19363052143411963,-0.13669531786322967,-0.04793599037170302,-0.2478549568242746,-0.26986305630306495,-0.27127980003231744,-0.38785344351363826,-0.42015394692516866,0.13752375181461995,-0.3017176520385848,-0.10964243034821518,-0.07361266327257272,-0.2542774124176051,-0.0007481495191650134,-0.05216065840134256,-0.20829239279157216,0.01859347807327647,-0.18722487255556577,,,,,,,,,-0.07361266327257264,-0.07361266327257272,-0.07361266327257293,0.12834182043543937,-0.07361266327257293,-0.2542774124176052,-0.2542774124176046,-0.2542774124176054,-0.2542774124176054
maximum_nights,-0.3085005542669391,,-0.2838715729734766,0.4105218365922731,0.4107286144297111,,0.08757174673400038,0.007978015198674575,-0.07894821805975533,-0.04721808301643131,-0.07855678740125287,-0.07204152152239834,0.2974575752363196,1.0,0.28785879573479134,0.4687964596587255,0.5827073145334952,-0.010832800809778964,0.31230086553680814,-0.011798387791778199,,-0.11610519771944876,-0.19193288639724662,-0.22499102754724196,-0.061559199025460525,-0.1069233475314826,-0.21164906531446837,-0.19383723041213427,-0.22538057698435307,-0.18641322648672637,-0.2450237732427547,-0.11110367513421705,-0.11876519216390452,-0.06970424729014214,-0.11394026475605033,-0.11879517109358176,-0.12846475753660255,-0.028807883426630373,-0.10499967733948642,0.38629189432054806,0.40044155798975517,-0.10356881482568553,-0.017860062429435487,-0.25564215143171587,0.031544708450820705,0.07565688194040103,0.07348352364571238,0.17447919375392396,-0.1624413591448538,-0.06468476464531905,-0.09468164413920205,0.03154470845082049,0.10716086078633316,0.07565688194040078,-0.10692334753148434,-0.16077068607611364,-0.25564215143171704,0.0615591990254603,-0.24502377324275573,-0.1147673171711466,0.01232309224394929,-0.11110367513421705,0.042045435311639845,0.049151378941318574,0.054377533868209926,0.38629189432054806,0.04775046978995501,,,,,,,,,0.01232309224394943,0.012323092243949443,0.01232309224394954,0.007479588077679936,0.01232309224394954,-0.11110367513421704,-0.11110367513421697,-0.11110367513421708,-0.11110367513421708
minimum_minimum_nights,-0.20895687050936101,,-0.1814629695332963,0.043559843138896465,0.055155777355245766,,0.0018547625696047397,-0.07395939598484381,-0.15859176035579492,-0.06451193464844021,0.03959996699443385,-0.12442962784039124,0.9774865791785852,0.28785879573479134,1.0,0.417041073310265,0.15976211618487532,-0.03390373217837514,0.9859666300003901,-0.03389746461657184,,-0.021336344845910037,-0.13018358320521017,-0.19247338484769835,-0.15166643148114975,-0.26799154965491595,-0.3834674840621815,-0.3398363736789816,-0.19707280801363616,-0.32331513114912774,-0.3294762644284023,-0.2827517848989236,-0.01783266249274879,-0.028588622284530366,-0.12416748433684982,-0.015372323325306463,-0.02685568239002406,-0.01851190199540296,0.0005938325751207074,0.010626491497032353,-0.0022211463772102667,0.09125353800741107,-0.04158180242451096,-0.4180642606813493,-0.05077608312478754,-0.2917502512021824,0.0348890454121702,-0.10104794300966265,-0.3921103224410872,-0.20238559302686535,-0.13503686344044863,-0.050776083124787826,-0.2684787910945824,-0.29175025120218134,-0.2679915496549168,-0.39230180735673387,-0.4180642606813507,0.15166643148115055,-0.3294762644284027,-0.14391665248322824,-0.0731695267364022,-0.2827517848989236,0.0011934897201322018,-0.05262289050069945,-0.22085097095156728,0.010626491497032353,-0.19811474452049488,,,,,,,,,-0.07316952673640213,-0.07316952673640213,-0.07316952673640202,0.14045100818021258,-0.07316952673640202,-0.28275178489892366,-0.2827517848989233,-0.28275178489892266,-0.28275178489892266
maximum_minimum_nights,-0.07337371831123758,,-0.16776380964480098,0.877516645076565,0.8707104646706294,,0.12924046498233427,0.006595475384745237,-0.1522888802084061,-0.08688036140663624,-0.1030439513998866,-0.15559939223844865,0.42704899760644865,0.4687964596587255,0.417041073310265,1.0,0.3229386234097306,-0.025969454369028158,0.4741949772439969,-0.025964636324201807,,-0.17455228022665606,-0.2597145746587208,-0.2988354032045597,-0.025281003998278467,-0.24258499640036235,-0.2951505720053694,-0.2531386007139059,-0.29371239247453756,-0.2579792657951431,-0.32822027763530115,-0.2524427268406908,-0.17072309590279452,-0.09826636661347603,-0.18555615238726442,-0.22311072649702962,-0.22758633209226006,-0.0526567749902575,-0.22918150943989368,0.8319336717185044,0.8411741650008138,-0.07252948285912651,-0.03169686456428307,-0.31366561919164465,0.03816549727547222,0.11342782383123638,0.13419610903199036,0.30316116666084514,-0.4504424910600319,-0.1378117914578867,-0.16793146971271983,0.038165497275472235,0.16439760122274868,0.1134278238312356,-0.2425849964003639,-0.45482900332295917,-0.31366561919164454,0.02528100399827847,-0.3282202776352998,-0.14977216079060576,0.040630319633658686,-0.2524427268406908,0.10494195055006122,0.07926254440718009,0.11488362971427485,0.8319336717185044,0.06908775362007857,,,,,,,,,0.040630319633658686,0.040630319633658804,0.04063031963365859,-0.019039036264759068,0.04063031963365859,-0.2524427268406908,-0.2524427268406905,-0.2524427268406906,-0.2524427268406906
minimum_maximum_nights,-0.32243237931934793,,-0.24556578141965152,0.29316825164340576,0.2742559860431701,,-0.010077511318038482,-0.07245890826707102,-0.0372649311443489,-0.003361623836278556,-0.08266451067415014,-0.029588720108709648,0.173737014916122,0.5827073145334952,0.15976211618487532,0.3229386234097306,1.0,-0.024453171567105803,0.17818755109707315,-0.025370552706190284,,-0.15307363088597412,-0.17200412115548308,-0.18344889739853934,-0.046382455749591406,0.07365915633881193,-0.00022396407853306351,-0.02446428080096974,-0.18119403729814143,0.012918305187651257,-0.03676154664374383,-0.017570836818023045,-0.019035939028316032,0.011535287489057515,-0.023688558118726975,-0.012689768366870385,-0.00972361281456871,-0.0131309119101522,-0.013123548225592386,0.2765581059353341,0.29755692809108664,-0.15107224699976768,-0.03895205786040512,-0.06736681608731254,-0.015065211699228741,0.020105550118280063,0.012235356564798369,0.06861426017005705,0.054583021798147696,-0.03332510207926519,-0.05134537854199316,-0.015065211699228986,0.03248505409304408,0.020105550118279702,0.07365915633881139,0.05407575653731359,-0.06736681608731278,0.046382455749591114,-0.03676154664374376,0.005567524107131502,-0.02697465538058044,-0.017570836818023045,-0.0035960099154023974,-0.004406598342773722,0.027812497898331293,0.2765581059353341,0.012066140017413771,,,,,,,,,-0.026974655380580376,-0.026974655380580356,-0.02697465538058025,-0.005567396703689666,-0.02697465538058025,-0.017570836818023124,-0.017570836818022854,-0.017570836818022916,-0.017570836818022916
maximum_maximum_nights,-0.05353201257037206,,0.04400809091189346,-0.015366597691174353,-0.016728397471010233,,0.02909354358287604,0.01624862715772031,-0.014790095443800009,-0.022075226993305698,-0.02235580313732446,-0.01960498827027111,-0.03508926440373317,-0.010832800809778964,-0.03390373217837514,-0.025969454369028158,-0.024453171567105803,1.0,-0.03669702904065432,0.9998168310084031,,0.037396054227395004,0.0251017050453045,0.01554023312934203,-0.006592646623207341,-0.018332801290975254,-0.020963340655577783,-0.01710309783502592,0.013767911509425782,-0.01679296064986011,-0.03290687672753418,-0.01715110490587304,-0.0614494261801568,-0.05210814511735938,-0.03259433221096779,-0.08642886824458845,-0.09573359670697505,-0.009675342755725558,-0.05095582028417543,-0.021074906976153374,-0.020714884386199575,-0.002350440156253145,-0.003568115577296895,-0.0339756467978964,0.029596581570659055,0.05942398435006294,0.04234684089115007,0.08466095618886352,-0.008672687403906764,-0.007293564318965092,-0.020896162702209092,0.029596581570659006,0.06780307204214614,0.059423984350062645,-0.018332801290975302,-0.007497642326567764,-0.03397564679789651,0.006592646623207349,-0.03290687672753431,-0.019046506298401968,0.036013142125213775,-0.01715110490587304,0.03472585160318937,0.055036304598006784,0.0491170031073365,-0.021074906976153374,0.014989389980132738,,,,,,,,,0.03601314212521379,0.0360131421252139,0.036013142125213796,-0.009853502609127169,0.036013142125213796,-0.017151104905873033,-0.017151104905873037,-0.017151104905873026,-0.017151104905873026
minimum_nights_avg_ntm,-0.19760954334656,,-0.18318311364999162,0.09364368249137986,0.10455912586454223,,0.022552929888454695,-0.07693758345806967,-0.16158791114034438,-0.06848683326166663,0.02705585162056862,-0.13450472458731105,0.985014204095812,0.31230086553680814,0.9859666300003901,0.4741949772439969,0.17818755109707315,-0.03669702904065432,1.0,-0.03666942199474261,,-0.028166004208992925,-0.13532628436557198,-0.19673545223243935,-0.13776679320707455,-0.28018722797501394,-0.38366730884654265,-0.33655619216677557,-0.20019979550561678,-0.3314086025667868,-0.3256772890134028,-0.2777104396032118,-0.02774512618426351,-0.035299795142200364,-0.12757952946965873,-0.0310442621456556,-0.035134176478002356,-0.011342169062873959,-0.010157358396866907,0.062462429304813806,0.05159741799116314,0.07674868089075053,-0.041196864457321694,-0.4127363126797355,-0.04274896157100339,-0.25831167923027476,0.045540775702561646,-0.06518073305638199,-0.40395382836841137,-0.19827198044420447,-0.1433507108371225,-0.04274896157100348,-0.23206248990719314,-0.25831167923027576,-0.28018722797501766,-0.4038121707723521,-0.41273631267973404,0.13776679320707488,-0.325677289013402,-0.13776211770566293,-0.06422012027788007,-0.2777104396032118,0.01034699345587808,-0.041287847479989315,-0.19049254920741865,0.062462429304813806,-0.17541948399387025,,,,,,,,,-0.06422012027788006,-0.0642201202778801,-0.06422012027788,0.12635907081864897,-0.06422012027788,-0.27771043960321184,-0.2777104396032109,-0.2777104396032124,-0.2777104396032124
maximum_nights_avg_ntm,-0.05353116292971308,,0.04429365701831556,-0.015356819758095455,-0.016717590084656203,,0.02888283363699153,0.016079068014845963,-0.01495021473055259,-0.022076525286202138,-0.02233955371954382,-0.01950904879985646,-0.03506379905889684,-0.011798387791778199,-0.03389746461657184,-0.025964636324201807,-0.025370552706190284,0.9998168310084031,-0.03666942199474261,1.0,,0.03837797915984414,0.026098269884538627,0.016545518861434398,-0.005741647682967614,-0.018311862918969992,-0.020912021270759338,-0.01702663789218652,0.014787536746294006,-0.016785363428421157,-0.03284066487465942,-0.017063556385261656,-0.06194809215552741,-0.0522318311536894,-0.032538381720726345,-0.08655974837658886,-0.0958567973371667,-0.009891377812777406,-0.05118855130137671,-0.021049665777830837,-0.02070064455823855,-0.0022731744910716033,-0.0035658156707588013,-0.033926664771208564,0.029567627009328957,0.05938421053344948,0.042546133154831405,0.08488787869532173,-0.008686861377865835,-0.007540029154336935,-0.020748323443507886,0.029567627009328912,0.06777021063627602,0.05938421053344919,-0.01831186291897005,-0.007523518195102161,-0.033926664771208634,0.005741647682967609,-0.032840664874659524,-0.01903360011302872,0.03526984125213889,-0.017063556385261656,0.03430106728370908,0.05409800854895439,0.048731594626207964,-0.021049665777830837,0.014831329900539978,,,,,,,,,0.035269841252138896,0.035269841252138896,0.035269841252139014,-0.009841114419988112,0.035269841252139014,-0.01706355638526165,-0.017063556385261663,-0.01706355638526162,-0.01706355638526162
calendar_updated,,,,,,,,,,,,,,,,,,,,,,,,,,,,,,,,,,,,,,,,,,,,,,,,,,,,,,,,,,,,,,,,,,,,,,,,,,,,,,,,,,,,
availability_30,0.10386530733821042,,0.13681650666212677,-0.19694821779883015,-0.1832500233628959,,-0.10847247666374335,-0.026511432988898888,0.10788111638839284,0.12079549017972892,0.09317787407428466,0.1136202084551011,-0.024839396184574276,-0.11610519771944876,-0.021336344845910037,-0.17455228022665606,-0.15307363088597412,0.037396054227395004,-0.028166004208992925,0.03837797915984414,,1.0,0.9165754149253698,0.8212851463843347,0.42785325369533195,-0.05776359629361732,0.003327975100250075,0.021844025268915265,0.7976246629727061,-0.02156181496112062,-0.02380369322665053,0.010320365947292636,-0.05915201241934466,-0.0687703533572549,-0.02848924697940084,-0.055617017693244654,-0.07115691401010238,-0.07524219751724712,-0.052782192739917876,-0.19913109462348416,-0.19646517680209594,-0.01723188587976392,0.007356441783823345,0.029704228860038984,0.10866696104368476,0.06226659881695912,0.055839505087078786,-0.004021703072269875,-0.0011167280988242823,0.08326627004148425,0.12333592489670432,0.10866696104368491,0.055579850680145454,0.06226659881695903,-0.0577635962936172,0.0032934152303403133,0.029704228860039122,-0.42785325369533206,-0.023803693226650453,-0.017443732990244806,-0.06016791797848765,0.010320365947292636,-0.06729481235541936,-0.0711008579154983,-0.3350322072610865,-0.19913109462348416,0.05240160995972979,,,,,,,,,-0.060167917978487626,-0.06016791797848756,-0.06016791797848753,0.30683197070072643,-0.06016791797848753,0.010320365947292607,0.010320365947292536,0.01032036594729257,0.01032036594729257
availability_60,0.1401432913822548,,0.15513542693334714,-0.24472290555464152,-0.23058999374583664,,-0.11509743976784645,-0.02610436917802449,0.12694812702939912,0.1157772440304581,0.08463134531788337,0.12806824451901852,-0.12866162955286126,-0.19193288639724662,-0.13018358320521017,-0.2597145746587208,-0.17200412115548308,0.0251017050453045,-0.13532628436557198,0.026098269884538627,,0.9165754149253698,1.0,0.9597176075277319,0.5282116900375431,-0.00523868022274444,0.07745843276429569,0.09511276388134787,0.9412603933929331,0.037888876277962585,0.05917004715919333,0.03257177076485384,-0.03442174818073716,-0.04821484222163579,0.002756666318800854,-0.0329562489805347,-0.0378524091673812,-0.060269266324084116,-0.03135425366345273,-0.2366895255508078,-0.23479338015952553,-0.011503160448394317,0.01669754191761763,0.10386470275870942,0.08959110769474721,0.05585619248897411,0.030143936019297678,-0.041367778886019266,0.07971318997106115,0.10771331404232412,0.13987740377061095,0.08959110769474735,0.04222465140177523,0.05585619248897385,-0.005238680222744194,0.08350379746785928,0.10386470275870964,-0.5282116900375419,0.059170047159193336,0.013761256111318426,-0.10735200135570706,0.03257177076485384,-0.10873881089779992,-0.1095950510156161,-0.3741123948129171,-0.2366895255508078,0.08021724705007222,,,,,,,,,-0.1073520013557072,-0.10735200135570758,-0.1073520013557071,0.26663437989650196,-0.1073520013557071,0.032571770764853826,0.032571770764853666,0.03257177076485374,0.03257177076485374
availability_90,0.15447817477571327,,0.16093677484941615,-0.2620242077127688,-0.24805393467331735,,-0.10373256978730469,-0.018999102009355836,0.11888449885199441,0.09335263485993667,0.060223138399020916,0.12291061130346889,-0.18722665127938842,-0.22499102754724196,-0.19247338484769835,-0.2988354032045597,-0.18344889739853934,0.01554023312934203,-0.19673545223243935,0.016545518861434398,,0.8212851463843347,0.9597176075277319,1.0,0.6094654457897656,0.030685348822542726,0.12136864982040103,0.1340146159898206,0.9954417410340959,0.07627753870653502,0.11468078046893192,0.031152196047943816,-0.020054277208402325,-0.036490510211851,0.023033922681642317,-0.013342137101841022,-0.015010550374011385,-0.043928198639421434,-0.02342737558412056,-0.24123307183204482,-0.2420981301428252,0.00806161153326912,0.026347049286892084,0.14325992392341846,0.06309729630612827,0.03001481255582598,0.010856185438485527,-0.067646295164339,0.12545008550068837,0.10064150743019469,0.13013593702318652,0.06309729630612834,0.010900341480487467,0.030014812555825818,0.03068534882254289,0.12884019644662337,0.14325992392341869,-0.6094654457897627,0.1146807804689324,0.038461325707986285,-0.16349164205617164,0.031152196047943816,-0.15002546415084272,-0.1492999225937526,-0.40920351656960074,-0.24123307183204482,0.10772032851667802,,,,,,,,,-0.16349164205617164,-0.16349164205617145,-0.16349164205617153,0.2345441143903454,-0.16349164205617153,0.031152196047943854,0.03115219604794374,0.031152196047943736,0.031152196047943736
availability_365,0.156339713670697,,-0.004714768600266837,0.01821359902383489,0.031725667901989114,,-0.07690731803580035,-0.001448565085201821,0.07877740297347421,0.0716506215863821,-0.012490528069590435,0.07996381664560137,-0.13752375181462126,-0.061559199025460525,-0.15166643148114975,-0.025281003998278467,-0.046382455749591406,-0.006592646623207341,-0.13776679320707455,-0.005741647682967614,,0.42785325369533195,0.5282116900375431,0.6094654457897656,1.0,-0.028215405593234714,0.03465902596146398,0.06044408250441525,0.6450339679992441,0.006854835656123389,0.09687807546783157,-0.0983656762301617,-0.04969571374381847,-0.06267704748269573,-0.020393239903315062,-0.06466217491020017,-0.04849476668028736,-0.0755763511078351,-0.08258105992009165,0.049346279150669574,0.05479237271108565,-0.03924620078950399,0.03468969954641498,0.06632400772595239,0.0064071796585839415,0.0031116323153095706,-0.022520195442566008,-0.040556930499003836,0.00585704624735589,0.06090950579212886,0.06964382421272647,0.006407179658584017,0.00587441786977473,0.0031116323153095315,-0.028215405593234606,0.007637064449576839,0.06632400772595261,-1.0000000000000033,0.09687807546783124,0.045683507897671116,-0.4307559472304698,-0.0983656762301617,-0.3566981370802038,-0.3539948556568457,-0.7210900411467198,0.049346279150669574,0.20107348934246855,,,,,,,,,-0.4307559472304697,-0.43075594723046984,-0.4307559472304709,0.23198903258918618,-0.4307559472304709,-0.09836567623016172,-0.09836567623016175,-0.09836567623016218,-0.09836567623016218
number_of_reviews,-0.3686103681074512,,-0.1062270266632492,-0.16328882150081733,-0.17449836439062788,,0.040679896004395984,0.06181636923508053,0.015536226808979507,-0.02561780986312192,-0.05680693621118002,0.01817748314486701,-0.2712798000323177,-0.1069233475314826,-0.26799154965491595,-0.24258499640036235,0.07365915633881193,-0.018332801290975254,-0.28018722797501394,-0.018311862918969992,,-0.05776359629361732,-0.00523868022274444,0.030685348822542726,-0.028215405593234714,1.0,0.6852998704003259,0.4514394923280152,0.026709917414645696,0.7437708049851287,0.5037235794396331,0.3676375714144257,0.10372863428905725,0.11972715795117175,0.13390309950932258,0.10668618140732126,0.11878798763867145,0.08100309875251081,0.1312803405594535,-0.16620616088783668,-0.14684475229943847,-0.13590883708116755,0.006742710334399932,0.595903888375958,-0.023471797031140787,0.01996752847661705,-0.03385129767354695,-0.017971545728426037,0.7278480594631931,0.046244414746972044,0.035825426136973246,-0.02347179703114114,-0.0029847787833944582,0.019967528476616755,0.9999999999999993,0.6944030016227714,0.5959038883759592,0.02821540559323472,0.5037235794396338,0.3918313208055308,0.045585041250574554,0.3676375714144257,0.008659166539008634,0.022174391731629724,0.11620888409289815,-0.16620616088783668,-0.07281206551527591,,,,,,,,,0.04558504125057479,0.045585041250574866,0.04558504125057507,-0.05630943756620695,0.04558504125057507,0.36763757141442577,0.3676375714144249,0.36763757141442627,0.36763757141442627
number_of_reviews_ltm,-0.04414517458976681,,0.08902993480409192,-0.1813819711099037,-0.19326350270830592,,0.07575570149951046,0.052271385510670273,0.08265299097225497,0.012339922716063496,-0.0143552248676149,0.06149594175385056,-0.38309900921762546,-0.21164906531446837,-0.3834674840621815,-0.2951505720053694,-0.00022396407853306351,-0.020963340655577783,-0.38366730884654265,-0.020912021270759338,,0.003327975100250075,0.07745843276429569,0.12136864982040103,0.03465902596146398,0.6852998704003259,1.0,0.7422754882986873,0.11804548531433172,0.871596255105852,0.730975993928332,0.5554768671302498,0.11707749377328011,0.11409097157385303,0.14755342468483176,0.09959951834613415,0.12038353542615685,0.09076925072200205,0.128687331510283,-0.17165498578646254,-0.1507783816782809,-0.1466434002122118,0.013071038841443785,0.8492199440963731,0.0063631067934354964,0.08761343671112032,-0.035859820044021454,-0.01580164055400146,0.6627859942986764,0.12042884647150932,0.0919261651938319,0.006363106793435522,0.06888389875605772,0.08761343671112007,0.685299870400328,0.6470548044488432,0.8492199440963742,-0.03465902596146378,0.730975993928333,0.607756275907032,0.07460112144809011,0.5554768671302498,0.01360601426686874,0.03113901974790009,0.15272396327726562,-0.17165498578646254,-0.01632793666339673,,,,,,,,,0.07460112144809015,0.07460112144809058,0.07460112144809027,-0.08086053321663034,0.07460112144809027,0.5554768671302498,0.5554768671302487,0.5554768671302494,0.5554768671302494
number_of_reviews_l30d,0.07298755144560849,,0.11931450783573735,-0.1557102437960248,-0.166276512784949,,0.06006100390287282,0.030160768482333768,0.053971046742885095,-0.021998041617787487,-0.035089992000953966,0.039023419625629344,-0.3403736649789289,-0.19383723041213427,-0.3398363736789816,-0.2531386007139059,-0.02446428080096974,-0.01710309783502592,-0.33655619216677557,-0.01702663789218652,,0.021844025268915265,0.09511276388134787,0.1340146159898206,0.06044408250441525,0.4514394923280152,0.7422754882986873,1.0,0.13113552409994722,0.5472627101723495,0.5097081126129286,0.326955046690296,0.11379570322106713,0.10646570957580398,0.1395959526507625,0.0853124904277814,0.1057917959205764,0.08583638539152513,0.12504623683358318,-0.1530753845769775,-0.13555419892866608,-0.12291461633041728,-0.0032162779303185323,0.7483601363865581,-0.017788731950154266,0.03652889929833112,-0.03432278534032502,-0.030159797091492867,0.47429067265614017,0.07801988125763377,0.05763814591691065,-0.017788731950154176,0.01919679544593835,0.036528899298330905,0.45143949232801905,0.4646987467765032,0.7483601363865604,-0.060444082504415006,0.5097081126129279,0.3743331239518467,0.03274235117625968,0.326955046690296,0.006013984375513969,0.021857195479733787,0.09133066776345856,-0.1530753845769775,-0.02112535521456439,,,,,,,,,0.03274235117625964,0.032742351176259676,0.03274235117625972,-0.07040727590059759,0.03274235117625972,0.3269550466902959,0.32695504669029474,0.3269550466902952,0.3269550466902952
availability_eoy,0.1629364357324813,,0.16185140801214337,-0.25484644637508835,-0.24060098811246539,,-0.09721636652913647,-0.02012783791061933,0.1087876866829186,0.08407791532643077,0.050400600372182344,0.11185640984716741,-0.19083188397891357,-0.22538057698435307,-0.19707280801363616,-0.29371239247453756,-0.18119403729814143,0.013767911509425782,-0.20019979550561678,0.014787536746294006,,0.7976246629727061,0.9412603933929331,0.9954417410340959,0.6450339679992441,0.026709917414645696,0.11804548531433172,0.13113552409994722,1.0,0.07358352078063171,0.12301666421230949,0.023230797757110986,-0.020559894951842083,-0.03679200529596138,0.023551065508438905,-0.012895414388739071,-0.014666620919515547,-0.044297391459848415,-0.027102764295088067,-0.2308662657598629,-0.23285407873776615,0.015924365327185663,0.02807913123647535,0.140305976912355,0.0566736854733731,0.019582802890162915,0.008752061972410652,-0.06894398552361193,0.12222733051617975,0.09158581943420308,0.11833736649001658,0.056673685473373245,0.0006062466603110171,0.0195828028901629,0.026709917414646,0.12574690170095962,0.1403059769123551,-0.6450339679992447,0.12301666421230993,0.04005168656027777,-0.1855356772534121,0.023230797757110986,-0.166130579160144,-0.16526298740023782,-0.4361038965239997,-0.2308662657598629,0.12108323153505363,,,,,,,,,-0.18553567725341222,-0.1855356772534116,-0.18553567725341144,0.2336146729772901,-0.18553567725341144,0.02323079775711102,0.023230797757110806,0.023230797757110868,0.023230797757110868
number_of_reviews_ly,-0.15842609257346996,,0.0274407161285068,-0.15825367514503957,-0.1689992008650761,,0.057043230803297235,0.07110142413122338,0.0564973020340435,0.008462354152289738,-0.016605509510920272,0.03971782742621217,-0.32689182872007966,-0.18641322648672637,-0.32331513114912774,-0.2579792657951431,0.012918305187651257,-0.01679296064986011,-0.3314086025667868,-0.016785363428421157,,-0.02156181496112062,0.037888876277962585,0.07627753870653502,0.006854835656123389,0.7437708049851287,0.871596255105852,0.5472627101723495,0.07358352078063171,1.0,0.6455482780948645,0.5067622615041318,0.1119467918881921,0.11060842351389807,0.13246805623096852,0.10199914113682816,0.12083408428503263,0.0820890578809541,0.11718992310142734,-0.15499501021351517,-0.13607581068991406,-0.13306691566772974,0.04102213115671491,0.7124424133033621,0.005087108598110887,0.07801106300883749,-0.02779247069195106,0.003441070095389423,0.656261136736993,0.09092400321590202,0.0636154530376453,0.005087108598110761,0.06266479791572907,0.07801106300883719,0.743770804985132,0.6374702606076696,0.712442413303362,-0.0068548356561231455,0.6455482780948618,0.5487563107454785,0.07350111080728527,0.5067622615041318,0.015544611245098164,0.026273049713532188,0.1457245819436056,-0.15499501021351517,-0.034100625043249115,,,,,,,,,0.07350111080728536,0.07350111080728529,0.07350111080728514,-0.06254108740657728,0.07350111080728514,0.5067622615041317,0.50676226150413,0.5067622615041312,0.5067622615041312
estimated_occupancy_l365d,-0.03817670885211638,,0.09733611241868698,-0.24892894313381295,-0.26069167593353804,,0.042693245645393334,0.015404932529147515,0.0661439284879867,0.006259884703018881,-0.03279851229744973,0.0433444537615726,-0.3017176520385842,-0.2450237732427547,-0.3294762644284023,-0.32822027763530115,-0.03676154664374383,-0.03290687672753418,-0.3256772890134028,-0.03284066487465942,,-0.02380369322665053,0.05917004715919333,0.11468078046893192,0.09687807546783157,0.5037235794396331,0.730975993928332,0.5097081126129286,0.12301666421230949,0.6455482780948645,1.0,0.672909236739027,0.13874567338368596,0.1255500857446067,0.14847265152003564,0.11215265016167317,0.14258375490684627,0.09663390524817048,0.134189787263052,-0.22211424210891903,-0.20868679654102257,-0.09329699290314299,-0.001788262073864665,0.5749879144098168,-0.04378278623705373,-0.023052266998515526,-0.07999198894621781,-0.1085982651008184,0.6610676001828633,0.08747936569926816,0.07306590256596343,-0.043782786237053846,-0.04098054721295726,-0.023052266998515696,0.5037235794396342,0.6585535263457868,0.5749879144098162,-0.09687807546783073,0.9999999999999962,0.7033859075047222,0.02953235889892446,0.672909236739027,-0.021057721622946356,-0.010222163247516921,0.09932214555853666,-0.22211424210891903,0.014652149784740243,,,,,,,,,0.029532358898924412,0.029532358898924548,0.029532358898924613,-0.07156985780454156,0.029532358898924613,0.6729092367390271,0.6729092367390271,0.6729092367390264,0.6729092367390264
estimated_revenue_l365d,-0.045202184431473516,,0.15314715574220028,-0.20401103922723407,-0.21095309689170255,,0.1374607326113287,0.09575197833257591,0.3211167371273919,0.24494579150983933,0.24602152267780605,0.2669987720869794,-0.2542774124176051,-0.11110367513421705,-0.2827517848989236,-0.2524427268406908,-0.017570836818023045,-0.01715110490587304,-0.2777104396032118,-0.017063556385261656,,0.010320365947292636,0.03257177076485384,0.031152196047943816,-0.0983656762301617,0.3676375714144257,0.5554768671302498,0.326955046690296,0.023230797757110986,0.5067622615041318,0.672909236739027,1.0,0.11894828643793072,0.11844209146889473,0.1519858019008816,0.07600120749212783,0.11295884491139861,0.1474456035039063,0.11847861374872534,-0.1909027646057329,-0.16892673175278614,-0.1608918361592048,-0.025943739825434336,0.42113237497112593,0.30014713853422875,0.41802221807538825,0.07848860617884693,0.15024341225977839,0.49041756426497257,0.35021294170917433,0.3074165423027385,0.3001471385342282,0.39028673745940323,0.41802221807538903,0.3676375714144272,0.4895000102249076,0.42113237497112577,0.09836567623016193,0.6729092367390269,0.5020274312851845,0.3010855125919582,1.0,0.083104359540626,0.13657980960574687,0.3227827210028404,-0.1909027646057329,-0.09434365050314775,,,,,,,,,0.3010855125919581,0.3010855125919589,0.30108551259195854,-0.09606893998149514,0.30108551259195854,1.0,0.9999999999999979,0.9999999999999988,0.9999999999999988
review_scores_rating,-0.001182698174353988,,-0.018680223991437928,-0.1961913620135395,-0.20702610084492906,,-0.0534319084837111,-0.05427955962447193,0.10053274152955322,0.06339942206314801,0.1051900775451565,0.10097121075862367,-0.02075524398036696,-0.11876519216390452,-0.01783266249274879,-0.17072309590279452,-0.019035939028316032,-0.0614494261801568,-0.02774512618426351,-0.06194809215552741,,-0.05915201241934466,-0.03442174818073716,-0.020054277208402325,-0.04969571374381847,0.10372863428905725,0.11707749377328011,0.11379570322106713,-0.020559894951842083,0.1119467918881921,0.13874567338368596,0.11894828643793072,1.0,0.7895746615301933,0.7162831437006343,0.6351256338342468,0.7340880729554068,0.5553733140459456,0.8328975737700792,-0.21626964170779264,-0.20365410183037172,-0.08444215395628939,-0.07931532197026146,0.12636629974091057,0.061827256874966256,0.04677447509551572,-0.02327127600787485,-0.034967753189919334,0.15114374421023108,0.09101517508536537,0.11261531950950851,0.06182725687496641,0.046664796614796375,0.04677447509551559,0.10372863428905695,0.15018136727357675,0.1263662997409108,0.049695713743818405,0.13874567338368637,0.07798658870138807,0.06486425386020665,0.11894828643793064,0.027358998537885003,0.03178756405670708,0.07290914745044168,-0.21626964170779264,-0.17192846254490537,,,,,,,,,0.06486425386020665,0.06486425386020668,0.0648642538602067,-0.08313746547731793,0.0648642538602067,0.1189482864379307,0.11894828643793137,0.11894828643793098,0.11894828643793098
review_scores_accuracy,-0.035425544729820756,,-0.0297551454340909,-0.10162822523679872,-0.11734022913758538,,-0.039121735570832455,-0.05686467753067417,0.07832805781077098,0.04627561837745005,0.08014405839202882,0.07142214911442933,-0.033615288178507445,-0.06970424729014214,-0.028588622284530366,-0.09826636661347603,0.011535287489057515,-0.05210814511735938,-0.035299795142200364,-0.0522318311536894,,-0.0687703533572549,-0.04821484222163579,-0.036490510211851,-0.06267704748269573,0.11972715795117175,0.11409097157385303,0.10646570957580398,-0.03679200529596138,0.11060842351389807,0.1255500857446067,0.11844209146889473,0.7895746615301933,1.0,0.7319415932841723,0.5760724859792451,0.5902529470183753,0.4830406864964225,0.7004319586337926,-0.12898803521637545,-0.10959571105070177,-0.11572237151365139,-0.08960998602908268,0.12476719532597062,0.061647584651356904,0.05133812440161003,-0.002489222737913139,-0.01585579510503669,0.16976267615974405,0.07681384594917952,0.08057732862218459,0.06164758465135696,0.05397006003805725,0.051338124401609724,0.11972715795117127,0.16938627218897892,0.12476719532597062,0.06267704748269584,0.12555008574460663,0.07444761629887167,0.07351590431537974,0.11844209146889477,0.047094952305696644,0.051735016073076824,0.08567666764867175,-0.12898803521637545,-0.1583263491147821,,,,,,,,,0.07351590431537974,0.07351590431537977,0.07351590431537981,-0.10144012846515024,0.07351590431537981,0.11844209146889476,0.11844209146889526,0.11844209146889519,0.11844209146889519
review_scores_cleanliness,0.023900154896012903,,0.03081615011350333,-0.141452498406667,-0.14626492267133823,,-0.04874593620834174,-0.04558573856338233,0.13222675764824085,0.04569862037675492,0.10132253808135172,0.1084802204672728,-0.11847550725201314,-0.11394026475605033,-0.12416748433684982,-0.18555615238726442,-0.023688558118726975,-0.03259433221096779,-0.12757952946965873,-0.032538381720726345,,-0.02848924697940084,0.002756666318800854,0.023033922681642317,-0.020393239903315062,0.13390309950932258,0.14755342468483176,0.1395959526507625,0.023551065508438905,0.13246805623096852,0.14847265152003564,0.1519858019008816,0.7162831437006343,0.7319415932841723,1.0,0.5190805845008891,0.5238802290592406,0.43355019962488817,0.6657076499428377,-0.14762388072396487,-0.12745774305755758,-0.12143939722778765,-0.07444780240783685,0.1651069047824509,0.08453278793087002,0.11585356315373585,-0.0069822668349103605,-0.005441118748500185,0.1921540636459757,0.1469032439589338,0.12349357551989452,0.08453278793087009,0.11139700966487069,0.11585356315373604,0.13390309950932225,0.19141601320944093,0.16510690478245144,0.020393239903315267,0.14847265152003533,0.0875168921136947,0.0956073940386793,0.15198580190088162,0.04215599500952786,0.05564925866103442,0.11727455351734159,-0.14762388072396487,-0.12763779637823613,,,,,,,,,0.0956073940386793,0.09560739403867966,0.09560739403867952,-0.10652591733251215,0.09560739403867952,0.15198580190088165,0.15198580190088157,0.1519858019008816,0.1519858019008816
review_scores_checkin,-0.03743603590418431,,-0.005852101762504796,-0.23937447951523094,-0.2541346585388345,,-0.05717167025497888,-0.05047417709454722,0.05256770967032392,0.03141064153129354,0.05178135228323706,0.06009235486257089,-0.021583012585102444,-0.11879517109358176,-0.015372323325306463,-0.22311072649702962,-0.012689768366870385,-0.08642886824458845,-0.0310442621456556,-0.08655974837658886,,-0.055617017693244654,-0.0329562489805347,-0.013342137101841022,-0.06466217491020017,0.10668618140732126,0.09959951834613415,0.0853124904277814,-0.012895414388739071,0.10199914113682816,0.11215265016167317,0.07600120749212783,0.6351256338342468,0.5760724859792451,0.5190805845008891,1.0,0.643888928822019,0.3787903917377802,0.5804626620860962,-0.23430324755877022,-0.23514529902511294,-0.011689977035443102,-0.0189218621993927,0.09787385875362944,-0.0006188427681530938,-0.032508244327266775,-0.05539850790789991,-0.07129813251675303,0.17087012877187716,0.03540849667253496,0.06608960157856648,-0.0006188427681530958,-0.04192633097088112,-0.03250824432726673,0.10668618140732151,0.17039886707469393,0.09787385875362918,0.06466217491019999,0.11215265016167293,0.05493158796833769,0.02177279078969043,0.07600120749212788,0.0010062292198487928,-0.011737079578390906,0.03747879903264695,-0.23430324755877022,-0.11567788620280009,,,,,,,,,0.02177279078969043,0.02177279078969045,0.021772790789690386,-0.07955424155035964,0.021772790789690386,0.0760012074921278,0.07600120749212769,0.07600120749212781,0.07600120749212781
review_scores_communication,-0.012567587027056626,,0.000571732740572273,-0.2618554458806519,-0.2872932666508127,,-0.06107616767745973,-0.04652276837152487,0.05757464108371935,0.020390436863383637,0.05654117048871097,0.07061225299322589,-0.02650390285067722,-0.12846475753660255,-0.02685568239002406,-0.22758633209226006,-0.00972361281456871,-0.09573359670697505,-0.035134176478002356,-0.0958567973371667,,-0.07115691401010238,-0.0378524091673812,-0.015010550374011385,-0.04849476668028736,0.11878798763867145,0.12038353542615685,0.1057917959205764,-0.014666620919515547,0.12083408428503263,0.14258375490684627,0.11295884491139861,0.7340880729554068,0.5902529470183753,0.5238802290592406,0.643888928822019,1.0,0.4429800343049977,0.7014830550495579,-0.260863757823712,-0.2483382093285094,-0.08751466628456714,-0.023308869771840768,0.13248653264792193,0.02032484850962995,0.00791396789154116,-0.029412690287780114,-0.033669389638959706,0.1935503605699387,0.03721979083132684,0.0800106472240488,0.020324848509629973,-0.0010184733287978687,0.007913967891541222,0.11878798763867138,0.1931485134232302,0.13248653264792132,0.04849476668028739,0.1425837549068468,0.07591285610941585,0.04574113174915244,0.11295884491139872,0.028277416838204932,0.01944949436848478,0.05794725344591798,-0.260863757823712,-0.1256287993530924,,,,,,,,,0.04574113174915244,0.04574113174915253,0.045741131749152536,-0.08520840327670123,0.045741131749152536,0.11295884491139864,0.11295884491139853,0.11295884491139843,0.11295884491139843
review_scores_location,0.006554061725455388,,0.033739102568007565,-0.05177612398241128,-0.05193460915153063,,0.21808133789718234,-0.021249239129686886,-0.003964913405319184,-0.03469470216141029,-0.053952453938308484,-0.021745007196047994,-0.007537400384697858,-0.028807883426630373,-0.01851190199540296,-0.0526567749902575,-0.0131309119101522,-0.009675342755725558,-0.011342169062873959,-0.009891377812777406,,-0.07524219751724712,-0.060269266324084116,-0.043928198639421434,-0.0755763511078351,0.08100309875251081,0.09076925072200205,0.08583638539152513,-0.044297391459848415,0.0820890578809541,0.09663390524817048,0.1474456035039063,0.5553733140459456,0.4830406864964225,0.43355019962488817,0.3787903917377802,0.4429800343049977,1.0,0.5140558235385011,-0.02470028971339066,-0.008767829696293137,-0.08985711024446011,-0.008692167305091937,0.09071479824880822,0.11527304576936137,0.19291415258032404,0.15852160870695348,0.22369891685184495,0.09437765075888399,0.03587817318280937,-0.0030864303975912414,0.11527304576936147,0.17633334731492065,0.1929141525803243,0.0810030987525107,0.09397353143001999,0.0907147982488082,0.07557635110783494,0.09663390524817059,0.06845615625651942,0.11149099283029922,0.14744560350390634,0.14476932085313332,0.15066372724621965,0.17061628109725135,-0.02470028971339066,-0.08254917550391458,,,,,,,,,0.11149099283029922,0.11149099283029935,0.11149099283029947,-0.14047159475640475,0.11149099283029947,0.1474456035039063,0.1474456035039063,0.1474456035039064,0.1474456035039064
review_scores_value,-0.029714064021773765,,-0.0267516506706188,-0.28868287966394846,-0.30293150263330254,,-0.09852303990281358,-0.06624373607578489,0.10345916556151838,0.07328909365450494,0.109079518298277,0.09851380628165134,-0.003308761216871011,-0.10499967733948642,0.0005938325751207074,-0.22918150943989368,-0.013123548225592386,-0.05095582028417543,-0.010157358396866907,-0.05118855130137671,,-0.052782192739917876,-0.03135425366345273,-0.02342737558412056,-0.08258105992009165,0.1312803405594535,0.128687331510283,0.12504623683358318,-0.027102764295088067,0.11718992310142734,0.134189787263052,0.11847861374872534,0.8328975737700792,0.7004319586337926,0.6657076499428377,0.5804626620860962,0.7014830550495579,0.5140558235385011,1.0,-0.3248285638281715,-0.30749420824589846,-0.11833482663501527,-0.062273981559725994,0.14961760752136533,0.024380571167785355,-0.009960116470523462,-0.07905237953500656,-0.10627180059484376,0.20666223763404265,0.0892288023887647,0.10836640894861556,0.02438057116778541,-0.010744912478887647,-0.00996011647052357,0.1312803405594534,0.20543173059591147,0.14961760752136474,0.08258105992009117,0.13418978726305275,0.08547628531725543,0.05139922770997482,0.11847861374872529,0.0004189769246087128,0.013063117150175088,0.04059601804148622,-0.3248285638281715,-0.20228204860820154,,,,,,,,,0.051399227709974835,0.05139922770997489,0.051399227709974855,-0.06044761151967476,0.051399227709974855,0.11847861374872523,0.11847861374872524,0.11847861374872513,0.11847861374872513
calculated_host_listings_count,0.045680972293922754,,-0.09038827605076691,0.9679230751364913,0.9618634255391845,,0.18468136514877434,0.06400077124354155,-0.14310801018407454,-0.09481574123071126,-0.1511846381718943,-0.1644615708444447,0.01859347807327647,0.38629189432054806,0.010626491497032353,0.8319336717185044,0.2765581059353341,-0.021074906976153374,0.062462429304813806,-0.021049665777830837,,-0.19913109462348416,-0.2366895255508078,-0.24123307183204482,0.049346279150669574,-0.16620616088783668,-0.17165498578646254,-0.1530753845769775,-0.2308662657598629,-0.15499501021351517,-0.22211424210891903,-0.1909027646057329,-0.21626964170779264,-0.12898803521637545,-0.14762388072396487,-0.23430324755877022,-0.260863757823712,-0.02470028971339066,-0.3248285638281715,1.0,0.9900454590460643,0.062126130575219096,-0.02609154588827169,-0.1403560757855983,0.043427992247467115,0.19049148844465003,0.13420794137055803,0.37867202215534396,-0.36109007516189257,-0.11047311345503572,-0.17480147171475094,0.04342799224746701,0.23952342435366936,0.1904914884446499,-0.1662061608878373,-0.3666824613633579,-0.14035607578559847,-0.04934627915066909,-0.22211424210891964,-0.11058007950773571,0.06267528933631522,-0.1909027646057329,0.1191212364843503,0.10451727515913674,0.1862854275082892,1.0,0.26312217513305525,,,,,,,,,0.06267528933631522,0.06267528933631515,0.06267528933631523,-0.06865790100122952,0.06267528933631523,-0.19090276460573274,-0.1909027646057329,-0.1909027646057334,-0.1909027646057334
calculated_host_listings_count_entire_homes,0.026661854635801462,,-0.10779581898256263,0.9780903149746968,0.9690590777283554,,0.1817350788982434,0.060784771112444555,-0.11393607290420232,-0.08021680085930931,-0.15513833225831591,-0.14781006627097767,0.007272638125637534,0.40044155798975517,-0.0022211463772102667,0.8411741650008138,0.29755692809108664,-0.020714884386199575,0.05159741799116314,-0.02070064455823855,,-0.19646517680209594,-0.23479338015952553,-0.2420981301428252,0.05479237271108565,-0.14684475229943847,-0.1507783816782809,-0.13555419892866608,-0.23285407873776615,-0.13607581068991406,-0.20868679654102257,-0.16892673175278614,-0.20365410183037172,-0.10959571105070177,-0.12745774305755758,-0.23514529902511294,-0.2483382093285094,-0.008767829696293137,-0.30749420824589846,0.9900454590460643,1.0,-0.07896605071720376,-0.027501455252862867,-0.11068568393506366,0.06420474024959967,0.2426529742008086,0.14552127204751786,0.4062833567938089,-0.33315184463154524,-0.06974412639716984,-0.15698717660084252,0.06420474024959956,0.290952813379062,0.24265297420080806,-0.14684475229943836,-0.3385299413721563,-0.11068568393506369,-0.054792372711085544,-0.2086867965410223,-0.09771116495354104,0.07511312293052727,-0.1689267317527861,0.12441559939007213,0.1138511345731965,0.20205379474266566,0.9900454590460643,0.23262584900840289,,,,,,,,,0.07511312293052726,0.0751131229305273,0.07511312293052728,-0.07165139769620707,0.07511312293052728,-0.16892673175278608,-0.16892673175278686,-0.1689267317527865,-0.1689267317527865
calculated_host_listings_count_private_rooms,0.13461280092989275,,0.1241144569777281,-0.08034804771124868,-0.05921017666806649,,0.01920682693793266,0.02222320496291287,-0.20536580076754124,-0.10753681236106669,0.033019646145285304,-0.12124476301118638,0.08036060094963314,-0.10356881482568553,0.09125353800741107,-0.07252948285912651,-0.15107224699976768,-0.002350440156253145,0.07674868089075053,-0.0022731744910716033,,-0.01723188587976392,-0.011503160448394317,0.00806161153326912,-0.03924620078950399,-0.13590883708116755,-0.1466434002122118,-0.12291461633041728,0.015924365327185663,-0.13306691566772974,-0.09329699290314299,-0.1608918361592048,-0.08444215395628939,-0.11572237151365139,-0.12143939722778765,-0.011689977035443102,-0.08751466628456714,-0.08985711024446011,-0.11833482663501527,0.062126130575219096,-0.07896605071720376,1.0,0.004464296737577849,-0.1740484882842733,-0.157383451726081,-0.3972009414023953,-0.08839722199389274,-0.217057595685547,-0.19525505063483123,-0.28754164300508134,-0.1297290117457312,-0.15738345172608095,-0.39277450334301095,-0.3972009414023937,-0.13590883708116783,-0.19673653203222977,-0.17404848828427322,0.03924620078950404,-0.09329699290314314,-0.09018947639183703,-0.09499547359704552,-0.1608918361592048,-0.04258973740035106,-0.06395725478850246,-0.12300579053213022,0.06212613057521909,0.21384784558013015,,,,,,,,,-0.09499547359704556,-0.09499547359704585,-0.09499547359704551,0.02405656578772202,-0.09499547359704551,-0.16089183615920477,-0.16089183615920508,-0.16089183615920444,-0.16089183615920444
calculated_host_listings_count_shared_rooms,-0.02284769580536543,,0.019230451036197752,-0.02345423314754655,-0.025587830128963734,,0.016574763249026347,0.005502362604444071,-0.04775463116804296,-0.027644943213893436,-0.03603575900100136,-0.03584123316935735,-0.04143408640461701,-0.017860062429435487,-0.04158180242451096,-0.03169686456428307,-0.03895205786040512,-0.003568115577296895,-0.041196864457321694,-0.0035658156707588013,,0.007356441783823345,0.01669754191761763,0.026347049286892084,0.03468969954641498,0.006742710334399932,0.013071038841443785,-0.0032162779303185323,0.02807913123647535,0.04102213115671491,-0.001788262073864665,-0.025943739825434336,-0.07931532197026146,-0.08960998602908268,-0.07444780240783685,-0.0189218621993927,-0.023308869771840768,-0.008692167305091937,-0.062273981559725994,-0.02609154588827169,-0.027501455252862867,0.004464296737577849,1.0,-0.007579612341785898,-0.023808545928977385,-0.03339678640881187,0.002969685321938666,0.025526470358809457,0.04193521458772242,-0.05863791984874562,-0.04004068052994505,-0.023808545928977482,-0.043973700503007106,-0.03339678640881196,0.006742710334399879,0.043676729938637894,-0.007579612341785901,-0.03468969954641499,-0.0017882620738647183,-0.020503331525916192,-0.027848225871738734,-0.025943739825434332,-0.015309766090946648,-0.018170988177024276,-0.03714252777784219,-0.026091545888271686,0.02617632001192033,,,,,,,,,-0.027848225871738724,-0.027848225871738807,-0.027848225871738578,-0.007278613337535339,-0.027848225871738578,-0.025943739825434332,-0.02594373982543437,-0.025943739825434357,-0.025943739825434357
reviews_per_month,0.19811070534293132,,0.21789041413772184,-0.15090277733039995,-0.16390787077609775,,0.1390138784403858,0.09547254771230536,0.10270006311586884,-0.0007290866423485081,-0.0005255155488972554,0.06821047216777186,-0.42015394692516805,-0.25564215143171587,-0.4180642606813493,-0.31366561919164465,-0.06736681608731254,-0.0339756467978964,-0.4127363126797355,-0.033926664771208564,,0.029704228860038984,0.10386470275870942,0.14325992392341846,0.06632400772595239,0.595903888375958,0.8492199440963731,0.7483601363865581,0.140305976912355,0.7124424133033621,0.5749879144098168,0.42113237497112593,0.12636629974091057,0.12476719532597062,0.1651069047824509,0.09787385875362944,0.13248653264792193,0.09071479824880822,0.14961760752136533,-0.1403560757855983,-0.11068568393506366,-0.1740484882842733,-0.007579612341785898,1.0,0.06903249968204285,0.16400855378869394,0.012510315937541722,0.041121053581594916,0.6034705587130176,0.1412166326757963,0.09605252413697773,0.06903249968204281,0.15294340385528254,0.16400855378869372,0.5959038883759574,0.5926449424047373,0.9999999999999989,-0.06632400772595168,0.5749879144098168,0.4581846940257802,0.1361016621072956,0.42113237497112593,0.08556232851648377,0.10892370904618669,0.14702179950356525,-0.14035607578559836,0.008232358575780818,,,,,,,,,0.1361016621072956,0.13610166210729552,0.1361016621072958,-0.08242838109689704,0.1361016621072958,0.42113237497112604,0.4211323749711266,0.4211323749711258,0.4211323749711258
price_clean,0.059731345819400566,,0.05493238981103311,0.05492259697965703,0.0525292825352491,,0.11233676870781509,0.08748884874130129,0.30046131775840557,0.2554084052379075,0.2521203910967507,0.2714856366150152,-0.04793599037170299,0.031544708450820705,-0.05077608312478754,0.03816549727547222,-0.015065211699228741,0.029596581570659055,-0.04274896157100339,0.029567627009328957,,0.10866696104368476,0.08959110769474721,0.06309729630612827,0.0064071796585839415,-0.023471797031140787,0.0063631067934354964,-0.017788731950154266,0.0566736854733731,0.005087108598110887,-0.04378278623705373,0.30014713853422875,0.061827256874966256,0.061647584651356904,0.08453278793087002,-0.0006188427681530938,0.02032484850962995,0.11527304576936137,0.024380571167785355,0.043427992247467115,0.06420474024959967,-0.157383451726081,-0.023808545928977385,0.06903249968204285,1.0,0.6032628896337667,0.8551047276210035,0.4284965903793564,-0.048447620181758015,0.3117947250343025,0.2639435223566511,0.9999999999999994,0.4949684657195662,0.603262889633769,-0.023471797031140763,-0.050535081523769516,0.06903249968204286,-0.006407179658583988,-0.043782786237053735,-0.005441810181510652,0.7610072080806806,0.30014713853422875,0.6557387832948631,0.7022713298781169,0.3010489268715202,0.0434279922474671,-0.07835570998630802,,,,,,,,,0.7610072080806806,0.7610072080806798,0.761007208080681,-0.064256007667251,0.761007208080681,0.30014713853422875,0.3001471385342286,0.3001471385342287,0.3001471385342287
log_price,0.11239487073688974,,0.1237424368745113,0.20624878140110997,0.20032673023732994,,0.2359714301078922,0.13984019998357658,0.5597152575503913,0.35789382374114664,0.3812936337003828,0.4456986929387644,-0.26986305630306523,0.07565688194040103,-0.2917502512021824,0.11342782383123638,0.020105550118280063,0.05942398435006294,-0.25831167923027476,0.05938421053344948,,0.06226659881695912,0.05585619248897411,0.03001481255582598,0.0031116323153095706,0.01996752847661705,0.08761343671112032,0.03652889929833112,0.019582802890162915,0.07801106300883749,-0.023052266998515526,0.41802221807538825,0.04677447509551572,0.05133812440161003,0.11585356315373585,-0.032508244327266775,0.00791396789154116,0.19291415258032404,-0.009960116470523462,0.19049148844465003,0.2426529742008086,-0.3972009414023953,-0.03339678640881187,0.16400855378869394,0.6032628896337667,1.0,0.3518910641005179,0.5611128188855327,-0.00812958855449774,0.6533008546419238,0.4786207756490935,0.6032628896337651,0.9742274334921367,1.000000000000003,0.019967528476617015,-0.010778654811332547,0.16400855378869392,-0.0031116323153096226,-0.023052266998515782,0.017979836943425642,0.43847793188994705,0.4180222180753884,0.25574399966388317,0.28537534408156195,0.5074239023152116,0.19049148844465005,-0.08664257138210008,,,,,,,,,0.4384779318899471,0.4384779318899472,0.4384779318899464,-0.174712501287776,0.4384779318899464,0.4180222180753886,0.41802221807539003,0.4180222180753903,0.4180222180753903
price_per_accommodates,0.016396946415391966,,0.02740516625366133,0.13803887606464305,0.1361383106888808,,0.13947116236258297,0.06483919055751629,-0.10343092182518812,-0.040140897084960506,-0.09724497776160398,-0.0921533045444075,0.034193023379538945,0.07348352364571238,0.0348890454121702,0.13419610903199036,0.012235356564798369,0.04234684089115007,0.045540775702561646,0.042546133154831405,,0.055839505087078786,0.030143936019297678,0.010856185438485527,-0.022520195442566008,-0.03385129767354695,-0.035859820044021454,-0.03432278534032502,0.008752061972410652,-0.02779247069195106,-0.07999198894621781,0.07848860617884693,-0.02327127600787485,-0.002489222737913139,-0.0069822668349103605,-0.05539850790789991,-0.029412690287780114,0.15852160870695348,-0.07905237953500656,0.13420794137055803,0.14552127204751786,-0.08839722199389274,0.002969685321938666,0.012510315937541722,0.8551047276210035,0.3518910641005179,1.0,0.5494333544655488,-0.09537634161365029,-0.09205312151399749,-0.10318018965141308,0.855104727621005,0.2560350643344783,0.35189106410051735,-0.03385129767354698,-0.09839141796989312,0.01251031593754182,0.022520195442566004,-0.07999198894621788,-0.02895562508839766,0.7563087548564877,0.07848860617884694,0.8359682160701479,0.8641607593666534,0.20834100583766377,0.13420794137055803,-0.01929847347210342,,,,,,,,,0.7563087548564877,0.7563087548564875,0.7563087548564869,-0.03930047520349273,0.7563087548564869,0.07848860617884694,0.07848860617884697,0.07848860617884708,0.07848860617884708
log_price_per_accommodates,0.014571096737471293,,0.07731138523922756,0.36773120404152676,0.3661934732177,,0.36151756885283176,0.12795910604818264,-0.29155995847613003,-0.055003811377444,-0.2482159910316027,-0.244194579347311,-0.09057893890523057,0.17447919375392396,-0.10104794300966265,0.30316116666084514,0.06861426017005705,0.08466095618886352,-0.06518073305638199,0.08488787869532173,,-0.004021703072269875,-0.041367778886019266,-0.067646295164339,-0.040556930499003836,-0.017971545728426037,-0.01580164055400146,-0.030159797091492867,-0.06894398552361193,0.003441070095389423,-0.1085982651008184,0.15024341225977839,-0.034967753189919334,-0.01585579510503669,-0.005441118748500185,-0.07129813251675303,-0.033669389638959706,0.22369891685184495,-0.10627180059484376,0.37867202215534396,0.4062833567938089,-0.217057595685547,0.025526470358809457,0.041121053581594916,0.4284965903793564,0.5611128188855327,0.5494333544655488,1.0,-0.12988660634433336,-0.26010464430268676,-0.2644656763489153,0.4284965903793569,0.5446000758430809,0.5611128188855354,-0.01797154572842619,-0.13465470028681453,0.04112105358159493,0.0405569304990039,-0.10859826510081809,-0.0216712811643236,0.35530923216741667,0.1502434122597784,0.40730865074601735,0.37865729200053205,0.33327540419090246,0.37867202215534396,0.08304661393065771,,,,,,,,,0.35530923216741656,0.35530923216741656,0.3553092321674167,-0.09543902672556981,0.3553092321674167,0.15024341225977852,0.15024341225977858,0.1502434122597783,0.1502434122597783
log_reviews,-0.40286522921343676,,-0.07761876116268032,-0.3616293060696847,-0.37779625609537737,,-0.049981416936316,0.0074750114286730495,0.09774856777195869,0.013487816735311518,-0.02759081515500778,0.07971413134072511,-0.3881186922906899,-0.1624413591448538,-0.3921103224410872,-0.4504424910600319,0.054583021798147696,-0.008672687403906764,-0.40395382836841137,-0.008686861377865835,,-0.0011167280988242823,0.07971318997106115,0.12545008550068837,0.00585704624735589,0.7278480594631931,0.6627859942986764,0.47429067265614017,0.12222733051617975,0.656261136736993,0.6610676001828633,0.49041756426497257,0.15114374421023108,0.16976267615974405,0.1921540636459757,0.17087012877187716,0.1935503605699387,0.09437765075888399,0.20666223763404265,-0.36109007516189257,-0.33315184463154524,-0.19525505063483123,0.04193521458772242,0.6034705587130176,-0.048447620181758015,-0.00812958855449774,-0.09537634161365029,-0.12988660634433336,1.0,0.1326327775200508,0.10482459478588081,-0.04844762018175851,-0.03941197442408022,-0.008129588554498296,0.7278480594631993,0.998180406388693,0.6034705587130168,-0.0058570462473557395,0.6610676001828659,0.38979500174575304,0.025741636124861165,0.49041756426497257,-0.037624130515916836,-0.01317443264683975,0.10268827313287844,-0.36109007516189257,-0.10119884663284308,,,,,,,,,0.025741636124861376,0.025741636124861335,0.025741636124861716,-0.05711024177410286,0.025741636124861716,0.4904175642649725,0.4904175642649728,0.4904175642649713,0.4904175642649713
log_accommodates,0.10444572724968101,,0.04184162893296562,-0.08574371618383109,-0.09150081690700486,,-0.04251299094742868,0.05940622619718814,0.9197140422869556,0.467375467780988,0.641037093193941,0.7434547062951593,-0.19363052143411963,-0.06468476464531905,-0.20238559302686535,-0.1378117914578867,-0.03332510207926519,-0.007293564318965092,-0.19827198044420447,-0.007540029154336935,,0.08326627004148425,0.10771331404232412,0.10064150743019469,0.06090950579212886,0.046244414746972044,0.12042884647150932,0.07801988125763377,0.09158581943420308,0.09092400321590202,0.08747936569926816,0.35021294170917433,0.09101517508536537,0.07681384594917952,0.1469032439589338,0.03540849667253496,0.03721979083132684,0.03587817318280937,0.0892288023887647,-0.11047311345503572,-0.06974412639716984,-0.28754164300508134,-0.05863791984874562,0.1412166326757963,0.3117947250343025,0.6533008546419238,-0.09205312151399749,-0.26010464430268676,0.1326327775200508,1.0,0.8006968447517936,0.3117947250343032,0.6383399677531876,0.6533008546419218,0.04624441474697248,0.1353051751188819,0.14121663267579646,-0.060909505792128664,0.08747936569926831,0.04975325729593805,0.18650999509560937,0.3502129417091744,-0.07421578846460691,-0.0011015599190850212,0.27769746824867414,-0.11047311345503572,-0.14034778207871462,,,,,,,,,0.18650999509560928,0.1865099950956089,0.186509995095609,-0.11335515192485784,0.186509995095609,0.3502129417091745,0.35021294170917355,0.3502129417091748,0.3502129417091748
log_beds,0.07752992250908707,,0.09811497601185427,-0.15054456176648148,-0.15473747578731148,,-0.11809257322627667,0.020770782095228413,0.8460589119242922,0.5106061544275796,0.7526045536663883,0.9346073952355106,-0.13669531786322967,-0.09468164413920205,-0.13503686344044863,-0.16793146971271983,-0.05134537854199316,-0.020896162702209092,-0.1433507108371225,-0.020748323443507886,,0.12333592489670432,0.13987740377061095,0.13013593702318652,0.06964382421272647,0.035825426136973246,0.0919261651938319,0.05763814591691065,0.11833736649001658,0.0636154530376453,0.07306590256596343,0.3074165423027385,0.11261531950950851,0.08057732862218459,0.12349357551989452,0.06608960157856648,0.0800106472240488,-0.0030864303975912414,0.10836640894861556,-0.17480147171475094,-0.15698717660084252,-0.1297290117457312,-0.04004068052994505,0.09605252413697773,0.2639435223566511,0.4786207756490935,-0.10318018965141308,-0.2644656763489153,0.10482459478588081,0.8006968447517936,1.0,0.263943522356651,0.4682809321377944,0.47862077564909566,0.03582542613697331,0.10619567878842537,0.09605252413697773,-0.06964382421272676,0.07306590256596336,0.036577573775959465,0.13063493458641223,0.3074165423027385,-0.09225067460562963,-0.05785015253699775,0.18871580860030354,-0.174801471714751,-0.1829061579506187,,,,,,,,,0.13063493458641223,0.1306349345864124,0.13063493458641262,-0.05898050115062813,0.13063493458641262,0.3074165423027385,0.30741654230273824,0.3074165423027391,0.3074165423027391
price_zscore,0.05973134581940136,,0.054932389811033294,0.054922596979657345,0.05252928253524924,,0.11233676870781473,0.08748884874130129,0.3004613177584048,0.25540840523790714,0.2521203910967518,0.2714856366150154,-0.04793599037170302,0.03154470845082049,-0.050776083124787826,0.038165497275472235,-0.015065211699228986,0.029596581570659006,-0.04274896157100348,0.029567627009328912,,0.10866696104368491,0.08959110769474735,0.06309729630612834,0.006407179658584017,-0.02347179703114114,0.006363106793435522,-0.017788731950154176,0.056673685473373245,0.005087108598110761,-0.043782786237053846,0.3001471385342282,0.06182725687496641,0.06164758465135696,0.08453278793087009,-0.0006188427681530958,0.020324848509629973,0.11527304576936147,0.02438057116778541,0.04342799224746701,0.06420474024959956,-0.15738345172608095,-0.023808545928977482,0.06903249968204281,0.9999999999999994,0.6032628896337651,0.855104727621005,0.4284965903793569,-0.04844762018175851,0.3117947250343032,0.263943522356651,1.0,0.4949684657195658,0.6032628896337675,-0.023471797031141203,-0.050535081523770065,0.06903249968204313,-0.006407179658584008,-0.04378278623705395,-0.005441810181510677,0.7610072080806815,0.3001471385342282,0.655738783294866,0.7022713298781136,0.3010489268715215,0.043427992247467004,-0.07835570998630784,,,,,,,,,0.761007208080681,0.7610072080806799,0.7610072080806808,-0.06425600766725108,0.7610072080806808,0.3001471385342283,0.30014713853422825,0.30014713853422836,0.30014713853422836
price_percentile,0.1141706451508673,,0.1184295428247262,0.25705062200680673,0.25294850628014315,,0.2326677785412917,0.14203396005221797,0.5504646156450902,0.33883697251949824,0.3815852657835896,0.42618068328473946,-0.2478549568242746,0.10716086078633316,-0.2684787910945824,0.16439760122274868,0.03248505409304408,0.06780307204214614,-0.23206248990719314,0.06777021063627602,,0.055579850680145454,0.04222465140177523,0.010900341480487467,0.00587441786977473,-0.0029847787833944582,0.06888389875605772,0.01919679544593835,0.0006062466603110171,0.06266479791572907,-0.04098054721295726,0.39028673745940323,0.046664796614796375,0.05397006003805725,0.11139700966487069,-0.04192633097088112,-0.0010184733287978687,0.17633334731492065,-0.010744912478887647,0.23952342435366936,0.290952813379062,-0.39277450334301095,-0.043973700503007106,0.15294340385528254,0.4949684657195662,0.9742274334921367,0.2560350643344783,0.5446000758430809,-0.03941197442408022,0.6383399677531876,0.4682809321377944,0.4949684657195658,1.0,0.9742274334921399,-0.002984778783394479,-0.04201088255260942,0.1529434038552824,-0.005874417869774985,-0.040980547212957456,0.01222147889391636,0.35757156214548863,0.3902867374594031,0.18094263151151616,0.21861505872580675,0.4958946201339569,0.23952342435366947,-0.06445242456598137,,,,,,,,,0.3575715621454885,0.3575715621454886,0.35757156214548824,-0.1653265422012958,0.35757156214548824,0.3902867374594033,0.3902867374594021,0.39028673745940373,0.39028673745940373
log_price_zscore,0.11239487073689083,,0.12374243687451154,0.20624878140111122,0.20032673023732986,,0.23597143010789204,0.13984019998357702,0.5597152575503912,0.3578938237411465,0.3812936337003831,0.44569869293876546,-0.26986305630306495,0.07565688194040078,-0.29175025120218134,0.1134278238312356,0.020105550118279702,0.059423984350062645,-0.25831167923027576,0.05938421053344919,,0.06226659881695903,0.05585619248897385,0.030014812555825818,0.0031116323153095315,0.019967528476616755,0.08761343671112007,0.036528899298330905,0.0195828028901629,0.07801106300883719,-0.023052266998515696,0.41802221807538903,0.04677447509551559,0.051338124401609724,0.11585356315373604,-0.03250824432726673,0.007913967891541222,0.1929141525803243,-0.00996011647052357,0.1904914884446499,0.24265297420080806,-0.3972009414023937,-0.03339678640881196,0.16400855378869372,0.603262889633769,1.000000000000003,0.35189106410051735,0.5611128188855354,-0.008129588554498296,0.6533008546419218,0.47862077564909566,0.6032628896337675,0.9742274334921399,1.0,0.01996752847661679,-0.010778654811333162,0.1640085537886942,-0.003111632315309451,-0.023052266998515893,0.017979836943425406,0.4384779318899451,0.41802221807538903,0.2557439996638829,0.2853753440815617,0.5074239023152113,0.19049148844464991,-0.08664257138209955,,,,,,,,,0.4384779318899451,0.43847793188994694,0.438477931889946,-0.17471250128777577,0.438477931889946,0.41802221807538914,0.4180222180753874,0.4180222180753886,0.4180222180753886
reviews_zscore,-0.36861036810745135,,-0.10622702666324906,-0.1632888215008167,-0.17449836439062796,,0.04067989600439605,0.061816369235080465,0.015536226808979694,-0.025617809863122037,-0.05680693621118007,0.018177483144866873,-0.27127980003231744,-0.10692334753148434,-0.2679915496549168,-0.2425849964003639,0.07365915633881139,-0.018332801290975302,-0.28018722797501766,-0.01831186291897005,,-0.0577635962936172,-0.005238680222744194,0.03068534882254289,-0.028215405593234606,0.9999999999999993,0.685299870400328,0.45143949232801905,0.026709917414646,0.743770804985132,0.5037235794396342,0.3676375714144272,0.10372863428905695,0.11972715795117127,0.13390309950932225,0.10668618140732151,0.11878798763867138,0.0810030987525107,0.1312803405594534,-0.1662061608878373,-0.14684475229943836,-0.13590883708116783,0.006742710334399879,0.5959038883759574,-0.023471797031140763,0.019967528476617015,-0.03385129767354698,-0.01797154572842619,0.7278480594631993,0.04624441474697248,0.03582542613697331,-0.023471797031141203,-0.002984778783394479,0.01996752847661679,1.0,0.6944030016227706,0.5959038883759579,0.028215405593234443,0.5037235794396361,0.39183132080553246,0.045585041250574644,0.3676375714144272,0.008659166539008696,0.022174391731629686,0.1162088840928977,-0.1662061608878373,-0.072812065515276,,,,,,,,,0.04558504125057489,0.04558504125057482,0.045585041250575185,-0.056309437566206606,0.045585041250575185,0.3676375714144272,0.3676375714144267,0.3676375714144274,0.3676375714144274
reviews_percentile,-0.4007207293389829,,-0.07652036242404286,-0.36745727119994326,-0.38386461315814213,,-0.054660616586733456,0.0037399383949611002,0.1002662422936034,0.015337568753421687,-0.026162056374388405,0.08070077726492629,-0.38785344351363826,-0.16077068607611364,-0.39230180735673387,-0.45482900332295917,0.05407575653731359,-0.007497642326567764,-0.4038121707723521,-0.007523518195102161,,0.0032934152303403133,0.08350379746785928,0.12884019644662337,0.007637064449576839,0.6944030016227714,0.6470548044488432,0.4646987467765032,0.12574690170095962,0.6374702606076696,0.6585535263457868,0.4895000102249076,0.15018136727357675,0.16938627218897892,0.19141601320944093,0.17039886707469393,0.1931485134232302,0.09397353143001999,0.20543173059591147,-0.3666824613633579,-0.3385299413721563,-0.19673653203222977,0.043676729938637894,0.5926449424047373,-0.050535081523769516,-0.010778654811332547,-0.09839141796989312,-0.13465470028681453,0.998180406388693,0.1353051751188819,0.10619567878842537,-0.050535081523770065,-0.04201088255260942,-0.010778654811333162,0.6944030016227706,1.0,0.5926449424047364,-0.0076370644495767255,0.6585535263457869,0.38058741677453695,0.02306338290082691,0.4895000102249077,-0.04067804132191352,-0.016110239370765222,0.09950140789426803,-0.3666824613633579,-0.10165812071698405,,,,,,,,,0.023063382900827167,0.023063382900827174,0.023063382900827444,-0.05503193596365003,0.023063382900827444,0.48950001022490747,0.4895000102249059,0.48950001022490774,0.48950001022490774
reviews_per_month_zscore,0.19811070534293174,,0.2178904141377218,-0.15090277733039936,-0.16390787077609686,,0.13901387844038604,0.09547254771230507,0.10270006311586896,-0.0007290866423484817,-0.0005255155488972007,0.06821047216777168,-0.42015394692516866,-0.25564215143171704,-0.4180642606813507,-0.31366561919164454,-0.06736681608731278,-0.03397564679789651,-0.41273631267973404,-0.033926664771208634,,0.029704228860039122,0.10386470275870964,0.14325992392341869,0.06632400772595261,0.5959038883759592,0.8492199440963742,0.7483601363865604,0.1403059769123551,0.712442413303362,0.5749879144098162,0.42113237497112577,0.1263662997409108,0.12476719532597062,0.16510690478245144,0.09787385875362918,0.13248653264792132,0.0907147982488082,0.14961760752136474,-0.14035607578559847,-0.11068568393506369,-0.17404848828427322,-0.007579612341785901,0.9999999999999989,0.06903249968204286,0.16400855378869392,0.01251031593754182,0.04112105358159493,0.6034705587130168,0.14121663267579646,0.09605252413697773,0.06903249968204313,0.1529434038552824,0.1640085537886942,0.5959038883759579,0.5926449424047364,1.0,-0.06632400772595175,0.5749879144098179,0.45818469402577944,0.13610166210729563,0.42113237497112577,0.08556232851648377,0.10892370904618666,0.14702179950356511,-0.14035607578559847,0.008232358575780903,,,,,,,,,0.13610166210729563,0.13610166210729563,0.13610166210729563,-0.08242838109689699,0.13610166210729563,0.42113237497112604,0.4211323749711261,0.421132374971126,0.421132374971126
occupancy_rate,-0.15633971367069618,,0.0047147686002668165,-0.018213599023834747,-0.0317256679019891,,0.07690731803580024,0.0014485650852018605,-0.07877740297347398,-0.07165062158638254,0.012490528069590529,-0.07996381664560177,0.13752375181461995,0.0615591990254603,0.15166643148115055,0.02528100399827847,0.046382455749591114,0.006592646623207349,0.13776679320707488,0.005741647682967609,,-0.42785325369533206,-0.5282116900375419,-0.6094654457897627,-1.0000000000000033,0.02821540559323472,-0.03465902596146378,-0.060444082504415006,-0.6450339679992447,-0.0068548356561231455,-0.09687807546783073,0.09836567623016193,0.049695713743818405,0.06267704748269584,0.020393239903315267,0.06466217491019999,0.04849476668028739,0.07557635110783494,0.08258105992009117,-0.04934627915066909,-0.054792372711085544,0.03924620078950404,-0.03468969954641499,-0.06632400772595168,-0.006407179658583988,-0.0031116323153096226,0.022520195442566004,0.0405569304990039,-0.0058570462473557395,-0.060909505792128664,-0.06964382421272676,-0.006407179658584008,-0.005874417869774985,-0.003111632315309451,0.028215405593234443,-0.0076370644495767255,-0.06632400772595175,1.0,-0.09687807546783124,-0.04568350789767078,0.43075594723047,0.09836567623016197,0.35669813708020565,0.3539948556568455,0.7210900411467205,-0.049346279150669095,-0.2010734893424684,,,,,,,,,0.4307559472304701,0.4307559472304707,0.43075594723046984,-0.23198903258918557,0.43075594723046984,0.0983656762301619,0.09836567623016157,0.09836567623016154,0.09836567623016154
occupancy_rate_booked,-0.03817670885211612,,0.09733611241868755,-0.2489289431338128,-0.2606916759335388,,0.04269324564539348,0.015404932529147467,0.06614392848798703,0.0062598847030189385,-0.03279851229744972,0.043344453761572886,-0.3017176520385848,-0.24502377324275573,-0.3294762644284027,-0.3282202776352998,-0.03676154664374376,-0.03290687672753431,-0.325677289013402,-0.032840664874659524,,-0.023803693226650453,0.059170047159193336,0.1146807804689324,0.09687807546783124,0.5037235794396338,0.730975993928333,0.5097081126129279,0.12301666421230993,0.6455482780948618,0.9999999999999962,0.6729092367390269,0.13874567338368637,0.12555008574460663,0.14847265152003533,0.11215265016167293,0.1425837549068468,0.09663390524817059,0.13418978726305275,-0.22211424210891964,-0.2086867965410223,-0.09329699290314314,-0.0017882620738647183,0.5749879144098168,-0.043782786237053735,-0.023052266998515782,-0.07999198894621788,-0.10859826510081809,0.6610676001828659,0.08747936569926831,0.07306590256596336,-0.04378278623705395,-0.040980547212957456,-0.023052266998515893,0.5037235794396361,0.6585535263457869,0.5749879144098179,-0.09687807546783124,1.0,0.7033859075047212,0.02953235889892432,0.6729092367390269,-0.02105772162294642,-0.010222163247516907,0.09932214555853654,-0.22211424210891964,0.01465214978474041,,,,,,,,,0.02953235889892436,0.02953235889892443,0.029532358898924315,-0.07156985780454143,0.029532358898924315,0.672909236739027,0.6729092367390248,0.6729092367390247,0.6729092367390247
occupancy_is_capped,-0.017324733194890203,,0.07562231245381555,-0.1202079869548587,-0.12471086199491313,,0.07286500631408442,0.02851749567728428,0.032707459825582846,0.0219184693457802,-0.01333631714508542,0.016062610683238134,-0.10964243034821518,-0.1147673171711466,-0.14391665248322824,-0.14977216079060576,0.005567524107131502,-0.019046506298401968,-0.13776211770566293,-0.01903360011302872,,-0.017443732990244806,0.013761256111318426,0.038461325707986285,0.045683507897671116,0.3918313208055308,0.607756275907032,0.3743331239518467,0.04005168656027777,0.5487563107454785,0.7033859075047222,0.5020274312851845,0.07798658870138807,0.07444761629887167,0.0875168921136947,0.05493158796833769,0.07591285610941585,0.06845615625651942,0.08547628531725543,-0.11058007950773571,-0.09771116495354104,-0.09018947639183703,-0.020503331525916192,0.4581846940257802,-0.005441810181510652,0.017979836943425642,-0.02895562508839766,-0.0216712811643236,0.38979500174575304,0.04975325729593805,0.036577573775959465,-0.005441810181510677,0.01222147889391636,0.017979836943425406,0.39183132080553246,0.38058741677453695,0.45818469402577944,-0.04568350789767078,0.7033859075047212,1.0,0.03559311615176699,0.5020274312851843,0.0003923997840802123,0.002165821260819478,0.055448119703596574,-0.11058007950773575,0.029632484680742494,,,,,,,,,0.03559311615176703,0.035593116151767364,0.0355931161517672,-0.02727065613027439,0.0355931161517672,0.5020274312851845,0.5020274312851846,0.5020274312851843,0.5020274312851843
est_annual_revenue,0.011342513317869327,,0.06733017145760639,0.07699557572406605,0.07212179645059812,,0.12148770650906025,0.08516970337889994,0.15761227123073251,0.11973407370451507,0.13814655852381114,0.11571431068539831,-0.07361266327257272,0.01232309224394929,-0.0731695267364022,0.040630319633658686,-0.02697465538058044,0.036013142125213775,-0.06422012027788007,0.03526984125213889,,-0.06016791797848765,-0.10735200135570706,-0.16349164205617164,-0.4307559472304698,0.045585041250574554,0.07460112144809011,0.03274235117625968,-0.1855356772534121,0.07350111080728527,0.02953235889892446,0.3010855125919582,0.06486425386020665,0.07351590431537974,0.0956073940386793,0.02177279078969043,0.04574113174915244,0.11149099283029922,0.05139922770997482,0.06267528933631522,0.07511312293052727,-0.09499547359704552,-0.027848225871738734,0.1361016621072956,0.7610072080806806,0.43847793188994705,0.7563087548564877,0.35530923216741667,0.025741636124861165,0.18650999509560937,0.13063493458641223,0.7610072080806815,0.35757156214548863,0.4384779318899451,0.045585041250574644,0.02306338290082691,0.13610166210729563,0.43075594723047,0.02953235889892432,0.03559311615176699,1.0,0.30108551259195826,0.8926118315981207,0.9063242963531034,0.5368111287673941,0.06267528933631522,-0.06834436638119602,,,,,,,,,1.0,1.0000000000000049,1.0000000000000029,-0.10314379019243174,1.0000000000000029,0.3010855125919582,0.30108551259195865,0.3010855125919585,0.3010855125919585
est_annual_revenue_booked,-0.045202184431473516,,0.15314715574220028,-0.20401103922723407,-0.21095309689170255,,0.1374607326113287,0.09575197833257591,0.3211167371273919,0.24494579150983933,0.24602152267780605,0.2669987720869794,-0.2542774124176051,-0.11110367513421705,-0.2827517848989236,-0.2524427268406908,-0.017570836818023045,-0.01715110490587304,-0.2777104396032118,-0.017063556385261656,,0.010320365947292636,0.03257177076485384,0.031152196047943816,-0.0983656762301617,0.3676375714144257,0.5554768671302498,0.326955046690296,0.023230797757110986,0.5067622615041318,0.672909236739027,1.0,0.11894828643793064,0.11844209146889477,0.15198580190088162,0.07600120749212788,0.11295884491139872,0.14744560350390634,0.11847861374872529,-0.1909027646057329,-0.1689267317527861,-0.1608918361592048,-0.025943739825434332,0.42113237497112593,0.30014713853422875,0.4180222180753884,0.07848860617884694,0.1502434122597784,0.49041756426497257,0.3502129417091744,0.3074165423027385,0.3001471385342282,0.3902867374594031,0.41802221807538903,0.3676375714144272,0.4895000102249077,0.42113237497112577,0.09836567623016197,0.6729092367390269,0.5020274312851843,0.30108551259195826,1.0,0.083104359540626,0.13657980960574687,0.3227827210028404,-0.1909027646057329,-0.09434365050314775,,,,,,,,,0.3010855125919581,0.3010855125919589,0.30108551259195854,-0.09606893998149514,0.30108551259195854,1.0,0.9999999999999979,0.9999999999999988,0.9999999999999988
revenue_per_accommodates,0.004506544106631616,,0.04372311887917567,0.1278669654319727,0.1248720162660966,,0.12234044855647973,0.06167011845638399,-0.08703511235380636,-0.06164664669747395,-0.07519507413611984,-0.08614412893131954,-0.0007481495191650134,0.042045435311639845,0.0011934897201322018,0.10494195055006122,-0.0035960099154023974,0.03472585160318937,0.01034699345587808,0.03430106728370908,,-0.06729481235541936,-0.10873881089779992,-0.15002546415084272,-0.3566981370802038,0.008659166539008634,0.01360601426686874,0.006013984375513969,-0.166130579160144,0.015544611245098164,-0.021057721622946356,0.083104359540626,0.027358998537885003,0.047094952305696644,0.04215599500952786,0.0010062292198487928,0.028277416838204932,0.14476932085313332,0.0004189769246087128,0.1191212364843503,0.12441559939007213,-0.04258973740035106,-0.015309766090946648,0.08556232851648377,0.6557387832948631,0.25574399966388317,0.8359682160701479,0.40730865074601735,-0.037624130515916836,-0.07421578846460691,-0.09225067460562963,0.655738783294866,0.18094263151151616,0.2557439996638829,0.008659166539008696,-0.04067804132191352,0.08556232851648377,0.35669813708020565,-0.02105772162294642,0.0003923997840802123,0.8926118315981207,0.083104359540626,1.0,0.9715591683217435,0.39227287165774544,0.11912123648435032,-0.028752911394583868,,,,,,,,,0.8926118315981207,0.8926118315981193,0.8926118315981214,-0.08471848988438942,0.8926118315981214,0.08310435954062605,0.08310435954062602,0.08310435954062612,0.08310435954062612
revenue_per_bedroom,0.013051919686943036,,0.044719842685793335,0.11475185610073466,0.11013761783471243,,0.13413842757054675,0.0683135089970569,-0.038373151544721186,-0.06324749577192704,-0.08359164589011951,-0.061099874457628864,-0.05216065840134256,0.049151378941318574,-0.05262289050069945,0.07926254440718009,-0.004406598342773722,0.055036304598006784,-0.041287847479989315,0.05409800854895439,,-0.0711008579154983,-0.1095950510156161,-0.1492999225937526,-0.3539948556568457,0.022174391731629724,0.03113901974790009,0.021857195479733787,-0.16526298740023782,0.026273049713532188,-0.010222163247516921,0.13657980960574687,0.03178756405670708,0.051735016073076824,0.05564925866103442,-0.011737079578390906,0.01944949436848478,0.15066372724621965,0.013063117150175088,0.10451727515913674,0.1138511345731965,-0.06395725478850246,-0.018170988177024276,0.10892370904618669,0.7022713298781169,0.28537534408156195,0.8641607593666534,0.37865729200053205,-0.01317443264683975,-0.0011015599190850212,-0.05785015253699775,0.7022713298781136,0.21861505872580675,0.2853753440815617,0.022174391731629686,-0.016110239370765222,0.10892370904618666,0.3539948556568455,-0.010222163247516907,0.002165821260819478,0.9063242963531034,0.13657980960574687,0.9715591683217435,1.0,0.4030621782589122,0.10451727515913674,-0.02881138550531922,,,,,,,,,0.9063242963531033,0.9063242963531023,0.9063242963531013,-0.08498686775969677,0.9063242963531013,0.13657980960574687,0.1365798096057469,0.13657980960574695,0.13657980960574695
log_est_revenue,-0.011687525804615509,,0.07971686983173493,0.19286726230040774,0.18652982185269756,,0.19749927786413285,0.11791930175367875,0.21990537768477983,0.13137150389286514,0.15842876397506972,0.16785179049509213,-0.20829239279157216,0.054377533868209926,-0.22085097095156728,0.11488362971427485,0.027812497898331293,0.0491170031073365,-0.19049254920741865,0.048731594626207964,,-0.3350322072610865,-0.3741123948129171,-0.40920351656960074,-0.7210900411467198,0.11620888409289815,0.15272396327726562,0.09133066776345856,-0.4361038965239997,0.1457245819436056,0.09932214555853666,0.3227827210028404,0.07290914745044168,0.08567666764867175,0.11727455351734159,0.03747879903264695,0.05794725344591798,0.17061628109725135,0.04059601804148622,0.1862854275082892,0.20205379474266566,-0.12300579053213022,-0.03714252777784219,0.14702179950356525,0.3010489268715202,0.5074239023152116,0.20834100583766377,0.33327540419090246,0.10268827313287844,0.27769746824867414,0.18871580860030354,0.3010489268715215,0.4958946201339569,0.5074239023152113,0.1162088840928977,0.09950140789426803,0.14702179950356511,0.7210900411467205,0.09932214555853654,0.055448119703596574,0.5368111287673941,0.3227827210028404,0.39227287165774544,0.4030621782589122,1.0,0.18628542750828922,-0.06450515361159931,,,,,,,,,0.536811128767394,0.5368111287673947,0.5368111287673945,-0.5282254962265079,0.5368111287673945,0.3227827210028402,0.3227827210028409,0.32278272100283834,0.32278272100283834
host_listings_in_city,0.045680972293922754,,-0.09038827605076691,0.9679230751364913,0.9618634255391845,,0.18468136514877434,0.06400077124354155,-0.14310801018407454,-0.09481574123071126,-0.1511846381718943,-0.1644615708444447,0.01859347807327647,0.38629189432054806,0.010626491497032353,0.8319336717185044,0.2765581059353341,-0.021074906976153374,0.062462429304813806,-0.021049665777830837,,-0.19913109462348416,-0.2366895255508078,-0.24123307183204482,0.049346279150669574,-0.16620616088783668,-0.17165498578646254,-0.1530753845769775,-0.2308662657598629,-0.15499501021351517,-0.22211424210891903,-0.1909027646057329,-0.21626964170779264,-0.12898803521637545,-0.14762388072396487,-0.23430324755877022,-0.260863757823712,-0.02470028971339066,-0.3248285638281715,1.0,0.9900454590460643,0.06212613057521909,-0.026091545888271686,-0.14035607578559836,0.0434279922474671,0.19049148844465005,0.13420794137055803,0.37867202215534396,-0.36109007516189257,-0.11047311345503572,-0.174801471714751,0.043427992247467004,0.23952342435366947,0.19049148844464991,-0.1662061608878373,-0.3666824613633579,-0.14035607578559847,-0.049346279150669095,-0.22211424210891964,-0.11058007950773575,0.06267528933631522,-0.1909027646057329,0.11912123648435032,0.10451727515913674,0.18628542750828922,1.0,0.26312217513305525,,,,,,,,,0.06267528933631522,0.06267528933631515,0.06267528933631523,-0.06865790100122952,0.06267528933631523,-0.19090276460573274,-0.1909027646057329,-0.1909027646057334,-0.1909027646057334
host_is_professional,0.18904835720158203,,0.10071304785504694,0.17741921663817403,0.1922605422416406,,0.07897091712617403,0.044683697208907004,-0.12279493442399893,-0.06963807034472248,-0.15902742134587716,-0.14982455510677647,-0.18722487255556577,0.04775046978995501,-0.19811474452049488,0.06908775362007857,0.012066140017413771,0.014989389980132738,-0.17541948399387025,0.014831329900539978,,0.05240160995972979,0.08021724705007222,0.10772032851667802,0.20107348934246855,-0.07281206551527591,-0.01632793666339673,-0.02112535521456439,0.12108323153505363,-0.034100625043249115,0.014652149784740243,-0.09434365050314775,-0.17192846254490537,-0.1583263491147821,-0.12763779637823613,-0.11567788620280009,-0.1256287993530924,-0.08254917550391458,-0.20228204860820154,0.26312217513305525,0.23262584900840289,0.21384784558013015,0.02617632001192033,0.008232358575780818,-0.07835570998630802,-0.08664257138210008,-0.01929847347210342,0.08304661393065771,-0.10119884663284308,-0.14034778207871462,-0.1829061579506187,-0.07835570998630784,-0.06445242456598137,-0.08664257138209955,-0.072812065515276,-0.10165812071698405,0.008232358575780903,-0.2010734893424684,0.01465214978474041,0.029632484680742494,-0.06834436638119602,-0.09434365050314775,-0.028752911394583868,-0.02881138550531922,-0.06450515361159931,0.26312217513305525,1.0,,,,,,,,,-0.06834436638119605,-0.068344366381196,-0.06834436638119606,-0.004109114473900295,-0.06834436638119606,-0.09434365050314775,-0.09434365050314755,-0.09434365050314752,-0.09434365050314752
pct_professional_hosts,,,,,,,,,,,,,,,,,,,,,,,,,,,,,,,,,,,,,,,,,,,,,,,,,,,,,,,,,,,,,,,,,,,,,,,,,,,,,,,,,,,,
pct_large_operators,,,,,,,,,,,,,,,,,,,,,,,,,,,,,,,,,,,,,,,,,,,,,,,,,,,,,,,,,,,,,,,,,,,,,,,,,,,,,,,,,,,,
median_host_listings,,,,,,,,,,,,,,,,,,,,,,,,,,,,,,,,,,,,,,,,,,,,,,,,,,,,,,,,,,,,,,,,,,,,,,,,,,,,,,,,,,,,
gini_host_concentration,,,,,,,,,,,,,,,,,,,,,,,,,,,,,,,,,,,,,,,,,,,,,,,,,,,,,,,,,,,,,,,,,,,,,,,,,,,,,,,,,,,,
market_professionalization_score,,,,,,,,,,,,,,,,,,,,,,,,,,,,,,,,,,,,,,,,,,,,,,,,,,,,,,,,,,,,,,,,,,,,,,,,,,,,,,,,,,,,
purchase_price,,,,,,,,,,,,,,,,,,,,,,,,,,,,,,,,,,,,,,,,,,,,,,,,,,,,,,,,,,,,,,,,,,,,,,,,,,,,,,,,,,,,
monthly_payment,,,,,,,,,,,,,,,,,,,,,,,,,,,,,,,,,,,,,,,,,,,,,,,,,,,,,,,,,,,,,,,,,,,,,,,,,,,,,,,,,,,,
zori_rent,,,,,,,,,,,,,,,,,,,,,,,,,,,,,,,,,,,,,,,,,,,,,,,,,,,,,,,,,,,,,,,,,,,,,,,,,,,,,,,,,,,,
annual_cash_flow,0.01134251331786883,,0.06733017145760624,0.07699557572406608,0.0721217964505981,,0.12148770650906023,0.08516970337889986,0.15761227123073257,0.11973407370451498,0.1381465585238112,0.11571431068539832,-0.07361266327257264,0.01232309224394943,-0.07316952673640213,0.040630319633658686,-0.026974655380580376,0.03601314212521379,-0.06422012027788006,0.035269841252138896,,-0.060167917978487626,-0.1073520013557072,-0.16349164205617164,-0.4307559472304697,0.04558504125057479,0.07460112144809015,0.03274235117625964,-0.18553567725341222,0.07350111080728536,0.029532358898924412,0.3010855125919581,0.06486425386020665,0.07351590431537974,0.0956073940386793,0.02177279078969043,0.04574113174915244,0.11149099283029922,0.051399227709974835,0.06267528933631522,0.07511312293052726,-0.09499547359704556,-0.027848225871738724,0.1361016621072956,0.7610072080806806,0.4384779318899471,0.7563087548564877,0.35530923216741656,0.025741636124861376,0.18650999509560928,0.13063493458641223,0.761007208080681,0.3575715621454885,0.4384779318899451,0.04558504125057489,0.023063382900827167,0.13610166210729563,0.4307559472304701,0.02953235889892436,0.03559311615176703,1.0,0.3010855125919581,0.8926118315981207,0.9063242963531033,0.536811128767394,0.06267528933631522,-0.06834436638119605,,,,,,,,,1.0,1.0000000000000047,1.0000000000000029,-0.10314379019243174,1.0000000000000029,0.3010855125919581,0.30108551259195854,0.30108551259195837,0.30108551259195837
cash_on_cash_roi,0.011342513317868695,,0.06733017145760618,0.07699557572406632,0.07212179645059817,,0.12148770650906025,0.08516970337889995,0.1576122712307322,0.11973407370451532,0.13814655852381114,0.11571431068539827,-0.07361266327257272,0.012323092243949443,-0.07316952673640213,0.040630319633658804,-0.026974655380580356,0.0360131421252139,-0.0642201202778801,0.035269841252138896,,-0.06016791797848756,-0.10735200135570758,-0.16349164205617145,-0.43075594723046984,0.045585041250574866,0.07460112144809058,0.032742351176259676,-0.1855356772534116,0.07350111080728529,0.029532358898924548,0.3010855125919589,0.06486425386020668,0.07351590431537977,0.09560739403867966,0.02177279078969045,0.04574113174915253,0.11149099283029935,0.05139922770997489,0.06267528933631515,0.0751131229305273,-0.09499547359704585,-0.027848225871738807,0.13610166210729552,0.7610072080806798,0.4384779318899472,0.7563087548564875,0.35530923216741656,0.025741636124861335,0.1865099950956089,0.1306349345864124,0.7610072080806799,0.3575715621454886,0.43847793188994694,0.04558504125057482,0.023063382900827174,0.13610166210729563,0.4307559472304707,0.02953235889892443,0.035593116151767364,1.0000000000000049,0.3010855125919589,0.8926118315981193,0.9063242963531023,0.5368111287673947,0.06267528933631515,-0.068344366381196,,,,,,,,,1.0000000000000047,1.0,1.000000000000001,-0.10314379019243165,1.000000000000001,0.301085512591959,0.3010855125919576,0.30108551259195904,0.30108551259195904
cap_rate,0.011342513317868235,,0.06733017145760621,0.07699557572406576,0.072121796450598,,0.12148770650906017,0.0851697033789001,0.15761227123073326,0.11973407370451498,0.13814655852381075,0.11571431068539788,-0.07361266327257293,0.01232309224394954,-0.07316952673640202,0.04063031963365859,-0.02697465538058025,0.036013142125213796,-0.06422012027788,0.035269841252139014,,-0.06016791797848753,-0.1073520013557071,-0.16349164205617153,-0.4307559472304709,0.04558504125057507,0.07460112144809027,0.03274235117625972,-0.18553567725341144,0.07350111080728514,0.029532358898924613,0.30108551259195854,0.0648642538602067,0.07351590431537981,0.09560739403867952,0.021772790789690386,0.045741131749152536,0.11149099283029947,0.051399227709974855,0.06267528933631523,0.07511312293052728,-0.09499547359704551,-0.027848225871738578,0.1361016621072958,0.761007208080681,0.4384779318899464,0.7563087548564869,0.3553092321674167,0.025741636124861716,0.186509995095609,0.13063493458641262,0.7610072080806808,0.35757156214548824,0.438477931889946,0.045585041250575185,0.023063382900827444,0.13610166210729563,0.43075594723046984,0.029532358898924315,0.0355931161517672,1.0000000000000029,0.30108551259195854,0.8926118315981214,0.9063242963531013,0.5368111287673945,0.06267528933631523,-0.06834436638119606,,,,,,,,,1.0000000000000029,1.000000000000001,1.0,-0.10314379019243176,1.0,0.30108551259195865,0.30108551259195876,0.3010855125919585,0.3010855125919585
price_to_rent_ratio,-0.040133605089822055,,-0.04340695663607293,-0.060644449582686694,-0.060414630618564044,,-0.04683943509814794,0.016442928026764135,-0.0792070035996618,-0.037510253971572705,-0.03929118647402807,-0.05156284492961781,0.12834182043543937,0.007479588077679936,0.14045100818021258,-0.019039036264759068,-0.005567396703689666,-0.009853502609127169,0.12635907081864897,-0.009841114419988112,,0.30683197070072643,0.26663437989650196,0.2345441143903454,0.23198903258918618,-0.05630943756620695,-0.08086053321663034,-0.07040727590059759,0.2336146729772901,-0.06254108740657728,-0.07156985780454156,-0.09606893998149514,-0.08313746547731793,-0.10144012846515024,-0.10652591733251215,-0.07955424155035964,-0.08520840327670123,-0.14047159475640475,-0.06044761151967476,-0.06865790100122952,-0.07165139769620707,0.02405656578772202,-0.007278613337535339,-0.08242838109689704,-0.064256007667251,-0.174712501287776,-0.03930047520349273,-0.09543902672556981,-0.05711024177410286,-0.11335515192485784,-0.05898050115062813,-0.06425600766725108,-0.1653265422012958,-0.17471250128777577,-0.056309437566206606,-0.05503193596365003,-0.08242838109689699,-0.23198903258918557,-0.07156985780454143,-0.02727065613027439,-0.10314379019243174,-0.09606893998149514,-0.08471848988438942,-0.08498686775969677,-0.5282254962265079,-0.06865790100122952,-0.004109114473900295,,,,,,,,,-0.10314379019243174,-0.10314379019243165,-0.10314379019243176,1.0,-0.10314379019243178,-0.09606893998149527,-0.09606893998149542,-0.09606893998149509,-0.09606893998149509
revenue_yield,0.011342513317868235,,0.06733017145760621,0.07699557572406576,0.072121796450598,,0.12148770650906017,0.0851697033789001,0.15761227123073326,0.11973407370451498,0.13814655852381075,0.11571431068539788,-0.07361266327257293,0.01232309224394954,-0.07316952673640202,0.04063031963365859,-0.02697465538058025,0.036013142125213796,-0.06422012027788,0.035269841252139014,,-0.06016791797848753,-0.1073520013557071,-0.16349164205617153,-0.4307559472304709,0.04558504125057507,0.07460112144809027,0.03274235117625972,-0.18553567725341144,0.07350111080728514,0.029532358898924613,0.30108551259195854,0.0648642538602067,0.07351590431537981,0.09560739403867952,0.021772790789690386,0.045741131749152536,0.11149099283029947,0.051399227709974855,0.06267528933631523,0.07511312293052728,-0.09499547359704551,-0.027848225871738578,0.1361016621072958,0.761007208080681,0.4384779318899464,0.7563087548564869,0.3553092321674167,0.025741636124861716,0.186509995095609,0.13063493458641262,0.7610072080806808,0.35757156214548824,0.438477931889946,0.045585041250575185,0.023063382900827444,0.13610166210729563,0.43075594723046984,0.029532358898924315,0.0355931161517672,1.0000000000000029,0.30108551259195854,0.8926118315981214,0.9063242963531013,0.5368111287673945,0.06267528933631523,-0.06834436638119606,,,,,,,,,1.0000000000000029,1.000000000000001,1.0,-0.10314379019243178,1.0,0.30108551259195865,0.30108551259195876,0.3010855125919585,0.3010855125919585
annual_cash_flow_booked,-0.045202184431473384,,0.15314715574220042,-0.20401103922723415,-0.21095309689170255,,0.13746073261132874,0.09575197833257601,0.3211167371273919,0.24494579150983928,0.246021522677806,0.2669987720869794,-0.2542774124176052,-0.11110367513421704,-0.28275178489892366,-0.2524427268406908,-0.017570836818023124,-0.017151104905873033,-0.27771043960321184,-0.01706355638526165,,0.010320365947292607,0.032571770764853826,0.031152196047943854,-0.09836567623016172,0.36763757141442577,0.5554768671302498,0.3269550466902959,0.02323079775711102,0.5067622615041317,0.6729092367390271,1.0,0.1189482864379307,0.11844209146889476,0.15198580190088165,0.0760012074921278,0.11295884491139864,0.1474456035039063,0.11847861374872523,-0.19090276460573274,-0.16892673175278608,-0.16089183615920477,-0.025943739825434332,0.42113237497112604,0.30014713853422875,0.4180222180753886,0.07848860617884694,0.15024341225977852,0.4904175642649725,0.3502129417091745,0.3074165423027385,0.3001471385342283,0.3902867374594033,0.41802221807538914,0.3676375714144272,0.48950001022490747,0.42113237497112604,0.0983656762301619,0.672909236739027,0.5020274312851845,0.3010855125919582,1.0,0.08310435954062605,0.13657980960574687,0.3227827210028402,-0.19090276460573274,-0.09434365050314775,,,,,,,,,0.3010855125919581,0.301085512591959,0.30108551259195865,-0.09606893998149527,0.30108551259195865,1.0,0.9999999999999979,0.9999999999999992,0.9999999999999992
cash_on_cash_roi_booked,-0.04520218443147396,,0.15314715574220053,-0.20401103922723487,-0.2109530968917027,,0.13746073261132818,0.09575197833257593,0.3211167371273914,0.2449457915098388,0.24602152267780605,0.26699877208697775,-0.2542774124176046,-0.11110367513421697,-0.2827517848989233,-0.2524427268406905,-0.017570836818022854,-0.017151104905873037,-0.2777104396032109,-0.017063556385261663,,0.010320365947292536,0.032571770764853666,0.03115219604794374,-0.09836567623016175,0.3676375714144249,0.5554768671302487,0.32695504669029474,0.023230797757110806,0.50676226150413,0.6729092367390271,0.9999999999999979,0.11894828643793137,0.11844209146889526,0.15198580190088157,0.07600120749212769,0.11295884491139853,0.1474456035039063,0.11847861374872524,-0.1909027646057329,-0.16892673175278686,-0.16089183615920508,-0.02594373982543437,0.4211323749711266,0.3001471385342286,0.41802221807539003,0.07848860617884697,0.15024341225977858,0.4904175642649728,0.35021294170917355,0.30741654230273824,0.30014713853422825,0.3902867374594021,0.4180222180753874,0.3676375714144267,0.4895000102249059,0.4211323749711261,0.09836567623016157,0.6729092367390248,0.5020274312851846,0.30108551259195865,0.9999999999999979,0.08310435954062602,0.1365798096057469,0.3227827210028409,-0.1909027646057329,-0.09434365050314755,,,,,,,,,0.30108551259195854,0.3010855125919576,0.30108551259195876,-0.09606893998149542,0.30108551259195876,0.9999999999999979,1.0,0.9999999999999999,0.9999999999999999
cap_rate_booked,-0.04520218443147353,,0.15314715574220056,-0.20401103922723432,-0.21095309689170244,,0.13746073261132888,0.09575197833257608,0.32111673712739164,0.24494579150983797,0.2460215226778058,0.26699877208697864,-0.2542774124176054,-0.11110367513421708,-0.28275178489892266,-0.2524427268406906,-0.017570836818022916,-0.017151104905873026,-0.2777104396032124,-0.01706355638526162,,0.01032036594729257,0.03257177076485374,0.031152196047943736,-0.09836567623016218,0.36763757141442627,0.5554768671302494,0.3269550466902952,0.023230797757110868,0.5067622615041312,0.6729092367390264,0.9999999999999988,0.11894828643793098,0.11844209146889519,0.1519858019008816,0.07600120749212781,0.11295884491139843,0.1474456035039064,0.11847861374872513,-0.1909027646057334,-0.1689267317527865,-0.16089183615920444,-0.025943739825434357,0.4211323749711258,0.3001471385342287,0.4180222180753903,0.07848860617884708,0.1502434122597783,0.4904175642649713,0.3502129417091748,0.3074165423027391,0.30014713853422836,0.39028673745940373,0.4180222180753886,0.3676375714144274,0.48950001022490774,0.421132374971126,0.09836567623016154,0.6729092367390247,0.5020274312851843,0.3010855125919585,0.9999999999999988,0.08310435954062612,0.13657980960574695,0.32278272100283834,-0.1909027646057334,-0.09434365050314752,,,,,,,,,0.30108551259195837,0.30108551259195904,0.3010855125919585,-0.09606893998149509,0.3010855125919585,0.9999999999999992,0.9999999999999999,1.0,1.0
revenue_yield_booked,-0.04520218443147353,,0.15314715574220056,-0.20401103922723432,-0.21095309689170244,,0.13746073261132888,0.09575197833257608,0.32111673712739164,0.24494579150983797,0.2460215226778058,0.26699877208697864,-0.2542774124176054,-0.11110367513421708,-0.28275178489892266,-0.2524427268406906,-0.017570836818022916,-0.017151104905873026,-0.2777104396032124,-0.01706355638526162,,0.01032036594729257,0.03257177076485374,0.031152196047943736,-0.09836567623016218,0.36763757141442627,0.5554768671302494,0.3269550466902952,0.023230797757110868,0.5067622615041312,0.6729092367390264,0.9999999999999988,0.11894828643793098,0.11844209146889519,0.1519858019008816,0.07600120749212781,0.11295884491139843,0.1474456035039064,0.11847861374872513,-0.1909027646057334,-0.1689267317527865,-0.16089183615920444,-0.025943739825434357,0.4211323749711258,0.3001471385342287,0.4180222180753903,0.07848860617884708,0.1502434122597783,0.4904175642649713,0.3502129417091748,0.3074165423027391,0.30014713853422836,0.39028673745940373,0.4180222180753886,0.3676375714144274,0.48950001022490774,0.421132374971126,0.09836567623016154,0.6729092367390247,0.5020274312851843,0.3010855125919585,0.9999999999999988,0.08310435954062612,0.13657980960574695,0.32278272100283834,-0.1909027646057334,-0.09434365050314752,,,,,,,,,0.30108551259195837,0.30108551259195904,0.3010855125919585,-0.09606893998149509,0.3010855125919585,0.9999999999999992,0.9999999999999999,1.0,1.0
