,id,scrape_id,host_id,host_listings_count,host_total_listings_count,neighbourhood_cleansed,neighbourhood_group_cleansed,latitude,longitude,accommodates,bathrooms,bedrooms,beds,minimum_nights,maximum_nights,minimum_minimum_nights,maximum_minimum_nights,minimum_maximum_nights,maximum_maximum_nights,minimum_nights_avg_ntm,maximum_nights_avg_ntm,calendar_updated,availability_30,availability_60,availability_90,availability_365,number_of_reviews,number_of_reviews_ltm,number_of_reviews_l30d,availability_eoy,number_of_reviews_ly,estimated_occupancy_l365d,estimated_revenue_l365d,review_scores_rating,review_scores_accuracy,review_scores_cleanliness,review_scores_checkin,review_scores_communication,review_scores_location,review_scores_value,license,calculated_host_listings_count,calculated_host_listings_count_entire_homes,calculated_host_listings_count_private_rooms,calculated_host_listings_count_shared_rooms,reviews_per_month,price_clean,log_price,price_per_accommodates,log_price_per_accommodates,log_reviews,log_accommodates,log_beds,price_zscore,price_percentile,log_price_zscore,reviews_zscore,reviews_percentile,reviews_per_month_zscore,occupancy_rate,occupancy_rate_booked,occupancy_is_capped,est_annual_revenue,est_annual_revenue_booked,revenue_per_accommodates,revenue_per_bedroom,log_est_revenue,host_listings_in_city,host_is_professional,pct_professional_hosts,pct_large_operators,median_host_listings,gini_host_concentration,market_professionalization_score,purchase_price,monthly_payment,zori_rent,annual_cash_flow,cash_on_cash_roi,cap_rate,price_to_rent_ratio,revenue_yield,annual_cash_flow_booked,cash_on_cash_roi_booked,cap_rate_booked,revenue_yield_booked
id,1.0,,0.4571510633728158,0.11785022555460074,0.12844550248601483,0.04127638228329352,,0.03221267222604095,0.038550351937455665,0.09275268846819018,0.0033159760137228033,0.013972217563714345,-0.0200126454206007,-0.035993257138181085,-0.18427099698756244,-0.032400681838337296,0.02587703776551311,0.015879792634562535,0.024617563207413488,-0.024461279275094984,0.024623136657881843,,0.24507610340918887,0.2776529508518339,0.2996211563959488,0.3175763499160232,-0.295449941143924,0.05065591185789015,0.14708264080138844,0.31570583352267484,-0.06205942935136978,0.056157368795057526,-0.08348286047695193,-0.0867751379365244,-0.09316534722200757,-0.02852550721430124,-0.11348561684826625,-0.09111114700542604,-0.10826555688325601,-0.07035222187074201,,0.19765476489383207,0.2007613241295797,0.08437499439007894,-0.05214290786998854,0.20123724053741915,-0.0017838924224301324,-0.05495463500280332,-0.0014803565403637906,-0.11382920106753475,-0.2879673786782633,0.09380003925688409,-0.011252756967184932,-0.0017838924224301657,-0.053935436465184707,-0.054954635002792705,-0.2954499411439265,-0.27905447765301594,0.20123724053741934,-0.3175763499160209,0.056157368795056416,-0.008426599201719131,-0.04459878157590581,-0.08348286047695193,-0.03567646588071769,-0.03803327729625405,-0.08745880969893294,0.19765476489383207,0.235527549386765,,,,,,,,,-0.04459878157590519,-0.044598781575905334,-0.04459878157590568,-0.0018621438949279572,-0.04459878157590568,-0.08348286047694839,-0.08348286047694858,-0.08348286047695008,-0.08348286047695008
scrape_id,,,,,,,,,,,,,,,,,,,,,,,,,,,,,,,,,,,,,,,,,,,,,,,,,,,,,,,,,,,,,,,,,,,,,,,,,,,,,,,,,,,,,,
host_id,0.4571510633728158,,1.0,0.07799164529225742,0.08614227010650147,0.027542875514066482,,0.07838619114425555,0.032588344961836935,0.059646901882923556,-0.028676882836831657,-0.0370003502711171,-0.003470128561032562,-0.04109270691313681,-0.05757531755809604,-0.03653102806586383,-0.03790214549703819,-0.018227948207464255,-0.03441238219866247,-0.02936730907291218,-0.03441516406644191,,0.1727141092661887,0.19661052555651354,0.21076233908656847,0.22466601466330147,-0.14287830224185225,0.03764083916276923,0.08604027793509862,0.2205832878047575,-0.018451973503714195,0.02783881317292223,-0.05431088715442779,-0.1356216135730493,-0.1323401253220413,-0.08387164677438548,-0.15861202819669257,-0.13461706837827228,-0.13936438807645554,-0.12188652602916342,,0.10585261535447128,0.08384608110234318,0.13763949032892123,-0.0679312584614991,0.1298201218666017,0.024272943177258165,-0.05518387135366808,0.022149233719349674,-0.09727634403904033,-0.1338817117192791,0.058122355583795256,-0.0007608726896104562,0.0242729431772583,-0.06508711252026583,-0.055183871353663316,-0.1428783022418521,-0.1283228677755761,0.12982012186660133,-0.2246660146633013,0.027838813172921174,-0.004230519864060456,-0.05755673372939653,-0.05431088715442779,-0.031110387499960285,-0.03685860134345502,-0.11819132005883043,0.10585261535447128,0.18193301519129154,,,,,,,,,-0.05755673372939622,-0.05755673372939646,-0.05755673372939672,-0.0007755960096801859,-0.05755673372939672,-0.0543108871544261,-0.054310887154426446,-0.0543108871544271,-0.0543108871544271
host_listings_count,0.11785022555460074,,0.07799164529225742,1.0,0.9555965362385009,-0.04825718330006117,,0.040934285799701625,0.01346340622787235,-0.054069644154771355,-0.06066541526617767,-0.08736074994414232,-0.0560200851539639,0.04368663014898536,0.1319104814963057,0.04457958059591137,0.510775846311846,-0.0024162973139605724,-0.0024144253004219954,0.0583047391077319,-0.002416119195624388,,0.009202176272658959,0.003437331348549673,0.012943574064312333,0.10112501800778761,-0.0746362888671233,-0.08465925729347165,-0.06993815692211637,0.056345241066597815,-0.07946994139940196,-0.10271190569132371,-0.07770160882098408,-0.05139791982699887,-0.07743129737878135,-0.038838896481797724,-0.09117674645729587,-0.07957114440487012,-0.0377005675527231,-0.06518835459279333,,0.573280855443124,0.5751911583334893,0.10184707093426941,0.0004095427337523989,-0.06735258021900617,0.14340770326824678,0.055917250883667356,0.13508775087628533,0.14092788416532376,-0.1808182016862691,-0.046864039751057476,-0.06931278453050808,0.1434077032682466,0.059557213262482915,0.05591725088366868,-0.0746362888671233,-0.18418221564007659,-0.06735258021900613,-0.10112501800778753,-0.10271190569132345,-0.04469970696861844,0.005466621652319641,-0.07770160882098408,0.008679149077922886,0.06057984673141886,-0.015294564415171477,0.573280855443124,0.1658606219567668,,,,,,,,,0.005466621652319713,0.005466621652319741,0.005466621652319728,-0.009334624108904118,0.005466621652319728,-0.0777016088209836,-0.07770160882098422,-0.07770160882098423,-0.07770160882098423
host_total_listings_count,0.12844550248601483,,0.08614227010650147,0.9555965362385009,1.0,-0.04172235972829493,,0.04752493832381596,0.0019092986358216048,-0.04995478503829267,-0.05710367578185205,-0.08169540614150184,-0.05369291007426554,0.04187107609602169,0.13217249467890546,0.043180943672000184,0.4689992379496077,-0.0023197087156109223,-0.0021753909622937,0.0571023396487967,-0.0021771140529640303,,0.015414779537609218,0.010302095704653371,0.01990186182203331,0.10868538998438168,-0.07884705647122453,-0.08907515017730933,-0.07304370633163253,0.06318420383536942,-0.08432339645520207,-0.10830991175979303,-0.07872386017599611,-0.0626202914597356,-0.08527739531270048,-0.05163886497200279,-0.09577266757815021,-0.09303895837365748,-0.046653774499043434,-0.07623004081261257,,0.5653289457912017,0.5560285472671476,0.10246085664508679,0.005651035204904504,-0.07391493931405142,0.18542332734753525,0.058737292539523,0.17090726186459124,0.14329371634970456,-0.18640812535523288,-0.04337411420945294,-0.06695095115648098,0.18542332734753594,0.05267861584772162,0.058737292539524186,-0.07884705647122453,-0.18976193092060784,-0.07391493931405192,-0.10868538998438218,-0.10830991175979267,-0.04826644991581202,0.01014666640781622,-0.07872386017599611,0.009848396389523966,0.06928995144217732,-0.024440137442986034,0.5653289457912017,0.1786630801574533,,,,,,,,,0.010146666407816272,0.010146666407816297,0.010146666407816196,-0.0021567066256777036,0.010146666407816196,-0.07872386017599564,-0.07872386017599561,-0.07872386017599578,-0.07872386017599578
neighbourhood_cleansed,0.04127638228329352,,0.027542875514066482,-0.04825718330006117,-0.04172235972829493,1.0,,0.20766765243471494,-0.07720066289423491,-0.019255751162487077,0.011763936377631552,0.054086673459092134,-0.014758281912277649,0.016845244191109138,-0.0013715522522336954,0.022346939651542354,0.02021422824348938,-0.02753586468967206,-0.05883510780616067,0.02477551230778338,-0.058835007665175326,,-0.024127011527209138,-0.01815096326917421,4.739801248910148e-05,0.03359240783142118,-0.09147737692810173,-0.062365896284262506,-0.0379848584123517,0.036386751368465704,-0.060364199761854746,-0.014587911630286787,-0.07787223581616776,-0.024151102412210686,-0.01614027971617919,-0.05456296076162648,0.023103726197502252,0.003891391331131427,-0.11019228469065814,0.011361964498720206,,-0.04889795036277554,-0.09007464475133393,0.0063540829465151315,0.10548219828687484,-0.05827017076021399,-0.003093575801642549,-0.15961107562615084,-0.009561182136652639,-0.154310595269768,-0.040922772212783134,-0.055571405461302514,-0.028831587887097963,-0.0030935758016425534,-0.18072484465972963,-0.15961107562615034,-0.09147737692810219,-0.03571371598999693,-0.05827017076021445,-0.03359240783142103,-0.014587911630286705,-0.027574693315035228,-0.05965130500409601,-0.07787223581616776,-0.030201696575707856,-0.10119996760419274,-0.11043257919023299,-0.04889795036277554,-0.09141531490600835,,,,,,,,,-0.05965130500409595,-0.05965130500409626,-0.05965130500409593,0.07917731644296022,-0.05965130500409593,-0.07787223581616744,-0.07787223581616758,-0.07787223581616746,-0.07787223581616746
neighbourhood_group_cleansed,,,,,,,,,,,,,,,,,,,,,,,,,,,,,,,,,,,,,,,,,,,,,,,,,,,,,,,,,,,,,,,,,,,,,,,,,,,,,,,,,,,,,,
latitude,0.03221267222604095,,0.07838619114425555,0.040934285799701625,0.04752493832381596,0.20766765243471494,,1.0,0.08373879027898863,-0.014473690310017433,0.009858214857537607,0.0023924353260426213,-0.014905725960157375,0.017514757479798256,0.02363936331153164,0.014584685521026562,0.03922090542154957,-0.00895278764615925,-0.018259941366665852,0.02056853566057302,-0.018260439537924007,,-0.026244011809838635,-0.016729840953679253,0.000669155144178425,0.05151812829535689,-0.03459009919258901,-0.03638655731148493,-0.014353180590695774,0.038060127408535156,-0.040871999971293434,-0.014382772520611377,-0.01743534308215991,-0.03784357889567104,-0.03375123371397096,-0.05506416467396878,-0.03071192017710478,-0.031572911575044535,-0.010316218156968128,-0.02561431871076071,,0.0191150224731913,-0.004544661745459982,0.02751534437523363,0.04921738119928994,-0.023581227786701523,0.016075189798828673,-0.015989185586389582,0.012423199162298688,0.007323421154426039,-0.047326547573256675,-0.024961480078421385,-0.013949867350474631,0.01607518979882877,-0.023884335250563368,-0.01598918558638943,-0.034590099192589145,-0.04712110225446097,-0.023581227786701374,-0.05151812829535679,-0.014382772520611535,0.0013797489148513259,-0.00288010297289123,-0.01743534308215991,-0.0013353059854070435,-0.013517999027184206,-0.0448831938934137,0.0191150224731913,0.01052840175431977,,,,,,,,,-0.0028801029728912474,-0.0028801029728912093,-0.0028801029728912782,0.0364302488125381,-0.0028801029728912782,-0.017435343082159886,-0.01743534308215989,-0.017435343082159917,-0.017435343082159917
longitude,0.038550351937455665,,0.032588344961836935,0.01346340622787235,0.0019092986358216048,-0.07720066289423491,,0.08373879027898863,1.0,-0.131199478302602,-0.14835117195364053,-0.10925341819745861,-0.12602998378356764,0.018404323130979523,-0.00576506961915713,0.015623243731056844,0.029585133519317186,0.004112313093820095,0.008492705407091166,0.01776781155766154,0.008492895682430735,,-0.03180906328265519,-0.033565412240619485,-0.032171405522577454,-0.04913079231219705,0.013213936394537202,0.02373882452280786,0.009747881962860286,-0.04237395925931679,0.01934901923908001,0.03083440467523215,-0.07258517924173453,-0.032048398994149546,-0.011922328061520281,-0.030921588679596854,-0.01877446942648256,-0.014244190686166525,-0.11194979861128479,-0.010375205743811804,,0.01769120633061561,0.004614556265305543,0.046450505086784444,0.028415516757948123,0.03408288937390087,-0.11365929156572557,-0.22075556769148777,-0.06140530574762984,-0.1414720250301042,-0.0039651408888949375,-0.12945792607514492,-0.14130061237070066,-0.1136592915657261,-0.1998411150479985,-0.22075556769148855,0.013213936394537192,-0.005625371866568589,0.03408288937390084,0.049130792312197163,0.030834404675232033,0.04353954426893363,-0.08874490270569448,-0.07258517924173453,-0.006519015390482451,-0.0556198344233669,-0.08526114387228012,0.01769120633061561,0.04717931057583607,,,,,,,,,-0.08874490270569439,-0.08874490270569507,-0.0887449027056947,0.025927174339062723,-0.0887449027056947,-0.07258517924173437,-0.07258517924173478,-0.07258517924173488,-0.07258517924173488
accommodates,0.09275268846819018,,0.059646901882923556,-0.054069644154771355,-0.04995478503829267,-0.019255751162487077,,-0.014473690310017433,-0.131199478302602,1.0,0.7505866137882141,0.8328840881862148,0.7826064267963847,-0.07380789691149328,0.04234799842839997,-0.07326783535894175,-0.08343320368837828,-0.00719512894787609,-0.0026585455451631724,-0.0712385672838214,-0.002666238570122866,,0.09133276550424994,0.11324504490290359,0.12047102593588459,0.1893713137545281,0.006302661200297131,0.10415693516855812,0.14223585834699765,0.16411330841153732,0.08184622064762878,0.0816636983838169,0.40564936882236147,0.03819975545821861,0.015404163260604035,0.03603393781816512,0.04044061384147107,0.02357233281305243,0.0004981253349594544,0.01355929505444779,,0.013583330348909945,0.0767060114467406,-0.11287349871338433,-0.08719239229010105,0.09631551810052459,0.1435671946843673,0.6384989481213221,-0.015582701502263634,-0.1482757769121328,0.11333000117827456,0.9269801790541343,0.8748747765483872,0.14356719468436846,0.635214990401442,0.6384989481213256,0.006302661200297033,0.12079201928197746,0.09631551810052441,-0.18937131375452784,0.08166369838381721,0.009757699587675722,0.22803252168031835,0.40564936882236147,-0.04449499484526178,-0.029224837723947596,0.26861502162441786,0.013583330348909945,0.09534220505032728,,,,,,,,,0.22803252168031826,0.2280325216803174,0.22803252168031868,-0.10281823824181781,0.22803252168031868,0.4056493688223609,0.40564936882236163,0.4056493688223609,0.4056493688223609
bathrooms,0.0033159760137228033,,-0.028676882836831657,-0.06066541526617767,-0.05710367578185205,0.011763936377631552,,0.009858214857537607,-0.14835117195364053,0.7505866137882141,1.0,0.8334082501792783,0.6948359584312898,-0.05414225044921418,0.050500512750592565,-0.05524008657870009,-0.050055815738284826,-0.01746426194680854,-0.025753873274331592,-0.05086675317011659,-0.02576049332545479,,-0.024346117538636088,-0.020307152046851195,-0.024999086617107785,0.08254026724668624,-0.10452836019022198,-0.0584435250197387,-0.007365980318043548,0.030463295454878938,-0.0644901626246829,-0.08289375266177457,0.3062447054571001,0.07265520746486032,0.049451320861166485,0.04604262166666614,0.06638935635643477,0.043249142103783625,0.03545646743712254,0.037337848654378496,,-0.007609909232998528,0.040384927828810535,-0.10721836361429002,-0.04051972437277836,-0.087374739476848,0.16462176716629262,0.6311068282054381,0.0068169856630570244,0.10922279801489104,-0.043228280368494604,0.6732785596611743,0.7142101637256201,0.1646217671662934,0.5876407228541504,0.6311068282054391,-0.10452836019022173,-0.03430244059849298,-0.08737473947684839,-0.08254026724668581,-0.08289375266177405,-0.07002090806941906,0.31830750578011496,0.3062447054571001,-0.0008403916992455472,0.015450956400145155,0.29125250168259953,-0.007609909232998528,0.003523657444196197,,,,,,,,,0.3183075057801149,0.3183075057801171,0.3183075057801163,-0.06777551648671352,0.3183075057801163,0.30624470545710014,0.306244705457097,0.30624470545709664,0.30624470545709664
bedrooms,0.013972217563714345,,-0.0370003502711171,-0.08736074994414232,-0.08169540614150184,0.054086673459092134,,0.0023924353260426213,-0.10925341819745861,0.8328840881862148,0.8334082501792783,1.0,0.7802062113279878,-0.022249264395594385,0.03097902965244047,-0.02290612717301576,-0.042297751864213876,-0.017323804076225306,-0.02839323171351447,-0.019031957064862538,-0.028398405590822726,,-0.012906672397562222,-0.0011750035897068422,0.0023910244168828822,0.07725466676377592,-0.06254359926886745,0.0003137839391614805,0.04246705024699297,0.048940802426255335,-0.00755876409752406,-0.004956055037601407,0.3449663297688723,0.07075152555062464,0.046689184682503965,0.04637174026120486,0.07831796964560503,0.05429954408305597,0.020332162314338386,0.046832491016336485,,-0.044836490862596175,0.01031897642966954,-0.12407749143486418,-0.061895979892370265,-0.036416145164556366,0.12941427241170864,0.6073502677161661,-0.009028454515416309,-0.023954515026290295,0.037273181650735614,0.762560143983273,0.8162356735569756,0.12941427241170828,0.601733665706276,0.607350267716171,-0.062543599268868,0.046223440361327854,-0.036416145164556234,-0.07725466676377646,-0.0049560550376014575,-0.03377040610459779,0.28251004007803093,0.3449663297688723,-0.02473653340935336,-0.04595928456398108,0.28625027974021516,-0.044836490862596175,0.0035715342891724376,,,,,,,,,0.2825100400780311,0.2825100400780308,0.28251004007802993,-0.08330988423130027,0.28251004007802993,0.3449663297688722,0.34496632976887187,0.3449663297688721,0.3449663297688721
beds,-0.0200126454206007,,-0.003470128561032562,-0.0560200851539639,-0.05369291007426554,-0.014758281912277649,,-0.014905725960157375,-0.12602998378356764,0.7826064267963847,0.6948359584312898,0.7802062113279878,1.0,-0.0976862953427715,0.06134662874784273,-0.09986637337636502,-0.08049708430699387,-0.011683530479543274,-0.012200855533251368,-0.09716678110617427,-0.012208565178448405,,-0.01006074445133752,-0.00019536420786513627,0.0014264472067652464,0.11205601726470195,-0.014499368144371546,0.032943249414384326,0.07484641559625509,0.06561223559360743,0.022068698767314716,0.009236810812073363,0.35104845156170505,0.04338591020659235,0.02011258039865786,0.02272345469410185,0.0530882955277139,0.03286245999273467,0.011385325099700324,0.023274895400572444,,-0.010902050395382784,0.03462921711121452,-0.09124435789300074,-0.05278575450194581,0.014277117507798231,0.12808775267073003,0.5204456836089637,-0.005014929676199227,-0.035005212285904995,0.06561740665050426,0.6736881540605647,0.8549945490062485,0.12808775267073025,0.49433335777058235,0.5204456836089703,-0.014499368144371593,0.07250457868529937,0.014277117507798318,-0.11205601726470152,0.009236810812073627,-0.023192039475224916,0.18585013068522563,0.35104845156170505,-0.027060837491355634,-0.03758254806058034,0.2155737036899388,-0.010902050395382784,0.058462853025292257,,,,,,,,,0.1858501306852257,0.18585013068522657,0.18585013068522627,-0.06687138962967104,0.18585013068522627,0.35104845156170533,0.35104845156170733,0.3510484515617073,0.3510484515617073
minimum_nights,-0.035993257138181085,,-0.04109270691313681,0.04368663014898536,0.04187107609602169,0.016845244191109138,,0.017514757479798256,0.018404323130979523,-0.07380789691149328,-0.05414225044921418,-0.022249264395594385,-0.0976862953427715,1.0,0.04058635061400323,0.9131067012976569,0.7310488146464034,-0.004991242346041849,-0.010828245395999957,0.9214475553660971,-0.010828110146318846,,-0.0020783470138039176,-0.002523052581631898,0.005604582304863244,0.025925172809628926,-0.06459227898575429,-0.1045465399732459,-0.08976009348139709,0.019619354402743056,-0.09430035995461697,-0.004430540356668751,-0.07623169125875527,0.018267430274133786,0.01352620651085229,0.004617012322750499,0.022539700890735547,0.011338960593825864,0.019855226612261925,0.012253940794797582,,0.010428750824873248,-0.012820916590065175,0.029219311073259608,0.05733811167558921,-0.1144409192079916,-0.03128708622797744,-0.12685274989502351,-0.011575038636307142,0.008447635792967393,-0.08939247671357903,-0.08998717475785097,-0.11597266214259548,-0.0312870862279775,-0.11647097827573225,-0.126852749895025,-0.06459227898575427,-0.08924183398693987,-0.1144409192079916,-0.02592517280962914,-0.004430540356668607,0.035538128385051916,-0.06557382054619786,-0.07623169125875527,-0.016157473516929234,-0.06120862039009009,-0.11241879655728315,0.010428750824873248,-0.008824739454376524,,,,,,,,,-0.06557382054619793,-0.06557382054619806,-0.06557382054619801,0.08282605496120371,-0.06557382054619801,-0.07623169125875537,-0.0762316912587549,-0.07623169125875519,-0.07623169125875519
maximum_nights,-0.18427099698756244,,-0.05757531755809604,0.1319104814963057,0.13217249467890546,-0.0013715522522336954,,0.02363936331153164,-0.00576506961915713,0.04234799842839997,0.050500512750592565,0.03097902965244047,0.06134662874784273,0.04058635061400323,1.0,0.04445313754829544,0.11109510367810739,-0.005122476734707082,-0.009694169908822341,0.04658020875098547,-0.009695056543251923,,-0.10089208143737925,-0.09560790732526823,-0.08476643761956895,0.029254715540042584,0.05207988190758018,0.025038684558131533,0.008833067324500832,-0.023031265368776817,0.03691599716342172,0.02139794188226949,0.07000418646491657,-0.036951669536565465,-0.029970533472768908,-0.06039583474972957,-0.017258647670752466,-0.027938858298921503,-0.03181795482068503,-0.037724476763172886,,0.14030492476222034,0.12428092836938703,-0.005006887414089927,0.09084884401413335,0.018817522674741318,0.06054511562720728,0.031202561783898655,0.03476271543897857,-0.03302344389107785,0.03296298026658253,0.04069722507167541,0.06781345061422762,0.06054511562720745,0.024366110394268715,0.03120256178389744,0.052079881907580027,0.03100197561958608,0.018817522674741214,-0.029254715540042855,0.021397941882269608,0.033358866676663976,-0.04257949104700209,0.07000418646491657,-0.04273770985944559,-0.07308644830220865,-0.11165682902401756,0.14030492476222034,0.004906145983639248,,,,,,,,,-0.04257949104700222,-0.04257949104700243,-0.04257949104700227,0.047880144206615294,-0.04257949104700227,0.07000418646491614,0.07000418646491599,0.07000418646491606,0.07000418646491606
minimum_minimum_nights,-0.032400681838337296,,-0.03653102806586383,0.04457958059591137,0.043180943672000184,0.022346939651542354,,0.014584685521026562,0.015623243731056844,-0.07326783535894175,-0.05524008657870009,-0.02290612717301576,-0.09986637337636502,0.9131067012976569,0.04445313754829544,1.0,0.7737441774143731,-0.005184678460726793,-0.010951653567093019,0.9847300268861247,-0.010951695273916448,,0.007048932807064925,0.0058334452094898565,0.013086451735033125,0.025740737335530003,-0.0636523171657444,-0.1033606604506897,-0.08885437830380799,0.02411898184369399,-0.09341295509618264,-0.03439839162409804,-0.10201695308101334,0.013003286880240605,0.008542282307046378,-0.0014020001129129453,0.02003611907528882,0.009393103852870219,0.01754229317148188,0.008855975530563701,,0.013910699021417412,-0.010218817090490282,0.03188805443608558,0.05841346455640037,-0.10866454388206104,-0.029515338260955943,-0.12442506293501988,-0.010302045377831779,0.013984291581612827,-0.09213222387241822,-0.08841796680668487,-0.11932749004049019,-0.02951533826095598,-0.11364169732505351,-0.12442506293501916,-0.06365231716574403,-0.09227429835362827,-0.10866454388206091,-0.02574073733553033,-0.034398391624097684,0.001801819006223146,-0.0665404651413032,-0.10201695308101334,-0.01735877569644508,-0.06173704677925755,-0.12557888656996974,0.013910699021417412,-0.011800432886140863,,,,,,,,,-0.06654046514130331,-0.06654046514130393,-0.06654046514130352,0.09580654628394747,-0.06654046514130352,-0.10201695308101348,-0.10201695308101423,-0.1020169530810138,-0.1020169530810138
maximum_minimum_nights,0.02587703776551311,,-0.03790214549703819,0.510775846311846,0.4689992379496077,0.02021422824348938,,0.03922090542154957,0.029585133519317186,-0.08343320368837828,-0.050055815738284826,-0.042297751864213876,-0.08049708430699387,0.7310488146464034,0.11109510367810739,0.7737441774143731,1.0,-0.005962900965341667,-0.011993671098624108,0.8022813126555928,-0.0119940884476154,,-0.024027976922056382,-0.024531903128381157,-0.0062743703627058615,0.06825193942738218,-0.06980359287832975,-0.09834801237827531,-0.08225247955795897,0.03982567471192359,-0.09282692056442313,-0.03716084918592091,-0.07843197755611166,0.006608194677786136,-0.005047186113269909,-0.00900788509259584,0.011746819563335459,-0.0014860198369086948,0.0020201701097955632,-0.002885436811144153,,0.298492877367009,0.3203929858471719,0.006991945522057176,0.03662952076837935,-0.10620572844056742,-0.020411681172270827,-0.05325558404794973,-0.0025578349791931005,0.07573896494557052,-0.12450721605415398,-0.10015852034771625,-0.11021071183897582,-0.02041168117227075,-0.03730343250129871,-0.05325558404795009,-0.06980359287833011,-0.12560007200407078,-0.10620572844056778,-0.06825193942738224,-0.03716084918592091,0.0047632734767705295,-0.04437559537309919,-0.07843197755611166,-0.008823484990986728,-0.03248730581724872,-0.05584366266896786,0.298492877367009,0.05135288019718916,,,,,,,,,-0.04437559537309915,-0.044375595373099264,-0.04437559537309902,0.031930851870649195,-0.04437559537309902,-0.07843197755611156,-0.07843197755611216,-0.07843197755611224,-0.07843197755611224
minimum_maximum_nights,0.015879792634562535,,-0.018227948207464255,-0.0024162973139605724,-0.0023197087156109223,-0.02753586468967206,,-0.00895278764615925,0.004112313093820095,-0.00719512894787609,-0.01746426194680854,-0.017323804076225306,-0.011683530479543274,-0.004991242346041849,-0.005122476734707082,-0.005184678460726793,-0.005962900965341667,1.0,0.4680213388141635,-0.005897410283211018,0.469026706870743,,0.0014810349868511965,0.009784132724870175,0.011997237971325124,0.013530259469934022,-0.007033451670807081,0.00539594940204104,0.013765516549895478,0.018739649650631404,-0.004388726996106704,0.005503561939105587,-0.002025622676825336,-0.0042089037983502635,0.0053411802624444464,0.004556295978995923,-0.00800072938671013,-0.001416452888401434,0.007335283514703794,-0.0051423469185131986,,0.04207290220608604,0.049247924507346386,-0.00552489437175841,-0.0019676308604126944,0.00023713265057110662,-0.002462927520508368,0.0009898776027554626,-0.0010236263553284536,0.007401752643113966,0.006541154277883492,-0.003153198507298465,-0.012114368581700933,-0.002462927520508382,0.006188881956826142,0.000989877602755607,-0.007033451670807046,0.00687976493477205,0.0002371326505711016,-0.013530259469933924,0.005503561939105595,-0.006813825351782322,-0.004511760074316237,-0.002025622676825336,-0.0012033098172739799,0.003757506529954234,0.008457221444091095,0.04207290220608604,0.022978941039709887,,,,,,,,,-0.004511760074316231,-0.004511760074316236,-0.004511760074316219,-0.0049241706942703915,-0.004511760074316219,-0.0020256226768252603,-0.002025622676825314,-0.002025622676825296,-0.002025622676825296
maximum_maximum_nights,0.024617563207413488,,-0.03441238219866247,-0.0024144253004219954,-0.0021753909622937,-0.05883510780616067,,-0.018259941366665852,0.008492705407091166,-0.0026585455451631724,-0.025753873274331592,-0.02839323171351447,-0.012200855533251368,-0.010828245395999957,-0.009694169908822341,-0.010951653567093019,-0.011993671098624108,0.4680213388141635,1.0,-0.012476385607267106,0.9999993524760663,,0.022735516402601894,0.02481804973444546,0.027206383525483928,0.024197356348610546,-0.014997789859788354,0.0019749852587441765,0.010810786065626507,0.035504053676963285,-0.002800135244719665,0.00010142167089164461,-0.007634488399541222,-0.02384338980884106,-0.0076691205936199255,-0.007774897640724931,-0.05157776654914619,-0.03484249192694482,0.009969706503002586,-0.025143796348770654,,0.08210149498898531,0.09588109675415105,-0.009707615853103377,-0.004204987479150392,-0.017856040754333443,-0.004238756610594488,0.009784031329341317,-0.002756282082312828,0.007208994082667648,0.006686046973536194,0.009537131468998782,-0.004627018254387833,-0.004238756610594489,0.02411090265203119,0.00978403132934157,-0.014997789859788198,0.007563267509494717,-0.017856040754333478,-0.024197356348610408,0.0001014216708917438,-0.014559784466082727,-0.0077455921993074325,-0.007634488399541222,-0.0035116809597348607,0.005556402958763382,0.019662089072592915,0.08210149498898531,0.049098129938504584,,,,,,,,,-0.007745592199307422,-0.007745592199307536,-0.007745592199307459,-0.010176983508687936,-0.007745592199307459,-0.007634488399541108,-0.007634488399541207,-0.007634488399541173,-0.007634488399541173
minimum_nights_avg_ntm,-0.024461279275094984,,-0.02936730907291218,0.0583047391077319,0.0571023396487967,0.02477551230778338,,0.02056853566057302,0.01776781155766154,-0.0712385672838214,-0.05086675317011659,-0.019031957064862538,-0.09716678110617427,0.9214475553660971,0.04658020875098547,0.9847300268861247,0.8022813126555928,-0.005897410283211018,-0.012476385607267106,1.0,-0.012476425093008156,,0.006404926817331377,0.00747100199705219,0.016835374234347097,0.03834487664248965,-0.06594939923947427,-0.10284479495720195,-0.08715765284378613,0.033984670920384714,-0.09379074266572732,-0.014651111587501405,-0.08454429979784493,0.01501142001249302,0.010588316238387005,0.0013270894871359323,0.019147768549187646,0.010922412091418997,0.017264499998494037,0.009561405197759531,,0.023794627760106504,0.00330423591070207,0.027066662373736096,0.05552864234727725,-0.11050195986767472,-0.031799527180600654,-0.12598485449657842,-0.012474334254652058,0.0057976414598997425,-0.08892422961242807,-0.08648188586666745,-0.11465164414119051,-0.03179952718060062,-0.11584548129261575,-0.12598485449657906,-0.06594939923947435,-0.0886801765321829,-0.11050195986767472,-0.03834487664248961,-0.014651111587501191,0.019337700755440775,-0.06855405243534253,-0.08454429979784493,-0.018892409387640977,-0.06696975769957035,-0.12415737916040422,0.023794627760106504,0.0003904861312152393,,,,,,,,,-0.06855405243534266,-0.06855405243534307,-0.06855405243534252,0.08845358743958241,-0.06855405243534252,-0.08454429979784482,-0.08454429979784552,-0.08454429979784515,-0.08454429979784515
maximum_nights_avg_ntm,0.024623136657881843,,-0.03441516406644191,-0.002416119195624388,-0.0021771140529640303,-0.058835007665175326,,-0.018260439537924007,0.008492895682430735,-0.002666238570122866,-0.02576049332545479,-0.028398405590822726,-0.012208565178448405,-0.010828110146318846,-0.009695056543251923,-0.010951695273916448,-0.0119940884476154,0.469026706870743,0.9999993524760663,-0.012476425093008156,1.0,,0.02272359701406012,0.024815565297284334,0.027205306433107604,0.024200061744638734,-0.01499784889188991,0.0019806745172849197,0.010821920293953105,0.035506643421493116,-0.0028041604231372704,0.00010841097393871261,-0.007632308605718623,-0.023834111621251278,-0.007657400060619561,-0.007764146101542387,-0.051556259519958465,-0.03482274106253689,0.009973105477081657,-0.025134919499532005,,0.08210597496157766,0.0958864931702579,-0.009708860171738682,-0.004204973544376776,-0.01784474381686097,-0.004239382084362199,0.0097788786971095,-0.0027559311354313876,0.007214098333599351,0.006690363573888038,0.009527281385619018,-0.004640246357867082,-0.004239382084362213,0.024103380970804816,0.009778878697109732,-0.014997848891889806,0.007567489965026412,-0.017844743816861065,-0.024200061744638693,0.00010841097393882023,-0.014559795910248356,-0.00774658102246909,-0.007632308605718623,-0.0035109998083797094,0.005557810456393481,0.019660630389404545,0.08210597496157766,0.04909799380119922,,,,,,,,,-0.007746581022469077,-0.007746581022469158,-0.0077465810224691236,-0.010176938284069594,-0.0077465810224691236,-0.0076323086057185005,-0.007632308605718554,-0.007632308605718489,-0.007632308605718489
calendar_updated,,,,,,,,,,,,,,,,,,,,,,,,,,,,,,,,,,,,,,,,,,,,,,,,,,,,,,,,,,,,,,,,,,,,,,,,,,,,,,,,,,,,,,
availability_30,0.24507610340918887,,0.1727141092661887,0.009202176272658959,0.015414779537609218,-0.024127011527209138,,-0.026244011809838635,-0.03180906328265519,0.09133276550424994,-0.024346117538636088,-0.012906672397562222,-0.01006074445133752,-0.0020783470138039176,-0.10089208143737925,0.007048932807064925,-0.024027976922056382,0.0014810349868511965,0.022735516402601894,0.006404926817331377,0.02272359701406012,,1.0,0.95051421277725,0.8954389524798626,0.5942947024078636,0.08859367856787588,0.15439718429650198,0.1382412524075277,0.730820817034208,0.1337968225576577,0.12752198621306995,-0.07289825140503287,-0.052415396543688084,-0.05386790534894985,-0.01865717833183382,-0.06587073268302075,-0.0657498626564728,-0.03784676405827968,-0.06657947690142753,,0.07628215475293326,0.0711289471490503,0.028340271937759644,-0.009966418827553574,0.18713458968224134,0.04900004758845277,0.10164341630109504,0.04857631707708106,0.11695666252067236,0.10952720255627324,0.08816361487752152,-0.010721982339251132,0.04900004758845282,0.09537593998805761,0.10164341630109525,0.08859367856787644,0.10838565071897588,0.18713458968224236,-0.594294702407861,0.12752198621306982,0.02093778495801773,-0.08663057650219338,-0.07289825140503287,-0.017407707862124904,-0.06962631754640927,-0.2490520814698183,0.07628215475293326,0.18670086018540769,,,,,,,,,-0.08663057650219336,-0.0866305765021938,-0.08663057650219293,0.16745603914285642,-0.08663057650219293,-0.07289825140503275,-0.07289825140503293,-0.07289825140503293,-0.07289825140503293
availability_60,0.2776529508518339,,0.19661052555651354,0.003437331348549673,0.010302095704653371,-0.01815096326917421,,-0.016729840953679253,-0.033565412240619485,0.11324504490290359,-0.020307152046851195,-0.0011750035897068422,-0.00019536420786513627,-0.002523052581631898,-0.09560790732526823,0.0058334452094898565,-0.024531903128381157,0.009784132724870175,0.02481804973444546,0.00747100199705219,0.024815565297284334,,0.95051421277725,1.0,0.9759745363360627,0.6779148951177213,0.121105293633082,0.21349181950774593,0.19250905306014365,0.823531505061066,0.18603840725724008,0.19978986001854568,-0.04141545696599429,-0.038596066772332294,-0.04128351042047867,-0.004902529825946393,-0.05664165016281321,-0.05242889632999756,-0.034024334355868456,-0.05272197275898529,,0.09300336856501724,0.08255824194157697,0.04458122297462217,-0.0005322405508884483,0.24537257088496361,0.04196765618868494,0.09297491478581166,0.04092436107848815,0.08064160434144864,0.15533743210345247,0.1121848712691313,0.007951641194338646,0.04196765618868493,0.08933658045380916,0.09297491478581273,0.12110529363308375,0.15390889131373786,0.2453725708849634,-0.6779148951177225,0.1997898600185491,0.06021936632895927,-0.12486279097135504,-0.04141545696599429,-0.03560237494158693,-0.11554148609577934,-0.29946184179370877,0.09300336856501724,0.21692807786417836,,,,,,,,,-0.124862790971355,-0.12486279097135537,-0.12486279097135534,0.15466764681113546,-0.12486279097135534,-0.04141545696599435,-0.041415456965994454,-0.041415456965994316,-0.041415456965994316
availability_90,0.2996211563959488,,0.21076233908656847,0.012943574064312333,0.01990186182203331,4.739801248910148e-05,,0.000669155144178425,-0.032171405522577454,0.12047102593588459,-0.024999086617107785,0.0023910244168828822,0.0014264472067652464,0.005604582304863244,-0.08476643761956895,0.013086451735033125,-0.0062743703627058615,0.011997237971325124,0.027206383525483928,0.016835374234347097,0.027205306433107604,,0.8954389524798626,0.9759745363360627,1.0,0.7469209737419896,0.13530520335305166,0.24302804945820186,0.21970136177886465,0.8907961167104471,0.21143157437296956,0.24716068896695595,-0.02672872475619023,-0.029045262579640307,-0.03336033395826162,0.0001403552514282132,-0.05033191330751321,-0.04431015561140625,-0.03415018694575852,-0.045747544750907296,,0.11131261396577209,0.0980903259814689,0.053216372908968204,0.00804195124592932,0.27215450807034175,0.03707526395996722,0.07123795891757645,0.03719589829365311,0.05635228131065682,0.1803861290408956,0.11469056296192465,0.007811323217218036,0.03707526395996731,0.06500463421170204,0.07123795891757596,0.13530520335305177,0.17912997299734537,0.2721545080703428,-0.7469209737419861,0.2471606889669569,0.08799819449533931,-0.17032472388649614,-0.02672872475619023,-0.05364728943959314,-0.164404301580963,-0.3580078421753865,0.11131261396577209,0.24020010922099128,,,,,,,,,-0.17032472388649622,-0.17032472388649608,-0.1703247238864955,0.15085733994046358,-0.1703247238864955,-0.02672872475619016,-0.026728724756190335,-0.02672872475619021,-0.02672872475619021
availability_365,0.3175763499160232,,0.22466601466330147,0.10112501800778761,0.10868538998438168,0.03359240783142118,,0.05151812829535689,-0.04913079231219705,0.1893713137545281,0.08254026724668624,0.07725466676377592,0.11205601726470195,0.025925172809628926,0.029254715540042584,0.025740737335530003,0.06825193942738218,0.013530259469934022,0.024197356348610546,0.03834487664248965,0.024200061744638734,,0.5942947024078636,0.6779148951177213,0.7469209737419896,1.0,0.10770125429306832,0.22098794849114936,0.21839906385704017,0.922609075904507,0.18645927881002003,0.2710071602740699,0.04193517969747917,-0.028374554556318456,-0.0374566456197905,-0.011489887764456676,-0.05133154841563739,-0.043679266277208334,-0.03668662296940212,-0.05100723083236261,,0.24267372480054322,0.21044799875373552,0.10705936982843642,0.06198083926013852,0.25372371458506465,0.05368033040548783,0.09250731754672004,0.027242559348531693,0.0020792016616023455,0.15498204295351256,0.16258791091113262,0.11714094472293446,0.05368033040548806,0.08150013685894536,0.09250731754672097,0.1077012542930669,0.15470091533063393,0.2537237145850651,-1.0000000000000064,0.2710071602740699,0.10389879868464302,-0.34816627729709493,0.04193517969747917,-0.1733196149606751,-0.41761528124895286,-0.7158415061639893,0.24267372480054322,0.29648912866677635,,,,,,,,,-0.34816627729709465,-0.34816627729709754,-0.3481662772970954,0.20175449596385125,-0.3481662772970954,0.041935179697479424,0.04193517969747928,0.04193517969747932,0.04193517969747932
number_of_reviews,-0.295449941143924,,-0.14287830224185225,-0.0746362888671233,-0.07884705647122453,-0.09147737692810173,,-0.03459009919258901,0.013213936394537202,0.006302661200297131,-0.10452836019022198,-0.06254359926886745,-0.014499368144371546,-0.06459227898575429,0.05207988190758018,-0.0636523171657444,-0.06980359287832975,-0.007033451670807081,-0.014997789859788354,-0.06594939923947427,-0.01499784889188991,,0.08859367856787588,0.121105293633082,0.13530520335305166,0.10770125429306832,1.0,0.6241320498075736,0.41403336631453663,0.13510816251579122,0.6964037697640365,0.5133412787592289,0.25717651186256857,0.06632177181929838,0.07436657802727999,0.0760319687375025,0.06653932916430151,0.058730801876798015,0.057548661399541214,0.0718632310489201,,-0.05258097374085628,-0.023919641290428874,-0.07026215229129616,-0.032133945990638756,0.6142003217852912,-0.04083264718236672,-0.08505931152684947,-0.028166857400497628,-0.08666447639078088,0.6880206084514552,0.0039007417999386367,-0.020954329381940164,-0.04083264718236674,-0.09102517307429907,-0.08505931152685538,0.9999999999999967,0.6330188646835284,0.6142003217852985,-0.10770125429306683,0.5133412787592332,0.41991331735010584,-0.059813482844654674,0.25717651186256857,-0.019120271318275865,-0.034481175154648,-0.002867045620908928,-0.05258097374085628,0.0711677306079719,,,,,,,,,-0.05981348284465508,-0.05981348284465494,-0.059813482844654285,-0.048622913058398616,-0.059813482844654285,0.257176511862567,0.25717651186256774,0.25717651186257023,0.25717651186257023
number_of_reviews_ltm,0.05065591185789015,,0.03764083916276923,-0.08465925729347165,-0.08907515017730933,-0.062365896284262506,,-0.03638655731148493,0.02373882452280786,0.10415693516855812,-0.0584435250197387,0.0003137839391614805,0.032943249414384326,-0.1045465399732459,0.025038684558131533,-0.1033606604506897,-0.09834801237827531,0.00539594940204104,0.0019749852587441765,-0.10284479495720195,0.0019806745172849197,,0.15439718429650198,0.21349181950774593,0.24302804945820186,0.22098794849114936,0.6241320498075736,1.0,0.7627859471399828,0.2587522447649733,0.9180821221317402,0.816414218380909,0.4721319461691844,0.06976058929796454,0.06769739739978377,0.08980721602266363,0.04222023758152689,0.05551476070898535,0.03385964560967824,0.07705838641592784,,-0.0010827562855158755,0.042912775276936196,-0.08929178160485395,-0.04278532800782069,0.8643751871662066,-0.05281739245650421,-0.0957373221809716,-0.043455507268846415,-0.2042336518969466,0.6332138826447055,0.10818460006456884,0.05096239290796223,-0.05281739245650418,-0.0929675710419079,-0.0957373221809739,0.6241320498075731,0.614648593125485,0.8643751871662035,-0.22098794849115042,0.8164142183809074,0.6480110026031869,-0.07348500422067437,0.4721319461691844,-0.035286686558351044,-0.0636860634631114,-0.011368008566530897,-0.0010827562855158755,0.1356523601206181,,,,,,,,,-0.07348500422067429,-0.07348500422067411,-0.07348500422067394,-0.06100821181406823,-0.07348500422067394,0.4721319461691847,0.47213194616918464,0.47213194616918364,0.47213194616918364
number_of_reviews_l30d,0.14708264080138844,,0.08604027793509862,-0.06993815692211637,-0.07304370633163253,-0.0379848584123517,,-0.014353180590695774,0.009747881962860286,0.14223585834699765,-0.007365980318043548,0.04246705024699297,0.07484641559625509,-0.08976009348139709,0.008833067324500832,-0.08885437830380799,-0.08225247955795897,0.013765516549895478,0.010810786065626507,-0.08715765284378613,0.010821920293953105,,0.1382412524075277,0.19250905306014365,0.21970136177886465,0.21839906385704017,0.41403336631453663,0.7627859471399828,1.0,0.24190763556266456,0.6008122004189607,0.6046816094411458,0.3616632986980253,0.053175393285375835,0.048500439780386075,0.07000362243617594,0.030562084759466937,0.043125064348166556,0.021605043058006902,0.062691764075693,,-0.00498319909022957,0.03157644774816587,-0.07415173190103677,-0.03661717240263709,0.7704758250899586,-0.0395142967434962,-0.057741311885351296,-0.037478290851083146,-0.19974436047865302,0.4388414791793475,0.13708121247543117,0.09395103286799303,-0.03951429674349595,-0.05685080555886714,-0.05774131188535094,0.41403336631453663,0.42683448145679165,0.7704758250899615,-0.2183990638570413,0.6046816094411472,0.4768069708690337,-0.06327968349655728,0.3616632986980253,-0.03548624512465728,-0.0668077315497063,-0.019361118611942296,-0.00498319909022957,0.11676796463880036,,,,,,,,,-0.06327968349655733,-0.06327968349655738,-0.0632796834965575,-0.049730076287998,-0.0632796834965575,0.36166329869802555,0.36166329869802605,0.3616632986980251,0.3616632986980251
availability_eoy,0.31570583352267484,,0.2205832878047575,0.056345241066597815,0.06318420383536942,0.036386751368465704,,0.038060127408535156,-0.04237395925931679,0.16411330841153732,0.030463295454878938,0.048940802426255335,0.06561223559360743,0.019619354402743056,-0.023031265368776817,0.02411898184369399,0.03982567471192359,0.018739649650631404,0.035504053676963285,0.033984670920384714,0.035506643421493116,,0.730820817034208,0.823531505061066,0.8907961167104471,0.922609075904507,0.13510816251579122,0.2587522447649733,0.24190763556266456,1.0,0.22354513456742847,0.2946569807916057,0.03254891931190676,-0.021330941910621223,-0.029446880919840473,-0.0021671700570890778,-0.04632568224182433,-0.03770846251673137,-0.03527467425046627,-0.042936704172259296,,0.17553259332024107,0.15340441385753092,0.07634784537252613,0.03809283499013254,0.2832925670350198,0.04195301673991533,0.07838818316964281,0.026806718557702225,0.013981085293835457,0.19254110605194066,0.1452057086491041,0.07339926434995639,0.04195301673991545,0.06878431280301356,0.07838818316964324,0.13510816251578986,0.19213190358822982,0.2832925670350214,-0.9226090759045104,0.2946569807916058,0.11123578439691781,-0.2964614755800291,0.03254891931190676,-0.14061615309044848,-0.3421874014059994,-0.5658170894038076,0.17553259332024107,0.28165709381868825,,,,,,,,,-0.29646147558002905,-0.29646147558003155,-0.29646147558002933,0.1723518426673058,-0.29646147558002933,0.03254891931190681,0.032548919311907044,0.03254891931190688,0.03254891931190688
number_of_reviews_ly,-0.06205942935136978,,-0.018451973503714195,-0.07946994139940196,-0.08432339645520207,-0.060364199761854746,,-0.040871999971293434,0.01934901923908001,0.08184622064762878,-0.0644901626246829,-0.00755876409752406,0.022068698767314716,-0.09430035995461697,0.03691599716342172,-0.09341295509618264,-0.09282692056442313,-0.004388726996106704,-0.002800135244719665,-0.09379074266572732,-0.0028041604231372704,,0.1337968225576577,0.18603840725724008,0.21143157437296956,0.18645927881002003,0.6964037697640365,0.9180821221317402,0.6008122004189607,0.22354513456742847,1.0,0.7640054551529507,0.43807537332251045,0.07824761703627985,0.07679291107435031,0.09186750400636955,0.05395201282073381,0.06132877016972786,0.04294876173309871,0.07933090686961576,,-0.008213220777526535,0.03163193726959882,-0.08220379921829674,-0.03983202825388085,0.7624371766479316,-0.04832983425217935,-0.0854230979519437,-0.038312421498756896,-0.1638641779900082,0.6644261330271468,0.08360678863789857,0.036316448766040094,-0.04832983425217949,-0.08192791386242804,-0.08542309795194569,0.6964037697640308,0.6419868613290289,0.7624371766479336,-0.18645927881001942,0.7640054551529493,0.6142806244889738,-0.06252979987205717,0.43807537332251045,-0.028436098746250776,-0.05059442765716381,0.00021270574256484803,-0.008213220777526535,0.11657188862240965,,,,,,,,,-0.06252979987205719,-0.0625297998720573,-0.06252979987205753,-0.05723908402400165,-0.06252979987205753,0.4380753733225101,0.43807537332250895,0.43807537332251006,0.43807537332251006
estimated_occupancy_l365d,0.056157368795057526,,0.02783881317292223,-0.10271190569132371,-0.10830991175979303,-0.014587911630286787,,-0.014382772520611377,0.03083440467523215,0.0816636983838169,-0.08289375266177457,-0.004956055037601407,0.009236810812073363,-0.004430540356668751,0.02139794188226949,-0.03439839162409804,-0.03716084918592091,0.005503561939105587,0.00010142167089164461,-0.014651111587501405,0.00010841097393871261,,0.12752198621306995,0.19978986001854568,0.24716068896695595,0.2710071602740699,0.5133412787592289,0.816414218380909,0.6046816094411458,0.2946569807916057,0.7640054551529507,1.0,0.5707948423992371,0.09093693447063467,0.08638283513459007,0.09880337389860483,0.06620275438082113,0.07469788615199303,0.04064159900797518,0.08965659968434192,,-0.0011179501682717415,0.03489120713393204,-0.08849445038112956,-0.012205806042253254,0.6964067857930686,-0.0745536375352143,-0.16839433893078481,-0.05802978401272462,-0.25592114886549333,0.661401163369324,0.08303601378582771,0.02937894213662273,-0.07455363753521413,-0.16461078043224517,-0.1683943389307872,0.5133412787592251,0.6546916843720451,0.6964067857930725,-0.2710071602740702,0.9999999999999942,0.6473115588995966,-0.10421956962257457,0.5707948423992371,-0.04608140013320572,-0.09488854372790896,-0.028671081047577318,-0.0011179501682717415,0.16417190015552138,,,,,,,,,-0.10421956962257456,-0.10421956962257478,-0.10421956962257352,-0.06461465183121166,-0.10421956962257352,0.5707948423992372,0.5707948423992392,0.5707948423992384,0.5707948423992384
estimated_revenue_l365d,-0.08348286047695193,,-0.05431088715442779,-0.07770160882098408,-0.07872386017599611,-0.07787223581616776,,-0.01743534308215991,-0.07258517924173453,0.40564936882236147,0.3062447054571001,0.3449663297688723,0.35104845156170505,-0.07623169125875527,0.07000418646491657,-0.10201695308101334,-0.07843197755611166,-0.002025622676825336,-0.007634488399541222,-0.08454429979784493,-0.007632308605718623,,-0.07289825140503287,-0.04141545696599429,-0.02672872475619023,0.04193517969747917,0.25717651186256857,0.4721319461691844,0.3616632986980253,0.03254891931190676,0.43807537332251045,0.5707948423992371,1.0,0.11483815953367686,0.09785256968726598,0.10908679332615934,0.09233565037382054,0.08311856532958883,0.08456923401602301,0.08868687910795763,,-0.04712983569837639,-0.002853990410958396,-0.11714623257494777,-0.05533909150269996,0.34523784407606284,0.13794936828180193,0.33953429670589286,0.054559949076697374,0.06130308832524675,0.4369232879510453,0.35986021061078194,0.38444391083994045,0.13794936828180182,0.32169716300356155,0.3395342967058934,0.2571765118625678,0.44254053171428026,0.3452378440760644,-0.04193517969747949,0.5707948423992362,0.30814992427278187,0.1473798349612361,1.0,-0.0010497764512244203,0.04497824662495285,0.20207392044108166,-0.04712983569837639,0.024921432687914906,,,,,,,,,0.14737983496123602,0.14737983496123577,0.1473798349612365,-0.07616994138296895,0.1473798349612365,0.9999999999999997,1.000000000000003,1.000000000000005,1.000000000000005
review_scores_rating,-0.0867751379365244,,-0.1356216135730493,-0.05139791982699887,-0.0626202914597356,-0.024151102412210686,,-0.03784357889567104,-0.032048398994149546,0.03819975545821861,0.07265520746486032,0.07075152555062464,0.04338591020659235,0.018267430274133786,-0.036951669536565465,0.013003286880240605,0.006608194677786136,-0.0042089037983502635,-0.02384338980884106,0.01501142001249302,-0.023834111621251278,,-0.052415396543688084,-0.038596066772332294,-0.029045262579640307,-0.028374554556318456,0.06632177181929838,0.06976058929796454,0.053175393285375835,-0.021330941910621223,0.07824761703627985,0.09093693447063467,0.11483815953367686,1.0,0.8380022184449659,0.7877667415405595,0.699409908963373,0.7554033960560427,0.6294164775933417,0.8124584211487383,,-0.1443266971746487,-0.1220220674018539,-0.0797809521465763,-0.05607764743863303,0.06355462623233558,0.012126312133768665,0.13645651681965423,-0.004745683906892845,0.1273069351706682,0.12515954791200187,0.03955112067885936,0.047463703873572446,0.012126312133768656,0.1404721055540574,0.13645651681965568,0.06632177181929877,0.1272523832482371,0.0635546262323357,0.02837455455631846,0.09093693447063436,0.05265343556711135,0.08388824630134199,0.11483815953367693,0.07622990734751578,0.06640987173447395,0.14824640952277518,-0.1443266971746487,-0.10805763975053771,,,,,,,,,0.08388824630134199,0.08388824630134226,0.08388824630134241,-0.14284964922397225,0.08388824630134241,0.11483815953367696,0.11483815953367695,0.11483815953367744,0.11483815953367744
review_scores_accuracy,-0.09316534722200757,,-0.1323401253220413,-0.07743129737878135,-0.08527739531270048,-0.01614027971617919,,-0.03375123371397096,-0.011922328061520281,0.015404163260604035,0.049451320861166485,0.046689184682503965,0.02011258039865786,0.01352620651085229,-0.029970533472768908,0.008542282307046378,-0.005047186113269909,0.0053411802624444464,-0.0076691205936199255,0.010588316238387005,-0.007657400060619561,,-0.05386790534894985,-0.04128351042047867,-0.03336033395826162,-0.0374566456197905,0.07436657802727999,0.06769739739978377,0.048500439780386075,-0.029446880919840473,0.07679291107435031,0.08638283513459007,0.09785256968726598,0.8380022184449659,1.0,0.6988859473424723,0.669535465860274,0.7109755029166062,0.6148983188171808,0.7624770503437545,,-0.13808885573021237,-0.11541812846288825,-0.08204128010822308,-0.05315555977382884,0.06439511787322423,0.003368848028867597,0.10233080912053967,-0.006785687189099902,0.102142638734514,0.1348721866816071,0.023034926154398543,0.02793895576748022,0.0033688480288675718,0.10705910395471371,0.10233080912054102,0.07436657802727994,0.13640051524718583,0.06439511787322454,0.03745664561979038,0.08638283513459037,0.0508656363919726,0.06850095359109555,0.09785256968726588,0.0697016135669694,0.06056604884126395,0.12365128605507265,-0.13808885573021237,-0.1105121047787691,,,,,,,,,0.06850095359109559,0.06850095359109606,0.06850095359109591,-0.11945614778496269,0.06850095359109591,0.09785256968726591,0.09785256968726576,0.09785256968726602,0.09785256968726602
review_scores_cleanliness,-0.02852550721430124,,-0.08387164677438548,-0.038838896481797724,-0.05163886497200279,-0.05456296076162648,,-0.05506416467396878,-0.030921588679596854,0.03603393781816512,0.04604262166666614,0.04637174026120486,0.02272345469410185,0.004617012322750499,-0.06039583474972957,-0.0014020001129129453,-0.00900788509259584,0.004556295978995923,-0.007774897640724931,0.0013270894871359323,-0.007764146101542387,,-0.01865717833183382,-0.004902529825946393,0.0001403552514282132,-0.011489887764456676,0.0760319687375025,0.08980721602266363,0.07000362243617594,-0.0021671700570890778,0.09186750400636955,0.09880337389860483,0.10908679332615934,0.7877667415405595,0.6988859473424723,1.0,0.5558103727946775,0.6128828735035046,0.5276839234141747,0.6916069653604745,,-0.14427920400726468,-0.07049226868079939,-0.15504445171199477,-0.15516155898481654,0.09270037884375092,0.011012075237569481,0.152173727828408,-0.004631314364140291,0.13673139798168651,0.1383113606377042,0.054851084565791484,0.03501575187144708,0.01101207523756944,0.14833237077552122,0.15217372782840916,0.07603196873750262,0.14049289525637637,0.09270037884375089,0.011489887764457068,0.09880337389860494,0.05645953684210943,0.07366940548890326,0.10908679332615932,0.06592608239267429,0.06709714593354547,0.1455012769778287,-0.14427920400726468,-0.07342134191219406,,,,,,,,,0.0736694054889033,0.0736694054889034,0.07366940548890342,-0.20218460920718453,0.07366940548890342,0.10908679332615938,0.1090867933261598,0.10908679332615957,0.10908679332615957
review_scores_checkin,-0.11348561684826625,,-0.15861202819669257,-0.09117674645729587,-0.09577266757815021,0.023103726197502252,,-0.03071192017710478,-0.01877446942648256,0.04044061384147107,0.06638935635643477,0.07831796964560503,0.0530882955277139,0.022539700890735547,-0.017258647670752466,0.02003611907528882,0.011746819563335459,-0.00800072938671013,-0.05157776654914619,0.019147768549187646,-0.051556259519958465,,-0.06587073268302075,-0.05664165016281321,-0.05033191330751321,-0.05133154841563739,0.06653932916430151,0.04222023758152689,0.030562084759466937,-0.04632568224182433,0.05395201282073381,0.06620275438082113,0.09233565037382054,0.699409908963373,0.669535465860274,0.5558103727946775,1.0,0.7292831822818656,0.5270392545290721,0.6346937777427547,,-0.13670972655926067,-0.13451552313032103,-0.03888184850750549,-0.0261542311721792,0.04178686942731583,0.024908982108039806,0.09358462722506898,0.015923317815758054,0.06772468609083192,0.1193697072165352,0.03546736763391443,0.05780384001621442,0.024908982108039816,0.09780597859051089,0.0935846272250707,0.06653932916430157,0.12056428697562473,0.04178686942731576,0.051331548415637904,0.06620275438082115,0.03828641257243691,0.05548396777182931,0.09233565037382055,0.05123066834112089,0.04075827281264422,0.11394147756714852,-0.13670972655926067,-0.11610326060872335,,,,,,,,,0.055483967771829304,0.05548396777182937,0.05548396777182917,-0.12419710546889821,0.05548396777182917,0.09233565037382059,0.09233565037382097,0.09233565037382134,0.09233565037382134
review_scores_communication,-0.09111114700542604,,-0.13461706837827228,-0.07957114440487012,-0.09303895837365748,0.003891391331131427,,-0.031572911575044535,-0.014244190686166525,0.02357233281305243,0.043249142103783625,0.05429954408305597,0.03286245999273467,0.011338960593825864,-0.027938858298921503,0.009393103852870219,-0.0014860198369086948,-0.001416452888401434,-0.03484249192694482,0.010922412091418997,-0.03482274106253689,,-0.0657498626564728,-0.05242889632999756,-0.04431015561140625,-0.043679266277208334,0.058730801876798015,0.05551476070898535,0.043125064348166556,-0.03770846251673137,0.06132877016972786,0.07469788615199303,0.08311856532958883,0.7554033960560427,0.7109755029166062,0.6128828735035046,0.7292831822818656,1.0,0.5228483995853557,0.6982778901653068,,-0.1495371439550299,-0.1312778340338372,-0.07539216478521159,-0.04909842276396057,0.0559560026215847,-0.010542169894491617,0.0722551776604525,-0.019603503259177313,0.04576468782121637,0.11157500030806221,0.026970814349689468,0.0405499400363807,-0.010542169894491723,0.0734199250685138,0.07225517766045356,0.05873080187679796,0.11320975596139764,0.055956002621584545,0.04367926627720795,0.07469788615199309,0.040845502297960454,0.04108527930330541,0.08311856532958878,0.04316484442918854,0.027777492388556514,0.10595320998660866,-0.1495371439550299,-0.11183939452810372,,,,,,,,,0.04108527930330544,0.04108527930330546,0.041085279303305404,-0.11974494335225892,0.041085279303305404,0.08311856532958883,0.08311856532958868,0.08311856532958904,0.08311856532958904
review_scores_location,-0.10826555688325601,,-0.13936438807645554,-0.0377005675527231,-0.046653774499043434,-0.11019228469065814,,-0.010316218156968128,-0.11194979861128479,0.0004981253349594544,0.03545646743712254,0.020332162314338386,0.011385325099700324,0.019855226612261925,-0.03181795482068503,0.01754229317148188,0.0020201701097955632,0.007335283514703794,0.009969706503002586,0.017264499998494037,0.009973105477081657,,-0.03784676405827968,-0.034024334355868456,-0.03415018694575852,-0.03668662296940212,0.057548661399541214,0.03385964560967824,0.021605043058006902,-0.03527467425046627,0.04294876173309871,0.04064159900797518,0.08456923401602301,0.6294164775933417,0.6148983188171808,0.5276839234141747,0.5270392545290721,0.5228483995853557,1.0,0.6156177528383031,,-0.09764557669552962,-0.08951929756156217,-0.045768178062310594,-0.020715670274878632,0.023173347193547012,0.04040703001574967,0.14647358374444114,0.03733892391015553,0.17891047491714857,0.0924500118939459,0.004210145857331188,0.016784020920375533,0.040407030015749676,0.1579425124110701,0.14647358374444228,0.05754866139954107,0.09234408491463382,0.02317334719354712,0.03668662296940166,0.04064159900797518,0.026535078050884113,0.08537079496911161,0.08456923401602295,0.0900185128533791,0.10143968905309203,0.13953526748996364,-0.09764557669552962,-0.0993915874345309,,,,,,,,,0.08537079496911167,0.08537079496911157,0.08537079496911197,-0.11785958146529651,0.08537079496911197,0.084569234016023,0.08456923401602283,0.084569234016023,0.084569234016023
review_scores_value,-0.07035222187074201,,-0.12188652602916342,-0.06518835459279333,-0.07623004081261257,0.011361964498720206,,-0.02561431871076071,-0.010375205743811804,0.01355929505444779,0.037337848654378496,0.046832491016336485,0.023274895400572444,0.012253940794797582,-0.037724476763172886,0.008855975530563701,-0.002885436811144153,-0.0051423469185131986,-0.025143796348770654,0.009561405197759531,-0.025134919499532005,,-0.06657947690142753,-0.05272197275898529,-0.045747544750907296,-0.05100723083236261,0.0718632310489201,0.07705838641592784,0.062691764075693,-0.042936704172259296,0.07933090686961576,0.08965659968434192,0.08868687910795763,0.8124584211487383,0.7624770503437545,0.6916069653604745,0.6346937777427547,0.6982778901653068,0.6156177528383031,1.0,,-0.15634873469131952,-0.14447977427990794,-0.06205155151754684,-0.03943702979192824,0.08299780218259757,-0.029281208337473517,0.05081538842671987,-0.03858730508390698,0.044843404476296485,0.13193532097709462,0.01368925561210262,0.027277028659122057,-0.029281208337473507,0.06672940185771425,0.050815388426720724,0.07186323104892012,0.13323534217448363,0.08299780218259793,0.051007230832361916,0.08965659968434239,0.055568845634863244,0.04638172228619535,0.08868687910795768,0.0552292874987888,0.042976514381894496,0.1129631222209108,-0.15634873469131952,-0.12273453853223976,,,,,,,,,0.0463817222861954,0.04638172228619536,0.04638172228619554,-0.11199101869900029,0.04638172228619554,0.0886868791079577,0.08868687910795749,0.08868687910795754,0.08868687910795754
license,,,,,,,,,,,,,,,,,,,,,,,,,,,,,,,,,,,,,,,,,,,,,,,,,,,,,,,,,,,,,,,,,,,,,,,,,,,,,,,,,,,,,,
calculated_host_listings_count,0.19765476489383207,,0.10585261535447128,0.573280855443124,0.5653289457912017,-0.04889795036277554,,0.0191150224731913,0.01769120633061561,0.013583330348909945,-0.007609909232998528,-0.044836490862596175,-0.010902050395382784,0.010428750824873248,0.14030492476222034,0.013910699021417412,0.298492877367009,0.04207290220608604,0.08210149498898531,0.023794627760106504,0.08210597496157766,,0.07628215475293326,0.09300336856501724,0.11131261396577209,0.24267372480054322,-0.05258097374085628,-0.0010827562855158755,-0.00498319909022957,0.17553259332024107,-0.008213220777526535,-0.0011179501682717415,-0.04712983569837639,-0.1443266971746487,-0.13808885573021237,-0.14427920400726468,-0.13670972655926067,-0.1495371439550299,-0.09764557669552962,-0.15634873469131952,,1.0,0.8713228896467151,0.3551524226146656,0.3614305464468449,0.010682738329718031,0.09996778495716302,-0.033210182566640815,0.08210480088898996,-0.00679179995269263,-0.06129542899264694,0.00068560219473194,-0.006299183366296678,0.09996778495716216,-0.01271908837677418,-0.033210182566639636,-0.05258097374085656,-0.05965299424228048,0.010682738329718219,-0.2426737248005415,-0.0011179501682719345,-0.04140748415170882,-0.03458787848674935,-0.04712983569837639,-0.025762515592324387,-0.025779239874137695,-0.17440048218939325,1.0,0.39858743700812044,,,,,,,,,-0.03458787848674925,-0.03458787848674928,-0.03458787848674928,0.15885284401562388,-0.03458787848674928,-0.047129835698375956,-0.04712983569837607,-0.04712983569837614,-0.04712983569837614
calculated_host_listings_count_entire_homes,0.2007613241295797,,0.08384608110234318,0.5751911583334893,0.5560285472671476,-0.09007464475133393,,-0.004544661745459982,0.004614556265305543,0.0767060114467406,0.040384927828810535,0.01031897642966954,0.03462921711121452,-0.012820916590065175,0.12428092836938703,-0.010218817090490282,0.3203929858471719,0.049247924507346386,0.09588109675415105,0.00330423591070207,0.0958864931702579,,0.0711289471490503,0.08255824194157697,0.0980903259814689,0.21044799875373552,-0.023919641290428874,0.042912775276936196,0.03157644774816587,0.15340441385753092,0.03163193726959882,0.03489120713393204,-0.002853990410958396,-0.1220220674018539,-0.11541812846288825,-0.07049226868079939,-0.13451552313032103,-0.1312778340338372,-0.08951929756156217,-0.14447977427990794,,0.8713228896467151,1.0,-0.07533733294572244,-0.0345236476323786,0.05685185444811147,0.012392200335611352,0.06832529001010376,-0.0008578573235094602,0.0044351849604871325,-0.006197089665244977,0.0930089347437936,0.05776666193925824,0.012392200335611529,0.0726498870816962,0.06832529001010625,-0.023919641290428836,-0.0033569820339134095,0.05685185444811136,-0.21044799875373477,0.034891207133931776,-0.02331224920517344,-0.02627267393950768,-0.002853990410958407,-0.028738004502785453,-0.042751140146535103,-0.09690716503091872,0.8713228896467153,0.35636859127459947,,,,,,,,,-0.02627267393950748,-0.02627267393950761,-0.026272673939507704,0.0002129448630691025,-0.026272673939507704,-0.0028539904109577377,-0.0028539904109580374,-0.0028539904109581935,-0.0028539904109581935
calculated_host_listings_count_private_rooms,0.08437499439007894,,0.13763949032892123,0.10184707093426941,0.10246085664508679,0.0063540829465151315,,0.02751534437523363,0.046450505086784444,-0.11287349871338433,-0.10721836361429002,-0.12407749143486418,-0.09124435789300074,0.029219311073259608,-0.005006887414089927,0.03188805443608558,0.006991945522057176,-0.00552489437175841,-0.009707615853103377,0.027066662373736096,-0.009708860171738682,,0.028340271937759644,0.04458122297462217,0.053216372908968204,0.10705936982843642,-0.07026215229129616,-0.08929178160485395,-0.07415173190103677,0.07634784537252613,-0.08220379921829674,-0.08849445038112956,-0.11714623257494777,-0.0797809521465763,-0.08204128010822308,-0.15504445171199477,-0.03888184850750549,-0.07539216478521159,-0.045768178062310594,-0.06205155151754684,,0.3551524226146656,-0.07533733294572244,1.0,0.47494191364793803,-0.08962328149860965,0.031167382207767404,-0.17492072340778486,0.039551874423432457,-0.020311010787316248,-0.14739086554320352,-0.15729889599870406,-0.12011547017284838,0.03116738220776746,-0.1354554200207229,-0.1749207234077852,-0.07026215229129637,-0.1503194564917899,-0.0896232814986098,-0.1070593698284364,-0.08849445038113013,-0.04568252480066919,-0.0513215365739708,-0.11714623257494777,-0.009975844579732033,-0.020417157850690124,-0.14324281917802997,0.3551524226146656,0.1843080953995881,,,,,,,,,-0.051321536573970844,-0.05132153657397079,-0.05132153657397059,0.19774709467730725,-0.05132153657397059,-0.11714623257494791,-0.11714623257494829,-0.11714623257494886,-0.11714623257494886
calculated_host_listings_count_shared_rooms,-0.05214290786998854,,-0.0679312584614991,0.0004095427337523989,0.005651035204904504,0.10548219828687484,,0.04921738119928994,0.028415516757948123,-0.08719239229010105,-0.04051972437277836,-0.061895979892370265,-0.05278575450194581,0.05733811167558921,0.09084884401413335,0.05841346455640037,0.03662952076837935,-0.0019676308604126944,-0.004204987479150392,0.05552864234727725,-0.004204973544376776,,-0.009966418827553574,-0.0005322405508884483,0.00804195124592932,0.06198083926013852,-0.032133945990638756,-0.04278532800782069,-0.03661717240263709,0.03809283499013254,-0.03983202825388085,-0.012205806042253254,-0.05533909150269996,-0.05607764743863303,-0.05315555977382884,-0.15516155898481654,-0.0261542311721792,-0.04909842276396057,-0.020715670274878632,-0.03943702979192824,,0.3614305464468449,-0.0345236476323786,0.47494191364793803,1.0,-0.06761817053793828,-0.017926520746352804,-0.2226966496969222,-0.010376403832425338,-0.10771643616868908,-0.025668759014144893,-0.14382908887531,-0.0788817660026248,-0.017926520746352852,-0.15874127601387736,-0.22269664969692368,-0.03213394599063861,-0.025367842132580146,-0.06761817053793855,-0.06198083926013878,-0.012205806042253417,-0.022198259261241967,-0.039983647156840024,-0.05533909150269996,-0.01458940132900738,-0.04308191317402121,-0.1787379632940703,0.3614305464468449,0.07518002628086949,,,,,,,,,-0.03998364715684015,-0.03998364715684015,-0.03998364715684022,0.36384884386125566,-0.03998364715684022,-0.055339091502700485,-0.05533909150270104,-0.0553390915027004,-0.0553390915027004
reviews_per_month,0.20123724053741915,,0.1298201218666017,-0.06735258021900617,-0.07391493931405142,-0.05827017076021399,,-0.023581227786701523,0.03408288937390087,0.09631551810052459,-0.087374739476848,-0.036416145164556366,0.014277117507798231,-0.1144409192079916,0.018817522674741318,-0.10866454388206104,-0.10620572844056742,0.00023713265057110662,-0.017856040754333443,-0.11050195986767472,-0.01784474381686097,,0.18713458968224134,0.24537257088496361,0.27215450807034175,0.25372371458506465,0.6142003217852912,0.8643751871662066,0.7704758250899586,0.2832925670350198,0.7624371766479316,0.6964067857930686,0.34523784407606284,0.06355462623233558,0.06439511787322423,0.09270037884375092,0.04178686942731583,0.0559560026215847,0.023173347193547012,0.08299780218259757,,0.010682738329718031,0.05685185444811147,-0.08962328149860965,-0.06761817053793828,1.0,-0.06572726040814435,-0.1118845601580851,-0.0583257860387209,-0.22702628526839036,0.6234314961948986,0.10281639856253126,0.021441082759554277,-0.06572726040814457,-0.11925286568437193,-0.11188456015808565,0.614200321785302,0.6002886011150631,0.9999999999999956,-0.2537237145850644,0.696406785793068,0.5286751450708111,-0.11202585654112691,0.34523784407606284,-0.11417269298898725,-0.0888249008711859,-0.06530104333557177,0.010682738329718037,0.14368232047348026,,,,,,,,,-0.11202585654112693,-0.11202585654112786,-0.11202585654112712,-0.05645612513987884,-0.11202585654112712,0.34523784407606284,0.3452378440760636,0.34523784407606395,0.34523784407606395
price_clean,-0.0017838924224301324,,0.024272943177258165,0.14340770326824678,0.18542332734753525,-0.003093575801642549,,0.016075189798828673,-0.11365929156572557,0.1435671946843673,0.16462176716629262,0.12941427241170864,0.12808775267073003,-0.03128708622797744,0.06054511562720728,-0.029515338260955943,-0.020411681172270827,-0.002462927520508368,-0.004238756610594488,-0.031799527180600654,-0.004239382084362199,,0.04900004758845277,0.04196765618868494,0.03707526395996722,0.05368033040548783,-0.04083264718236672,-0.05281739245650421,-0.0395142967434962,0.04195301673991533,-0.04832983425217935,-0.0745536375352143,0.13794936828180193,0.012126312133768665,0.003368848028867597,0.011012075237569481,0.024908982108039806,-0.010542169894491617,0.04040703001574967,-0.029281208337473517,,0.09996778495716302,0.012392200335611352,0.031167382207767404,-0.017926520746352804,-0.06572726040814435,1.0,0.403325144554293,0.8377006345133128,0.39386262373784797,-0.07852785650169482,0.12371594157168407,0.12278622481274325,0.9999999999999994,0.20715871357547522,0.40332514455429613,-0.040832647182366594,-0.07900235153795725,-0.06572726040814458,-0.05368033040548831,-0.07455363753521378,-0.03365942072227388,0.3491108043653968,0.13794936828180193,0.1791846668660394,0.4180894087598264,0.1546276879084623,0.09996778495716299,0.017207392575800232,,,,,,,,,0.34911080436539665,0.3491108043653978,0.3491108043653979,-0.02313908639344408,0.3491108043653979,0.13794936828180196,0.13794936828180246,0.13794936828180168,0.13794936828180168
log_price,-0.05495463500280332,,-0.05518387135366808,0.055917250883667356,0.058737292539523,-0.15961107562615084,,-0.015989185586389582,-0.22075556769148777,0.6384989481213221,0.6311068282054381,0.6073502677161661,0.5204456836089637,-0.12685274989502351,0.031202561783898655,-0.12442506293501988,-0.05325558404794973,0.0009898776027554626,0.009784031329341317,-0.12598485449657842,0.0097788786971095,,0.10164341630109504,0.09297491478581166,0.07123795891757645,0.09250731754672004,-0.08505931152684947,-0.0957373221809716,-0.057741311885351296,0.07838818316964281,-0.0854230979519437,-0.16839433893078481,0.33953429670589286,0.13645651681965423,0.10233080912053967,0.152173727828408,0.09358462722506898,0.0722551776604525,0.14647358374444114,0.05081538842671987,,-0.033210182566640815,0.06832529001010376,-0.17492072340778486,-0.2226966496969222,-0.1118845601580851,0.403325144554293,1.0,0.25929492762545,0.6053672147683297,-0.08092281182614096,0.6579238343559732,0.600886767536487,0.40332514455429397,0.9335901730016023,1.0000000000000029,-0.08505931152684947,-0.07537567082768841,-0.11188456015808484,-0.09250731754671998,-0.16839433893078515,-0.09651086968397743,0.4742327551739706,0.3395342967058929,0.14452277180727988,0.3101668151980981,0.46300330382451066,-0.033210182566640815,-0.07977946021121492,,,,,,,,,0.4742327551739705,0.4742327551739732,0.47423275517396923,-0.1758109693405565,0.47423275517396923,0.3395342967058927,0.3395342967058956,0.339534296705894,0.339534296705894
price_per_accommodates,-0.0014803565403637906,,0.022149233719349674,0.13508775087628533,0.17090726186459124,-0.009561182136652639,,0.012423199162298688,-0.06140530574762984,-0.015582701502263634,0.0068169856630570244,-0.009028454515416309,-0.005014929676199227,-0.011575038636307142,0.03476271543897857,-0.010302045377831779,-0.0025578349791931005,-0.0010236263553284536,-0.002756282082312828,-0.012474334254652058,-0.0027559311354313876,,0.04857631707708106,0.04092436107848815,0.03719589829365311,0.027242559348531693,-0.028166857400497628,-0.043455507268846415,-0.037478290851083146,0.026806718557702225,-0.038312421498756896,-0.05802978401272462,0.054559949076697374,-0.004745683906892845,-0.006785687189099902,-0.004631314364140291,0.015923317815758054,-0.019603503259177313,0.03733892391015553,-0.03858730508390698,,0.08210480088898996,-0.0008578573235094602,0.039551874423432457,-0.010376403832425338,-0.0583257860387209,0.8377006345133128,0.25929492762545,1.0,0.3636099528988499,-0.0712125158531929,-0.024917323950967865,-0.014186584784476708,0.8377006345133152,0.10650603103756798,0.25929492762545125,-0.02816685740049753,-0.07282878265006681,-0.05832578603872108,-0.027242559348531675,-0.058029784012724565,-0.021550826640216122,0.35718006412871267,0.054559949076697374,0.42398008452301866,0.5116618031667792,0.10176863916062008,0.08210480088898994,0.0001036583749053985,,,,,,,,,0.3571800641287128,0.3571800641287191,0.3571800641287166,-0.011166740270271688,0.3571800641287166,0.0545599490766975,0.05455994907669749,0.05455994907669787,0.05455994907669787
log_price_per_accommodates,-0.11382920106753475,,-0.09727634403904033,0.14092788416532376,0.14329371634970456,-0.154310595269768,,0.007323421154426039,-0.1414720250301042,-0.1482757769121328,0.10922279801489104,-0.023954515026290295,-0.035005212285904995,0.008447635792967393,-0.03302344389107785,0.013984291581612827,0.07573896494557052,0.007401752643113966,0.007208994082667648,0.0057976414598997425,0.007214098333599351,,0.11695666252067236,0.08064160434144864,0.05635228131065682,0.0020792016616023455,-0.08666447639078088,-0.2042336518969466,-0.19974436047865302,0.013981085293835457,-0.1638641779900082,-0.25592114886549333,0.06130308832524675,0.1273069351706682,0.102142638734514,0.13673139798168651,0.06772468609083192,0.04576468782121637,0.17891047491714857,0.044843404476296485,,-0.00679179995269263,0.0044351849604871325,-0.020311010787316248,-0.10771643616868908,-0.22702628526839036,0.39386262373784797,0.6053672147683297,0.3636099528988499,1.0,-0.20260311668159944,-0.20112929401454968,-0.10644384506979422,0.39386262373784664,0.4936817215239114,0.6053672147683272,-0.08666447639078058,-0.20632018949839281,-0.22702628526838964,-0.0020792016616029436,-0.2559211488654915,-0.11048799259079106,0.3957297818300546,0.06130308832524677,0.25287454228837697,0.4310857528249104,0.3074254707189065,-0.00679179995269261,-0.12411414381797463,,,,,,,,,0.3957297818300544,0.39572978183005547,0.3957297818300552,-0.08046929430678955,0.3957297818300552,0.06130308832524637,0.06130308832524626,0.06130308832524649,0.06130308832524649
log_reviews,-0.2879673786782633,,-0.1338817117192791,-0.1808182016862691,-0.18640812535523288,-0.040922772212783134,,-0.047326547573256675,-0.0039651408888949375,0.11333000117827456,-0.043228280368494604,0.037273181650735614,0.06561740665050426,-0.08939247671357903,0.03296298026658253,-0.09213222387241822,-0.12450721605415398,0.006541154277883492,0.006686046973536194,-0.08892422961242807,0.006690363573888038,,0.10952720255627324,0.15533743210345247,0.1803861290408956,0.15498204295351256,0.6880206084514552,0.6332138826447055,0.4388414791793475,0.19254110605194066,0.6644261330271468,0.661401163369324,0.4369232879510453,0.12515954791200187,0.1348721866816071,0.1383113606377042,0.1193697072165352,0.11157500030806221,0.0924500118939459,0.13193532097709462,,-0.06129542899264694,-0.006197089665244977,-0.14739086554320352,-0.025668759014144893,0.6234314961948986,-0.07852785650169482,-0.08092281182614096,-0.0712125158531929,-0.20260311668159944,1.0,0.11478270386740827,0.09391690485492908,-0.07852785650169507,-0.0657189790877858,-0.08092281182614744,0.6880206084514529,0.9969318709816409,0.6234314961948982,-0.15498204295351578,0.6614011633693281,0.3475694620864863,-0.0724975609403359,0.4369232879510453,-0.043725540825837426,-0.07516236283654439,0.03996947069088613,-0.06129542899264693,0.09200268713624334,,,,,,,,,-0.07249756094033623,-0.07249756094033581,-0.07249756094033544,-0.07945231756478788,-0.07249756094033544,0.4369232879510435,0.43692328795104446,0.43692328795104457,0.43692328795104457
log_accommodates,0.09380003925688409,,0.058122355583795256,-0.046864039751057476,-0.04337411420945294,-0.055571405461302514,,-0.024961480078421385,-0.12945792607514492,0.9269801790541343,0.6732785596611743,0.762560143983273,0.6736881540605647,-0.08998717475785097,0.04069722507167541,-0.08841796680668487,-0.10015852034771625,-0.003153198507298465,0.009537131468998782,-0.08648188586666745,0.009527281385619018,,0.08816361487752152,0.1121848712691313,0.11469056296192465,0.16258791091113262,0.0039007417999386367,0.10818460006456884,0.13708121247543117,0.1452057086491041,0.08360678863789857,0.08303601378582771,0.35986021061078194,0.03955112067885936,0.023034926154398543,0.054851084565791484,0.03546736763391443,0.026970814349689468,0.004210145857331188,0.01368925561210262,,0.00068560219473194,0.0930089347437936,-0.15729889599870406,-0.14382908887531,0.10281639856253126,0.12371594157168407,0.6579238343559732,-0.024917323950967865,-0.20112929401454968,0.11478270386740827,1.0,0.840106097990201,0.12371594157168486,0.6818650077461835,0.6579238343559694,0.0039007417999384476,0.12261052026443903,0.10281639856253132,-0.16258791091113373,0.08303601378582702,0.009059734369549505,0.20921475415350763,0.35986021061078194,-0.06139419870958072,-0.021499361403051757,0.2796238816529466,0.0006856021947319462,0.051836433649238595,,,,,,,,,0.20921475415350763,0.20921475415350796,0.2092147541535062,-0.13957408799712473,0.2092147541535062,0.3598602106107822,0.3598602106107841,0.3598602106107814,0.3598602106107814
log_beds,-0.011252756967184932,,-0.0007608726896104562,-0.06931278453050808,-0.06695095115648098,-0.028831587887097963,,-0.013949867350474631,-0.14130061237070066,0.8748747765483872,0.7142101637256201,0.8162356735569756,0.8549945490062485,-0.11597266214259548,0.06781345061422762,-0.11932749004049019,-0.11021071183897582,-0.012114368581700933,-0.004627018254387833,-0.11465164414119051,-0.004640246357867082,,-0.010721982339251132,0.007951641194338646,0.007811323217218036,0.11714094472293446,-0.020954329381940164,0.05096239290796223,0.09395103286799303,0.07339926434995639,0.036316448766040094,0.02937894213662273,0.38444391083994045,0.047463703873572446,0.02793895576748022,0.03501575187144708,0.05780384001621442,0.0405499400363807,0.016784020920375533,0.027277028659122057,,-0.006299183366296678,0.05776666193925824,-0.12011547017284838,-0.0788817660026248,0.021441082759554277,0.12278622481274325,0.600886767536487,-0.014186584784476708,-0.10644384506979422,0.09391690485492908,0.840106097990201,1.0,0.12278622481274332,0.6152879721337168,0.600886767536482,-0.02095432938194037,0.10397828620784383,0.02144108275955435,-0.11714094472293331,0.029378942136622458,-0.022973237571319426,0.20591400009292868,0.38444391083994045,-0.03900630795768864,-0.04541613854306038,0.25072201643448055,-0.006299183366296686,0.04683780120543582,,,,,,,,,0.20591400009292873,0.20591400009292735,0.20591400009292773,-0.08865971098632608,0.20591400009292773,0.3844439108399403,0.3844439108399395,0.3844439108399414,0.3844439108399414
price_zscore,-0.0017838924224301657,,0.0242729431772583,0.1434077032682466,0.18542332734753594,-0.0030935758016425534,,0.01607518979882877,-0.1136592915657261,0.14356719468436846,0.1646217671662934,0.12941427241170828,0.12808775267073025,-0.0312870862279775,0.06054511562720745,-0.02951533826095598,-0.02041168117227075,-0.002462927520508382,-0.004238756610594489,-0.03179952718060062,-0.004239382084362213,,0.04900004758845282,0.04196765618868493,0.03707526395996731,0.05368033040548806,-0.04083264718236674,-0.05281739245650418,-0.03951429674349595,0.04195301673991545,-0.04832983425217949,-0.07455363753521413,0.13794936828180182,0.012126312133768656,0.0033688480288675718,0.01101207523756944,0.024908982108039816,-0.010542169894491723,0.040407030015749676,-0.029281208337473507,,0.09996778495716216,0.012392200335611529,0.03116738220776746,-0.017926520746352852,-0.06572726040814457,0.9999999999999994,0.40332514455429397,0.8377006345133152,0.39386262373784664,-0.07852785650169507,0.12371594157168486,0.12278622481274332,1.0,0.20715871357547458,0.40332514455429463,-0.040832647182366205,-0.07900235153795754,-0.06572726040814444,-0.05368033040548808,-0.07455363753521405,-0.033659420722273944,0.3491108043653968,0.13794936828180182,0.17918466686603995,0.4180894087598273,0.1546276879084633,0.09996778495716216,0.017207392575800173,,,,,,,,,0.3491108043653968,0.3491108043653981,0.34911080436539677,-0.023139086393444225,0.34911080436539677,0.1379493682818019,0.1379493682818027,0.13794936828180193,0.13794936828180193
price_percentile,-0.053935436465184707,,-0.06508711252026583,0.059557213262482915,0.05267861584772162,-0.18072484465972963,,-0.023884335250563368,-0.1998411150479985,0.635214990401442,0.5876407228541504,0.601733665706276,0.49433335777058235,-0.11647097827573225,0.024366110394268715,-0.11364169732505351,-0.03730343250129871,0.006188881956826142,0.02411090265203119,-0.11584548129261575,0.024103380970804816,,0.09537593998805761,0.08933658045380916,0.06500463421170204,0.08150013685894536,-0.09102517307429907,-0.0929675710419079,-0.05685080555886714,0.06878431280301356,-0.08192791386242804,-0.16461078043224517,0.32169716300356155,0.1404721055540574,0.10705910395471371,0.14833237077552122,0.09780597859051089,0.0734199250685138,0.1579425124110701,0.06672940185771425,,-0.01271908837677418,0.0726498870816962,-0.1354554200207229,-0.15874127601387736,-0.11925286568437193,0.20715871357547522,0.9335901730016023,0.10650603103756798,0.4936817215239114,-0.0657189790877858,0.6818650077461835,0.6152879721337168,0.20715871357547458,1.0,0.9335901730016049,-0.0910251730742986,-0.05820902002389473,-0.11925286568437096,-0.08150013685894583,-0.1646107804322444,-0.10178063917267853,0.35229018958617847,0.32169716300356155,0.0802329615686396,0.21008903610131643,0.4376571361238854,-0.012719088376774185,-0.0893212223333227,,,,,,,,,0.3522901895861784,0.35229018958617975,0.35229018958617925,-0.15136005447791742,0.35229018958617925,0.3216971630035614,0.32169716300356305,0.32169716300356177,0.32169716300356177
log_price_zscore,-0.054954635002792705,,-0.055183871353663316,0.05591725088366868,0.058737292539524186,-0.15961107562615034,,-0.01598918558638943,-0.22075556769148855,0.6384989481213256,0.6311068282054391,0.607350267716171,0.5204456836089703,-0.126852749895025,0.03120256178389744,-0.12442506293501916,-0.05325558404795009,0.000989877602755607,0.00978403132934157,-0.12598485449657906,0.009778878697109732,,0.10164341630109525,0.09297491478581273,0.07123795891757596,0.09250731754672097,-0.08505931152685538,-0.0957373221809739,-0.05774131188535094,0.07838818316964324,-0.08542309795194569,-0.1683943389307872,0.3395342967058934,0.13645651681965568,0.10233080912054102,0.15217372782840916,0.0935846272250707,0.07225517766045356,0.14647358374444228,0.050815388426720724,,-0.033210182566639636,0.06832529001010625,-0.1749207234077852,-0.22269664969692368,-0.11188456015808565,0.40332514455429613,1.0000000000000029,0.25929492762545125,0.6053672147683272,-0.08092281182614744,0.6579238343559694,0.600886767536482,0.40332514455429463,0.9335901730016049,1.0,-0.0850593115268548,-0.07537567082769499,-0.11188456015808552,-0.0925073175467213,-0.16839433893078629,-0.0965108696839793,0.4742327551739713,0.3395342967058934,0.1445227718072782,0.3101668151980985,0.4630033038245116,-0.03321018256663964,-0.07977946021121447,,,,,,,,,0.4742327551739713,0.4742327551739726,0.4742327551739697,-0.17581096934055648,0.4742327551739697,0.33953429670589347,0.3395342967058929,0.3395342967058936,0.3395342967058936
reviews_zscore,-0.2954499411439265,,-0.1428783022418521,-0.0746362888671233,-0.07884705647122453,-0.09147737692810219,,-0.034590099192589145,0.013213936394537192,0.006302661200297033,-0.10452836019022173,-0.062543599268868,-0.014499368144371593,-0.06459227898575427,0.052079881907580027,-0.06365231716574403,-0.06980359287833011,-0.007033451670807046,-0.014997789859788198,-0.06594939923947435,-0.014997848891889806,,0.08859367856787644,0.12110529363308375,0.13530520335305177,0.1077012542930669,0.9999999999999967,0.6241320498075731,0.41403336631453663,0.13510816251578986,0.6964037697640308,0.5133412787592251,0.2571765118625678,0.06632177181929877,0.07436657802727994,0.07603196873750262,0.06653932916430157,0.05873080187679796,0.05754866139954107,0.07186323104892012,,-0.05258097374085656,-0.023919641290428836,-0.07026215229129637,-0.03213394599063861,0.614200321785302,-0.040832647182366594,-0.08505931152684947,-0.02816685740049753,-0.08666447639078058,0.6880206084514529,0.0039007417999384476,-0.02095432938194037,-0.040832647182366205,-0.0910251730742986,-0.0850593115268548,1.0,0.6330188646835321,0.6142003217853008,-0.10770125429306762,0.5133412787592312,0.4199133173501047,-0.05981348284465375,0.2571765118625678,-0.01912027131827562,-0.034481175154647874,-0.0028670456209088225,-0.05258097374085656,0.07116773060797134,,,,,,,,,-0.059813482844654105,-0.059813482844654334,-0.05981348284465404,-0.04862291305839881,-0.05981348284465404,0.25717651186256607,0.2571765118625666,0.2571765118625674,0.2571765118625674
reviews_percentile,-0.27905447765301594,,-0.1283228677755761,-0.18418221564007659,-0.18976193092060784,-0.03571371598999693,,-0.04712110225446097,-0.005625371866568589,0.12079201928197746,-0.03430244059849298,0.046223440361327854,0.07250457868529937,-0.08924183398693987,0.03100197561958608,-0.09227429835362827,-0.12560007200407078,0.00687976493477205,0.007563267509494717,-0.0886801765321829,0.007567489965026412,,0.10838565071897588,0.15390889131373786,0.17912997299734537,0.15470091533063393,0.6330188646835284,0.614648593125485,0.42683448145679165,0.19213190358822982,0.6419868613290289,0.6546916843720451,0.44254053171428026,0.1272523832482371,0.13640051524718583,0.14049289525637637,0.12056428697562473,0.11320975596139764,0.09234408491463382,0.13323534217448363,,-0.05965299424228048,-0.0033569820339134095,-0.1503194564917899,-0.025367842132580146,0.6002886011150631,-0.07900235153795725,-0.07537567082768841,-0.07282878265006681,-0.20632018949839281,0.9969318709816409,0.12261052026443903,0.10397828620784383,-0.07900235153795754,-0.05820902002389473,-0.07537567082769499,0.6330188646835321,1.0,0.6002886011150633,-0.15470091533063274,0.6546916843720463,0.32920159411542016,-0.07078189781421211,0.44254053171428026,-0.044693108934574954,-0.07631562002764225,0.04375558823256604,-0.0596529942422805,0.09102530463701383,,,,,,,,,-0.07078189781421236,-0.07078189781421239,-0.07078189781421215,-0.08014275393613429,-0.07078189781421215,0.44254053171427915,0.442540531714279,0.4425405317142813,0.4425405317142813
reviews_per_month_zscore,0.20123724053741934,,0.12982012186660133,-0.06735258021900613,-0.07391493931405192,-0.05827017076021445,,-0.023581227786701374,0.03408288937390084,0.09631551810052441,-0.08737473947684839,-0.036416145164556234,0.014277117507798318,-0.1144409192079916,0.018817522674741214,-0.10866454388206091,-0.10620572844056778,0.0002371326505711016,-0.017856040754333478,-0.11050195986767472,-0.017844743816861065,,0.18713458968224236,0.2453725708849634,0.2721545080703428,0.2537237145850651,0.6142003217852985,0.8643751871662035,0.7704758250899615,0.2832925670350214,0.7624371766479336,0.6964067857930725,0.3452378440760644,0.0635546262323357,0.06439511787322454,0.09270037884375089,0.04178686942731576,0.055956002621584545,0.02317334719354712,0.08299780218259793,,0.010682738329718219,0.05685185444811136,-0.0896232814986098,-0.06761817053793855,0.9999999999999956,-0.06572726040814458,-0.11188456015808484,-0.05832578603872108,-0.22702628526838964,0.6234314961948982,0.10281639856253132,0.02144108275955435,-0.06572726040814444,-0.11925286568437096,-0.11188456015808552,0.6142003217853008,0.6002886011150633,1.0,-0.2537237145850645,0.6964067857930691,0.5286751450708111,-0.11202585654112761,0.34523784407606434,-0.11417269298898686,-0.08882490087118591,-0.06530104333557166,0.010682738329718215,0.14368232047348065,,,,,,,,,-0.11202585654112761,-0.11202585654112729,-0.11202585654112734,-0.05645612513987847,-0.11202585654112734,0.3452378440760644,0.34523784407606345,0.3452378440760648,0.3452378440760648
occupancy_rate,-0.3175763499160209,,-0.2246660146633013,-0.10112501800778753,-0.10868538998438218,-0.03359240783142103,,-0.05151812829535679,0.049130792312197163,-0.18937131375452784,-0.08254026724668581,-0.07725466676377646,-0.11205601726470152,-0.02592517280962914,-0.029254715540042855,-0.02574073733553033,-0.06825193942738224,-0.013530259469933924,-0.024197356348610408,-0.03834487664248961,-0.024200061744638693,,-0.594294702407861,-0.6779148951177225,-0.7469209737419861,-1.0000000000000064,-0.10770125429306683,-0.22098794849115042,-0.2183990638570413,-0.9226090759045104,-0.18645927881001942,-0.2710071602740702,-0.04193517969747949,0.02837455455631846,0.03745664561979038,0.011489887764457068,0.051331548415637904,0.04367926627720795,0.03668662296940166,0.051007230832361916,,-0.2426737248005415,-0.21044799875373477,-0.1070593698284364,-0.06198083926013878,-0.2537237145850644,-0.05368033040548831,-0.09250731754671998,-0.027242559348531675,-0.0020792016616029436,-0.15498204295351578,-0.16258791091113373,-0.11714094472293331,-0.05368033040548808,-0.08150013685894583,-0.0925073175467213,-0.10770125429306762,-0.15470091533063274,-0.2537237145850645,1.0,-0.271007160274073,-0.10389879868464236,0.3481662772970971,-0.0419351796974795,0.1733196149606754,0.4176152812489524,0.7158415061639903,-0.2426737248005415,-0.2964891286667748,,,,,,,,,0.3481662772970971,0.3481662772970985,0.348166277297095,-0.20175449596385078,0.348166277297095,-0.04193517969747969,-0.04193517969747944,-0.04193517969747957,-0.04193517969747957
occupancy_rate_booked,0.056157368795056416,,0.027838813172921174,-0.10271190569132345,-0.10830991175979267,-0.014587911630286705,,-0.014382772520611535,0.030834404675232033,0.08166369838381721,-0.08289375266177405,-0.0049560550376014575,0.009236810812073627,-0.004430540356668607,0.021397941882269608,-0.034398391624097684,-0.03716084918592091,0.005503561939105595,0.0001014216708917438,-0.014651111587501191,0.00010841097393882023,,0.12752198621306982,0.1997898600185491,0.2471606889669569,0.2710071602740699,0.5133412787592332,0.8164142183809074,0.6046816094411472,0.2946569807916058,0.7640054551529493,0.9999999999999942,0.5707948423992362,0.09093693447063436,0.08638283513459037,0.09880337389860494,0.06620275438082115,0.07469788615199309,0.04064159900797518,0.08965659968434239,,-0.0011179501682719345,0.034891207133931776,-0.08849445038113013,-0.012205806042253417,0.696406785793068,-0.07455363753521378,-0.16839433893078515,-0.058029784012724565,-0.2559211488654915,0.6614011633693281,0.08303601378582702,0.029378942136622458,-0.07455363753521405,-0.1646107804322444,-0.16839433893078629,0.5133412787592312,0.6546916843720463,0.6964067857930691,-0.271007160274073,1.0,0.647311558899595,-0.10421956962257341,0.5707948423992362,-0.04608140013320541,-0.09488854372790868,-0.028671081047577106,-0.0011179501682719375,0.16417190015552363,,,,,,,,,-0.10421956962257352,-0.10421956962257385,-0.10421956962257388,-0.0646146518312117,-0.10421956962257388,0.5707948423992364,0.5707948423992374,0.5707948423992368,0.5707948423992368
occupancy_is_capped,-0.008426599201719131,,-0.004230519864060456,-0.04469970696861844,-0.04826644991581202,-0.027574693315035228,,0.0013797489148513259,0.04353954426893363,0.009757699587675722,-0.07002090806941906,-0.03377040610459779,-0.023192039475224916,0.035538128385051916,0.033358866676663976,0.001801819006223146,0.0047632734767705295,-0.006813825351782322,-0.014559784466082727,0.019337700755440775,-0.014559795910248356,,0.02093778495801773,0.06021936632895927,0.08799819449533931,0.10389879868464302,0.41991331735010584,0.6480110026031869,0.4768069708690337,0.11123578439691781,0.6142806244889738,0.6473115588995966,0.30814992427278187,0.05265343556711135,0.0508656363919726,0.05645953684210943,0.03828641257243691,0.040845502297960454,0.026535078050884113,0.055568845634863244,,-0.04140748415170882,-0.02331224920517344,-0.04568252480066919,-0.022198259261241967,0.5286751450708111,-0.03365942072227388,-0.09651086968397743,-0.021550826640216122,-0.11048799259079106,0.3475694620864863,0.009059734369549505,-0.022973237571319426,-0.033659420722273944,-0.10178063917267853,-0.0965108696839793,0.4199133173501047,0.32920159411542016,0.5286751450708111,-0.10389879868464236,0.647311558899595,1.0,-0.05489087384837925,0.30814992427278176,-0.016838663393271586,-0.03754983564571472,-0.014208682737554101,-0.04140748415170884,0.08433613838486849,,,,,,,,,-0.05489087384837919,-0.05489087384837922,-0.054890873848378534,-0.033874296044727165,-0.054890873848378534,0.3081499242727812,0.30814992427278237,0.3081499242727825,0.3081499242727825
est_annual_revenue,-0.04459878157590581,,-0.05755673372939653,0.005466621652319641,0.01014666640781622,-0.05965130500409601,,-0.00288010297289123,-0.08874490270569448,0.22803252168031835,0.31830750578011496,0.28251004007803093,0.18585013068522563,-0.06557382054619786,-0.04257949104700209,-0.0665404651413032,-0.04437559537309919,-0.004511760074316237,-0.0077455921993074325,-0.06855405243534253,-0.00774658102246909,,-0.08663057650219338,-0.12486279097135504,-0.17032472388649614,-0.34816627729709493,-0.059813482844654674,-0.07348500422067437,-0.06327968349655728,-0.2964614755800291,-0.06252979987205717,-0.10421956962257457,0.1473798349612361,0.08388824630134199,0.06850095359109555,0.07366940548890326,0.05548396777182931,0.04108527930330541,0.08537079496911161,0.04638172228619535,,-0.03458787848674935,-0.02627267393950768,-0.0513215365739708,-0.039983647156840024,-0.11202585654112691,0.3491108043653968,0.4742327551739706,0.35718006412871267,0.3957297818300546,-0.0724975609403359,0.20921475415350763,0.20591400009292868,0.3491108043653968,0.35229018958617847,0.4742327551739713,-0.05981348284465375,-0.07078189781421211,-0.11202585654112761,0.3481662772970971,-0.10421956962257341,-0.05489087384837925,1.0,0.1473798349612361,0.6419580275970103,0.7437021273164082,0.5241971790372894,-0.03458787848674937,-0.051132890475790206,,,,,,,,,1.0,0.9999999999999962,0.9999999999999967,-0.08179045777292893,0.9999999999999967,0.14737983496123594,0.14737983496123527,0.1473798349612366,0.1473798349612366
est_annual_revenue_booked,-0.08348286047695193,,-0.05431088715442779,-0.07770160882098408,-0.07872386017599611,-0.07787223581616776,,-0.01743534308215991,-0.07258517924173453,0.40564936882236147,0.3062447054571001,0.3449663297688723,0.35104845156170505,-0.07623169125875527,0.07000418646491657,-0.10201695308101334,-0.07843197755611166,-0.002025622676825336,-0.007634488399541222,-0.08454429979784493,-0.007632308605718623,,-0.07289825140503287,-0.04141545696599429,-0.02672872475619023,0.04193517969747917,0.25717651186256857,0.4721319461691844,0.3616632986980253,0.03254891931190676,0.43807537332251045,0.5707948423992371,1.0,0.11483815953367693,0.09785256968726588,0.10908679332615932,0.09233565037382055,0.08311856532958878,0.08456923401602295,0.08868687910795768,,-0.04712983569837639,-0.002853990410958407,-0.11714623257494777,-0.05533909150269996,0.34523784407606284,0.13794936828180193,0.3395342967058929,0.054559949076697374,0.06130308832524677,0.4369232879510453,0.35986021061078194,0.38444391083994045,0.13794936828180182,0.32169716300356155,0.3395342967058934,0.2571765118625678,0.44254053171428026,0.34523784407606434,-0.0419351796974795,0.5707948423992362,0.30814992427278176,0.1473798349612361,1.0,-0.0010497764512244203,0.04497824662495285,0.20207392044108166,-0.04712983569837639,0.024921432687914906,,,,,,,,,0.14737983496123602,0.14737983496123577,0.1473798349612365,-0.07616994138296895,0.1473798349612365,0.9999999999999997,1.000000000000003,1.000000000000005,1.000000000000005
revenue_per_accommodates,-0.03567646588071769,,-0.031110387499960285,0.008679149077922886,0.009848396389523966,-0.030201696575707856,,-0.0013353059854070435,-0.006519015390482451,-0.04449499484526178,-0.0008403916992455472,-0.02473653340935336,-0.027060837491355634,-0.016157473516929234,-0.04273770985944559,-0.01735877569644508,-0.008823484990986728,-0.0012033098172739799,-0.0035116809597348607,-0.018892409387640977,-0.0035109998083797094,,-0.017407707862124904,-0.03560237494158693,-0.05364728943959314,-0.1733196149606751,-0.019120271318275865,-0.035286686558351044,-0.03548624512465728,-0.14061615309044848,-0.028436098746250776,-0.04608140013320572,-0.0010497764512244203,0.07622990734751578,0.0697016135669694,0.06592608239267429,0.05123066834112089,0.04316484442918854,0.0900185128533791,0.0552292874987888,,-0.025762515592324387,-0.028738004502785453,-0.009975844579732033,-0.01458940132900738,-0.11417269298898725,0.1791846668660394,0.14452277180727988,0.42398008452301866,0.25287454228837697,-0.043725540825837426,-0.06139419870958072,-0.03900630795768864,0.17918466686603995,0.0802329615686396,0.1445227718072782,-0.01912027131827562,-0.044693108934574954,-0.11417269298898686,0.1733196149606754,-0.04608140013320541,-0.016838663393271586,0.6419580275970103,-0.0010497764512244203,1.0,0.8796448903585748,0.20581743681364661,-0.025762515592324387,-0.04491851728500923,,,,,,,,,0.6419580275970104,0.6419580275970147,0.6419580275970135,-0.03539506940177967,0.6419580275970135,-0.0010497764512245411,-0.0010497764512245103,-0.00104977645122442,-0.00104977645122442
revenue_per_bedroom,-0.03803327729625405,,-0.03685860134345502,0.06057984673141886,0.06928995144217732,-0.10119996760419274,,-0.013517999027184206,-0.0556198344233669,-0.029224837723947596,0.015450956400145155,-0.04595928456398108,-0.03758254806058034,-0.06120862039009009,-0.07308644830220865,-0.06173704677925755,-0.03248730581724872,0.003757506529954234,0.005556402958763382,-0.06696975769957035,0.005557810456393481,,-0.06962631754640927,-0.11554148609577934,-0.164404301580963,-0.41761528124895286,-0.034481175154648,-0.0636860634631114,-0.0668077315497063,-0.3421874014059994,-0.05059442765716381,-0.09488854372790896,0.04497824662495285,0.06640987173447395,0.06056604884126395,0.06709714593354547,0.04075827281264422,0.027777492388556514,0.10143968905309203,0.042976514381894496,,-0.025779239874137695,-0.042751140146535103,-0.020417157850690124,-0.04308191317402121,-0.0888249008711859,0.4180894087598264,0.3101668151980981,0.5116618031667792,0.4310857528249104,-0.07516236283654439,-0.021499361403051757,-0.04541613854306038,0.4180894087598273,0.21008903610131643,0.3101668151980985,-0.034481175154647874,-0.07631562002764225,-0.08882490087118591,0.4176152812489524,-0.09488854372790868,-0.03754983564571472,0.7437021273164082,0.04497824662495285,0.8796448903585748,1.0,0.4759127075641789,-0.025779239874137702,-0.06310333740052163,,,,,,,,,0.7437021273164083,0.743702127316409,0.7437021273164098,-0.08855949093311853,0.7437021273164098,0.04497824662495286,0.04497824662495284,0.044978246624953026,0.044978246624953026
log_est_revenue,-0.08745880969893294,,-0.11819132005883043,-0.015294564415171477,-0.024440137442986034,-0.11043257919023299,,-0.0448831938934137,-0.08526114387228012,0.26861502162441786,0.29125250168259953,0.28625027974021516,0.2155737036899388,-0.11241879655728315,-0.11165682902401756,-0.12557888656996974,-0.05584366266896786,0.008457221444091095,0.019662089072592915,-0.12415737916040422,0.019660630389404545,,-0.2490520814698183,-0.29946184179370877,-0.3580078421753865,-0.7158415061639893,-0.002867045620908928,-0.011368008566530897,-0.019361118611942296,-0.5658170894038076,0.00021270574256484803,-0.028671081047577318,0.20207392044108166,0.14824640952277518,0.12365128605507265,0.1455012769778287,0.11394147756714852,0.10595320998660866,0.13953526748996364,0.1129631222209108,,-0.17440048218939325,-0.09690716503091872,-0.14324281917802997,-0.1787379632940703,-0.06530104333557177,0.1546276879084623,0.46300330382451066,0.10176863916062008,0.3074254707189065,0.03996947069088613,0.2796238816529466,0.25072201643448055,0.1546276879084633,0.4376571361238854,0.4630033038245116,-0.0028670456209088225,0.04375558823256604,-0.06530104333557166,0.7158415061639903,-0.028671081047577106,-0.014208682737554101,0.5241971790372894,0.20207392044108166,0.20581743681364661,0.4759127075641789,1.0,-0.17440048218939325,-0.1310406172818335,,,,,,,,,0.5241971790372894,0.5241971790372847,0.524197179037286,-0.4525128524215673,0.524197179037286,0.2020739204410816,0.20207392044108324,0.20207392044108258,0.20207392044108258
host_listings_in_city,0.19765476489383207,,0.10585261535447128,0.573280855443124,0.5653289457912017,-0.04889795036277554,,0.0191150224731913,0.01769120633061561,0.013583330348909945,-0.007609909232998528,-0.044836490862596175,-0.010902050395382784,0.010428750824873248,0.14030492476222034,0.013910699021417412,0.298492877367009,0.04207290220608604,0.08210149498898531,0.023794627760106504,0.08210597496157766,,0.07628215475293326,0.09300336856501724,0.11131261396577209,0.24267372480054322,-0.05258097374085628,-0.0010827562855158755,-0.00498319909022957,0.17553259332024107,-0.008213220777526535,-0.0011179501682717415,-0.04712983569837639,-0.1443266971746487,-0.13808885573021237,-0.14427920400726468,-0.13670972655926067,-0.1495371439550299,-0.09764557669552962,-0.15634873469131952,,1.0,0.8713228896467153,0.3551524226146656,0.3614305464468449,0.010682738329718037,0.09996778495716299,-0.033210182566640815,0.08210480088898994,-0.00679179995269261,-0.06129542899264693,0.0006856021947319462,-0.006299183366296686,0.09996778495716216,-0.012719088376774185,-0.03321018256663964,-0.05258097374085656,-0.0596529942422805,0.010682738329718215,-0.2426737248005415,-0.0011179501682719375,-0.04140748415170884,-0.03458787848674937,-0.04712983569837639,-0.025762515592324387,-0.025779239874137702,-0.17440048218939325,1.0,0.39858743700812044,,,,,,,,,-0.03458787848674925,-0.03458787848674928,-0.03458787848674928,0.15885284401562388,-0.03458787848674928,-0.047129835698375956,-0.04712983569837607,-0.04712983569837614,-0.04712983569837614
host_is_professional,0.235527549386765,,0.18193301519129154,0.1658606219567668,0.1786630801574533,-0.09141531490600835,,0.01052840175431977,0.04717931057583607,0.09534220505032728,0.003523657444196197,0.0035715342891724376,0.058462853025292257,-0.008824739454376524,0.004906145983639248,-0.011800432886140863,0.05135288019718916,0.022978941039709887,0.049098129938504584,0.0003904861312152393,0.04909799380119922,,0.18670086018540769,0.21692807786417836,0.24020010922099128,0.29648912866677635,0.0711677306079719,0.1356523601206181,0.11676796463880036,0.28165709381868825,0.11657188862240965,0.16417190015552138,0.024921432687914906,-0.10805763975053771,-0.1105121047787691,-0.07342134191219406,-0.11610326060872335,-0.11183939452810372,-0.0993915874345309,-0.12273453853223976,,0.39858743700812044,0.35636859127459947,0.1843080953995881,0.07518002628086949,0.14368232047348026,0.017207392575800232,-0.07977946021121492,0.0001036583749053985,-0.12411414381797463,0.09200268713624334,0.051836433649238595,0.04683780120543582,0.017207392575800173,-0.0893212223333227,-0.07977946021121447,0.07116773060797134,0.09102530463701383,0.14368232047348065,-0.2964891286667748,0.16417190015552363,0.08433613838486849,-0.051132890475790206,0.024921432687914906,-0.04491851728500923,-0.06310333740052163,-0.1310406172818335,0.39858743700812044,1.0,,,,,,,,,-0.05113289047579012,-0.051132890475790505,-0.0511328904757904,0.04237534218353329,-0.0511328904757904,0.02492143268791543,0.024921432687915364,0.024921432687915204,0.024921432687915204
pct_professional_hosts,,,,,,,,,,,,,,,,,,,,,,,,,,,,,,,,,,,,,,,,,,,,,,,,,,,,,,,,,,,,,,,,,,,,,,,,,,,,,,,,,,,,,,
pct_large_operators,,,,,,,,,,,,,,,,,,,,,,,,,,,,,,,,,,,,,,,,,,,,,,,,,,,,,,,,,,,,,,,,,,,,,,,,,,,,,,,,,,,,,,
median_host_listings,,,,,,,,,,,,,,,,,,,,,,,,,,,,,,,,,,,,,,,,,,,,,,,,,,,,,,,,,,,,,,,,,,,,,,,,,,,,,,,,,,,,,,
gini_host_concentration,,,,,,,,,,,,,,,,,,,,,,,,,,,,,,,,,,,,,,,,,,,,,,,,,,,,,,,,,,,,,,,,,,,,,,,,,,,,,,,,,,,,,,
market_professionalization_score,,,,,,,,,,,,,,,,,,,,,,,,,,,,,,,,,,,,,,,,,,,,,,,,,,,,,,,,,,,,,,,,,,,,,,,,,,,,,,,,,,,,,,
purchase_price,,,,,,,,,,,,,,,,,,,,,,,,,,,,,,,,,,,,,,,,,,,,,,,,,,,,,,,,,,,,,,,,,,,,,,,,,,,,,,,,,,,,,,
monthly_payment,,,,,,,,,,,,,,,,,,,,,,,,,,,,,,,,,,,,,,,,,,,,,,,,,,,,,,,,,,,,,,,,,,,,,,,,,,,,,,,,,,,,,,
zori_rent,,,,,,,,,,,,,,,,,,,,,,,,,,,,,,,,,,,,,,,,,,,,,,,,,,,,,,,,,,,,,,,,,,,,,,,,,,,,,,,,,,,,,,
annual_cash_flow,-0.04459878157590519,,-0.05755673372939622,0.005466621652319713,0.010146666407816272,-0.05965130500409595,,-0.0028801029728912474,-0.08874490270569439,0.22803252168031826,0.3183075057801149,0.2825100400780311,0.1858501306852257,-0.06557382054619793,-0.04257949104700222,-0.06654046514130331,-0.04437559537309915,-0.004511760074316231,-0.007745592199307422,-0.06855405243534266,-0.007746581022469077,,-0.08663057650219336,-0.124862790971355,-0.17032472388649622,-0.34816627729709465,-0.05981348284465508,-0.07348500422067429,-0.06327968349655733,-0.29646147558002905,-0.06252979987205719,-0.10421956962257456,0.14737983496123602,0.08388824630134199,0.06850095359109559,0.0736694054889033,0.055483967771829304,0.04108527930330544,0.08537079496911167,0.0463817222861954,,-0.03458787848674925,-0.02627267393950748,-0.051321536573970844,-0.03998364715684015,-0.11202585654112693,0.34911080436539665,0.4742327551739705,0.3571800641287128,0.3957297818300544,-0.07249756094033623,0.20921475415350763,0.20591400009292873,0.3491108043653968,0.3522901895861784,0.4742327551739713,-0.059813482844654105,-0.07078189781421236,-0.11202585654112761,0.3481662772970971,-0.10421956962257352,-0.05489087384837919,1.0,0.14737983496123602,0.6419580275970104,0.7437021273164083,0.5241971790372894,-0.03458787848674925,-0.05113289047579012,,,,,,,,,1.0,0.9999999999999962,0.9999999999999967,-0.08179045777292886,0.9999999999999967,0.14737983496123605,0.1473798349612353,0.14737983496123672,0.14737983496123672
cash_on_cash_roi,-0.044598781575905334,,-0.05755673372939646,0.005466621652319741,0.010146666407816297,-0.05965130500409626,,-0.0028801029728912093,-0.08874490270569507,0.2280325216803174,0.3183075057801171,0.2825100400780308,0.18585013068522657,-0.06557382054619806,-0.04257949104700243,-0.06654046514130393,-0.044375595373099264,-0.004511760074316236,-0.007745592199307536,-0.06855405243534307,-0.007746581022469158,,-0.0866305765021938,-0.12486279097135537,-0.17032472388649608,-0.34816627729709754,-0.05981348284465494,-0.07348500422067411,-0.06327968349655738,-0.29646147558003155,-0.0625297998720573,-0.10421956962257478,0.14737983496123577,0.08388824630134226,0.06850095359109606,0.0736694054889034,0.05548396777182937,0.04108527930330546,0.08537079496911157,0.04638172228619536,,-0.03458787848674928,-0.02627267393950761,-0.05132153657397079,-0.03998364715684015,-0.11202585654112786,0.3491108043653978,0.4742327551739732,0.3571800641287191,0.39572978183005547,-0.07249756094033581,0.20921475415350796,0.20591400009292735,0.3491108043653981,0.35229018958617975,0.4742327551739726,-0.059813482844654334,-0.07078189781421239,-0.11202585654112729,0.3481662772970985,-0.10421956962257385,-0.05489087384837922,0.9999999999999962,0.14737983496123577,0.6419580275970147,0.743702127316409,0.5241971790372847,-0.03458787848674928,-0.051132890475790505,,,,,,,,,0.9999999999999962,1.0,0.9999999999999939,-0.081790457772928,0.9999999999999939,0.14737983496123558,0.14737983496123638,0.14737983496123588,0.14737983496123588
cap_rate,-0.04459878157590568,,-0.05755673372939672,0.005466621652319728,0.010146666407816196,-0.05965130500409593,,-0.0028801029728912782,-0.0887449027056947,0.22803252168031868,0.3183075057801163,0.28251004007802993,0.18585013068522627,-0.06557382054619801,-0.04257949104700227,-0.06654046514130352,-0.04437559537309902,-0.004511760074316219,-0.007745592199307459,-0.06855405243534252,-0.0077465810224691236,,-0.08663057650219293,-0.12486279097135534,-0.1703247238864955,-0.3481662772970954,-0.059813482844654285,-0.07348500422067394,-0.0632796834965575,-0.29646147558002933,-0.06252979987205753,-0.10421956962257352,0.1473798349612365,0.08388824630134241,0.06850095359109591,0.07366940548890342,0.05548396777182917,0.041085279303305404,0.08537079496911197,0.04638172228619554,,-0.03458787848674928,-0.026272673939507704,-0.05132153657397059,-0.03998364715684022,-0.11202585654112712,0.3491108043653979,0.47423275517396923,0.3571800641287166,0.3957297818300552,-0.07249756094033544,0.2092147541535062,0.20591400009292773,0.34911080436539677,0.35229018958617925,0.4742327551739697,-0.05981348284465404,-0.07078189781421215,-0.11202585654112734,0.348166277297095,-0.10421956962257388,-0.054890873848378534,0.9999999999999967,0.1473798349612365,0.6419580275970135,0.7437021273164098,0.524197179037286,-0.03458787848674928,-0.0511328904757904,,,,,,,,,0.9999999999999967,0.9999999999999939,1.0,-0.08179045777292811,1.0,0.14737983496123652,0.14737983496123538,0.14737983496123597,0.14737983496123597
price_to_rent_ratio,-0.0018621438949279572,,-0.0007755960096801859,-0.009334624108904118,-0.0021567066256777036,0.07917731644296022,,0.0364302488125381,0.025927174339062723,-0.10281823824181781,-0.06777551648671352,-0.08330988423130027,-0.06687138962967104,0.08282605496120371,0.047880144206615294,0.09580654628394747,0.031930851870649195,-0.0049241706942703915,-0.010176983508687936,0.08845358743958241,-0.010176938284069594,,0.16745603914285642,0.15466764681113546,0.15085733994046358,0.20175449596385125,-0.048622913058398616,-0.06100821181406823,-0.049730076287998,0.1723518426673058,-0.05723908402400165,-0.06461465183121166,-0.07616994138296895,-0.14284964922397225,-0.11945614778496269,-0.20218460920718453,-0.12419710546889821,-0.11974494335225892,-0.11785958146529651,-0.11199101869900029,,0.15885284401562388,0.0002129448630691025,0.19774709467730725,0.36384884386125566,-0.05645612513987884,-0.02313908639344408,-0.1758109693405565,-0.011166740270271688,-0.08046929430678955,-0.07945231756478788,-0.13957408799712473,-0.08865971098632608,-0.023139086393444225,-0.15136005447791742,-0.17581096934055648,-0.04862291305839881,-0.08014275393613429,-0.05645612513987847,-0.20175449596385078,-0.0646146518312117,-0.033874296044727165,-0.08179045777292893,-0.07616994138296895,-0.03539506940177967,-0.08855949093311853,-0.4525128524215673,0.15885284401562388,0.04237534218353329,,,,,,,,,-0.08179045777292886,-0.081790457772928,-0.08179045777292811,1.0,-0.08179045777292811,-0.07616994138296898,-0.07616994138296894,-0.07616994138296877,-0.07616994138296877
revenue_yield,-0.04459878157590568,,-0.05755673372939672,0.005466621652319728,0.010146666407816196,-0.05965130500409593,,-0.0028801029728912782,-0.0887449027056947,0.22803252168031868,0.3183075057801163,0.28251004007802993,0.18585013068522627,-0.06557382054619801,-0.04257949104700227,-0.06654046514130352,-0.04437559537309902,-0.004511760074316219,-0.007745592199307459,-0.06855405243534252,-0.0077465810224691236,,-0.08663057650219293,-0.12486279097135534,-0.1703247238864955,-0.3481662772970954,-0.059813482844654285,-0.07348500422067394,-0.0632796834965575,-0.29646147558002933,-0.06252979987205753,-0.10421956962257352,0.1473798349612365,0.08388824630134241,0.06850095359109591,0.07366940548890342,0.05548396777182917,0.041085279303305404,0.08537079496911197,0.04638172228619554,,-0.03458787848674928,-0.026272673939507704,-0.05132153657397059,-0.03998364715684022,-0.11202585654112712,0.3491108043653979,0.47423275517396923,0.3571800641287166,0.3957297818300552,-0.07249756094033544,0.2092147541535062,0.20591400009292773,0.34911080436539677,0.35229018958617925,0.4742327551739697,-0.05981348284465404,-0.07078189781421215,-0.11202585654112734,0.348166277297095,-0.10421956962257388,-0.054890873848378534,0.9999999999999967,0.1473798349612365,0.6419580275970135,0.7437021273164098,0.524197179037286,-0.03458787848674928,-0.0511328904757904,,,,,,,,,0.9999999999999967,0.9999999999999939,1.0,-0.08179045777292811,1.0,0.14737983496123652,0.14737983496123538,0.14737983496123597,0.14737983496123597
annual_cash_flow_booked,-0.08348286047694839,,-0.0543108871544261,-0.0777016088209836,-0.07872386017599564,-0.07787223581616744,,-0.017435343082159886,-0.07258517924173437,0.4056493688223609,0.30624470545710014,0.3449663297688722,0.35104845156170533,-0.07623169125875537,0.07000418646491614,-0.10201695308101348,-0.07843197755611156,-0.0020256226768252603,-0.007634488399541108,-0.08454429979784482,-0.0076323086057185005,,-0.07289825140503275,-0.04141545696599435,-0.02672872475619016,0.041935179697479424,0.257176511862567,0.4721319461691847,0.36166329869802555,0.03254891931190681,0.4380753733225101,0.5707948423992372,0.9999999999999997,0.11483815953367696,0.09785256968726591,0.10908679332615938,0.09233565037382059,0.08311856532958883,0.084569234016023,0.0886868791079577,,-0.047129835698375956,-0.0028539904109577377,-0.11714623257494791,-0.055339091502700485,0.34523784407606284,0.13794936828180196,0.3395342967058927,0.0545599490766975,0.06130308832524637,0.4369232879510435,0.3598602106107822,0.3844439108399403,0.1379493682818019,0.3216971630035614,0.33953429670589347,0.25717651186256607,0.44254053171427915,0.3452378440760644,-0.04193517969747969,0.5707948423992364,0.3081499242727812,0.14737983496123594,0.9999999999999997,-0.0010497764512245411,0.04497824662495286,0.2020739204410816,-0.047129835698375956,0.02492143268791543,,,,,,,,,0.14737983496123605,0.14737983496123558,0.14737983496123652,-0.07616994138296898,0.14737983496123652,1.0,1.0000000000000029,1.0000000000000056,1.0000000000000056
cash_on_cash_roi_booked,-0.08348286047694858,,-0.054310887154426446,-0.07770160882098422,-0.07872386017599561,-0.07787223581616758,,-0.01743534308215989,-0.07258517924173478,0.40564936882236163,0.306244705457097,0.34496632976887187,0.35104845156170733,-0.0762316912587549,0.07000418646491599,-0.10201695308101423,-0.07843197755611216,-0.002025622676825314,-0.007634488399541207,-0.08454429979784552,-0.007632308605718554,,-0.07289825140503293,-0.041415456965994454,-0.026728724756190335,0.04193517969747928,0.25717651186256774,0.47213194616918464,0.36166329869802605,0.032548919311907044,0.43807537332250895,0.5707948423992392,1.000000000000003,0.11483815953367695,0.09785256968726576,0.1090867933261598,0.09233565037382097,0.08311856532958868,0.08456923401602283,0.08868687910795749,,-0.04712983569837607,-0.0028539904109580374,-0.11714623257494829,-0.05533909150270104,0.3452378440760636,0.13794936828180246,0.3395342967058956,0.05455994907669749,0.06130308832524626,0.43692328795104446,0.3598602106107841,0.3844439108399395,0.1379493682818027,0.32169716300356305,0.3395342967058929,0.2571765118625666,0.442540531714279,0.34523784407606345,-0.04193517969747944,0.5707948423992374,0.30814992427278237,0.14737983496123527,1.000000000000003,-0.0010497764512245103,0.04497824662495284,0.20207392044108324,-0.04712983569837607,0.024921432687915364,,,,,,,,,0.1473798349612353,0.14737983496123638,0.14737983496123538,-0.07616994138296894,0.14737983496123538,1.0000000000000029,1.0,1.0000000000000047,1.0000000000000047
cap_rate_booked,-0.08348286047695008,,-0.0543108871544271,-0.07770160882098423,-0.07872386017599578,-0.07787223581616746,,-0.017435343082159917,-0.07258517924173488,0.4056493688223609,0.30624470545709664,0.3449663297688721,0.3510484515617073,-0.07623169125875519,0.07000418646491606,-0.1020169530810138,-0.07843197755611224,-0.002025622676825296,-0.007634488399541173,-0.08454429979784515,-0.007632308605718489,,-0.07289825140503293,-0.041415456965994316,-0.02672872475619021,0.04193517969747932,0.25717651186257023,0.47213194616918364,0.3616632986980251,0.03254891931190688,0.43807537332251006,0.5707948423992384,1.000000000000005,0.11483815953367744,0.09785256968726602,0.10908679332615957,0.09233565037382134,0.08311856532958904,0.084569234016023,0.08868687910795754,,-0.04712983569837614,-0.0028539904109581935,-0.11714623257494886,-0.0553390915027004,0.34523784407606395,0.13794936828180168,0.339534296705894,0.05455994907669787,0.06130308832524649,0.43692328795104457,0.3598602106107814,0.3844439108399414,0.13794936828180193,0.32169716300356177,0.3395342967058936,0.2571765118625674,0.4425405317142813,0.3452378440760648,-0.04193517969747957,0.5707948423992368,0.3081499242727825,0.1473798349612366,1.000000000000005,-0.00104977645122442,0.044978246624953026,0.20207392044108258,-0.04712983569837614,0.024921432687915204,,,,,,,,,0.14737983496123672,0.14737983496123588,0.14737983496123597,-0.07616994138296877,0.14737983496123597,1.0000000000000056,1.0000000000000047,1.0,1.0
revenue_yield_booked,-0.08348286047695008,,-0.0543108871544271,-0.07770160882098423,-0.07872386017599578,-0.07787223581616746,,-0.017435343082159917,-0.07258517924173488,0.4056493688223609,0.30624470545709664,0.3449663297688721,0.3510484515617073,-0.07623169125875519,0.07000418646491606,-0.1020169530810138,-0.07843197755611224,-0.002025622676825296,-0.007634488399541173,-0.08454429979784515,-0.007632308605718489,,-0.07289825140503293,-0.041415456965994316,-0.02672872475619021,0.04193517969747932,0.25717651186257023,0.47213194616918364,0.3616632986980251,0.03254891931190688,0.43807537332251006,0.5707948423992384,1.000000000000005,0.11483815953367744,0.09785256968726602,0.10908679332615957,0.09233565037382134,0.08311856532958904,0.084569234016023,0.08868687910795754,,-0.04712983569837614,-0.0028539904109581935,-0.11714623257494886,-0.0553390915027004,0.34523784407606395,0.13794936828180168,0.339534296705894,0.05455994907669787,0.06130308832524649,0.43692328795104457,0.3598602106107814,0.3844439108399414,0.13794936828180193,0.32169716300356177,0.3395342967058936,0.2571765118625674,0.4425405317142813,0.3452378440760648,-0.04193517969747957,0.5707948423992368,0.3081499242727825,0.1473798349612366,1.000000000000005,-0.00104977645122442,0.044978246624953026,0.20207392044108258,-0.04712983569837614,0.024921432687915204,,,,,,,,,0.14737983496123672,0.14737983496123588,0.14737983496123597,-0.07616994138296877,0.14737983496123597,1.0000000000000056,1.0000000000000047,1.0,1.0
