calendar_occupancy_proxy,actual_occupancy_rate,host_blocked_rate,host_blocked_days
0.07945205479452055,0.4438356164383562,-0.3643835616438356,-133
0.989041095890411,0.0821917808219178,0.9068493150684932,331
0.14520547945205478,0.2465753424657534,-0.10136986301369863,-37
0.7315068493150685,0.021917808219178082,0.7095890410958904,259
0.17534246575342466,0.0,0.17534246575342466,64
0.17534246575342466,0.4931506849315068,-0.3178082191780822,-116
0.19452054794520549,0.0821917808219178,0.11232876712328767,41
0.136986301369863,0.01643835616438356,0.12054794520547946,44
0.3863013698630137,0.0,0.3863013698630137,141
0.5753424657534246,0.0,0.5753424657534246,210
0.07397260273972603,0.6904109589041096,-0.6164383561643836,-225
0.12876712328767123,0.23013698630136986,-0.10136986301369863,-37
0.8027397260273973,0.03287671232876712,0.7698630136986301,281
0.6410958904109589,0.021917808219178082,0.6191780821917808,226
0.5205479452054794,0.3287671232876712,0.1917808219178082,70
0.22465753424657534,0.14794520547945206,0.07671232876712329,28
0.7753424657534247,0.11506849315068493,0.6602739726027397,241
0.019178082191780823,0.01643835616438356,0.0027397260273972603,1
0.915068493150685,0.0,0.915068493150685,334
0.5808219178082191,0.19726027397260273,0.3835616438356164,140
0.736986301369863,0.2136986301369863,0.5232876712328767,191
0.8821917808219178,0.03287671232876712,0.8493150684931506,310
0.5095890410958904,0.0,0.5095890410958904,186
0.11232876712328767,0.36164383561643837,-0.2493150684931507,-91
0.043835616438356165,0.4931506849315068,-0.44931506849315067,-164
0.005479452054794521,0.01643835616438356,-0.010958904109589041,-4
0.0273972602739726,0.0,0.0273972602739726,10
0.8082191780821918,0.0273972602739726,0.7808219178082192,285
0.16986301369863013,0.3287671232876712,-0.1589041095890411,-58
0.14520547945205478,0.03287671232876712,0.11232876712328767,41
0.1178082191780822,0.6986301369863014,-0.5808219178082191,-212
0.0273972602739726,0.547945205479452,-0.5205479452054794,-190
0.5397260273972603,0.4931506849315068,0.04657534246575343,17
0.5863013698630137,0.0,0.5863013698630137,214
0.5260273972602739,0.0,0.5260273972602739,192
0.32602739726027397,0.3287671232876712,-0.0027397260273972603,-1
0.6520547945205479,0.3287671232876712,0.3232876712328767,118
0.024657534246575342,0.01643835616438356,0.00821917808219178,3
0.4547945205479452,0.6986301369863014,-0.24383561643835616,-89
0.7534246575342466,0.18082191780821918,0.5726027397260274,209
0.057534246575342465,0.4273972602739726,-0.3698630136986301,-135
0.7561643835616438,0.11506849315068493,0.6410958904109589,234
0.19452054794520549,0.049315068493150684,0.14520547945205478,53
0.29315068493150687,0.0,0.29315068493150687,107
0.4547945205479452,0.6575342465753424,-0.20273972602739726,-74
0.01643835616438356,0.6986301369863014,-0.6821917808219178,-249
0.4054794520547945,0.6986301369863014,-0.29315068493150687,-107
0.8136986301369863,0.6986301369863014,0.11506849315068493,42
0.5506849315068493,0.5917808219178082,-0.0410958904109589,-15
0.3917808219178082,0.043835616438356165,0.34794520547945207,127
0.08493150684931507,0.2136986301369863,-0.12876712328767123,-47
0.2821917808219178,0.09863013698630137,0.18356164383561643,67
0.7616438356164383,0.049315068493150684,0.7123287671232876,260
0.1589041095890411,0.6986301369863014,-0.5397260273972603,-197
0.26575342465753427,0.0,0.26575342465753427,97
0.03561643835616438,0.2465753424657534,-0.21095890410958903,-77
0.06027397260273973,0.26301369863013696,-0.20273972602739726,-74
0.0,0.0821917808219178,-0.0821917808219178,-30
0.0,0.0,0.0,0
0.0273972602739726,0.27945205479452057,-0.25205479452054796,-92
0.4602739726027397,0.0,0.4602739726027397,168
0.038356164383561646,0.14794520547945206,-0.1095890410958904,-40
0.01643835616438356,0.0,0.01643835616438356,6
0.3424657534246575,0.5753424657534246,-0.2328767123287671,-85
0.0027397260273972603,0.0,0.0027397260273972603,1
0.17534246575342466,0.23013698630136986,-0.0547945205479452,-20
0.6575342465753424,0.26301369863013696,0.39452054794520547,144
0.5863013698630137,0.0,0.5863013698630137,214
0.5123287671232877,0.0,0.5123287671232877,187
0.7726027397260274,0.0,0.7726027397260274,282
0.8465753424657534,0.3287671232876712,0.5178082191780822,189
0.8712328767123287,0.11506849315068493,0.7561643835616438,276
0.547945205479452,0.39452054794520547,0.15342465753424658,56
0.42191780821917807,0.33972602739726027,0.0821917808219178,30
0.2602739726027397,0.049315068493150684,0.21095890410958903,77
0.2219178082191781,0.31232876712328766,-0.09041095890410959,-33
0.4931506849315068,0.6986301369863014,-0.2054794520547945,-75
0.5808219178082191,0.5753424657534246,0.005479452054794521,2
0.27945205479452057,0.39452054794520547,-0.11506849315068493,-42
0.7835616438356164,0.01643835616438356,0.7671232876712328,280
0.030136986301369864,0.6986301369863014,-0.6684931506849315,-244
0.9945205479452055,0.06575342465753424,0.9287671232876712,339
0.1506849315068493,0.19726027397260273,-0.04657534246575343,-17
0.0,0.01643835616438356,-0.01643835616438356,-6
0.13150684931506848,0.19726027397260273,-0.06575342465753424,-24
0.5424657534246575,0.6575342465753424,-0.11506849315068493,-42
0.5780821917808219,0.1643835616438356,0.4136986301369863,151
0.2,0.0,0.2,73
0.5780821917808219,0.0,0.5780821917808219,211
0.11232876712328767,0.19726027397260273,-0.08493150684931507,-31
0.15616438356164383,0.0,0.15616438356164383,57
0.6191780821917808,0.0821917808219178,0.536986301369863,196
0.010958904109589041,0.09863013698630137,-0.08767123287671233,-32
0.26301369863013696,0.13150684931506848,0.13150684931506848,48
0.06301369863013699,0.2465753424657534,-0.18356164383561643,-67
0.33424657534246577,0.30684931506849317,0.0273972602739726,10
0.6493150684931507,0.0,0.6493150684931507,237
0.7424657534246575,0.2958904109589041,0.4465753424657534,163
0.7424657534246575,0.06575342465753424,0.6767123287671233,247
0.049315068493150684,0.0,0.049315068493150684,18
0.0,0.0,0.0,0
0.17534246575342466,0.1643835616438356,0.010958904109589041,4
0.8027397260273973,0.01643835616438356,0.7863013698630137,287
0.06575342465753424,0.39452054794520547,-0.3287671232876712,-120
0.0684931506849315,0.23013698630136986,-0.16164383561643836,-59
0.726027397260274,0.31232876712328766,0.4136986301369863,151
0.8794520547945206,0.0,0.8794520547945206,321
0.7013698630136986,0.39452054794520547,0.30684931506849317,112
0.5753424657534246,0.36164383561643837,0.2136986301369863,78
0.9671232876712329,0.4931506849315068,0.473972602739726,173
0.024657534246575342,0.06575342465753424,-0.0410958904109589,-15
0.3863013698630137,0.0,0.3863013698630137,141
0.0,0.0,0.0,0
0.021917808219178082,0.06575342465753424,-0.043835616438356165,-16
0.0027397260273972603,0.0,0.0027397260273972603,1
0.3041095890410959,0.1643835616438356,0.13972602739726028,51
0.14246575342465753,0.27945205479452057,-0.136986301369863,-50
0.15342465753424658,0.6986301369863014,-0.5452054794520548,-199
0.547945205479452,0.6986301369863014,-0.1506849315068493,-55
0.0,0.0,0.0,0
0.0,0.0,0.0,0
0.3726027397260274,0.13150684931506848,0.2410958904109589,88
0.7808219178082192,0.0,0.7808219178082192,285
0.01643835616438356,0.049315068493150684,-0.03287671232876712,-12
0.0136986301369863,0.0,0.0136986301369863,5
0.8547945205479452,0.14794520547945206,0.7068493150684931,258
0.0,0.01643835616438356,-0.01643835616438356,-6
0.15342465753424658,0.6136986301369863,-0.4602739726027397,-168
0.10684931506849316,0.049315068493150684,0.057534246575342465,21
0.03561643835616438,0.23013698630136986,-0.19452054794520549,-71
0.0027397260273972603,0.049315068493150684,-0.04657534246575343,-17
0.00821917808219178,0.1643835616438356,-0.15616438356164383,-57
0.1095890410958904,0.6986301369863014,-0.589041095890411,-215
0.019178082191780823,0.0,0.019178082191780823,7
0.1095890410958904,0.2465753424657534,-0.136986301369863,-50
0.6273972602739726,0.049315068493150684,0.5780821917808219,211
0.5150684931506849,0.1643835616438356,0.3506849315068493,128
0.005479452054794521,0.0,0.005479452054794521,2
0.28493150684931506,0.0,0.28493150684931506,104
0.0684931506849315,0.1643835616438356,-0.0958904109589041,-35
0.01643835616438356,0.03287671232876712,-0.01643835616438356,-6
0.6301369863013698,0.0,0.6301369863013698,230
0.5315068493150685,0.3287671232876712,0.20273972602739726,74
0.1178082191780822,0.4438356164383562,-0.32602739726027397,-119
0.25753424657534246,0.3287671232876712,-0.07123287671232877,-26
0.4986301369863014,0.1643835616438356,0.33424657534246577,122
0.3315068493150685,0.1095890410958904,0.2219178082191781,81
0.10136986301369863,0.5095890410958904,-0.40821917808219177,-149
0.7123287671232876,0.2465753424657534,0.4657534246575342,170
0.3315068493150685,0.15342465753424658,0.1780821917808219,65
0.0,0.0,0.0,0
0.0,0.0,0.0,0
0.3041095890410959,0.3452054794520548,-0.0410958904109589,-15
0.5972602739726027,0.1643835616438356,0.4328767123287671,158
0.13972602739726028,0.6986301369863014,-0.5589041095890411,-204
0.04657534246575343,0.536986301369863,-0.4904109589041096,-179
0.336986301369863,0.26301369863013696,0.07397260273972603,27
0.19726027397260273,0.11506849315068493,0.0821917808219178,30
0.5534246575342465,0.0,0.5534246575342465,202
0.0,0.0,0.0,0
0.4712328767123288,0.1643835616438356,0.30684931506849317,112
0.9041095890410958,0.4931506849315068,0.410958904109589,150
0.5150684931506849,0.0,0.5150684931506849,188
0.3041095890410959,0.26301369863013696,0.0410958904109589,15
0.2356164383561644,0.11506849315068493,0.12054794520547946,44
0.7835616438356164,0.5589041095890411,0.22465753424657534,82
0.19726027397260273,0.30684931506849317,-0.1095890410958904,-40
0.07397260273972603,0.2136986301369863,-0.13972602739726028,-51
0.27945205479452057,0.0821917808219178,0.19726027397260273,72
0.0,0.0,0.0,0
0.09041095890410959,0.18082191780821918,-0.09041095890410959,-33
0.7561643835616438,0.0,0.7561643835616438,276
0.8465753424657534,0.6986301369863014,0.14794520547945206,54
0.005479452054794521,0.01643835616438356,-0.010958904109589041,-4
0.3780821917808219,0.18082191780821918,0.19726027397260273,72
0.0027397260273972603,0.4931506849315068,-0.4904109589041096,-179
0.019178082191780823,0.0,0.019178082191780823,7
0.16164383561643836,0.0,0.16164383561643836,59
0.0,0.0,0.0,0
0.7698630136986301,0.6986301369863014,0.07123287671232877,26
0.5232876712328767,0.0,0.5232876712328767,191
0.09041095890410959,0.6986301369863014,-0.6082191780821918,-222
0.3150684931506849,0.049315068493150684,0.26575342465753427,97
0.3178082191780822,0.3452054794520548,-0.0273972602739726,-10
0.2,0.6575342465753424,-0.4575342465753425,-167
0.4958904109589041,0.6986301369863014,-0.20273972602739726,-74
0.26301369863013696,0.09863013698630137,0.1643835616438356,60
0.043835616438356165,0.049315068493150684,-0.005479452054794521,-2
0.6328767123287671,0.3452054794520548,0.2876712328767123,105
0.0,0.0,0.0,0
0.9178082191780822,0.049315068493150684,0.8684931506849315,317
0.0,0.0,0.0,0
0.7643835616438356,0.5424657534246575,0.2219178082191781,81
0.00821917808219178,0.0,0.00821917808219178,3
0.8136986301369863,0.27945205479452057,0.5342465753424658,195
0.7917808219178082,0.6986301369863014,0.09315068493150686,34
0.136986301369863,0.3506849315068493,-0.2136986301369863,-78
0.5561643835616439,0.27945205479452057,0.27671232876712326,101
0.852054794520548,0.1643835616438356,0.6876712328767123,251
0.8,0.01643835616438356,0.7835616438356164,286
0.6191780821917808,0.6986301369863014,-0.07945205479452055,-29
0.0,0.0,0.0,0
0.0,0.0,0.0,0
0.1506849315068493,0.0,0.1506849315068493,55
0.0547945205479452,0.5589041095890411,-0.5041095890410959,-184
0.14246575342465753,0.1643835616438356,-0.021917808219178082,-8
0.04657534246575343,0.13150684931506848,-0.08493150684931507,-31
0.06575342465753424,0.3452054794520548,-0.27945205479452057,-102
0.9315068493150684,0.6575342465753424,0.273972602739726,100
0.8876712328767123,0.19726027397260273,0.6904109589041096,252
0.26575342465753427,0.0,0.26575342465753427,97
0.049315068493150684,0.0821917808219178,-0.03287671232876712,-12
0.052054794520547946,0.6904109589041096,-0.6383561643835617,-233
0.5260273972602739,0.0,0.5260273972602739,192
0.6246575342465753,0.14794520547945206,0.4767123287671233,174
0.043835616438356165,0.5589041095890411,-0.5150684931506849,-188
0.29863013698630136,0.0,0.29863013698630136,109
0.8876712328767123,0.0,0.8876712328767123,324
0.7835616438356164,0.18082191780821918,0.6027397260273972,220
0.32602739726027397,0.2958904109589041,0.030136986301369864,11
0.536986301369863,0.4273972602739726,0.1095890410958904,40
0.4876712328767123,0.0,0.4876712328767123,178
0.4794520547945205,0.26301369863013696,0.21643835616438356,79
0.32602739726027397,0.01643835616438356,0.3095890410958904,113
0.16712328767123288,0.5424657534246575,-0.37534246575342467,-137
1.0,0.0,1.0,365
0.10410958904109589,0.1643835616438356,-0.06027397260273973,-22
0.0027397260273972603,0.0,0.0027397260273972603,1
0.08493150684931507,0.4383561643835616,-0.35342465753424657,-129
0.3150684931506849,0.6986301369863014,-0.3835616438356164,-140
0.810958904109589,0.27945205479452057,0.5315068493150685,194
0.08767123287671233,0.33972602739726027,-0.25205479452054796,-92
0.27945205479452057,0.0,0.27945205479452057,102
0.7643835616438356,0.03287671232876712,0.7315068493150685,267
0.0,0.0,0.0,0
0.32054794520547947,0.27945205479452057,0.0410958904109589,15
0.5287671232876713,0.0,0.5287671232876713,193
0.4684931506849315,0.14794520547945206,0.32054794520547947,117
0.09863013698630137,0.30684931506849317,-0.20821917808219179,-76
0.021917808219178082,0.6986301369863014,-0.6767123287671233,-247
0.4328767123287671,0.5917808219178082,-0.1589041095890411,-58
0.29041095890410956,0.2465753424657534,0.043835616438356165,16
0.9726027397260274,0.09863013698630137,0.873972602739726,319
0.07123287671232877,0.2465753424657534,-0.17534246575342466,-64
0.8136986301369863,0.1095890410958904,0.7041095890410959,257
0.1643835616438356,0.5917808219178082,-0.4273972602739726,-156
0.1095890410958904,0.6986301369863014,-0.589041095890411,-215
0.0,0.4931506849315068,-0.4931506849315068,-180
0.0958904109589041,0.06575342465753424,0.030136986301369864,11
0.3013698630136986,0.049315068493150684,0.25205479452054796,92
0.3178082191780822,0.0821917808219178,0.2356164383561644,86
0.005479452054794521,0.0,0.005479452054794521,2
0.7561643835616438,0.5095890410958904,0.2465753424657534,90
0.26575342465753427,0.01643835616438356,0.2493150684931507,91
0.13972602739726028,0.0,0.13972602739726028,51
0.00821917808219178,0.0,0.00821917808219178,3
0.8794520547945206,0.0,0.8794520547945206,321
0.27123287671232876,0.01643835616438356,0.2547945205479452,93
0.3095890410958904,0.2465753424657534,0.06301369863013699,23
0.09315068493150686,0.31232876712328766,-0.2191780821917808,-80
0.6191780821917808,0.27945205479452057,0.33972602739726027,124
0.7150684931506849,0.0821917808219178,0.6328767123287671,231
0.06575342465753424,0.13150684931506848,-0.06575342465753424,-24
0.043835616438356165,0.1643835616438356,-0.12054794520547946,-44
0.3972602739726027,0.14794520547945206,0.2493150684931507,91
0.915068493150685,0.049315068493150684,0.8657534246575342,316
0.005479452054794521,0.0,0.005479452054794521,2
0.3726027397260274,0.6986301369863014,-0.32602739726027397,-119
0.005479452054794521,0.0,0.005479452054794521,2
0.5835616438356165,0.4602739726027397,0.1232876712328767,45
0.6602739726027397,0.6986301369863014,-0.038356164383561646,-14
0.043835616438356165,0.09863013698630137,-0.0547945205479452,-20
0.0027397260273972603,0.0,0.0027397260273972603,1
0.8383561643835616,0.5095890410958904,0.3287671232876712,120
0.024657534246575342,0.6986301369863014,-0.673972602739726,-246
0.5178082191780822,0.01643835616438356,0.5013698630136987,183
0.9424657534246575,0.11506849315068493,0.8273972602739726,302
0.024657534246575342,0.18082191780821918,-0.15616438356164383,-57
0.8684931506849315,0.15342465753424658,0.7150684931506849,261
0.8547945205479452,0.5424657534246575,0.31232876712328766,114
0.852054794520548,0.11506849315068493,0.736986301369863,269
0.5260273972602739,0.01643835616438356,0.5095890410958904,186
0.019178082191780823,0.0,0.019178082191780823,7
0.09041095890410959,0.26301369863013696,-0.1726027397260274,-63
0.0,0.0,0.0,0
0.005479452054794521,0.0,0.005479452054794521,2
0.052054794520547946,0.049315068493150684,0.0027397260273972603,1
0.7397260273972602,0.6986301369863014,0.0410958904109589,15
0.32602739726027397,0.26301369863013696,0.06301369863013699,23
0.07397260273972603,0.6986301369863014,-0.6246575342465753,-228
0.13972602739726028,0.6082191780821918,-0.4684931506849315,-171
0.26575342465753427,0.19726027397260273,0.0684931506849315,25
0.0,0.0,0.0,0
0.3643835616438356,0.6986301369863014,-0.33424657534246577,-122
0.5095890410958904,0.0,0.5095890410958904,186
0.14520547945205478,0.0,0.14520547945205478,53
0.019178082191780823,0.01643835616438356,0.0027397260273972603,1
0.7232876712328767,0.5095890410958904,0.2136986301369863,78
0.7561643835616438,0.0,0.7561643835616438,276
0.410958904109589,0.4931506849315068,-0.0821917808219178,-30
0.8301369863013699,0.0,0.8301369863013699,303
0.28493150684931506,0.26301369863013696,0.021917808219178082,8
0.7561643835616438,0.0,0.7561643835616438,276
0.5123287671232877,0.0,0.5123287671232877,187
0.0,0.0,0.0,0
0.15616438356164383,0.0,0.15616438356164383,57
0.5753424657534246,0.3178082191780822,0.25753424657534246,94
0.5972602739726027,0.0821917808219178,0.5150684931506849,188
0.049315068493150684,0.09863013698630137,-0.049315068493150684,-18
0.00821917808219178,0.0,0.00821917808219178,3
0.7890410958904109,0.2958904109589041,0.4931506849315068,180
0.0,0.0,0.0,0
0.473972602739726,0.18082191780821918,0.29315068493150687,107
0.8986301369863013,0.6986301369863014,0.2,73
0.049315068493150684,0.6986301369863014,-0.6493150684931507,-237
0.15342465753424658,0.06575342465753424,0.08767123287671233,32
0.07397260273972603,0.31232876712328766,-0.23835616438356164,-87
0.6438356164383562,0.26301369863013696,0.38082191780821917,139
0.0,0.03287671232876712,-0.03287671232876712,-12
0.15342465753424658,0.6986301369863014,-0.5452054794520548,-199
0.049315068493150684,0.1643835616438356,-0.11506849315068493,-42
0.7890410958904109,0.01643835616438356,0.7726027397260274,282
0.5123287671232877,0.0,0.5123287671232877,187
0.3972602739726027,0.0,0.3972602739726027,145
0.7780821917808219,0.4931506849315068,0.28493150684931506,104
0.07945205479452055,0.27945205479452057,-0.2,-73
0.7561643835616438,0.1643835616438356,0.5917808219178082,216
0.2958904109589041,0.18082191780821918,0.11506849315068493,42
0.4794520547945205,0.049315068493150684,0.4301369863013699,157
0.5178082191780822,0.6986301369863014,-0.18082191780821918,-66
0.024657534246575342,0.03287671232876712,-0.00821917808219178,-3
0.08493150684931507,0.01643835616438356,0.0684931506849315,25
0.06301369863013699,0.09863013698630137,-0.03561643835616438,-13
0.1643835616438356,0.18082191780821918,-0.01643835616438356,-6
0.3698630136986301,0.36164383561643837,0.00821917808219178,3
0.3698630136986301,0.27945205479452057,0.09041095890410959,33
0.7123287671232876,0.0,0.7123287671232876,260
0.23013698630136986,0.11506849315068493,0.11506849315068493,42
0.024657534246575342,0.01643835616438356,0.00821917808219178,3
0.6246575342465753,0.14794520547945206,0.4767123287671233,174
0.024657534246575342,0.0821917808219178,-0.057534246575342465,-21
0.0,0.0,0.0,0
0.10684931506849316,0.06575342465753424,0.0410958904109589,15
0.2602739726027397,0.6575342465753424,-0.3972602739726027,-145
0.547945205479452,0.6986301369863014,-0.1506849315068493,-55
0.0,0.0821917808219178,-0.0821917808219178,-30
0.4767123287671233,0.2136986301369863,0.26301369863013696,96
0.12876712328767123,0.6986301369863014,-0.5698630136986301,-208
0.26575342465753427,0.3287671232876712,-0.06301369863013699,-23
0.3041095890410959,0.5260273972602739,-0.2219178082191781,-81
0.8383561643835616,0.1643835616438356,0.673972602739726,246
0.2602739726027397,0.26301369863013696,-0.0027397260273972603,-1
0.052054794520547946,0.0,0.052054794520547946,19
0.3232876712328767,0.3178082191780822,0.005479452054794521,2
0.0,0.0,0.0,0
0.2054794520547945,0.2465753424657534,-0.0410958904109589,-15
0.21643835616438356,0.4931506849315068,-0.27671232876712326,-101
0.32054794520547947,0.6410958904109589,-0.32054794520547947,-117
0.5095890410958904,0.03287671232876712,0.4767123287671233,174
0.038356164383561646,0.6904109589041096,-0.6520547945205479,-238
0.005479452054794521,0.0,0.005479452054794521,2
0.09863013698630137,0.27945205479452057,-0.18082191780821918,-66
0.9616438356164384,0.26301369863013696,0.6986301369863014,255
0.6273972602739726,0.3287671232876712,0.29863013698630136,109
0.01643835616438356,0.0,0.01643835616438356,6
0.0027397260273972603,0.0,0.0027397260273972603,1
0.136986301369863,0.06575342465753424,0.07123287671232877,26
0.2958904109589041,0.3452054794520548,-0.049315068493150684,-18
0.7616438356164383,0.09863013698630137,0.663013698630137,242
0.3561643835616438,0.3452054794520548,0.010958904109589041,4
0.10684931506849316,0.39452054794520547,-0.2876712328767123,-105
0.5534246575342465,0.03287671232876712,0.5205479452054794,190
0.021917808219178082,0.6986301369863014,-0.6767123287671233,-247
0.28493150684931506,0.36164383561643837,-0.07671232876712329,-28
0.8657534246575342,0.0,0.8657534246575342,316
0.4849315068493151,0.31232876712328766,0.1726027397260274,63
0.136986301369863,0.1643835616438356,-0.0273972602739726,-10
0.0136986301369863,0.6986301369863014,-0.684931506849315,-250
0.2273972602739726,0.1643835616438356,0.06301369863013699,23
0.16712328767123288,0.01643835616438356,0.1506849315068493,55
0.2602739726027397,0.021917808219178082,0.23835616438356164,87
0.5671232876712329,0.6986301369863014,-0.13150684931506848,-48
0.41643835616438357,0.1643835616438356,0.25205479452054796,92
0.0,0.0,0.0,0
0.6027397260273972,0.410958904109589,0.1917808219178082,70
0.3095890410958904,0.6986301369863014,-0.38904109589041097,-142
0.5397260273972603,0.6082191780821918,-0.0684931506849315,-25
0.15616438356164383,0.6986301369863014,-0.5424657534246575,-198
0.7041095890410959,0.19726027397260273,0.5068493150684932,185
0.0547945205479452,0.36164383561643837,-0.30684931506849317,-112
0.019178082191780823,0.0,0.019178082191780823,7
0.10684931506849316,0.18082191780821918,-0.07397260273972603,-27
0.0,0.0,0.0,0
0.01643835616438356,0.03287671232876712,-0.01643835616438356,-6
0.136986301369863,0.4931506849315068,-0.3561643835616438,-130
0.0,0.23013698630136986,-0.23013698630136986,-84
0.9808219178082191,0.0,0.9808219178082191,358
0.01643835616438356,0.11506849315068493,-0.09863013698630137,-36
0.12054794520547946,0.1643835616438356,-0.043835616438356165,-16
0.16986301369863013,0.3287671232876712,-0.1589041095890411,-58
0.7972602739726027,0.11506849315068493,0.6821917808219178,249
0.7808219178082192,0.0,0.7808219178082192,285
0.8027397260273973,0.33972602739726027,0.46301369863013697,169
0.038356164383561646,0.0,0.038356164383561646,14
0.15342465753424658,0.5260273972602739,-0.3726027397260274,-136
0.7616438356164383,0.0,0.7616438356164383,278
0.2328767123287671,0.0273972602739726,0.2054794520547945,75
0.7726027397260274,0.3780821917808219,0.39452054794520547,144
0.7561643835616438,0.0,0.7561643835616438,276
0.27123287671232876,0.07671232876712329,0.19452054794520549,71
0.08493150684931507,0.0,0.08493150684931507,31
0.40821917808219177,0.11506849315068493,0.29315068493150687,107
0.0027397260273972603,0.0,0.0027397260273972603,1
0.29315068493150687,0.13150684931506848,0.16164383561643836,59
0.3232876712328767,0.06575342465753424,0.25753424657534246,94
0.10410958904109589,0.19726027397260273,-0.09315068493150686,-34
0.0027397260273972603,0.0,0.0027397260273972603,1
0.4520547945205479,0.2136986301369863,0.23835616438356164,87
0.7863013698630137,0.4383561643835616,0.34794520547945207,127
0.0547945205479452,0.09863013698630137,-0.043835616438356165,-16
0.0,0.6575342465753424,-0.6575342465753424,-240
0.473972602739726,0.26301369863013696,0.21095890410958903,77
0.06575342465753424,0.19726027397260273,-0.13150684931506848,-48
0.9397260273972603,0.03287671232876712,0.9068493150684932,331
0.9315068493150684,0.19726027397260273,0.7342465753424657,268
0.005479452054794521,0.11506849315068493,-0.1095890410958904,-40
0.810958904109589,0.3287671232876712,0.4821917808219178,176
0.7835616438356164,0.0821917808219178,0.7013698630136986,256
0.23835616438356164,0.36164383561643837,-0.1232876712328767,-45
0.09863013698630137,0.14794520547945206,-0.049315068493150684,-18
0.7150684931506849,0.4931506849315068,0.2219178082191781,81
0.07123287671232877,0.2958904109589041,-0.22465753424657534,-82
0.8328767123287671,0.1643835616438356,0.6684931506849315,244
0.9561643835616438,0.6986301369863014,0.25753424657534246,94
0.0,0.0,0.0,0
0.31232876712328766,0.6986301369863014,-0.3863013698630137,-141
0.9863013698630136,0.0,0.9863013698630136,360
0.09863013698630137,0.19726027397260273,-0.09863013698630137,-36
0.8438356164383561,0.0,0.8438356164383561,308
0.36164383561643837,0.2136986301369863,0.14794520547945206,54
0.6520547945205479,0.01643835616438356,0.6356164383561644,232
0.3232876712328767,0.39452054794520547,-0.07123287671232877,-26
0.0684931506849315,0.6986301369863014,-0.6301369863013698,-230
0.9232876712328767,0.1095890410958904,0.8136986301369863,297
0.043835616438356165,0.6986301369863014,-0.6547945205479452,-239
0.6465753424657534,0.18082191780821918,0.4657534246575342,170
0.29863013698630136,0.09863013698630137,0.2,73
0.29863013698630136,0.1643835616438356,0.13424657534246576,49
0.13424657534246576,0.01643835616438356,0.1178082191780822,43
0.27945205479452057,0.4767123287671233,-0.19726027397260273,-72
0.019178082191780823,0.0,0.019178082191780823,7
0.3095890410958904,0.3452054794520548,-0.03561643835616438,-13
0.0027397260273972603,0.0,0.0027397260273972603,1
0.038356164383561646,0.3287671232876712,-0.29041095890410956,-106
0.049315068493150684,0.06575342465753424,-0.01643835616438356,-6
0.3232876712328767,0.6986301369863014,-0.37534246575342467,-137
0.5534246575342465,0.0,0.5534246575342465,202
0.08493150684931507,0.6986301369863014,-0.6136986301369863,-224
0.13150684931506848,0.6986301369863014,-0.5671232876712329,-207
0.9945205479452055,0.30684931506849317,0.6876712328767123,251
0.2821917808219178,0.0821917808219178,0.2,73
0.5780821917808219,0.01643835616438356,0.5616438356164384,205
0.10136986301369863,0.4602739726027397,-0.3589041095890411,-131
0.7972602739726027,0.14794520547945206,0.6493150684931507,237
0.5835616438356165,0.0,0.5835616438356165,213
0.989041095890411,0.0,0.989041095890411,361
0.20821917808219179,0.6246575342465753,-0.41643835616438357,-152
1.0,0.4383561643835616,0.5616438356164384,205
0.07123287671232877,0.13150684931506848,-0.06027397260273973,-22
0.03287671232876712,0.03287671232876712,0.0,0
0.14520547945205478,0.6986301369863014,-0.5534246575342465,-202
0.0,0.0,0.0,0
0.2876712328767123,0.2136986301369863,0.07397260273972603,27
0.4602739726027397,0.01643835616438356,0.4438356164383562,162
0.7561643835616438,0.0,0.7561643835616438,276
0.13972602739726028,0.14794520547945206,-0.00821917808219178,-3
0.16986301369863013,0.18082191780821918,-0.010958904109589041,-4
0.0821917808219178,0.5589041095890411,-0.4767123287671233,-174
0.8849315068493151,0.6986301369863014,0.1863013698630137,68
0.2219178082191781,0.4602739726027397,-0.23835616438356164,-87
0.038356164383561646,0.03287671232876712,0.005479452054794521,2
0.5232876712328767,0.18082191780821918,0.3424657534246575,125
0.821917808219178,0.6986301369863014,0.1232876712328767,45
0.8657534246575342,0.6986301369863014,0.16712328767123288,61
0.9808219178082191,0.0821917808219178,0.8986301369863013,328
0.08767123287671233,0.6986301369863014,-0.6109589041095891,-223
0.3972602739726027,0.1643835616438356,0.2328767123287671,85
0.0410958904109589,0.06575342465753424,-0.024657534246575342,-9
0.11506849315068493,0.1643835616438356,-0.049315068493150684,-18
0.5205479452054794,0.09863013698630137,0.42191780821917807,154
0.8410958904109589,0.01643835616438356,0.8246575342465754,301
0.0,0.0,0.0,0
0.2273972602739726,0.0,0.2273972602739726,83
0.589041095890411,0.6986301369863014,-0.1095890410958904,-40
0.5452054794520548,0.0,0.5452054794520548,199
0.3424657534246575,0.2958904109589041,0.04657534246575343,17
0.0,0.01643835616438356,-0.01643835616438356,-6
0.7561643835616438,0.0,0.7561643835616438,276
0.0,0.4931506849315068,-0.4931506849315068,-180
0.0547945205479452,0.410958904109589,-0.3561643835616438,-130
0.00821917808219178,0.0,0.00821917808219178,3
0.7561643835616438,0.03287671232876712,0.7232876712328767,264
0.5287671232876713,0.0,0.5287671232876713,193
0.32054794520547947,0.6575342465753424,-0.336986301369863,-123
0.29315068493150687,0.4438356164383562,-0.1506849315068493,-55
0.5260273972602739,0.2136986301369863,0.31232876712328766,114
0.39452054794520547,0.6986301369863014,-0.3041095890410959,-111
0.31232876712328766,0.6986301369863014,-0.3863013698630137,-141
0.1726027397260274,0.2136986301369863,-0.0410958904109589,-15
0.5616438356164384,0.1643835616438356,0.3972602739726027,145
0.005479452054794521,0.0,0.005479452054794521,2
0.06027397260273973,0.26301369863013696,-0.20273972602739726,-74
0.06301369863013699,0.0821917808219178,-0.019178082191780823,-7
0.0027397260273972603,0.36164383561643837,-0.3589041095890411,-131
0.010958904109589041,0.03287671232876712,-0.021917808219178082,-8
0.5643835616438356,0.4931506849315068,0.07123287671232877,26
0.043835616438356165,0.11506849315068493,-0.07123287671232877,-26
0.2876712328767123,0.27945205479452057,0.00821917808219178,3
0.8986301369863013,0.03287671232876712,0.8657534246575342,316
0.5863013698630137,0.6986301369863014,-0.11232876712328767,-41
0.9917808219178083,0.06575342465753424,0.9260273972602739,338
0.7808219178082192,0.39452054794520547,0.3863013698630137,141
0.7561643835616438,0.1643835616438356,0.5917808219178082,216
1.0,0.01643835616438356,0.9835616438356164,359
0.2602739726027397,0.6575342465753424,-0.3972602739726027,-145
0.2328767123287671,0.6986301369863014,-0.4657534246575342,-170
0.00821917808219178,0.13150684931506848,-0.1232876712328767,-45
0.0410958904109589,0.23013698630136986,-0.18904109589041096,-69
0.14246575342465753,0.3287671232876712,-0.1863013698630137,-68
0.00821917808219178,0.0,0.00821917808219178,3
0.5561643835616439,0.6986301369863014,-0.14246575342465753,-52
0.5534246575342465,0.0,0.5534246575342465,202
0.2054794520547945,0.36164383561643837,-0.15616438356164383,-57
0.5561643835616439,0.0,0.5561643835616439,203
0.0410958904109589,0.14794520547945206,-0.10684931506849316,-39
0.08767123287671233,0.13150684931506848,-0.043835616438356165,-16
0.6273972602739726,0.1643835616438356,0.46301369863013697,169
0.26575342465753427,0.13150684931506848,0.13424657534246576,49
0.038356164383561646,0.4931506849315068,-0.4547945205479452,-166
0.25753424657534246,0.6986301369863014,-0.4410958904109589,-161
0.7917808219178082,0.01643835616438356,0.7753424657534247,283
0.021917808219178082,0.31232876712328766,-0.29041095890410956,-106
0.07671232876712329,0.0821917808219178,-0.005479452054794521,-2
0.5643835616438356,0.39452054794520547,0.16986301369863013,62
0.7972602739726027,0.4273972602739726,0.3698630136986301,135
0.35342465753424657,0.6986301369863014,-0.3452054794520548,-126
0.273972602739726,0.23013698630136986,0.043835616438356165,16
0.7479452054794521,0.6986301369863014,0.049315068493150684,18
0.7479452054794521,0.0,0.7479452054794521,273
0.1726027397260274,0.3287671232876712,-0.15616438356164383,-57
0.4273972602739726,0.0,0.4273972602739726,156
0.6219178082191781,0.27945205479452057,0.3424657534246575,125
0.989041095890411,0.2136986301369863,0.7753424657534247,283
0.0,0.4602739726027397,-0.4602739726027397,-168
0.9917808219178083,0.0,0.9917808219178083,362
0.7589041095890411,0.0,0.7589041095890411,277
0.13424657534246576,0.1643835616438356,-0.030136986301369864,-11
0.13424657534246576,0.0,0.13424657534246576,49
0.26301369863013696,0.6575342465753424,-0.39452054794520547,-144
0.019178082191780823,0.0821917808219178,-0.06301369863013699,-23
0.7671232876712328,0.4602739726027397,0.30684931506849317,112
0.29041095890410956,0.5260273972602739,-0.2356164383561644,-86
0.3095890410958904,0.2465753424657534,0.06301369863013699,23
0.1726027397260274,0.0821917808219178,0.09041095890410959,33
0.08767123287671233,0.3287671232876712,-0.2410958904109589,-88
0.3041095890410959,0.0821917808219178,0.2219178082191781,81
0.3780821917808219,0.6986301369863014,-0.32054794520547947,-117
0.40821917808219177,0.5589041095890411,-0.1506849315068493,-55
0.5835616438356165,0.11506849315068493,0.4684931506849315,171
0.10136986301369863,0.11506849315068493,-0.0136986301369863,-5
0.9753424657534246,0.0273972602739726,0.947945205479452,346
0.12054794520547946,0.19726027397260273,-0.07671232876712329,-28
0.7534246575342466,0.11506849315068493,0.6383561643835617,233
0.7534246575342466,0.36164383561643837,0.3917808219178082,143
0.0027397260273972603,0.01643835616438356,-0.0136986301369863,-5
0.0027397260273972603,0.0,0.0027397260273972603,1
0.005479452054794521,0.01643835616438356,-0.010958904109589041,-4
0.8931506849315068,0.1643835616438356,0.7287671232876712,266
0.03561643835616438,0.049315068493150684,-0.0136986301369863,-5
0.6054794520547945,0.3287671232876712,0.27671232876712326,101
0.25205479452054796,0.1643835616438356,0.08767123287671233,32
0.7945205479452054,0.0,0.7945205479452054,290
0.09863013698630137,0.2958904109589041,-0.19726027397260273,-72
0.0547945205479452,0.3452054794520548,-0.29041095890410956,-106
0.32054794520547947,0.4438356164383562,-0.1232876712328767,-45
0.821917808219178,0.3452054794520548,0.4767123287671233,174
0.35342465753424657,0.4767123287671233,-0.1232876712328767,-45
0.4520547945205479,0.6575342465753424,-0.2054794520547945,-75
0.052054794520547946,0.31232876712328766,-0.2602739726027397,-95
0.4136986301369863,0.3287671232876712,0.08493150684931507,31
0.0027397260273972603,0.06575342465753424,-0.06301369863013699,-23
0.0,0.0,0.0,0
0.7671232876712328,0.4438356164383562,0.3232876712328767,118
0.07945205479452055,0.0,0.07945205479452055,29
0.09315068493150686,0.0,0.09315068493150686,34
0.0821917808219178,0.1643835616438356,-0.0821917808219178,-30
0.8821917808219178,0.11506849315068493,0.7671232876712328,280
0.30684931506849317,0.2465753424657534,0.06027397260273973,22
0.1178082191780822,0.4273972602739726,-0.3095890410958904,-113
0.7561643835616438,0.03287671232876712,0.7232876712328767,264
0.33424657534246577,0.5095890410958904,-0.17534246575342466,-64
0.8438356164383561,0.01643835616438356,0.8273972602739726,302
0.5232876712328767,0.0,0.5232876712328767,191
0.4520547945205479,0.2465753424657534,0.2054794520547945,75
0.0136986301369863,0.01643835616438356,-0.0027397260273972603,-1
0.005479452054794521,0.26301369863013696,-0.25753424657534246,-94
0.06575342465753424,0.4438356164383562,-0.3780821917808219,-138
0.0,0.0,0.0,0
0.8246575342465754,0.3287671232876712,0.4958904109589041,181
0.3315068493150685,0.410958904109589,-0.07945205479452055,-29
0.28493150684931506,0.3452054794520548,-0.06027397260273973,-22
0.0,0.1643835616438356,-0.1643835616438356,-60
0.0,0.049315068493150684,-0.049315068493150684,-18
0.26575342465753427,0.07671232876712329,0.18904109589041096,69
0.5342465753424658,0.06575342465753424,0.4684931506849315,171
0.8684931506849315,0.0,0.8684931506849315,317
0.0027397260273972603,0.4931506849315068,-0.4904109589041096,-179
0.7780821917808219,0.5589041095890411,0.2191780821917808,80
0.5068493150684932,0.4767123287671233,0.030136986301369864,11
0.08767123287671233,0.1643835616438356,-0.07671232876712329,-28
0.09041095890410959,0.0,0.09041095890410959,33
0.057534246575342465,0.6986301369863014,-0.6410958904109589,-234
0.684931506849315,0.6986301369863014,-0.0136986301369863,-5
0.0,0.0,0.0,0
0.07123287671232877,0.31232876712328766,-0.2410958904109589,-88
0.7561643835616438,0.0,0.7561643835616438,276
0.8054794520547945,0.06575342465753424,0.7397260273972602,270
0.19452054794520549,0.3452054794520548,-0.1506849315068493,-55
0.0,0.0,0.0,0
0.32602739726027397,0.36164383561643837,-0.03561643835616438,-13
0.04657534246575343,0.11506849315068493,-0.0684931506849315,-25
0.8136986301369863,0.13150684931506848,0.6821917808219178,249
0.7780821917808219,0.2958904109589041,0.4821917808219178,176
0.0547945205479452,0.1643835616438356,-0.1095890410958904,-40
0.6410958904109589,0.07671232876712329,0.5643835616438356,206
0.2958904109589041,0.0821917808219178,0.2136986301369863,78
0.2684931506849315,0.0,0.2684931506849315,98
0.052054794520547946,0.5424657534246575,-0.4904109589041096,-179
0.17534246575342466,0.3287671232876712,-0.15342465753424658,-56
0.0,0.06575342465753424,-0.06575342465753424,-24
0.9671232876712329,0.0,0.9671232876712329,353
0.13972602739726028,0.09863013698630137,0.0410958904109589,15
0.16986301369863013,0.06575342465753424,0.10410958904109589,38
0.5506849315068493,0.4931506849315068,0.057534246575342465,21
0.6602739726027397,0.15342465753424658,0.5068493150684932,185
0.010958904109589041,0.3287671232876712,-0.3178082191780822,-116
0.38904109589041097,0.5917808219178082,-0.20273972602739726,-74
0.2602739726027397,0.30684931506849317,-0.04657534246575343,-17
0.21643835616438356,0.6986301369863014,-0.4821917808219178,-176
0.5397260273972603,0.6986301369863014,-0.1589041095890411,-58
0.7616438356164383,0.0,0.7616438356164383,278
0.024657534246575342,0.4767123287671233,-0.4520547945205479,-165
0.3506849315068493,0.3287671232876712,0.021917808219178082,8
0.2136986301369863,0.547945205479452,-0.33424657534246577,-122
0.07945205479452055,0.6575342465753424,-0.5780821917808219,-211
0.3041095890410959,0.3287671232876712,-0.024657534246575342,-9
0.01643835616438356,0.01643835616438356,0.0,0
0.11232876712328767,0.09863013698630137,0.0136986301369863,5
0.20821917808219179,0.3287671232876712,-0.12054794520547946,-44
0.8684931506849315,0.26301369863013696,0.6054794520547945,221
0.0,0.0,0.0,0
0.29315068493150687,0.3287671232876712,-0.03561643835616438,-13
0.9698630136986301,0.0,0.9698630136986301,354
0.03561643835616438,0.6986301369863014,-0.663013698630137,-242
0.5534246575342465,0.6986301369863014,-0.14520547945205478,-53
0.03287671232876712,0.31232876712328766,-0.27945205479452057,-102
0.7534246575342466,0.049315068493150684,0.7041095890410959,257
0.5068493150684932,0.01643835616438356,0.4904109589041096,179
0.5095890410958904,0.049315068493150684,0.4602739726027397,168
0.13150684931506848,0.6986301369863014,-0.5671232876712329,-207
0.8082191780821918,0.18082191780821918,0.6273972602739726,229
0.0027397260273972603,0.0,0.0027397260273972603,1
0.8821917808219178,0.0,0.8821917808219178,322
0.33972602739726027,0.4438356164383562,-0.10410958904109589,-38
0.0,0.0,0.0,0
0.32054794520547947,0.0821917808219178,0.23835616438356164,87
0.7561643835616438,0.0,0.7561643835616438,276
0.5315068493150685,0.11506849315068493,0.41643835616438357,152
0.021917808219178082,0.3780821917808219,-0.3561643835616438,-130
0.38082191780821917,0.5917808219178082,-0.21095890410958903,-77
0.15616438356164383,0.03287671232876712,0.1232876712328767,45
0.024657534246575342,0.03287671232876712,-0.00821917808219178,-3
0.29041095890410956,0.1643835616438356,0.12602739726027398,46
0.5013698630136987,0.6986301369863014,-0.19726027397260273,-72
0.2356164383561644,0.0,0.2356164383561644,86
0.6164383561643836,0.2465753424657534,0.3698630136986301,135
0.049315068493150684,0.2465753424657534,-0.19726027397260273,-72
0.038356164383561646,0.0,0.038356164383561646,14
0.5232876712328767,0.18082191780821918,0.3424657534246575,125
0.536986301369863,0.049315068493150684,0.4876712328767123,178
0.6246575342465753,0.0,0.6246575342465753,228
0.00821917808219178,0.01643835616438356,-0.00821917808219178,-3
0.0,0.0,0.0,0
0.936986301369863,0.13150684931506848,0.8054794520547945,294
0.5205479452054794,0.0,0.5205479452054794,190
0.8821917808219178,0.06575342465753424,0.8164383561643835,298
0.0,0.0,0.0,0
0.29041095890410956,0.3452054794520548,-0.0547945205479452,-20
0.4547945205479452,0.03287671232876712,0.42191780821917807,154
0.43561643835616437,0.3287671232876712,0.10684931506849316,39
0.10684931506849316,0.3780821917808219,-0.27123287671232876,-99
0.7561643835616438,0.0821917808219178,0.673972602739726,246
0.7890410958904109,0.5095890410958904,0.27945205479452057,102
0.16164383561643836,0.136986301369863,0.024657534246575342,9
0.8904109589041096,0.4767123287671233,0.4136986301369863,151
0.7561643835616438,0.0,0.7561643835616438,276
0.13150684931506848,0.0,0.13150684931506848,48
0.7616438356164383,0.0,0.7616438356164383,278
0.08767123287671233,0.6986301369863014,-0.6109589041095891,-223
0.00821917808219178,0.13150684931506848,-0.1232876712328767,-45
0.7589041095890411,0.0,0.7589041095890411,277
0.6164383561643836,0.03287671232876712,0.5835616438356165,213
0.16712328767123288,0.11506849315068493,0.052054794520547946,19
0.7342465753424657,0.0,0.7342465753424657,268
0.5287671232876713,0.03287671232876712,0.4958904109589041,181
0.0,0.0821917808219178,-0.0821917808219178,-30
0.3506849315068493,0.3287671232876712,0.021917808219178082,8
0.4383561643835616,0.01643835616438356,0.42191780821917807,154
0.6410958904109589,0.33972602739726027,0.3013698630136986,110
0.024657534246575342,0.6986301369863014,-0.673972602739726,-246
0.2958904109589041,0.6986301369863014,-0.40273972602739727,-147
0.3178082191780822,0.6986301369863014,-0.38082191780821917,-139
0.057534246575342465,0.6246575342465753,-0.5671232876712329,-207
0.04657534246575343,0.410958904109589,-0.3643835616438356,-133
0.3506849315068493,0.4767123287671233,-0.12602739726027398,-46
0.0027397260273972603,0.0,0.0027397260273972603,1
0.0684931506849315,0.6986301369863014,-0.6301369863013698,-230
0.00821917808219178,0.01643835616438356,-0.00821917808219178,-3
0.5342465753424658,0.06575342465753424,0.4684931506849315,171
0.2821917808219178,0.15342465753424658,0.12876712328767123,47
0.16986301369863013,0.0,0.16986301369863013,62
0.5506849315068493,0.0,0.5506849315068493,201
0.40273972602739727,0.6986301369863014,-0.2958904109589041,-108
0.39452054794520547,0.4273972602739726,-0.03287671232876712,-12
0.7150684931506849,0.0,0.7150684931506849,261
0.0027397260273972603,0.03287671232876712,-0.030136986301369864,-11
0.8876712328767123,0.18082191780821918,0.7068493150684931,258
0.4602739726027397,0.1643835616438356,0.2958904109589041,108
0.049315068493150684,0.5260273972602739,-0.4767123287671233,-174
0.3863013698630137,0.021917808219178082,0.3643835616438356,133
0.27123287671232876,0.4602739726027397,-0.18904109589041096,-69
0.9506849315068493,0.0821917808219178,0.8684931506849315,317
0.00821917808219178,0.0,0.00821917808219178,3
0.5616438356164384,0.1643835616438356,0.3972602739726027,145
0.9178082191780822,0.3780821917808219,0.5397260273972603,197
0.27945205479452057,0.01643835616438356,0.26301369863013696,96
0.09863013698630137,0.4931506849315068,-0.39452054794520547,-144
0.7561643835616438,0.0,0.7561643835616438,276
0.21643835616438356,0.23013698630136986,-0.0136986301369863,-5
0.0,0.0,0.0,0
0.4684931506849315,0.0,0.4684931506849315,171
0.8712328767123287,0.18082191780821918,0.6904109589041096,252
0.08767123287671233,0.1643835616438356,-0.07671232876712329,-28
0.5287671232876713,0.2136986301369863,0.3150684931506849,115
0.7726027397260274,0.3287671232876712,0.4438356164383562,162
0.10136986301369863,0.1643835616438356,-0.06301369863013699,-23
0.6520547945205479,0.3780821917808219,0.273972602739726,100
0.9561643835616438,0.4931506849315068,0.46301369863013697,169
0.28493150684931506,0.2958904109589041,-0.010958904109589041,-4
0.019178082191780823,0.5424657534246575,-0.5232876712328767,-191
0.17534246575342466,0.3287671232876712,-0.15342465753424658,-56
0.4,0.11506849315068493,0.28493150684931506,104
0.038356164383561646,0.3287671232876712,-0.29041095890410956,-106
0.2273972602739726,0.6986301369863014,-0.4712328767123288,-172
0.6054794520547945,0.11506849315068493,0.4904109589041096,179
0.673972602739726,0.4273972602739726,0.2465753424657534,90
0.5068493150684932,0.01643835616438356,0.4904109589041096,179
0.6136986301369863,0.11506849315068493,0.4986301369863014,182
0.0,0.1643835616438356,-0.1643835616438356,-60
0.13424657534246576,0.1917808219178082,-0.057534246575342465,-21
0.16164383561643836,0.3287671232876712,-0.16712328767123288,-61
0.8931506849315068,0.1643835616438356,0.7287671232876712,266
0.5287671232876713,0.6986301369863014,-0.16986301369863013,-62
0.7780821917808219,0.3452054794520548,0.4328767123287671,158
0.4821917808219178,0.0,0.4821917808219178,176
0.07945205479452055,0.6986301369863014,-0.6191780821917808,-226
0.0958904109589041,0.14794520547945206,-0.052054794520547946,-19
0.2602739726027397,0.06575342465753424,0.19452054794520549,71
0.4465753424657534,0.0,0.4465753424657534,163
0.4712328767123288,0.01643835616438356,0.4547945205479452,166
0.4602739726027397,0.03287671232876712,0.4273972602739726,156
0.5424657534246575,0.01643835616438356,0.5260273972602739,192
0.5260273972602739,0.049315068493150684,0.4767123287671233,174
0.5178082191780822,0.01643835616438356,0.5013698630136987,183
0.5068493150684932,0.0,0.5068493150684932,185
0.5561643835616439,0.01643835616438356,0.5397260273972603,197
0.4410958904109589,0.049315068493150684,0.3917808219178082,143
0.4246575342465753,0.03287671232876712,0.3917808219178082,143
0.4657534246575342,0.0,0.4657534246575342,170
0.547945205479452,0.0,0.547945205479452,200
0.5397260273972603,0.03287671232876712,0.5068493150684932,185
0.7643835616438356,0.31232876712328766,0.4520547945205479,165
0.6273972602739726,0.4931506849315068,0.13424657534246576,49
0.0136986301369863,0.3287671232876712,-0.3150684931506849,-115
0.08767123287671233,0.1643835616438356,-0.07671232876712329,-28
0.5095890410958904,0.19726027397260273,0.31232876712328766,114
0.32602739726027397,0.09863013698630137,0.2273972602739726,83
0.7917808219178082,0.13150684931506848,0.6602739726027397,241
0.06301369863013699,0.6082191780821918,-0.5452054794520548,-199
0.021917808219178082,0.0,0.021917808219178082,8
0.0410958904109589,0.1643835616438356,-0.1232876712328767,-45
0.8191780821917808,0.2465753424657534,0.5726027397260274,209
0.07671232876712329,0.0,0.07671232876712329,28
0.00821917808219178,0.0,0.00821917808219178,3
0.3424657534246575,0.39452054794520547,-0.052054794520547946,-19
0.0,0.03287671232876712,-0.03287671232876712,-12
0.5863013698630137,0.14794520547945206,0.4383561643835616,160
0.5178082191780822,0.0,0.5178082191780822,189
0.6383561643835617,0.0,0.6383561643835617,233
0.6246575342465753,0.5917808219178082,0.03287671232876712,12
0.15342465753424658,0.6986301369863014,-0.5452054794520548,-199
0.5205479452054794,0.09863013698630137,0.42191780821917807,154
0.8849315068493151,0.0,0.8849315068493151,323
0.26575342465753427,0.4438356164383562,-0.1780821917808219,-65
0.057534246575342465,0.2465753424657534,-0.18904109589041096,-69
0.04657534246575343,0.3287671232876712,-0.2821917808219178,-103
0.9616438356164384,0.06575342465753424,0.8958904109589041,327
0.27123287671232876,0.3780821917808219,-0.10684931506849316,-39
0.7808219178082192,0.09863013698630137,0.6821917808219178,249
0.32054794520547947,0.27945205479452057,0.0410958904109589,15
0.005479452054794521,0.3287671232876712,-0.3232876712328767,-118
0.0684931506849315,0.410958904109589,-0.3424657534246575,-125
0.27671232876712326,0.4767123287671233,-0.2,-73
0.7561643835616438,0.049315068493150684,0.7068493150684931,258
0.9397260273972603,0.23013698630136986,0.7095890410958904,259
0.07671232876712329,0.14794520547945206,-0.07123287671232877,-26
0.030136986301369864,0.0,0.030136986301369864,11
0.019178082191780823,0.0,0.019178082191780823,7
0.2821917808219178,0.11506849315068493,0.16712328767123288,61
0.31232876712328766,0.01643835616438356,0.2958904109589041,108
0.019178082191780823,0.0,0.019178082191780823,7
0.6575342465753424,0.27945205479452057,0.3780821917808219,138
0.019178082191780823,0.0,0.019178082191780823,7
0.6219178082191781,0.14794520547945206,0.473972602739726,173
0.3150684931506849,0.03287671232876712,0.2821917808219178,103
0.06027397260273973,0.09863013698630137,-0.038356164383561646,-14
0.4383561643835616,0.5753424657534246,-0.136986301369863,-50
0.11232876712328767,0.11506849315068493,-0.0027397260273972603,-1
0.1095890410958904,0.06575342465753424,0.043835616438356165,16
0.4657534246575342,0.1643835616438356,0.3013698630136986,110
0.38904109589041097,0.19726027397260273,0.1917808219178082,70
0.6438356164383562,0.07671232876712329,0.5671232876712329,207
0.07123287671232877,0.03287671232876712,0.038356164383561646,14
0.1917808219178082,0.1643835616438356,0.0273972602739726,10
0.5397260273972603,0.0821917808219178,0.4575342465753425,167
0.024657534246575342,0.09863013698630137,-0.07397260273972603,-27
0.7780821917808219,0.2136986301369863,0.5643835616438356,206
0.2958904109589041,0.31232876712328766,-0.01643835616438356,-6
0.6931506849315069,0.03287671232876712,0.6602739726027397,241
0.8986301369863013,0.4602739726027397,0.4383561643835616,160
1.0,0.3780821917808219,0.6219178082191781,227
0.4904109589041096,0.6986301369863014,-0.20821917808219179,-76
0.03287671232876712,0.01643835616438356,0.01643835616438356,6
0.06575342465753424,0.6986301369863014,-0.6328767123287671,-231
0.2054794520547945,0.31232876712328766,-0.10684931506849316,-39
0.0,0.0,0.0,0
0.6684931506849315,0.0,0.6684931506849315,244
0.4438356164383562,0.3452054794520548,0.09863013698630137,36
1.0,0.4438356164383562,0.5561643835616439,203
1.0,0.0,1.0,365
0.989041095890411,0.0,0.989041095890411,361
0.1095890410958904,0.2465753424657534,-0.136986301369863,-50
0.5123287671232877,0.01643835616438356,0.4958904109589041,181
0.7589041095890411,0.03287671232876712,0.726027397260274,265
0.26301369863013696,0.06575342465753424,0.19726027397260273,72
0.5534246575342465,0.31232876712328766,0.2410958904109589,88
0.3863013698630137,0.6986301369863014,-0.31232876712328766,-114
0.9726027397260274,0.01643835616438356,0.9561643835616438,349
0.3589041095890411,0.31232876712328766,0.04657534246575343,17
0.5616438356164384,0.6986301369863014,-0.136986301369863,-50
0.0547945205479452,0.0,0.0547945205479452,20
0.3041095890410959,0.1643835616438356,0.13972602739726028,51
0.7917808219178082,0.6986301369863014,0.09315068493150686,34
0.4876712328767123,0.0,0.4876712328767123,178
0.0684931506849315,0.01643835616438356,0.052054794520547946,19
0.8027397260273973,0.0,0.8027397260273973,293
0.36164383561643837,0.2465753424657534,0.11506849315068493,42
0.852054794520548,0.09863013698630137,0.7534246575342466,275
0.12602739726027398,0.6986301369863014,-0.5726027397260274,-209
0.03561643835616438,0.0,0.03561643835616438,13
0.8136986301369863,0.4767123287671233,0.336986301369863,123
0.38904109589041097,0.0,0.38904109589041097,142
0.0273972602739726,0.3287671232876712,-0.3013698630136986,-110
0.7616438356164383,0.0,0.7616438356164383,278
0.0684931506849315,0.2465753424657534,-0.1780821917808219,-65
0.8027397260273973,0.6986301369863014,0.10410958904109589,38
0.07123287671232877,0.0821917808219178,-0.010958904109589041,-4
0.4657534246575342,0.09863013698630137,0.36712328767123287,134
0.30684931506849317,0.3287671232876712,-0.021917808219178082,-8
0.06027397260273973,0.3780821917808219,-0.3178082191780822,-116
0.10410958904109589,0.6986301369863014,-0.5945205479452055,-217
0.5068493150684932,0.6575342465753424,-0.1506849315068493,-55
0.18356164383561643,0.3780821917808219,-0.19452054794520549,-71
0.04657534246575343,0.13150684931506848,-0.08493150684931507,-31
0.8164383561643835,0.0,0.8164383561643835,298
0.5095890410958904,0.1643835616438356,0.3452054794520548,126
0.26301369863013696,0.0,0.26301369863013696,96
0.2602739726027397,0.03287671232876712,0.2273972602739726,83
0.6821917808219178,0.36164383561643837,0.32054794520547947,117
0.16164383561643836,0.19726027397260273,-0.03561643835616438,-13
0.8575342465753425,0.0,0.8575342465753425,313
0.8876712328767123,0.14794520547945206,0.7397260273972602,270
0.915068493150685,0.0,0.915068493150685,334
0.7123287671232876,0.6986301369863014,0.0136986301369863,5
0.7726027397260274,0.0,0.7726027397260274,282
0.5013698630136987,0.6986301369863014,-0.19726027397260273,-72
0.5150684931506849,0.0,0.5150684931506849,188
0.3972602739726027,0.6904109589041096,-0.29315068493150687,-107
0.5589041095890411,0.0,0.5589041095890411,204
0.9726027397260274,0.0,0.9726027397260274,355
0.7041095890410959,0.6986301369863014,0.005479452054794521,2
0.03561643835616438,0.03287671232876712,0.0027397260273972603,1
0.0,0.0,0.0,0
0.049315068493150684,0.0,0.049315068493150684,18
0.8904109589041096,0.09863013698630137,0.7917808219178082,289
0.5123287671232877,0.0,0.5123287671232877,187
0.7561643835616438,0.0,0.7561643835616438,276
0.7561643835616438,0.0,0.7561643835616438,276
0.43561643835616437,0.0,0.43561643835616437,159
0.030136986301369864,0.6575342465753424,-0.6273972602739726,-229
0.09863013698630137,0.01643835616438356,0.0821917808219178,30
0.0273972602739726,0.03287671232876712,-0.005479452054794521,-2
0.6684931506849315,0.15342465753424658,0.5150684931506849,188
0.33424657534246577,0.6986301369863014,-0.3643835616438356,-133
0.4794520547945205,0.0,0.4794520547945205,175
0.46301369863013697,0.19726027397260273,0.26575342465753427,97
0.27671232876712326,0.14794520547945206,0.12876712328767123,47
0.473972602739726,0.6986301369863014,-0.22465753424657534,-82
0.20821917808219179,0.3452054794520548,-0.136986301369863,-50
0.0136986301369863,0.049315068493150684,-0.03561643835616438,-13
0.6356164383561644,0.0,0.6356164383561644,232
0.32054794520547947,0.18082191780821918,0.13972602739726028,51
0.5095890410958904,0.0,0.5095890410958904,186
0.07397260273972603,0.3452054794520548,-0.27123287671232876,-99
0.3287671232876712,0.2136986301369863,0.11506849315068493,42
0.4410958904109589,0.049315068493150684,0.3917808219178082,143
0.7753424657534247,0.39452054794520547,0.38082191780821917,139
0.3589041095890411,0.1643835616438356,0.19452054794520549,71
0.7534246575342466,0.03287671232876712,0.7205479452054795,263
0.005479452054794521,0.0,0.005479452054794521,2
0.14246575342465753,0.6986301369863014,-0.5561643835616439,-203
0.958904109589041,0.06575342465753424,0.8931506849315068,326
0.2602739726027397,0.14794520547945206,0.11232876712328767,41
0.5452054794520548,0.4767123287671233,0.0684931506849315,25
0.1917808219178082,0.5698630136986301,-0.3780821917808219,-138
0.08493150684931507,0.5753424657534246,-0.4904109589041096,-179
0.7671232876712328,0.13150684931506848,0.6356164383561644,232
0.3452054794520548,0.6986301369863014,-0.35342465753424657,-129
0.8821917808219178,0.6986301369863014,0.18356164383561643,67
0.6986301369863014,0.6986301369863014,0.0,0
0.31232876712328766,0.3287671232876712,-0.01643835616438356,-6
0.7616438356164383,0.0,0.7616438356164383,278
0.3287671232876712,0.0821917808219178,0.2465753424657534,90
0.7726027397260274,0.0,0.7726027397260274,282
0.09041095890410959,0.4931506849315068,-0.40273972602739727,-147
0.7013698630136986,0.18082191780821918,0.5205479452054794,190
0.07123287671232877,0.5260273972602739,-0.4547945205479452,-166
0.2958904109589041,0.19726027397260273,0.09863013698630137,36
0.29863013698630136,0.6986301369863014,-0.4,-146
0.06575342465753424,0.39452054794520547,-0.3287671232876712,-120
0.39452054794520547,0.03287671232876712,0.36164383561643837,132
0.736986301369863,0.1643835616438356,0.5726027397260274,209
0.5397260273972603,0.6986301369863014,-0.1589041095890411,-58
0.0027397260273972603,0.0,0.0027397260273972603,1
0.0547945205479452,0.6986301369863014,-0.6438356164383562,-235
0.09041095890410959,0.3452054794520548,-0.2547945205479452,-93
0.7917808219178082,0.06575342465753424,0.726027397260274,265
0.6493150684931507,0.23013698630136986,0.4191780821917808,153
0.00821917808219178,0.6575342465753424,-0.6493150684931507,-237
0.024657534246575342,0.6986301369863014,-0.673972602739726,-246
0.8328767123287671,0.1643835616438356,0.6684931506849315,244
0.16164383561643836,0.26301369863013696,-0.10136986301369863,-37
0.7616438356164383,0.0,0.7616438356164383,278
0.4684931506849315,0.049315068493150684,0.4191780821917808,153
0.27671232876712326,0.09863013698630137,0.1780821917808219,65
0.34794520547945207,0.14794520547945206,0.2,73
0.7534246575342466,0.5424657534246575,0.21095890410958903,77
0.1589041095890411,0.2465753424657534,-0.08767123287671233,-32
0.06301369863013699,0.6986301369863014,-0.6356164383561644,-232
0.8794520547945206,0.6986301369863014,0.18082191780821918,66
0.24383561643835616,0.0,0.24383561643835616,89
0.03287671232876712,0.5589041095890411,-0.5260273972602739,-192
0.9616438356164384,0.0,0.9616438356164384,351
0.10684931506849316,0.049315068493150684,0.057534246575342465,21
0.7890410958904109,0.1643835616438356,0.6246575342465753,228
0.4547945205479452,0.03287671232876712,0.42191780821917807,154
0.4438356164383562,0.06575342465753424,0.3780821917808219,138
0.4931506849315068,0.049315068493150684,0.4438356164383562,162
0.2602739726027397,0.1643835616438356,0.0958904109589041,35
0.4547945205479452,0.03287671232876712,0.42191780821917807,154
0.2191780821917808,0.3287671232876712,-0.1095890410958904,-40
0.7616438356164383,0.2465753424657534,0.5150684931506849,188
0.09863013698630137,0.4767123287671233,-0.3780821917808219,-138
0.6602739726027397,0.410958904109589,0.2493150684931507,91
0.07397260273972603,0.1643835616438356,-0.09041095890410959,-33
0.005479452054794521,0.0,0.005479452054794521,2
0.10684931506849316,0.6986301369863014,-0.5917808219178082,-216
0.005479452054794521,0.5095890410958904,-0.5041095890410959,-184
0.2328767123287671,0.5917808219178082,-0.3589041095890411,-131
0.5698630136986301,0.6986301369863014,-0.12876712328767123,-47
0.7698630136986301,0.4931506849315068,0.27671232876712326,101
0.8904109589041096,0.01643835616438356,0.873972602739726,319
0.5397260273972603,0.03287671232876712,0.5068493150684932,185
0.3589041095890411,0.6986301369863014,-0.33972602739726027,-124
0.3589041095890411,0.3287671232876712,0.030136986301369864,11
0.4136986301369863,0.06575342465753424,0.34794520547945207,127
0.13150684931506848,0.30684931506849317,-0.17534246575342466,-64
0.005479452054794521,0.01643835616438356,-0.010958904109589041,-4
0.10410958904109589,0.6986301369863014,-0.5945205479452055,-217
0.27945205479452057,0.07671232876712329,0.20273972602739726,74
0.6876712328767123,0.6575342465753424,0.030136986301369864,11
0.12602739726027398,0.31232876712328766,-0.1863013698630137,-68
0.07397260273972603,0.3287671232876712,-0.2547945205479452,-93
0.6109589041095891,0.6986301369863014,-0.08767123287671233,-32
0.2876712328767123,0.6986301369863014,-0.410958904109589,-150
0.01643835616438356,0.36164383561643837,-0.3452054794520548,-126
0.936986301369863,0.27945205479452057,0.6575342465753424,240
0.5068493150684932,0.0,0.5068493150684932,185
0.5835616438356165,0.2465753424657534,0.336986301369863,123
0.0,0.0,0.0,0
0.6904109589041096,0.6986301369863014,-0.00821917808219178,-3
0.5205479452054794,0.0,0.5205479452054794,190
0.9671232876712329,0.0,0.9671232876712329,353
0.010958904109589041,0.410958904109589,-0.4,-146
0.0410958904109589,0.03287671232876712,0.00821917808219178,3
0.12054794520547946,0.14794520547945206,-0.0273972602739726,-10
0.052054794520547946,0.0821917808219178,-0.030136986301369864,-11
0.0958904109589041,0.049315068493150684,0.04657534246575343,17
0.13424657534246576,0.4931506849315068,-0.3589041095890411,-131
0.547945205479452,0.3287671232876712,0.2191780821917808,80
0.0547945205479452,0.1643835616438356,-0.1095890410958904,-40
0.7945205479452054,0.6986301369863014,0.0958904109589041,35
0.0684931506849315,0.6986301369863014,-0.6301369863013698,-230
0.0136986301369863,0.0,0.0136986301369863,5
0.15616438356164383,0.4438356164383562,-0.2876712328767123,-105
0.726027397260274,0.5424657534246575,0.18356164383561643,67
0.5205479452054794,0.06575342465753424,0.4547945205479452,166
0.6356164383561644,0.0,0.6356164383561644,232
0.12876712328767123,0.3287671232876712,-0.2,-73
0.0027397260273972603,0.1643835616438356,-0.16164383561643836,-59
0.4767123287671233,0.06575342465753424,0.410958904109589,150
0.2191780821917808,0.1643835616438356,0.0547945205479452,20
0.04657534246575343,0.4438356164383562,-0.3972602739726027,-145
0.08493150684931507,0.6986301369863014,-0.6136986301369863,-224
0.6876712328767123,0.11506849315068493,0.5726027397260274,209
0.663013698630137,0.11506849315068493,0.547945205479452,200
0.08493150684931507,0.26301369863013696,-0.1780821917808219,-65
0.2876712328767123,0.18082191780821918,0.10684931506849316,39
0.11232876712328767,0.4438356164383562,-0.3315068493150685,-121
0.0027397260273972603,0.13150684931506848,-0.12876712328767123,-47
0.9561643835616438,0.0,0.9561643835616438,349
0.09863013698630137,0.6986301369863014,-0.6,-219
0.06301369863013699,0.6986301369863014,-0.6356164383561644,-232
0.13424657534246576,0.0,0.13424657534246576,49
0.3315068493150685,0.5260273972602739,-0.19452054794520549,-71
0.5780821917808219,0.13150684931506848,0.4465753424657534,163
0.736986301369863,0.1643835616438356,0.5726027397260274,209
0.3424657534246575,0.049315068493150684,0.29315068493150687,107
0.010958904109589041,0.30684931506849317,-0.2958904109589041,-108
0.863013698630137,0.23013698630136986,0.6328767123287671,231
0.021917808219178082,0.39452054794520547,-0.3726027397260274,-136
0.5150684931506849,0.6986301369863014,-0.18356164383561643,-67
0.6191780821917808,0.5095890410958904,0.1095890410958904,40
0.16712328767123288,0.6986301369863014,-0.5315068493150685,-194
0.057534246575342465,0.410958904109589,-0.35342465753424657,-129
0.8794520547945206,0.14794520547945206,0.7315068493150685,267
0.0,0.0,0.0,0
0.5397260273972603,0.01643835616438356,0.5232876712328767,191
0.8027397260273973,0.03287671232876712,0.7698630136986301,281
0.06027397260273973,0.4931506849315068,-0.4328767123287671,-158
0.2493150684931507,0.03287671232876712,0.21643835616438356,79
0.0027397260273972603,0.0,0.0027397260273972603,1
0.0547945205479452,0.6986301369863014,-0.6438356164383562,-235
0.049315068493150684,0.6986301369863014,-0.6493150684931507,-237
0.4657534246575342,0.6246575342465753,-0.1589041095890411,-58
0.8410958904109589,0.6986301369863014,0.14246575342465753,52
0.052054794520547946,0.6986301369863014,-0.6465753424657534,-236
0.030136986301369864,0.6986301369863014,-0.6684931506849315,-244
0.0027397260273972603,0.0,0.0027397260273972603,1
0.4328767123287671,0.5753424657534246,-0.14246575342465753,-52
0.40821917808219177,0.6986301369863014,-0.29041095890410956,-106
0.6136986301369863,0.2136986301369863,0.4,146
0.4383561643835616,0.0547945205479452,0.3835616438356164,140
0.10136986301369863,0.6986301369863014,-0.5972602739726027,-218
0.7863013698630137,0.6986301369863014,0.08767123287671233,32
0.6931506849315069,0.5095890410958904,0.18356164383561643,67
0.0410958904109589,0.14794520547945206,-0.10684931506849316,-39
0.049315068493150684,0.06575342465753424,-0.01643835616438356,-6
0.057534246575342465,0.06575342465753424,-0.00821917808219178,-3
0.4246575342465753,0.03287671232876712,0.3917808219178082,143
0.2,0.6986301369863014,-0.4986301369863014,-182
0.6438356164383562,0.6986301369863014,-0.0547945205479452,-20
0.019178082191780823,0.03287671232876712,-0.0136986301369863,-5
0.19726027397260273,0.06575342465753424,0.13150684931506848,48
0.0,0.06575342465753424,-0.06575342465753424,-24
0.07671232876712329,0.5589041095890411,-0.4821917808219178,-176
0.736986301369863,0.0,0.736986301369863,269
0.10684931506849316,0.1643835616438356,-0.057534246575342465,-21
0.08493150684931507,0.3780821917808219,-0.29315068493150687,-107
0.6958904109589041,0.6986301369863014,-0.0027397260273972603,-1
0.34794520547945207,0.39452054794520547,-0.04657534246575343,-17
0.5178082191780822,0.5753424657534246,-0.057534246575342465,-21
0.3013698630136986,0.6986301369863014,-0.3972602739726027,-145
0.09041095890410959,0.2136986301369863,-0.1232876712328767,-45
0.043835616438356165,0.2958904109589041,-0.25205479452054796,-92
0.6657534246575343,0.0,0.6657534246575343,243
0.052054794520547946,0.410958904109589,-0.3589041095890411,-131
0.6712328767123288,0.23013698630136986,0.4410958904109589,161
0.0410958904109589,0.410958904109589,-0.3698630136986301,-135
0.35342465753424657,0.36164383561643837,-0.00821917808219178,-3
0.021917808219178082,0.0,0.021917808219178082,8
0.2684931506849315,0.2136986301369863,0.0547945205479452,20
0.33972602739726027,0.13150684931506848,0.20821917808219179,76
0.4849315068493151,0.18082191780821918,0.3041095890410959,111
0.07945205479452055,0.4273972602739726,-0.34794520547945207,-127
0.0027397260273972603,0.0,0.0027397260273972603,1
0.06575342465753424,0.39452054794520547,-0.3287671232876712,-120
0.6082191780821918,0.6986301369863014,-0.09041095890410959,-33
0.04657534246575343,0.1643835616438356,-0.1178082191780822,-43
0.7863013698630137,0.3287671232876712,0.4575342465753425,167
0.915068493150685,0.0,0.915068493150685,334
0.6520547945205479,0.0,0.6520547945205479,238
0.052054794520547946,0.049315068493150684,0.0027397260273972603,1
0.3506849315068493,0.6986301369863014,-0.34794520547945207,-127
0.00821917808219178,0.15342465753424658,-0.14520547945205478,-53
0.5150684931506849,0.0,0.5150684931506849,188
0.8328767123287671,0.410958904109589,0.42191780821917807,154
0.2273972602739726,0.0547945205479452,0.1726027397260274,63
0.5095890410958904,0.01643835616438356,0.4931506849315068,180
0.6602739726027397,0.0,0.6602739726027397,241
0.9726027397260274,0.03287671232876712,0.9397260273972603,343
0.26301369863013696,0.0,0.26301369863013696,96
0.27671232876712326,0.09863013698630137,0.1780821917808219,65
0.32602739726027397,0.36164383561643837,-0.03561643835616438,-13
0.1863013698630137,0.3287671232876712,-0.14246575342465753,-52
0.30684931506849317,0.6986301369863014,-0.3917808219178082,-143
0.5068493150684932,0.6986301369863014,-0.1917808219178082,-70
0.5424657534246575,0.18082191780821918,0.36164383561643837,132
0.8136986301369863,0.6986301369863014,0.11506849315068493,42
0.29041095890410956,0.6986301369863014,-0.40821917808219177,-149
0.7452054794520548,0.13150684931506848,0.6136986301369863,224
0.03561643835616438,0.2465753424657534,-0.21095890410958903,-77
0.136986301369863,0.0,0.136986301369863,50
0.14246575342465753,0.0,0.14246575342465753,52
0.5123287671232877,0.01643835616438356,0.4958904109589041,181
0.7315068493150685,0.3287671232876712,0.40273972602739727,147
0.09315068493150686,0.23013698630136986,-0.136986301369863,-50
0.3643835616438356,0.19726027397260273,0.16712328767123288,61
0.6821917808219178,0.03287671232876712,0.6493150684931507,237
0.21643835616438356,0.0,0.21643835616438356,79
0.043835616438356165,0.0,0.043835616438356165,16
0.3424657534246575,0.0821917808219178,0.2602739726027397,95
0.7589041095890411,0.06575342465753424,0.6931506849315069,253
0.8410958904109589,0.0273972602739726,0.8136986301369863,297
0.4273972602739726,0.31232876712328766,0.11506849315068493,42
0.4931506849315068,0.2958904109589041,0.19726027397260273,72
0.473972602739726,0.0,0.473972602739726,173
0.3315068493150685,0.0821917808219178,0.2493150684931507,91
0.29041095890410956,0.0,0.29041095890410956,106
0.024657534246575342,0.6986301369863014,-0.673972602739726,-246
0.7452054794520548,0.5917808219178082,0.15342465753424658,56
0.13150684931506848,0.19726027397260273,-0.06575342465753424,-24
0.6712328767123288,0.6986301369863014,-0.0273972602739726,-10
0.04657534246575343,0.3780821917808219,-0.3315068493150685,-121
0.0027397260273972603,0.0,0.0027397260273972603,1
0.0547945205479452,0.0,0.0547945205479452,20
0.3013698630136986,0.6986301369863014,-0.3972602739726027,-145
0.38082191780821917,0.4931506849315068,-0.11232876712328767,-41
0.5260273972602739,0.6986301369863014,-0.1726027397260274,-63
0.038356164383561646,0.27945205479452057,-0.2410958904109589,-88
0.936986301369863,0.2465753424657534,0.6904109589041096,252
0.4383561643835616,0.0,0.4383561643835616,160
0.038356164383561646,0.1643835616438356,-0.12602739726027398,-46
0.16986301369863013,0.06575342465753424,0.10410958904109589,38
0.03561643835616438,0.6904109589041096,-0.6547945205479452,-239
0.8794520547945206,0.14794520547945206,0.7315068493150685,267
0.30684931506849317,0.5589041095890411,-0.25205479452054796,-92
0.5424657534246575,0.6986301369863014,-0.15616438356164383,-57
0.5260273972602739,0.0,0.5260273972602739,192
0.5972602739726027,0.049315068493150684,0.547945205479452,200
0.5561643835616439,0.4273972602739726,0.12876712328767123,47
0.336986301369863,0.0,0.336986301369863,123
0.8191780821917808,0.6986301369863014,0.12054794520547946,44
0.0027397260273972603,0.0,0.0027397260273972603,1
0.04657534246575343,0.3287671232876712,-0.2821917808219178,-103
0.9041095890410958,0.0,0.9041095890410958,330
0.9095890410958904,0.6986301369863014,0.21095890410958903,77
0.8904109589041096,0.0,0.8904109589041096,325
0.10136986301369863,0.2465753424657534,-0.14520547945205478,-53
0.3589041095890411,0.3287671232876712,0.030136986301369864,11
0.8328767123287671,0.2136986301369863,0.6191780821917808,226
0.0,0.14794520547945206,-0.14794520547945206,-54
0.13424657534246576,0.11506849315068493,0.019178082191780823,7
0.5123287671232877,0.03287671232876712,0.4794520547945205,175
0.0958904109589041,0.1643835616438356,-0.0684931506849315,-25
0.5643835616438356,0.0,0.5643835616438356,206
0.019178082191780823,0.13150684931506848,-0.11232876712328767,-41
0.1506849315068493,0.6986301369863014,-0.547945205479452,-200
0.3424657534246575,0.0821917808219178,0.2602739726027397,95
0.5534246575342465,0.0,0.5534246575342465,202
0.0,0.0,0.0,0
0.14794520547945206,0.01643835616438356,0.13150684931506848,48
0.09863013698630137,0.13150684931506848,-0.03287671232876712,-12
0.08767123287671233,0.0,0.08767123287671233,32
0.0136986301369863,0.0821917808219178,-0.0684931506849315,-25
0.00821917808219178,0.0821917808219178,-0.07397260273972603,-27
0.08493150684931507,0.1643835616438356,-0.07945205479452055,-29
0.7561643835616438,0.0,0.7561643835616438,276
0.6,0.0,0.6,219
0.0,0.1643835616438356,-0.1643835616438356,-60
0.6246575342465753,0.06575342465753424,0.5589041095890411,204
0.37534246575342467,0.049315068493150684,0.32602739726027397,119
0.33424657534246577,0.6986301369863014,-0.3643835616438356,-133
0.536986301369863,0.4931506849315068,0.043835616438356165,16
0.15616438356164383,0.4931506849315068,-0.336986301369863,-123
0.11232876712328767,0.1643835616438356,-0.052054794520547946,-19
0.0027397260273972603,0.0,0.0027397260273972603,1
0.3013698630136986,0.0,0.3013698630136986,110
0.547945205479452,0.3287671232876712,0.2191780821917808,80
0.5150684931506849,0.0,0.5150684931506849,188
0.7589041095890411,0.0,0.7589041095890411,277
0.2684931506849315,0.3287671232876712,-0.06027397260273973,-22
0.34794520547945207,0.0821917808219178,0.26575342465753427,97
0.7780821917808219,0.6986301369863014,0.07945205479452055,29
0.673972602739726,0.0,0.673972602739726,246
0.9671232876712329,0.6246575342465753,0.3424657534246575,125
0.5917808219178082,0.5753424657534246,0.01643835616438356,6
0.5424657534246575,0.049315068493150684,0.4931506849315068,180
0.5260273972602739,0.36164383561643837,0.1643835616438356,60
0.0,0.09863013698630137,-0.09863013698630137,-36
0.5452054794520548,0.36164383561643837,0.18356164383561643,67
0.09041095890410959,0.5095890410958904,-0.4191780821917808,-153
0.5315068493150685,0.26301369863013696,0.2684931506849315,98
0.8493150684931506,0.19726027397260273,0.6520547945205479,238
0.5561643835616439,0.14794520547945206,0.40821917808219177,149
0.0027397260273972603,0.0,0.0027397260273972603,1
0.7095890410958904,0.3780821917808219,0.3315068493150685,121
0.2958904109589041,0.6986301369863014,-0.40273972602739727,-147
0.005479452054794521,0.0,0.005479452054794521,2
0.136986301369863,0.39452054794520547,-0.25753424657534246,-94
0.36164383561643837,0.3452054794520548,0.01643835616438356,6
0.7506849315068493,0.6904109589041096,0.06027397260273973,22
0.005479452054794521,0.01643835616438356,-0.010958904109589041,-4
0.8027397260273973,0.09863013698630137,0.7041095890410959,257
0.863013698630137,0.410958904109589,0.4520547945205479,165
0.6383561643835617,0.4602739726027397,0.1780821917808219,65
0.3232876712328767,0.6575342465753424,-0.33424657534246577,-122
0.14794520547945206,0.0821917808219178,0.06575342465753424,24
0.8273972602739726,0.6986301369863014,0.12876712328767123,47
0.8027397260273973,0.021917808219178082,0.7808219178082192,285
0.7780821917808219,0.36164383561643837,0.41643835616438357,152
0.057534246575342465,0.5260273972602739,-0.4684931506849315,-171
0.273972602739726,0.06575342465753424,0.20821917808219179,76
0.684931506849315,0.5424657534246575,0.14246575342465753,52
0.8931506849315068,0.1643835616438356,0.7287671232876712,266
0.7561643835616438,0.08767123287671233,0.6684931506849315,244
0.2684931506849315,0.0,0.2684931506849315,98
0.5561643835616439,0.01643835616438356,0.5397260273972603,197
0.8821917808219178,0.0,0.8821917808219178,322
0.0027397260273972603,0.0,0.0027397260273972603,1
0.4958904109589041,0.31232876712328766,0.18356164383561643,67
0.9835616438356164,0.03287671232876712,0.9506849315068493,347
0.9780821917808219,0.03287671232876712,0.9452054794520548,345
0.4602739726027397,0.2958904109589041,0.1643835616438356,60
0.5150684931506849,0.0,0.5150684931506849,188
0.5123287671232877,0.0,0.5123287671232877,187
0.27671232876712326,0.26301369863013696,0.0136986301369863,5
0.8575342465753425,0.4273972602739726,0.4301369863013699,157
0.7178082191780822,0.31232876712328766,0.4054794520547945,148
0.736986301369863,0.2465753424657534,0.4904109589041096,179
0.7561643835616438,0.0,0.7561643835616438,276
0.7534246575342466,0.01643835616438356,0.736986301369863,269
0.7589041095890411,0.0,0.7589041095890411,277
0.684931506849315,0.0,0.684931506849315,250
0.19726027397260273,0.049315068493150684,0.14794520547945206,54
0.0684931506849315,0.2136986301369863,-0.14520547945205478,-53
0.0684931506849315,0.0821917808219178,-0.0136986301369863,-5
0.3095890410958904,0.09863013698630137,0.21095890410958903,77
0.9835616438356164,0.0,0.9835616438356164,359
0.06027397260273973,0.1643835616438356,-0.10410958904109589,-38
0.4383561643835616,0.4931506849315068,-0.0547945205479452,-20
0.0,0.01643835616438356,-0.01643835616438356,-6
0.0027397260273972603,0.1643835616438356,-0.16164383561643836,-59
0.5068493150684932,0.30684931506849317,0.2,73
0.6438356164383562,0.6986301369863014,-0.0547945205479452,-20
0.7972602739726027,0.09863013698630137,0.6986301369863014,255
0.5397260273972603,0.6575342465753424,-0.1178082191780822,-43
0.7863013698630137,0.0,0.7863013698630137,287
0.5205479452054794,0.1643835616438356,0.3561643835616438,130
0.1178082191780822,0.6986301369863014,-0.5808219178082191,-212
0.9123287671232877,0.4273972602739726,0.4849315068493151,177
0.473972602739726,0.4602739726027397,0.0136986301369863,5
0.4684931506849315,0.2958904109589041,0.1726027397260274,63
0.9561643835616438,0.0,0.9561643835616438,349
0.9561643835616438,0.0,0.9561643835616438,349
0.6027397260273972,0.5917808219178082,0.010958904109589041,4
0.5424657534246575,0.31232876712328766,0.23013698630136986,84
0.6328767123287671,0.1643835616438356,0.4684931506849315,171
0.8301369863013699,0.6575342465753424,0.1726027397260274,63
0.8904109589041096,0.6410958904109589,0.2493150684931507,91
0.9534246575342465,0.0,0.9534246575342465,348
0.9561643835616438,0.0,0.9561643835616438,349
0.01643835616438356,0.021917808219178082,-0.005479452054794521,-2
0.08767123287671233,0.18082191780821918,-0.09315068493150686,-34
0.9534246575342465,0.0,0.9534246575342465,348
0.15342465753424658,0.18082191780821918,-0.0273972602739726,-10
0.9561643835616438,0.0,0.9561643835616438,349
0.4,0.4602739726027397,-0.06027397260273973,-22
0.0,0.11506849315068493,-0.11506849315068493,-42
0.9205479452054794,0.26301369863013696,0.6575342465753424,240
0.25205479452054796,0.1643835616438356,0.08767123287671233,32
0.3095890410958904,0.27945205479452057,0.030136986301369864,11
0.08493150684931507,0.6986301369863014,-0.6136986301369863,-224
0.3506849315068493,0.06575342465753424,0.28493150684931506,104
0.6082191780821918,0.4602739726027397,0.14794520547945206,54
0.6054794520547945,0.1643835616438356,0.4410958904109589,161
0.7534246575342466,0.6986301369863014,0.0547945205479452,20
0.4821917808219178,0.049315068493150684,0.4328767123287671,158
0.10136986301369863,0.6986301369863014,-0.5972602739726027,-218
0.5726027397260274,0.4931506849315068,0.07945205479452055,29
0.936986301369863,0.4767123287671233,0.4602739726027397,168
0.5315068493150685,0.2958904109589041,0.2356164383561644,86
0.6136986301369863,0.6986301369863014,-0.08493150684931507,-31
0.049315068493150684,0.01643835616438356,0.03287671232876712,12
0.5205479452054794,0.09863013698630137,0.42191780821917807,154
0.4575342465753425,0.2958904109589041,0.16164383561643836,59
0.4931506849315068,0.0821917808219178,0.410958904109589,150
0.5068493150684932,0.19726027397260273,0.3095890410958904,113
0.0273972602739726,0.06575342465753424,-0.038356164383561646,-14
0.27945205479452057,0.0,0.27945205479452057,102
0.5424657534246575,0.23013698630136986,0.31232876712328766,114
0.7616438356164383,0.0,0.7616438356164383,278
0.00821917808219178,0.2465753424657534,-0.23835616438356164,-87
0.7041095890410959,0.6986301369863014,0.005479452054794521,2
0.20273972602739726,0.0,0.20273972602739726,74
0.7616438356164383,0.6986301369863014,0.06301369863013699,23
0.8273972602739726,0.4931506849315068,0.33424657534246577,122
0.5917808219178082,0.6986301369863014,-0.10684931506849316,-39
0.0,0.5260273972602739,-0.5260273972602739,-192
0.3150684931506849,0.4273972602739726,-0.11232876712328767,-41
0.3095890410958904,0.3835616438356164,-0.07397260273972603,-27
0.1589041095890411,0.5753424657534246,-0.41643835616438357,-152
0.0684931506849315,0.27945205479452057,-0.21095890410958903,-77
0.30684931506849317,0.2465753424657534,0.06027397260273973,22
0.0410958904109589,0.0821917808219178,-0.0410958904109589,-15
0.7726027397260274,0.6986301369863014,0.07397260273972603,27
0.5068493150684932,0.0821917808219178,0.4246575342465753,155
0.005479452054794521,0.0,0.005479452054794521,2
0.5753424657534246,0.0,0.5753424657534246,210
0.863013698630137,0.09863013698630137,0.7643835616438356,279
0.8794520547945206,0.11506849315068493,0.7643835616438356,279
0.2602739726027397,0.0,0.2602739726027397,95
0.19452054794520549,0.6986301369863014,-0.5041095890410959,-184
0.30684931506849317,0.14794520547945206,0.1589041095890411,58
0.1506849315068493,0.5095890410958904,-0.3589041095890411,-131
0.5095890410958904,0.0,0.5095890410958904,186
0.0136986301369863,0.06575342465753424,-0.052054794520547946,-19
0.7808219178082192,0.36164383561643837,0.4191780821917808,153
0.0958904109589041,0.03287671232876712,0.06301369863013699,23
0.9917808219178083,0.0,0.9917808219178083,362
0.0,0.0,0.0,0
0.7561643835616438,0.0,0.7561643835616438,276
0.3561643835616438,0.6986301369863014,-0.3424657534246575,-125
0.3972602739726027,0.136986301369863,0.2602739726027397,95
0.0821917808219178,0.36164383561643837,-0.27945205479452057,-102
0.019178082191780823,0.0,0.019178082191780823,7
0.5123287671232877,0.01643835616438356,0.4958904109589041,181
0.0027397260273972603,0.0,0.0027397260273972603,1
0.0027397260273972603,0.0,0.0027397260273972603,1
0.06027397260273973,0.1643835616438356,-0.10410958904109589,-38
0.9561643835616438,0.0,0.9561643835616438,349
0.3589041095890411,0.6986301369863014,-0.33972602739726027,-124
0.9041095890410958,0.31232876712328766,0.5917808219178082,216
0.07671232876712329,0.1643835616438356,-0.08767123287671233,-32
0.8328767123287671,0.39452054794520547,0.4383561643835616,160
0.9753424657534246,0.23013698630136986,0.7452054794520548,272
0.030136986301369864,0.4931506849315068,-0.46301369863013697,-169
0.00821917808219178,0.0,0.00821917808219178,3
0.049315068493150684,0.049315068493150684,0.0,0
0.0273972602739726,0.0821917808219178,-0.0547945205479452,-20
0.8767123287671232,0.0,0.8767123287671232,320
0.736986301369863,0.30684931506849317,0.4301369863013699,157
0.5123287671232877,0.049315068493150684,0.46301369863013697,169
0.336986301369863,0.14794520547945206,0.18904109589041096,69
0.16164383561643836,0.0,0.16164383561643836,59
0.6520547945205479,0.15342465753424658,0.4986301369863014,182
0.7589041095890411,0.0,0.7589041095890411,277
0.030136986301369864,0.2958904109589041,-0.26575342465753427,-97
0.3041095890410959,0.26301369863013696,0.0410958904109589,15
0.0027397260273972603,0.0,0.0027397260273972603,1
0.7780821917808219,0.6986301369863014,0.07945205479452055,29
0.4246575342465753,0.049315068493150684,0.37534246575342467,137
0.6493150684931507,0.5095890410958904,0.13972602739726028,51
0.18356164383561643,0.03287671232876712,0.1506849315068493,55
0.2,0.0,0.2,73
0.8821917808219178,0.31232876712328766,0.5698630136986301,208
0.536986301369863,0.01643835616438356,0.5205479452054794,190
0.7726027397260274,0.0,0.7726027397260274,282
0.9534246575342465,0.03287671232876712,0.9205479452054794,336
0.7616438356164383,0.0,0.7616438356164383,278
0.5397260273972603,0.19726027397260273,0.3424657534246575,125
0.31232876712328766,0.01643835616438356,0.2958904109589041,108
0.46301369863013697,0.6986301369863014,-0.2356164383561644,-86
0.5123287671232877,0.0821917808219178,0.4301369863013699,157
0.049315068493150684,0.6986301369863014,-0.6493150684931507,-237
0.44931506849315067,0.13150684931506848,0.3178082191780822,116
0.6383561643835617,0.09863013698630137,0.5397260273972603,197
0.3506849315068493,0.6986301369863014,-0.34794520547945207,-127
0.8575342465753425,0.2958904109589041,0.5616438356164384,205
0.4794520547945205,0.18082191780821918,0.29863013698630136,109
0.8328767123287671,0.6986301369863014,0.13424657534246576,49
0.06575342465753424,0.673972602739726,-0.6082191780821918,-222
0.5150684931506849,0.0,0.5150684931506849,188
0.26575342465753427,0.0,0.26575342465753427,97
0.0410958904109589,0.1643835616438356,-0.1232876712328767,-45
0.03287671232876712,0.049315068493150684,-0.01643835616438356,-6
0.28493150684931506,0.30684931506849317,-0.021917808219178082,-8
0.13972602739726028,0.31232876712328766,-0.1726027397260274,-63
0.07123287671232877,0.410958904109589,-0.33972602739726027,-124
0.6328767123287671,0.0,0.6328767123287671,231
0.1178082191780822,0.06575342465753424,0.052054794520547946,19
0.16986301369863013,0.4931506849315068,-0.3232876712328767,-118
0.0273972602739726,0.2136986301369863,-0.1863013698630137,-68
0.8383561643835616,0.6410958904109589,0.19726027397260273,72
0.1506849315068493,0.2465753424657534,-0.0958904109589041,-35
0.04657534246575343,0.14794520547945206,-0.10136986301369863,-37
0.11232876712328767,0.6986301369863014,-0.5863013698630137,-214
0.03287671232876712,0.0821917808219178,-0.049315068493150684,-18
0.8547945205479452,0.6986301369863014,0.15616438356164383,57
0.0136986301369863,0.0,0.0136986301369863,5
0.6438356164383562,0.673972602739726,-0.030136986301369864,-11
0.0,0.18082191780821918,-0.18082191780821918,-66
0.3780821917808219,0.3780821917808219,0.0,0
0.13972602739726028,0.6986301369863014,-0.5589041095890411,-204
0.049315068493150684,0.06575342465753424,-0.01643835616438356,-6
0.18356164383561643,0.09863013698630137,0.08493150684931507,31
0.08493150684931507,0.27945205479452057,-0.19452054794520549,-71
0.07671232876712329,0.2136986301369863,-0.136986301369863,-50
0.5643835616438356,0.30684931506849317,0.25753424657534246,94
0.5616438356164384,0.5753424657534246,-0.0136986301369863,-5
0.057534246575342465,0.4931506849315068,-0.43561643835616437,-159
0.19452054794520549,0.3287671232876712,-0.13424657534246576,-49
0.41643835616438357,0.4931506849315068,-0.07671232876712329,-28
0.5150684931506849,0.049315068493150684,0.4657534246575342,170
0.08493150684931507,0.39452054794520547,-0.3095890410958904,-113
0.0136986301369863,0.5095890410958904,-0.4958904109589041,-181
0.1506849315068493,0.14794520547945206,0.0027397260273972603,1
0.5534246575342465,0.0,0.5534246575342465,202
0.34794520547945207,0.5095890410958904,-0.16164383561643836,-59
0.8164383561643835,0.4438356164383562,0.3726027397260274,136
0.07945205479452055,0.3780821917808219,-0.29863013698630136,-109
0.17534246575342466,0.5260273972602739,-0.3506849315068493,-128
0.7972602739726027,0.4931506849315068,0.3041095890410959,111
0.36712328767123287,0.410958904109589,-0.043835616438356165,-16
0.6767123287671233,0.31232876712328766,0.3643835616438356,133
0.3095890410958904,0.5589041095890411,-0.2493150684931507,-91
0.6493150684931507,0.6986301369863014,-0.049315068493150684,-18
0.07397260273972603,0.1643835616438356,-0.09041095890410959,-33
0.3863013698630137,0.4602739726027397,-0.07397260273972603,-27
0.049315068493150684,0.6986301369863014,-0.6493150684931507,-237
0.3095890410958904,0.0,0.3095890410958904,113
0.7205479452054795,0.1643835616438356,0.5561643835616439,203
0.04657534246575343,0.14794520547945206,-0.10136986301369863,-37
0.5424657534246575,0.6986301369863014,-0.15616438356164383,-57
0.5643835616438356,0.13150684931506848,0.4328767123287671,158
0.27945205479452057,0.0,0.27945205479452057,102
0.2054794520547945,0.6986301369863014,-0.4931506849315068,-180
0.35342465753424657,0.4438356164383562,-0.09041095890410959,-33
0.0027397260273972603,0.1643835616438356,-0.16164383561643836,-59
0.0027397260273972603,0.0,0.0027397260273972603,1
0.21643835616438356,0.6575342465753424,-0.4410958904109589,-161
0.4328767123287671,0.6986301369863014,-0.26575342465753427,-97
0.2602739726027397,0.0,0.2602739726027397,95
0.08767123287671233,0.1643835616438356,-0.07671232876712329,-28
0.0273972602739726,0.26301369863013696,-0.2356164383561644,-86
0.27945205479452057,0.3287671232876712,-0.049315068493150684,-18
0.8383561643835616,0.0821917808219178,0.7561643835616438,276
0.0,0.1643835616438356,-0.1643835616438356,-60
0.28493150684931506,0.03287671232876712,0.25205479452054796,92
0.21095890410958903,0.13150684931506848,0.07945205479452055,29
0.09863013698630137,0.0,0.09863013698630137,36
0.4054794520547945,0.36164383561643837,0.043835616438356165,16
0.12054794520547946,0.27945205479452057,-0.1589041095890411,-58
0.3972602739726027,0.0,0.3972602739726027,145
0.0027397260273972603,0.1643835616438356,-0.16164383561643836,-59
0.010958904109589041,0.0,0.010958904109589041,4
0.4876712328767123,0.2191780821917808,0.2684931506849315,98
0.7780821917808219,0.06575342465753424,0.7123287671232876,260
0.6712328767123288,0.19726027397260273,0.473972602739726,173
0.39452054794520547,0.6986301369863014,-0.3041095890410959,-111
0.06575342465753424,0.0821917808219178,-0.01643835616438356,-6
0.852054794520548,0.6986301369863014,0.15342465753424658,56
0.6493150684931507,0.11506849315068493,0.5342465753424658,195
0.7808219178082192,0.23013698630136986,0.5506849315068493,201
0.7835616438356164,0.13150684931506848,0.6520547945205479,238
0.13150684931506848,0.15342465753424658,-0.021917808219178082,-8
0.7178082191780822,0.36164383561643837,0.3561643835616438,130
0.0,0.0,0.0,0
0.043835616438356165,0.39452054794520547,-0.3506849315068493,-128
0.9123287671232877,0.26301369863013696,0.6493150684931507,237
0.336986301369863,0.3287671232876712,0.00821917808219178,3
0.14246575342465753,0.6986301369863014,-0.5561643835616439,-203
0.04657534246575343,0.1643835616438356,-0.1178082191780822,-43
0.2547945205479452,0.0,0.2547945205479452,93
0.2356164383561644,0.1643835616438356,0.07123287671232877,26
0.0027397260273972603,0.0,0.0027397260273972603,1
0.8465753424657534,0.27945205479452057,0.5671232876712329,207
0.16712328767123288,0.4767123287671233,-0.3095890410958904,-113
0.2191780821917808,0.13150684931506848,0.08767123287671233,32
0.4684931506849315,0.5753424657534246,-0.10684931506849316,-39
0.40273972602739727,0.6986301369863014,-0.2958904109589041,-108
0.5698630136986301,0.021917808219178082,0.547945205479452,200
0.273972602739726,0.2958904109589041,-0.021917808219178082,-8
0.28493150684931506,0.11506849315068493,0.16986301369863013,62
0.5068493150684932,0.4273972602739726,0.07945205479452055,29
0.08493150684931507,0.27945205479452057,-0.19452054794520549,-71
0.5232876712328767,0.021917808219178082,0.5013698630136987,183
0.8931506849315068,0.3287671232876712,0.5643835616438356,206
0.3972602739726027,0.5424657534246575,-0.14520547945205478,-53
0.9205479452054794,0.19726027397260273,0.7232876712328767,264
0.2219178082191781,0.09863013698630137,0.1232876712328767,45
0.1095890410958904,0.13150684931506848,-0.021917808219178082,-8
0.6493150684931507,0.2136986301369863,0.43561643835616437,159
0.09041095890410959,0.01643835616438356,0.07397260273972603,27
0.4876712328767123,0.673972602739726,-0.1863013698630137,-68
0.136986301369863,0.6794520547945205,-0.5424657534246575,-198
0.31232876712328766,0.1643835616438356,0.14794520547945206,54
0.3561643835616438,0.6986301369863014,-0.3424657534246575,-125
0.5506849315068493,0.03287671232876712,0.5178082191780822,189
0.958904109589041,0.049315068493150684,0.9095890410958904,332
0.5780821917808219,0.23013698630136986,0.34794520547945207,127
0.14520547945205478,0.049315068493150684,0.0958904109589041,35
0.10410958904109589,0.4602739726027397,-0.3561643835616438,-130
0.36712328767123287,0.6986301369863014,-0.3315068493150685,-121
0.5589041095890411,0.6986301369863014,-0.13972602739726028,-51
0.04657534246575343,0.18082191780821918,-0.13424657534246576,-49
0.10684931506849316,0.3287671232876712,-0.2219178082191781,-81
0.3232876712328767,0.18082191780821918,0.14246575342465753,52
0.3013698630136986,0.049315068493150684,0.25205479452054796,92
0.3178082191780822,0.01643835616438356,0.3013698630136986,110
0.46301369863013697,0.0,0.46301369863013697,169
0.14246575342465753,0.049315068493150684,0.09315068493150686,34
0.052054794520547946,0.2136986301369863,-0.16164383561643836,-59
0.0,0.0,0.0,0
0.052054794520547946,0.2191780821917808,-0.16712328767123288,-61
0.6082191780821918,0.6986301369863014,-0.09041095890410959,-33
0.2821917808219178,0.03287671232876712,0.2493150684931507,91
0.03561643835616438,0.410958904109589,-0.37534246575342467,-137
0.3150684931506849,0.4767123287671233,-0.16164383561643836,-59
0.8082191780821918,0.6986301369863014,0.1095890410958904,40
0.3178082191780822,0.6575342465753424,-0.33972602739726027,-124
0.11506849315068493,0.01643835616438356,0.09863013698630137,36
0.8657534246575342,0.01643835616438356,0.8493150684931506,310
0.32054794520547947,0.3287671232876712,-0.00821917808219178,-3
0.9698630136986301,0.2465753424657534,0.7232876712328767,264
0.8,0.3780821917808219,0.42191780821917807,154
0.5589041095890411,0.03287671232876712,0.5260273972602739,192
0.5863013698630137,0.6904109589041096,-0.10410958904109589,-38
0.336986301369863,0.5424657534246575,-0.2054794520547945,-75
0.6219178082191781,0.6986301369863014,-0.07671232876712329,-28
0.00821917808219178,0.01643835616438356,-0.00821917808219178,-3
0.8383561643835616,0.14794520547945206,0.6904109589041096,252
0.34794520547945207,0.14794520547945206,0.2,73
0.736986301369863,0.3287671232876712,0.40821917808219177,149
0.7506849315068493,0.6986301369863014,0.052054794520547946,19
0.00821917808219178,0.03287671232876712,-0.024657534246575342,-9
0.6712328767123288,0.6986301369863014,-0.0273972602739726,-10
0.726027397260274,0.06575342465753424,0.6602739726027397,241
0.18082191780821918,0.4931506849315068,-0.31232876712328766,-114
0.1232876712328767,0.6986301369863014,-0.5753424657534246,-210
0.26301369863013696,0.11506849315068493,0.14794520547945206,54
0.6410958904109589,0.0,0.6410958904109589,234
0.021917808219178082,0.1643835616438356,-0.14246575342465753,-52
0.5561643835616439,0.23013698630136986,0.32602739726027397,119
0.6082191780821918,0.043835616438356165,0.5643835616438356,206
0.6684931506849315,0.27945205479452057,0.38904109589041097,142
0.005479452054794521,0.049315068493150684,-0.043835616438356165,-16
0.057534246575342465,0.23013698630136986,-0.1726027397260274,-63
0.39452054794520547,0.4273972602739726,-0.03287671232876712,-12
0.9780821917808219,0.4273972602739726,0.5506849315068493,201
0.810958904109589,0.049315068493150684,0.7616438356164383,278
0.5178082191780822,0.13150684931506848,0.3863013698630137,141
0.5616438356164384,0.6136986301369863,-0.052054794520547946,-19
0.9616438356164384,0.06575342465753424,0.8958904109589041,327
0.9780821917808219,0.5260273972602739,0.4520547945205479,165
0.589041095890411,0.23013698630136986,0.3589041095890411,131
0.684931506849315,0.6986301369863014,-0.0136986301369863,-5
0.5260273972602739,0.0,0.5260273972602739,192
0.5698630136986301,0.2136986301369863,0.3561643835616438,130
0.5287671232876713,0.0273972602739726,0.5013698630136987,183
0.019178082191780823,0.26301369863013696,-0.24383561643835616,-89
0.8301369863013699,0.0,0.8301369863013699,303
0.019178082191780823,0.6986301369863014,-0.6794520547945205,-248
0.09863013698630137,0.6986301369863014,-0.6,-219
0.7178082191780822,0.36164383561643837,0.3561643835616438,130
0.9178082191780822,0.01643835616438356,0.9013698630136986,329
0.6027397260273972,0.049315068493150684,0.5534246575342465,202
0.8438356164383561,0.6986301369863014,0.14520547945205478,53
0.7589041095890411,0.0,0.7589041095890411,277
0.6958904109589041,0.049315068493150684,0.6465753424657534,236
0.8575342465753425,0.0821917808219178,0.7753424657534247,283
0.7479452054794521,0.0,0.7479452054794521,273
0.7753424657534247,0.6986301369863014,0.07671232876712329,28
0.0,0.0,0.0,0
0.5561643835616439,0.0821917808219178,0.473972602739726,173
0.6383561643835617,0.6986301369863014,-0.06027397260273973,-22
0.46301369863013697,0.6986301369863014,-0.2356164383561644,-86
0.0027397260273972603,0.0,0.0027397260273972603,1
0.005479452054794521,0.0,0.005479452054794521,2
0.7068493150684931,0.4602739726027397,0.2465753424657534,90
0.8027397260273973,0.0,0.8027397260273973,293
0.7890410958904109,0.0,0.7890410958904109,288
0.4547945205479452,0.3287671232876712,0.12602739726027398,46
0.7150684931506849,0.2136986301369863,0.5013698630136987,183
0.3150684931506849,0.4767123287671233,-0.16164383561643836,-59
0.7561643835616438,0.0,0.7561643835616438,276
0.024657534246575342,0.0821917808219178,-0.057534246575342465,-21
0.0,0.0,0.0,0
0.2876712328767123,0.13150684931506848,0.15616438356164383,57
0.07123287671232877,0.06575342465753424,0.005479452054794521,2
0.3232876712328767,0.2465753424657534,0.07671232876712329,28
0.663013698630137,0.3452054794520548,0.3178082191780822,116
0.5095890410958904,0.03287671232876712,0.4767123287671233,174
0.8027397260273973,0.0,0.8027397260273973,293
0.8301369863013699,0.0,0.8301369863013699,303
0.5260273972602739,0.0,0.5260273972602739,192
0.136986301369863,0.6986301369863014,-0.5616438356164384,-205
0.9643835616438357,0.03287671232876712,0.9315068493150684,340
0.4383561643835616,0.5424657534246575,-0.10410958904109589,-38
0.8,0.01643835616438356,0.7835616438356164,286
0.8027397260273973,0.0,0.8027397260273973,293
0.8027397260273973,0.0,0.8027397260273973,293
0.8191780821917808,0.01643835616438356,0.8027397260273973,293
0.024657534246575342,0.23013698630136986,-0.2054794520547945,-75
0.2602739726027397,0.13150684931506848,0.12876712328767123,47
0.005479452054794521,0.6575342465753424,-0.6520547945205479,-238
0.03287671232876712,0.11506849315068493,-0.0821917808219178,-30
0.863013698630137,0.6986301369863014,0.1643835616438356,60
0.8356164383561644,0.3287671232876712,0.5068493150684932,185
0.4602739726027397,0.6575342465753424,-0.19726027397260273,-72
0.1917808219178082,0.043835616438356165,0.14794520547945206,54
0.06575342465753424,0.15342465753424658,-0.08767123287671233,-32
0.5589041095890411,0.1643835616438356,0.39452054794520547,144
0.12054794520547946,0.4602739726027397,-0.33972602739726027,-124
0.3863013698630137,0.1643835616438356,0.2219178082191781,81
0.5013698630136987,0.2136986301369863,0.2876712328767123,105
0.2273972602739726,0.0,0.2273972602739726,83
0.873972602739726,0.4438356164383562,0.4301369863013699,157
0.5095890410958904,0.0,0.5095890410958904,186
0.5095890410958904,0.1917808219178082,0.3178082191780822,116
0.0273972602739726,0.0,0.0273972602739726,10
0.12602739726027398,0.5589041095890411,-0.4328767123287671,-158
0.16986301369863013,0.01643835616438356,0.15342465753424658,56
0.13424657534246576,0.0,0.13424657534246576,49
0.7616438356164383,0.33972602739726027,0.42191780821917807,154
0.5123287671232877,0.11506849315068493,0.3972602739726027,145
0.27123287671232876,0.06575342465753424,0.2054794520547945,75
0.09315068493150686,0.3780821917808219,-0.28493150684931506,-104
0.41643835616438357,0.4602739726027397,-0.043835616438356165,-16
0.4821917808219178,0.4602739726027397,0.021917808219178082,8
0.5616438356164384,0.2136986301369863,0.34794520547945207,127
0.915068493150685,0.0821917808219178,0.8328767123287671,304
0.08493150684931507,0.4931506849315068,-0.40821917808219177,-149
0.852054794520548,0.08767123287671233,0.7643835616438356,279
0.5205479452054794,0.6575342465753424,-0.136986301369863,-50
0.7863013698630137,0.0821917808219178,0.7041095890410959,257
0.0,0.0,0.0,0
0.8684931506849315,0.4931506849315068,0.37534246575342467,137
0.7917808219178082,0.13150684931506848,0.6602739726027397,241
0.2602739726027397,0.4931506849315068,-0.2328767123287671,-85
0.5397260273972603,0.31232876712328766,0.2273972602739726,83
0.19452054794520549,0.0,0.19452054794520549,71
0.10136986301369863,0.049315068493150684,0.052054794520547946,19
0.32054794520547947,0.19726027397260273,0.1232876712328767,45
0.7534246575342466,0.0,0.7534246575342466,275
0.19452054794520549,0.2465753424657534,-0.052054794520547946,-19
0.3041095890410959,0.39452054794520547,-0.09041095890410959,-33
0.3424657534246575,0.36164383561643837,-0.019178082191780823,-7
0.005479452054794521,0.1643835616438356,-0.1589041095890411,-58
0.14794520547945206,0.09863013698630137,0.049315068493150684,18
0.005479452054794521,0.14794520547945206,-0.14246575342465753,-52
0.3589041095890411,0.4767123287671233,-0.1178082191780822,-43
0.010958904109589041,0.06575342465753424,-0.0547945205479452,-20
0.8082191780821918,0.6986301369863014,0.1095890410958904,40
0.057534246575342465,0.4931506849315068,-0.43561643835616437,-159
0.9178082191780822,0.31232876712328766,0.6054794520547945,221
0.3589041095890411,0.3452054794520548,0.0136986301369863,5
0.019178082191780823,0.2136986301369863,-0.19452054794520549,-71
0.8684931506849315,0.049315068493150684,0.8191780821917808,299
0.019178082191780823,0.6986301369863014,-0.6794520547945205,-248
0.5095890410958904,0.4931506849315068,0.01643835616438356,6
0.019178082191780823,0.0,0.019178082191780823,7
0.1232876712328767,0.09863013698630137,0.024657534246575342,9
0.3150684931506849,0.0,0.3150684931506849,115
0.3013698630136986,0.6986301369863014,-0.3972602739726027,-145
0.0410958904109589,0.23013698630136986,-0.18904109589041096,-69
0.6684931506849315,0.0,0.6684931506849315,244
0.7972602739726027,0.6986301369863014,0.09863013698630137,36
0.9835616438356164,0.0,0.9835616438356164,359
0.6054794520547945,0.0,0.6054794520547945,221
0.4301369863013699,0.14794520547945206,0.2821917808219178,103
0.2821917808219178,0.14794520547945206,0.13424657534246576,49
0.7671232876712328,0.39452054794520547,0.3726027397260274,136
0.2876712328767123,0.6575342465753424,-0.3698630136986301,-135
0.07123287671232877,0.6986301369863014,-0.6273972602739726,-229
0.6136986301369863,0.6986301369863014,-0.08493150684931507,-31
0.5808219178082191,0.6986301369863014,-0.1178082191780822,-43
0.7917808219178082,0.19726027397260273,0.5945205479452055,217
0.8246575342465754,0.5424657534246575,0.2821917808219178,103
0.7068493150684931,0.4438356164383562,0.26301369863013696,96
0.26575342465753427,0.01643835616438356,0.2493150684931507,91
0.19726027397260273,0.0,0.19726027397260273,72
0.547945205479452,0.13150684931506848,0.41643835616438357,152
0.4410958904109589,0.06575342465753424,0.37534246575342467,137
0.005479452054794521,0.1643835616438356,-0.1589041095890411,-58
0.7534246575342466,0.0,0.7534246575342466,275
0.9534246575342465,0.18082191780821918,0.7726027397260274,282
0.09863013698630137,0.01643835616438356,0.0821917808219178,30
0.5726027397260274,0.0,0.5726027397260274,209
0.0273972602739726,0.09863013698630137,-0.07123287671232877,-26
0.4136986301369863,0.4602739726027397,-0.04657534246575343,-17
0.915068493150685,0.18082191780821918,0.7342465753424657,268
0.30684931506849317,0.2465753424657534,0.06027397260273973,22
0.26301369863013696,0.6575342465753424,-0.39452054794520547,-144
0.18356164383561643,0.6986301369863014,-0.5150684931506849,-188
0.03561643835616438,0.1643835616438356,-0.12876712328767123,-47
0.3315068493150685,0.5260273972602739,-0.19452054794520549,-71
0.4465753424657534,0.038356164383561646,0.40821917808219177,149
0.1589041095890411,0.4602739726027397,-0.3013698630136986,-110
0.26301369863013696,0.0,0.26301369863013696,96
0.28493150684931506,0.19726027397260273,0.08767123287671233,32
0.13972602739726028,0.2958904109589041,-0.15616438356164383,-57
0.29863013698630136,0.0,0.29863013698630136,109
0.4767123287671233,0.2958904109589041,0.18082191780821918,66
0.0027397260273972603,0.01643835616438356,-0.0136986301369863,-5
0.9835616438356164,0.673972602739726,0.3095890410958904,113
0.00821917808219178,0.4438356164383562,-0.43561643835616437,-159
0.6328767123287671,0.31232876712328766,0.32054794520547947,117
0.536986301369863,0.0,0.536986301369863,196
0.26301369863013696,0.11506849315068493,0.14794520547945206,54
0.8301369863013699,0.0,0.8301369863013699,303
0.8136986301369863,0.03287671232876712,0.7808219178082192,285
0.5397260273972603,0.6986301369863014,-0.1589041095890411,-58
0.7534246575342466,0.0,0.7534246575342466,275
0.915068493150685,0.049315068493150684,0.8657534246575342,316
0.8712328767123287,0.09863013698630137,0.7726027397260274,282
0.8246575342465754,0.0821917808219178,0.7424657534246575,271
0.852054794520548,0.4602739726027397,0.3917808219178082,143
0.12054794520547946,0.5753424657534246,-0.4547945205479452,-166
0.5726027397260274,0.31232876712328766,0.2602739726027397,95
0.0547945205479452,0.03287671232876712,0.021917808219178082,8
0.052054794520547946,0.1643835616438356,-0.11232876712328767,-41
0.33972602739726027,0.0821917808219178,0.25753424657534246,94
0.5068493150684932,0.0,0.5068493150684932,185
0.13424657534246576,0.4931506849315068,-0.3589041095890411,-131
0.26575342465753427,0.01643835616438356,0.2493150684931507,91
0.010958904109589041,0.0,0.010958904109589041,4
0.8383561643835616,0.049315068493150684,0.7890410958904109,288
0.06575342465753424,0.39452054794520547,-0.3287671232876712,-120
0.7561643835616438,0.01643835616438356,0.7397260273972602,270
0.9506849315068493,0.03287671232876712,0.9178082191780822,335
0.010958904109589041,0.09863013698630137,-0.08767123287671233,-32
0.5095890410958904,0.0,0.5095890410958904,186
0.863013698630137,0.049315068493150684,0.8136986301369863,297
0.13424657534246576,0.3287671232876712,-0.19452054794520549,-71
0.4684931506849315,0.6575342465753424,-0.18904109589041096,-69
0.9808219178082191,0.14794520547945206,0.8328767123287671,304
0.35342465753424657,0.6986301369863014,-0.3452054794520548,-126
0.04657534246575343,0.0,0.04657534246575343,17
0.9041095890410958,0.049315068493150684,0.8547945205479452,312
0.0821917808219178,0.4273972602739726,-0.3452054794520548,-126
0.5534246575342465,0.15342465753424658,0.4,146
0.0027397260273972603,0.0,0.0027397260273972603,1
0.4712328767123288,0.0,0.4712328767123288,172
0.1917808219178082,0.6986301369863014,-0.5068493150684932,-185
0.4684931506849315,0.0,0.4684931506849315,171
0.6054794520547945,0.1643835616438356,0.4410958904109589,161
0.5150684931506849,0.0821917808219178,0.4328767123287671,158
0.024657534246575342,0.4602739726027397,-0.43561643835616437,-159
0.663013698630137,0.01643835616438356,0.6465753424657534,236
0.5178082191780822,0.01643835616438356,0.5013698630136987,183
0.736986301369863,0.3780821917808219,0.3589041095890411,131
0.7424657534246575,0.6986301369863014,0.043835616438356165,16
0.1726027397260274,0.6986301369863014,-0.5260273972602739,-192
0.5260273972602739,0.27945205479452057,0.2465753424657534,90
0.08493150684931507,0.6575342465753424,-0.5726027397260274,-209
0.3315068493150685,0.2958904109589041,0.03561643835616438,13
0.1095890410958904,0.6986301369863014,-0.589041095890411,-215
0.0821917808219178,0.6986301369863014,-0.6164383561643836,-225
0.25205479452054796,0.13150684931506848,0.12054794520547946,44
0.06301369863013699,0.6986301369863014,-0.6356164383561644,-232
0.8356164383561644,0.01643835616438356,0.8191780821917808,299
0.8849315068493151,0.0821917808219178,0.8027397260273973,293
0.5260273972602739,0.0,0.5260273972602739,192
0.5452054794520548,0.19726027397260273,0.34794520547945207,127
0.5150684931506849,0.6986301369863014,-0.18356164383561643,-67
0.0027397260273972603,0.0,0.0027397260273972603,1
0.01643835616438356,0.2136986301369863,-0.19726027397260273,-72
0.6684931506849315,0.0821917808219178,0.5863013698630137,214
0.5835616438356165,0.6986301369863014,-0.11506849315068493,-42
0.5534246575342465,0.1643835616438356,0.38904109589041097,142
0.4684931506849315,0.01643835616438356,0.4520547945205479,165
0.6986301369863014,0.1643835616438356,0.5342465753424658,195
0.5561643835616439,0.6575342465753424,-0.10136986301369863,-37
0.6356164383561644,0.19726027397260273,0.4383561643835616,160
0.7123287671232876,0.0,0.7123287671232876,260
0.9726027397260274,0.049315068493150684,0.9232876712328767,337
0.5041095890410959,0.2136986301369863,0.29041095890410956,106
0.0,0.2465753424657534,-0.2465753424657534,-90
0.16164383561643836,0.6575342465753424,-0.4958904109589041,-181
0.24383561643835616,0.09863013698630137,0.14520547945205478,53
0.2821917808219178,0.4931506849315068,-0.21095890410958903,-77
0.7178082191780822,0.6986301369863014,0.019178082191780823,7
0.3232876712328767,0.6986301369863014,-0.37534246575342467,-137
0.3315068493150685,0.5589041095890411,-0.2273972602739726,-83
0.27945205479452057,0.3780821917808219,-0.09863013698630137,-36
0.6356164383561644,0.27945205479452057,0.3561643835616438,130
0.7342465753424657,0.410958904109589,0.3232876712328767,118
0.6986301369863014,0.5260273972602739,0.1726027397260274,63
0.3150684931506849,0.23013698630136986,0.08493150684931507,31
0.2684931506849315,0.049315068493150684,0.2191780821917808,80
0.7945205479452054,0.0821917808219178,0.7123287671232876,260
0.16986301369863013,0.3287671232876712,-0.1589041095890411,-58
0.7890410958904109,0.2410958904109589,0.547945205479452,200
0.04657534246575343,0.6986301369863014,-0.6520547945205479,-238
0.4465753424657534,0.03287671232876712,0.4136986301369863,151
0.7506849315068493,0.03287671232876712,0.7178082191780822,262
0.8821917808219178,0.0,0.8821917808219178,322
0.7342465753424657,0.39452054794520547,0.33972602739726027,124
0.9616438356164384,0.6904109589041096,0.27123287671232876,99
0.08767123287671233,0.01643835616438356,0.07123287671232877,26
0.7068493150684931,0.2465753424657534,0.4602739726027397,168
0.0136986301369863,0.0,0.0136986301369863,5
0.7726027397260274,0.0,0.7726027397260274,282
0.08767123287671233,0.6410958904109589,-0.5534246575342465,-202
0.9780821917808219,0.3287671232876712,0.6493150684931507,237
0.021917808219178082,0.0,0.021917808219178082,8
0.9178082191780822,0.18082191780821918,0.736986301369863,269
0.13972602739726028,0.5095890410958904,-0.3698630136986301,-135
0.09041095890410959,0.0,0.09041095890410959,33
0.06301369863013699,0.11506849315068493,-0.052054794520547946,-19
0.947945205479452,0.23013698630136986,0.7178082191780822,262
0.5808219178082191,0.16986301369863013,0.410958904109589,150
0.32054794520547947,0.6986301369863014,-0.3780821917808219,-138
0.5232876712328767,0.09863013698630137,0.4246575342465753,155
0.5589041095890411,0.27945205479452057,0.27945205479452057,102
0.2328767123287671,0.4273972602739726,-0.19452054794520549,-71
0.9808219178082191,0.0,0.9808219178082191,358
0.5863013698630137,0.3287671232876712,0.25753424657534246,94
0.9506849315068493,0.049315068493150684,0.9013698630136986,329
0.8657534246575342,0.1643835616438356,0.7013698630136986,256
0.052054794520547946,0.18082191780821918,-0.12876712328767123,-47
0.038356164383561646,0.0,0.038356164383561646,14
0.7534246575342466,0.0,0.7534246575342466,275
0.28493150684931506,0.11506849315068493,0.16986301369863013,62
0.024657534246575342,0.03287671232876712,-0.00821917808219178,-3
0.16712328767123288,0.09863013698630137,0.0684931506849315,25
0.40273972602739727,0.13150684931506848,0.27123287671232876,99
0.024657534246575342,0.0,0.024657534246575342,9
0.052054794520547946,0.0,0.052054794520547946,19
0.0136986301369863,0.01643835616438356,-0.0027397260273972603,-1
0.4712328767123288,0.11506849315068493,0.3561643835616438,130
0.16164383561643836,0.01643835616438356,0.14520547945205478,53
0.5561643835616439,0.0,0.5561643835616439,203
0.1095890410958904,0.6986301369863014,-0.589041095890411,-215
0.26301369863013696,0.0,0.26301369863013696,96
0.08493150684931507,0.13150684931506848,-0.04657534246575343,-17
0.7452054794520548,0.6246575342465753,0.12054794520547946,44
0.9671232876712329,0.14794520547945206,0.8191780821917808,299
0.29315068493150687,0.0,0.29315068493150687,107
0.13972602739726028,0.5424657534246575,-0.40273972602739727,-147
0.3013698630136986,0.1643835616438356,0.136986301369863,50
0.0684931506849315,0.0,0.0684931506849315,25
0.0958904109589041,0.0,0.0958904109589041,35
0.06575342465753424,0.3287671232876712,-0.26301369863013696,-96
0.0027397260273972603,0.0,0.0027397260273972603,1
0.35342465753424657,0.3452054794520548,0.00821917808219178,3
0.18904109589041096,0.6575342465753424,-0.4684931506849315,-171
0.6821917808219178,0.6986301369863014,-0.01643835616438356,-6
0.5013698630136987,0.0,0.5013698630136987,183
0.7424657534246575,0.0,0.7424657534246575,271
0.8082191780821918,0.6986301369863014,0.1095890410958904,40
0.7890410958904109,0.6986301369863014,0.09041095890410959,33
0.4986301369863014,0.11506849315068493,0.3835616438356164,140
0.03561643835616438,0.14794520547945206,-0.11232876712328767,-41
0.7808219178082192,0.6904109589041096,0.09041095890410959,33
0.06027397260273973,0.0,0.06027397260273973,22
0.049315068493150684,0.23013698630136986,-0.18082191780821918,-66
0.6465753424657534,0.07671232876712329,0.5698630136986301,208
0.3150684931506849,0.6986301369863014,-0.3835616438356164,-140
0.043835616438356165,0.13150684931506848,-0.08767123287671233,-32
0.6054794520547945,0.0821917808219178,0.5232876712328767,191
0.0958904109589041,0.13150684931506848,-0.03561643835616438,-13
0.7589041095890411,0.0,0.7589041095890411,277
0.4821917808219178,0.01643835616438356,0.4657534246575342,170
0.4904109589041096,0.01643835616438356,0.473972602739726,173
0.049315068493150684,0.0,0.049315068493150684,18
0.0958904109589041,0.6986301369863014,-0.6027397260273972,-220
0.3095890410958904,0.049315068493150684,0.2602739726027397,95
0.08767123287671233,0.23013698630136986,-0.14246575342465753,-52
0.1095890410958904,0.6986301369863014,-0.589041095890411,-215
0.00821917808219178,0.01643835616438356,-0.00821917808219178,-3
0.4191780821917808,0.6575342465753424,-0.23835616438356164,-87
0.9561643835616438,0.0,0.9561643835616438,349
0.27123287671232876,0.5753424657534246,-0.3041095890410959,-111
0.2547945205479452,0.23013698630136986,0.024657534246575342,9
0.2958904109589041,0.0,0.2958904109589041,108
0.0027397260273972603,0.0,0.0027397260273972603,1
0.049315068493150684,0.1643835616438356,-0.11506849315068493,-42
0.2328767123287671,0.03287671232876712,0.2,73
0.7835616438356164,0.1643835616438356,0.6191780821917808,226
0.37534246575342467,0.39452054794520547,-0.019178082191780823,-7
0.0273972602739726,0.0821917808219178,-0.0547945205479452,-20
0.1095890410958904,0.4602739726027397,-0.3506849315068493,-128
0.5808219178082191,0.3287671232876712,0.25205479452054796,92
0.15616438356164383,0.0,0.15616438356164383,57
0.31232876712328766,0.09863013698630137,0.2136986301369863,78
0.04657534246575343,0.6986301369863014,-0.6520547945205479,-238
0.9397260273972603,0.3287671232876712,0.6109589041095891,223
0.9917808219178083,0.0821917808219178,0.9095890410958904,332
0.14794520547945206,0.01643835616438356,0.13150684931506848,48
0.7589041095890411,0.021917808219178082,0.736986301369863,269
0.8465753424657534,0.11506849315068493,0.7315068493150685,267
0.5178082191780822,0.6986301369863014,-0.18082191780821918,-66
0.3095890410958904,0.15342465753424658,0.15616438356164383,57
0.6027397260273972,0.13150684931506848,0.4712328767123288,172
0.7534246575342466,0.11506849315068493,0.6383561643835617,233
0.07671232876712329,0.0,0.07671232876712329,28
0.27671232876712326,0.3780821917808219,-0.10136986301369863,-37
0.0273972602739726,0.03287671232876712,-0.005479452054794521,-2
0.2821917808219178,0.09863013698630137,0.18356164383561643,67
0.5342465753424658,0.2136986301369863,0.32054794520547947,117
0.5643835616438356,0.5424657534246575,0.021917808219178082,8
0.07945205479452055,0.5424657534246575,-0.46301369863013697,-169
0.13424657534246576,0.2465753424657534,-0.11232876712328767,-41
0.07671232876712329,0.26301369863013696,-0.1863013698630137,-68
0.7342465753424657,0.673972602739726,0.06027397260273973,22
0.06027397260273973,0.23013698630136986,-0.16986301369863013,-62
0.2602739726027397,0.0,0.2602739726027397,95
0.021917808219178082,0.3287671232876712,-0.30684931506849317,-112
0.27123287671232876,0.18082191780821918,0.09041095890410959,33
0.44931506849315067,0.2958904109589041,0.15342465753424658,56
0.9506849315068493,0.0821917808219178,0.8684931506849315,317
0.030136986301369864,0.36164383561643837,-0.3315068493150685,-121
0.13150684931506848,0.18082191780821918,-0.049315068493150684,-18
0.2821917808219178,0.0821917808219178,0.2,73
0.33972602739726027,0.26301369863013696,0.07671232876712329,28
0.7726027397260274,0.0,0.7726027397260274,282
0.7534246575342466,0.03287671232876712,0.7205479452054795,263
0.2602739726027397,0.2465753424657534,0.0136986301369863,5
0.019178082191780823,0.4438356164383562,-0.4246575342465753,-155
0.5123287671232877,0.6986301369863014,-0.1863013698630137,-68
0.5123287671232877,0.0,0.5123287671232877,187
0.07671232876712329,0.23013698630136986,-0.15342465753424658,-56
0.2602739726027397,0.5095890410958904,-0.2493150684931507,-91
0.5068493150684932,0.0,0.5068493150684932,185
0.936986301369863,0.14794520547945206,0.7890410958904109,288
0.936986301369863,0.19726027397260273,0.7397260273972602,270
0.9424657534246575,0.4438356164383562,0.4986301369863014,182
0.5232876712328767,0.19726027397260273,0.32602739726027397,119
0.01643835616438356,0.0,0.01643835616438356,6
0.5506849315068493,0.6986301369863014,-0.14794520547945206,-54
0.057534246575342465,0.4767123287671233,-0.4191780821917808,-153
0.6547945205479452,0.0821917808219178,0.5726027397260274,209
0.736986301369863,0.0,0.736986301369863,269
0.2191780821917808,0.0,0.2191780821917808,80
0.12602739726027398,0.3452054794520548,-0.2191780821917808,-80
0.9835616438356164,0.01643835616438356,0.9671232876712329,353
0.2602739726027397,0.01643835616438356,0.24383561643835616,89
0.38082191780821917,0.6575342465753424,-0.27671232876712326,-101
0.2602739726027397,0.0,0.2602739726027397,95
0.8356164383561644,0.6575342465753424,0.1780821917808219,65
0.4465753424657534,0.5753424657534246,-0.12876712328767123,-47
0.00821917808219178,0.14794520547945206,-0.13972602739726028,-51
1.0,0.0,1.0,365
0.5315068493150685,0.6986301369863014,-0.16712328767123288,-61
0.0,0.6986301369863014,-0.6986301369863014,-255
0.5808219178082191,0.1643835616438356,0.41643835616438357,152
0.06575342465753424,0.4767123287671233,-0.410958904109589,-150
0.7561643835616438,0.4931506849315068,0.26301369863013696,96
0.00821917808219178,0.01643835616438356,-0.00821917808219178,-3
0.32054794520547947,0.6986301369863014,-0.3780821917808219,-138
0.36712328767123287,0.6986301369863014,-0.3315068493150685,-121
0.7917808219178082,0.19726027397260273,0.5945205479452055,217
0.057534246575342465,0.14794520547945206,-0.09041095890410959,-33
0.8410958904109589,0.27945205479452057,0.5616438356164384,205
0.9726027397260274,0.4767123287671233,0.4958904109589041,181
0.2602739726027397,0.03287671232876712,0.2273972602739726,83
0.3232876712328767,0.6986301369863014,-0.37534246575342467,-137
0.5095890410958904,0.0,0.5095890410958904,186
0.6712328767123288,0.4602739726027397,0.21095890410958903,77
0.019178082191780823,0.26301369863013696,-0.24383561643835616,-89
0.7068493150684931,0.0,0.7068493150684931,258
0.07397260273972603,0.6986301369863014,-0.6246575342465753,-228
0.273972602739726,0.049315068493150684,0.22465753424657534,82
0.2684931506849315,0.3287671232876712,-0.06027397260273973,-22
0.06301369863013699,0.3287671232876712,-0.26575342465753427,-97
0.0684931506849315,0.5424657534246575,-0.473972602739726,-173
0.5945205479452055,0.0,0.5945205479452055,217
0.8,0.3452054794520548,0.4547945205479452,166
0.14246575342465753,0.0,0.14246575342465753,52
0.7534246575342466,0.0,0.7534246575342466,275
0.6273972602739726,0.410958904109589,0.21643835616438356,79
0.29315068493150687,0.06575342465753424,0.2273972602739726,83
0.8767123287671232,0.4931506849315068,0.3835616438356164,140
0.26301369863013696,0.0,0.26301369863013696,96
0.3589041095890411,0.6986301369863014,-0.33972602739726027,-124
0.684931506849315,0.0,0.684931506849315,250
0.5123287671232877,0.11506849315068493,0.3972602739726027,145
0.22465753424657534,0.06575342465753424,0.1589041095890411,58
0.01643835616438356,0.0,0.01643835616438356,6
0.3287671232876712,0.6986301369863014,-0.3698630136986301,-135
0.2136986301369863,0.06575342465753424,0.14794520547945206,54
0.07945205479452055,0.0,0.07945205479452055,29
0.6,0.11506849315068493,0.4849315068493151,177
0.11232876712328767,0.01643835616438356,0.0958904109589041,35
0.10136986301369863,0.0,0.10136986301369863,37
0.10410958904109589,0.0,0.10410958904109589,38
0.6328767123287671,0.0,0.6328767123287671,231
0.07945205479452055,0.3287671232876712,-0.2493150684931507,-91
0.6027397260273972,0.03287671232876712,0.5698630136986301,208
0.5068493150684932,0.0,0.5068493150684932,185
0.10410958904109589,0.4767123287671233,-0.3726027397260274,-136
0.019178082191780823,0.13150684931506848,-0.11232876712328767,-41
0.0547945205479452,0.6575342465753424,-0.6027397260273972,-220
0.13424657534246576,0.18082191780821918,-0.04657534246575343,-17
0.07671232876712329,0.6986301369863014,-0.6219178082191781,-227
0.052054794520547946,0.13150684931506848,-0.07945205479452055,-29
0.04657534246575343,0.4767123287671233,-0.4301369863013699,-157
0.2191780821917808,0.3287671232876712,-0.1095890410958904,-40
0.11232876712328767,0.6986301369863014,-0.5863013698630137,-214
0.8821917808219178,0.6246575342465753,0.25753424657534246,94
0.0821917808219178,0.1095890410958904,-0.0273972602739726,-10
0.8465753424657534,0.2958904109589041,0.5506849315068493,201
0.0410958904109589,0.6986301369863014,-0.6575342465753424,-240
0.4,0.049315068493150684,0.3506849315068493,128
0.5068493150684932,0.0,0.5068493150684932,185
0.3698630136986301,0.4767123287671233,-0.10684931506849316,-39
0.5424657534246575,0.26301369863013696,0.27945205479452057,102
0.5534246575342465,0.26301369863013696,0.29041095890410956,106
0.07397260273972603,0.19726027397260273,-0.1232876712328767,-45
0.28493150684931506,0.6986301369863014,-0.4136986301369863,-151
0.06575342465753424,0.11506849315068493,-0.049315068493150684,-18
0.038356164383561646,0.1643835616438356,-0.12602739726027398,-46
0.8328767123287671,0.6986301369863014,0.13424657534246576,49
0.08493150684931507,0.23013698630136986,-0.14520547945205478,-53
0.27945205479452057,0.0,0.27945205479452057,102
0.1232876712328767,0.049315068493150684,0.07397260273972603,27
0.1232876712328767,0.2958904109589041,-0.1726027397260274,-63
0.0,0.0,0.0,0
0.5041095890410959,0.15342465753424658,0.3506849315068493,128
0.5643835616438356,0.13150684931506848,0.4328767123287671,158
0.5808219178082191,0.6986301369863014,-0.1178082191780822,-43
0.26301369863013696,0.0,0.26301369863013696,96
0.3726027397260274,0.6986301369863014,-0.32602739726027397,-119
0.08767123287671233,0.11506849315068493,-0.0273972602739726,-10
0.39452054794520547,0.15342465753424658,0.2410958904109589,88
0.7232876712328767,0.3287671232876712,0.39452054794520547,144
0.958904109589041,0.0,0.958904109589041,350
0.0027397260273972603,0.0,0.0027397260273972603,1
0.7561643835616438,0.0821917808219178,0.673972602739726,246
0.5561643835616439,0.6986301369863014,-0.14246575342465753,-52
0.3178082191780822,0.39452054794520547,-0.07671232876712329,-28
0.8821917808219178,0.673972602739726,0.20821917808219179,76
0.005479452054794521,0.01643835616438356,-0.010958904109589041,-4
0.5232876712328767,0.6986301369863014,-0.17534246575342466,-64
0.7479452054794521,0.6986301369863014,0.049315068493150684,18
0.7589041095890411,0.0,0.7589041095890411,277
0.5342465753424658,0.0821917808219178,0.4520547945205479,165
0.0410958904109589,0.1643835616438356,-0.1232876712328767,-45
0.34794520547945207,0.06575342465753424,0.2821917808219178,103
0.8273972602739726,0.6575342465753424,0.16986301369863013,62
0.23835616438356164,0.6575342465753424,-0.4191780821917808,-153
0.7013698630136986,0.14794520547945206,0.5534246575342465,202
0.915068493150685,0.021917808219178082,0.8931506849315068,326
0.7315068493150685,0.03287671232876712,0.6986301369863014,255
0.010958904109589041,0.2465753424657534,-0.2356164383561644,-86
0.8054794520547945,0.0,0.8054794520547945,294
0.2273972602739726,0.6986301369863014,-0.4712328767123288,-172
0.08767123287671233,0.6986301369863014,-0.6109589041095891,-223
0.4876712328767123,0.03287671232876712,0.4547945205479452,166
0.4438356164383562,0.01643835616438356,0.4273972602739726,156
0.5041095890410959,0.06575342465753424,0.4383561643835616,160
0.7589041095890411,0.06575342465753424,0.6931506849315069,253
0.3561643835616438,0.4602739726027397,-0.10410958904109589,-38
0.3917808219178082,0.4438356164383562,-0.052054794520547946,-19
0.7232876712328767,0.27945205479452057,0.4438356164383562,162
0.10684931506849316,0.0,0.10684931506849316,39
0.29863013698630136,0.6575342465753424,-0.3589041095890411,-131
0.0273972602739726,0.4931506849315068,-0.4657534246575342,-170
0.09315068493150686,0.6986301369863014,-0.6054794520547945,-221
0.00821917808219178,0.09863013698630137,-0.09041095890410959,-33
0.8821917808219178,0.0,0.8821917808219178,322
0.6602739726027397,0.5260273972602739,0.13424657534246576,49
0.9123287671232877,0.36164383561643837,0.5506849315068493,201
0.6027397260273972,0.14794520547945206,0.4547945205479452,166
0.4958904109589041,0.6986301369863014,-0.20273972602739726,-74
0.26301369863013696,0.03287671232876712,0.23013698630136986,84
0.0027397260273972603,0.11506849315068493,-0.11232876712328767,-41
0.7561643835616438,0.06575342465753424,0.6904109589041096,252
0.005479452054794521,0.09863013698630137,-0.09315068493150686,-34
0.39452054794520547,0.39452054794520547,0.0,0
0.7561643835616438,0.01643835616438356,0.7397260273972602,270
0.3424657534246575,0.410958904109589,-0.0684931506849315,-25
0.08767123287671233,0.4767123287671233,-0.38904109589041097,-142
0.9232876712328767,0.4273972602739726,0.4958904109589041,181
0.9178082191780822,0.26301369863013696,0.6547945205479452,239
0.9178082191780822,0.39452054794520547,0.5232876712328767,191
0.2493150684931507,0.36164383561643837,-0.11232876712328767,-41
0.09315068493150686,0.18082191780821918,-0.08767123287671233,-32
0.12602739726027398,0.2465753424657534,-0.12054794520547946,-44
0.9260273972602739,0.01643835616438356,0.9095890410958904,332
0.3561643835616438,0.5917808219178082,-0.2356164383561644,-86
0.5835616438356165,0.3287671232876712,0.2547945205479452,93
0.6410958904109589,0.6575342465753424,-0.01643835616438356,-6
0.2191780821917808,0.2958904109589041,-0.07671232876712329,-28
0.8027397260273973,0.27945205479452057,0.5232876712328767,191
0.03287671232876712,0.1643835616438356,-0.13150684931506848,-48
0.03561643835616438,0.06575342465753424,-0.030136986301369864,-11
0.8082191780821918,0.1643835616438356,0.6438356164383562,235
0.7863013698630137,0.06575342465753424,0.7205479452054795,263
0.8821917808219178,0.2465753424657534,0.6356164383561644,232
0.04657534246575343,0.1643835616438356,-0.1178082191780822,-43
0.5589041095890411,0.0,0.5589041095890411,204
0.1589041095890411,0.3287671232876712,-0.16986301369863013,-62
0.3561643835616438,0.0,0.3561643835616438,130
0.09863013698630137,0.06575342465753424,0.03287671232876712,12
0.14794520547945206,0.06575342465753424,0.0821917808219178,30
0.1506849315068493,0.0,0.1506849315068493,55
0.5671232876712329,0.6986301369863014,-0.13150684931506848,-48
0.052054794520547946,0.0821917808219178,-0.030136986301369864,-11
0.019178082191780823,0.0,0.019178082191780823,7
0.7561643835616438,0.049315068493150684,0.7068493150684931,258
0.08767123287671233,0.3287671232876712,-0.2410958904109589,-88
0.32602739726027397,0.410958904109589,-0.08493150684931507,-31
0.06575342465753424,0.049315068493150684,0.01643835616438356,6
0.0,0.0,0.0,0
0.0,0.0,0.0,0
0.8931506849315068,0.673972602739726,0.2191780821917808,80
0.3424657534246575,0.6986301369863014,-0.3561643835616438,-130
0.3835616438356164,0.0,0.3835616438356164,140
0.726027397260274,0.0,0.726027397260274,265
0.8931506849315068,0.19726027397260273,0.6958904109589041,254
0.6547945205479452,0.06575342465753424,0.589041095890411,215
0.030136986301369864,0.1643835616438356,-0.13424657534246576,-49
0.01643835616438356,0.4438356164383562,-0.4273972602739726,-156
0.4712328767123288,0.18082191780821918,0.29041095890410956,106
0.07671232876712329,0.049315068493150684,0.0273972602739726,10
0.15342465753424658,0.6986301369863014,-0.5452054794520548,-199
0.9808219178082191,0.0,0.9808219178082191,358
0.14520547945205478,0.01643835616438356,0.12876712328767123,47
0.5506849315068493,0.19726027397260273,0.35342465753424657,129
0.6109589041095891,0.4602739726027397,0.1506849315068493,55
0.019178082191780823,0.0,0.019178082191780823,7
0.9726027397260274,0.14794520547945206,0.8246575342465754,301
0.7561643835616438,0.0,0.7561643835616438,276
0.10136986301369863,0.6986301369863014,-0.5972602739726027,-218
0.010958904109589041,0.0,0.010958904109589041,4
0.06301369863013699,0.26301369863013696,-0.2,-73
0.5616438356164384,0.4438356164383562,0.1178082191780822,43
0.7753424657534247,0.30684931506849317,0.4684931506849315,171
0.019178082191780823,0.0,0.019178082191780823,7
0.2328767123287671,0.3287671232876712,-0.0958904109589041,-35
0.5095890410958904,0.0,0.5095890410958904,186
0.005479452054794521,0.0,0.005479452054794521,2
0.2191780821917808,0.4931506849315068,-0.273972602739726,-100
0.0,0.0,0.0,0
0.5506849315068493,0.3780821917808219,0.1726027397260274,63
0.2684931506849315,0.0821917808219178,0.1863013698630137,68
0.09863013698630137,0.049315068493150684,0.049315068493150684,18
0.049315068493150684,0.3452054794520548,-0.2958904109589041,-108
0.5561643835616439,0.6082191780821918,-0.052054794520547946,-19
0.6438356164383562,0.6986301369863014,-0.0547945205479452,-20
0.8027397260273973,0.30684931506849317,0.4958904109589041,181
0.7698630136986301,0.6575342465753424,0.11232876712328767,41
0.12876712328767123,0.3452054794520548,-0.21643835616438356,-79
0.9726027397260274,0.18082191780821918,0.7917808219178082,289
0.31232876712328766,0.18082191780821918,0.13150684931506848,48
0.46301369863013697,0.1643835616438356,0.29863013698630136,109
0.7589041095890411,0.03287671232876712,0.726027397260274,265
0.9616438356164384,0.13150684931506848,0.8301369863013699,303
0.049315068493150684,0.2465753424657534,-0.19726027397260273,-72
0.3698630136986301,0.6986301369863014,-0.3287671232876712,-120
0.4520547945205479,0.5095890410958904,-0.057534246575342465,-21
0.03561643835616438,0.18082191780821918,-0.14520547945205478,-53
0.0,0.0,0.0,0
0.7479452054794521,0.4273972602739726,0.32054794520547947,117
0.021917808219178082,0.06575342465753424,-0.043835616438356165,-16
0.6821917808219178,0.2465753424657534,0.43561643835616437,159
0.736986301369863,0.049315068493150684,0.6876712328767123,251
0.4821917808219178,0.0,0.4821917808219178,176
0.3589041095890411,0.5753424657534246,-0.21643835616438356,-79
0.7534246575342466,0.5260273972602739,0.2273972602739726,83
0.7698630136986301,0.6986301369863014,0.07123287671232877,26
0.5315068493150685,0.0,0.5315068493150685,194
0.0,0.1643835616438356,-0.1643835616438356,-60
0.5506849315068493,0.0,0.5506849315068493,201
0.2410958904109589,0.31232876712328766,-0.07123287671232877,-26
0.4383561643835616,0.0,0.4383561643835616,160
0.5068493150684932,0.0,0.5068493150684932,185
0.09041095890410959,0.0,0.09041095890410959,33
0.2547945205479452,0.0,0.2547945205479452,93
0.2219178082191781,0.6986301369863014,-0.4767123287671233,-174
0.2,0.6986301369863014,-0.4986301369863014,-182
0.4547945205479452,0.01643835616438356,0.4383561643835616,160
0.33424657534246577,0.0,0.33424657534246577,122
0.6082191780821918,0.6986301369863014,-0.09041095890410959,-33
0.7534246575342466,0.0,0.7534246575342466,275
0.0,0.0,0.0,0
0.33424657534246577,0.18082191780821918,0.15342465753424658,56
0.2602739726027397,0.0,0.2602739726027397,95
0.2602739726027397,0.01643835616438356,0.24383561643835616,89
0.33424657534246577,0.03287671232876712,0.3013698630136986,110
0.14246575342465753,0.18082191780821918,-0.038356164383561646,-14
0.7534246575342466,0.0,0.7534246575342466,275
0.5506849315068493,0.3287671232876712,0.2219178082191781,81
0.09315068493150686,0.6986301369863014,-0.6054794520547945,-221
0.08767123287671233,0.03287671232876712,0.0547945205479452,20
0.5424657534246575,0.1095890410958904,0.4328767123287671,158
0.17534246575342466,0.4931506849315068,-0.3178082191780822,-116
0.024657534246575342,0.0,0.024657534246575342,9
0.7616438356164383,0.0,0.7616438356164383,278
0.4,0.3780821917808219,0.021917808219178082,8
0.14520547945205478,0.6986301369863014,-0.5534246575342465,-202
0.07397260273972603,0.4438356164383562,-0.3698630136986301,-135
0.5424657534246575,0.14794520547945206,0.39452054794520547,144
0.09315068493150686,0.0821917808219178,0.010958904109589041,4
0.08767123287671233,0.14794520547945206,-0.06027397260273973,-22
0.18356164383561643,0.6136986301369863,-0.4301369863013699,-157
0.5753424657534246,0.28493150684931506,0.29041095890410956,106
0.9205479452054794,0.31232876712328766,0.6082191780821918,222
0.07123287671232877,0.4602739726027397,-0.38904109589041097,-142
0.7972602739726027,0.09863013698630137,0.6986301369863014,255
0.8684931506849315,0.31232876712328766,0.5561643835616439,203
0.15342465753424658,0.2958904109589041,-0.14246575342465753,-52
1.0,0.0,1.0,365
0.5123287671232877,0.0,0.5123287671232877,187
0.5205479452054794,0.6986301369863014,-0.1780821917808219,-65
0.5287671232876713,0.06575342465753424,0.46301369863013697,169
0.9671232876712329,0.1643835616438356,0.8027397260273973,293
0.019178082191780823,0.0,0.019178082191780823,7
0.13424657534246576,0.3780821917808219,-0.24383561643835616,-89
0.024657534246575342,0.09863013698630137,-0.07397260273972603,-27
0.0027397260273972603,0.6986301369863014,-0.6958904109589041,-254
0.2328767123287671,0.11506849315068493,0.1178082191780822,43
0.8876712328767123,0.673972602739726,0.2136986301369863,78
0.5534246575342465,0.0,0.5534246575342465,202
0.0273972602739726,0.4438356164383562,-0.41643835616438357,-152
0.3863013698630137,0.6986301369863014,-0.31232876712328766,-114
0.052054794520547946,0.2958904109589041,-0.24383561643835616,-89
0.9917808219178083,0.19726027397260273,0.7945205479452054,290
0.41643835616438357,0.3780821917808219,0.038356164383561646,14
0.6410958904109589,0.06575342465753424,0.5753424657534246,210
0.024657534246575342,0.2958904109589041,-0.27123287671232876,-99
0.1589041095890411,0.6986301369863014,-0.5397260273972603,-197
0.7835616438356164,0.23013698630136986,0.5534246575342465,202
0.7698630136986301,0.0,0.7698630136986301,281
0.2602739726027397,0.06575342465753424,0.19452054794520549,71
0.29315068493150687,0.18082191780821918,0.11232876712328767,41
0.6219178082191781,0.14794520547945206,0.473972602739726,173
0.14794520547945206,0.2958904109589041,-0.14794520547945206,-54
0.5342465753424658,0.0,0.5342465753424658,195
0.3424657534246575,0.6575342465753424,-0.3150684931506849,-115
0.27671232876712326,0.13150684931506848,0.14520547945205478,53
0.1178082191780822,0.6986301369863014,-0.5808219178082191,-212
0.4904109589041096,0.0821917808219178,0.40821917808219177,149
0.6136986301369863,0.39452054794520547,0.2191780821917808,80
0.0027397260273972603,0.01643835616438356,-0.0136986301369863,-5
0.5534246575342465,0.39452054794520547,0.1589041095890411,58
0.8328767123287671,0.4438356164383562,0.38904109589041097,142
0.26301369863013696,0.038356164383561646,0.22465753424657534,82
0.01643835616438356,0.6904109589041096,-0.673972602739726,-246
0.049315068493150684,0.1643835616438356,-0.11506849315068493,-42
0.0,0.14794520547945206,-0.14794520547945206,-54
0.8136986301369863,0.31232876712328766,0.5013698630136987,183
0.29863013698630136,0.13150684931506848,0.16712328767123288,61
0.3013698630136986,0.0821917808219178,0.2191780821917808,80
0.8301369863013699,0.6986301369863014,0.13150684931506848,48
0.5287671232876713,0.09863013698630137,0.4301369863013699,157
0.3972602739726027,0.36164383561643837,0.03561643835616438,13
0.12054794520547946,0.0,0.12054794520547946,44
0.09315068493150686,0.0821917808219178,0.010958904109589041,4
0.1095890410958904,0.3835616438356164,-0.273972602739726,-100
0.4520547945205479,0.6986301369863014,-0.2465753424657534,-90
0.0027397260273972603,0.0,0.0027397260273972603,1
0.4602739726027397,0.19726027397260273,0.26301369863013696,96
0.09863013698630137,0.1643835616438356,-0.06575342465753424,-24
0.8246575342465754,0.6082191780821918,0.21643835616438356,79
0.7616438356164383,0.0,0.7616438356164383,278
0.005479452054794521,0.03287671232876712,-0.0273972602739726,-10
0.06301369863013699,0.39452054794520547,-0.3315068493150685,-121
0.9643835616438357,0.01643835616438356,0.947945205479452,346
0.4904109589041096,0.36164383561643837,0.12876712328767123,47
0.5095890410958904,0.3287671232876712,0.18082191780821918,66
0.29863013698630136,0.4602739726027397,-0.16164383561643836,-59
0.7424657534246575,0.0,0.7424657534246575,271
0.33972602739726027,0.6986301369863014,-0.3589041095890411,-131
0.5260273972602739,0.0,0.5260273972602739,192
0.5232876712328767,0.3780821917808219,0.14520547945205478,53
0.29863013698630136,0.27945205479452057,0.019178082191780823,7
0.0821917808219178,0.2136986301369863,-0.13150684931506848,-48
0.5123287671232877,0.13150684931506848,0.38082191780821917,139
0.2602739726027397,0.39452054794520547,-0.13424657534246576,-49
0.1863013698630137,0.6986301369863014,-0.5123287671232877,-187
0.18356164383561643,0.6986301369863014,-0.5150684931506849,-188
0.2821917808219178,0.3287671232876712,-0.04657534246575343,-17
0.5534246575342465,0.0,0.5534246575342465,202
0.10136986301369863,0.0,0.10136986301369863,37
0.33972602739726027,0.30684931506849317,0.03287671232876712,12
0.12054794520547946,0.19726027397260273,-0.07671232876712329,-28
0.13150684931506848,0.5917808219178082,-0.4602739726027397,-168
0.10410958904109589,0.6082191780821918,-0.5041095890410959,-184
0.7835616438356164,0.3780821917808219,0.4054794520547945,148
0.9095890410958904,0.0,0.9095890410958904,332
0.0027397260273972603,0.0,0.0027397260273972603,1
0.06575342465753424,0.410958904109589,-0.3452054794520548,-126
0.4821917808219178,0.5041095890410959,-0.021917808219178082,-8
0.0410958904109589,0.2465753424657534,-0.2054794520547945,-75
0.4849315068493151,0.30684931506849317,0.1780821917808219,65
0.11232876712328767,0.6986301369863014,-0.5863013698630137,-214
0.049315068493150684,0.03287671232876712,0.01643835616438356,6
0.3013698630136986,0.4931506849315068,-0.1917808219178082,-70
0.0027397260273972603,0.09863013698630137,-0.0958904109589041,-35
0.27671232876712326,0.03287671232876712,0.24383561643835616,89
0.13972602739726028,0.6246575342465753,-0.4849315068493151,-177
0.23013698630136986,0.06575342465753424,0.1643835616438356,60
0.5534246575342465,0.6410958904109589,-0.08767123287671233,-32
0.863013698630137,0.5589041095890411,0.3041095890410959,111
0.07945205479452055,0.6986301369863014,-0.6191780821917808,-226
0.2191780821917808,0.0,0.2191780821917808,80
0.0027397260273972603,0.0,0.0027397260273972603,1
0.0,0.0,0.0,0
0.3178082191780822,0.3287671232876712,-0.010958904109589041,-4
0.10684931506849316,0.5095890410958904,-0.40273972602739727,-147
0.6246575342465753,0.13150684931506848,0.4931506849315068,180
0.5835616438356165,0.26301369863013696,0.32054794520547947,117
0.5068493150684932,0.3287671232876712,0.1780821917808219,65
0.2191780821917808,0.14794520547945206,0.07123287671232877,26
0.38904109589041097,0.1643835616438356,0.22465753424657534,82
0.5095890410958904,0.01643835616438356,0.4931506849315068,180
0.2054794520547945,0.09863013698630137,0.10684931506849316,39
0.06301369863013699,0.4931506849315068,-0.4301369863013699,-157
0.7068493150684931,0.5095890410958904,0.19726027397260273,72
0.14520547945205478,0.6986301369863014,-0.5534246575342465,-202
0.26575342465753427,0.673972602739726,-0.40821917808219177,-149
0.3424657534246575,0.6986301369863014,-0.3561643835616438,-130
0.0273972602739726,0.6986301369863014,-0.6712328767123288,-245
0.7534246575342466,0.0,0.7534246575342466,275
0.0,0.0,0.0,0
0.8712328767123287,0.4602739726027397,0.410958904109589,150
0.1643835616438356,0.3287671232876712,-0.1643835616438356,-60
0.39452054794520547,0.13150684931506848,0.26301369863013696,96
0.20273972602739726,0.2465753424657534,-0.043835616438356165,-16
0.07945205479452055,0.3287671232876712,-0.2493150684931507,-91
0.20273972602739726,0.6986301369863014,-0.4958904109589041,-181
0.7561643835616438,0.08767123287671233,0.6684931506849315,244
0.22465753424657534,0.6986301369863014,-0.473972602739726,-173
0.9123287671232877,0.01643835616438356,0.8958904109589041,327
0.6219178082191781,0.0,0.6219178082191781,227
0.019178082191780823,0.19726027397260273,-0.1780821917808219,-65
0.8,0.36164383561643837,0.4383561643835616,160
0.16164383561643836,0.6986301369863014,-0.536986301369863,-196
0.26575342465753427,0.4931506849315068,-0.2273972602739726,-83
0.6410958904109589,0.36164383561643837,0.27945205479452057,102
0.6219178082191781,0.06575342465753424,0.5561643835616439,203
0.010958904109589041,0.049315068493150684,-0.038356164383561646,-14
0.7753424657534247,0.049315068493150684,0.726027397260274,265
0.07671232876712329,0.4438356164383562,-0.36712328767123287,-134
0.7863013698630137,0.6986301369863014,0.08767123287671233,32
0.0410958904109589,0.11506849315068493,-0.07397260273972603,-27
0.12054794520547946,0.6575342465753424,-0.536986301369863,-196
0.11506849315068493,0.5095890410958904,-0.39452054794520547,-144
0.2191780821917808,0.5589041095890411,-0.33972602739726027,-124
0.4273972602739726,0.07671232876712329,0.3506849315068493,128
0.3095890410958904,0.5917808219178082,-0.2821917808219178,-103
0.3698630136986301,0.14794520547945206,0.2219178082191781,81
0.34794520547945207,0.6986301369863014,-0.3506849315068493,-128
0.16986301369863013,0.6575342465753424,-0.4876712328767123,-178
0.7013698630136986,0.6986301369863014,0.0027397260273972603,1
0.3780821917808219,0.6986301369863014,-0.32054794520547947,-117
0.08767123287671233,0.3287671232876712,-0.2410958904109589,-88
0.40821917808219177,0.0,0.40821917808219177,149
0.09041095890410959,0.26301369863013696,-0.1726027397260274,-63
0.1178082191780822,0.06575342465753424,0.052054794520547946,19
0.5534246575342465,0.07671232876712329,0.4767123287671233,174
0.5780821917808219,0.4602739726027397,0.1178082191780822,43
0.7616438356164383,0.0,0.7616438356164383,278
0.0547945205479452,0.26301369863013696,-0.20821917808219179,-76
0.052054794520547946,0.2465753424657534,-0.19452054794520549,-71
0.030136986301369864,0.26301369863013696,-0.2328767123287671,-85
0.0958904109589041,0.4767123287671233,-0.38082191780821917,-139
0.2191780821917808,0.038356164383561646,0.18082191780821918,66
0.5342465753424658,0.36164383561643837,0.1726027397260274,63
0.024657534246575342,0.03287671232876712,-0.00821917808219178,-3
0.5534246575342465,0.3287671232876712,0.22465753424657534,82
0.049315068493150684,0.0,0.049315068493150684,18
0.3041095890410959,0.23013698630136986,0.07397260273972603,27
0.06301369863013699,0.2465753424657534,-0.18356164383561643,-67
0.547945205479452,0.1643835616438356,0.3835616438356164,140
0.08767123287671233,0.23013698630136986,-0.14246575342465753,-52
0.2136986301369863,0.0,0.2136986301369863,78
0.0027397260273972603,0.06575342465753424,-0.06301369863013699,-23
0.010958904109589041,0.1643835616438356,-0.15342465753424658,-56
0.6684931506849315,0.1643835616438356,0.5041095890410959,184
0.4904109589041096,0.39452054794520547,0.0958904109589041,35
0.5041095890410959,0.09863013698630137,0.4054794520547945,148
0.31232876712328766,0.0,0.31232876712328766,114
0.5945205479452055,0.19726027397260273,0.3972602739726027,145
0.1589041095890411,0.3780821917808219,-0.2191780821917808,-80
0.32054794520547947,0.5589041095890411,-0.23835616438356164,-87
1.0,0.5095890410958904,0.4904109589041096,179
0.8684931506849315,0.0,0.8684931506849315,317
0.3041095890410959,0.27945205479452057,0.024657534246575342,9
0.11232876712328767,0.6986301369863014,-0.5863013698630137,-214
0.0136986301369863,0.03287671232876712,-0.019178082191780823,-7
0.663013698630137,0.11506849315068493,0.547945205479452,200
0.8986301369863013,0.11506849315068493,0.7835616438356164,286
0.9534246575342465,0.0,0.9534246575342465,348
0.673972602739726,0.3287671232876712,0.3452054794520548,126
0.03287671232876712,0.2958904109589041,-0.26301369863013696,-96
0.5698630136986301,0.0821917808219178,0.4876712328767123,178
0.00821917808219178,0.06575342465753424,-0.057534246575342465,-21
0.07397260273972603,0.11506849315068493,-0.0410958904109589,-15
0.3013698630136986,0.3287671232876712,-0.0273972602739726,-10
1.0,0.4931506849315068,0.5068493150684932,185
0.915068493150685,0.6575342465753424,0.25753424657534246,94
0.10684931506849316,0.1643835616438356,-0.057534246575342465,-21
0.1780821917808219,0.6986301369863014,-0.5205479452054794,-190
0.33424657534246577,0.39452054794520547,-0.06027397260273973,-22
0.3835616438356164,0.5753424657534246,-0.1917808219178082,-70
0.9917808219178083,0.23013698630136986,0.7616438356164383,278
0.7534246575342466,0.0,0.7534246575342466,275
0.01643835616438356,0.5260273972602739,-0.5095890410958904,-186
0.11232876712328767,0.6986301369863014,-0.5863013698630137,-214
0.0,0.0,0.0,0
0.2602739726027397,0.13150684931506848,0.12876712328767123,47
0.6602739726027397,0.6986301369863014,-0.038356164383561646,-14
0.13972602739726028,0.19726027397260273,-0.057534246575342465,-21
0.13424657534246576,0.6575342465753424,-0.5232876712328767,-191
1.0,0.3287671232876712,0.6712328767123288,245
0.5589041095890411,0.6986301369863014,-0.13972602739726028,-51
0.0,0.19726027397260273,-0.19726027397260273,-72
0.11232876712328767,0.3452054794520548,-0.2328767123287671,-85
0.26575342465753427,0.3287671232876712,-0.06301369863013699,-23
0.0,0.0,0.0,0
0.20273972602739726,0.31232876712328766,-0.1095890410958904,-40
0.32602739726027397,0.13150684931506848,0.19452054794520549,71
0.0,0.13150684931506848,-0.13150684931506848,-48
0.06301369863013699,0.6986301369863014,-0.6356164383561644,-232
0.0,0.03287671232876712,-0.03287671232876712,-12
0.41643835616438357,0.4602739726027397,-0.043835616438356165,-16
0.0,0.0,0.0,0
0.726027397260274,0.39452054794520547,0.3315068493150685,121
0.030136986301369864,0.049315068493150684,-0.019178082191780823,-7
0.08767123287671233,0.13150684931506848,-0.043835616438356165,-16
0.6520547945205479,0.09863013698630137,0.5534246575342465,202
0.043835616438356165,0.6986301369863014,-0.6547945205479452,-239
0.019178082191780823,0.0,0.019178082191780823,7
0.873972602739726,0.06575342465753424,0.8082191780821918,295
0.3972602739726027,0.3452054794520548,0.052054794520547946,19
0.1178082191780822,0.09863013698630137,0.019178082191780823,7
0.7424657534246575,0.11506849315068493,0.6273972602739726,229
0.6383561643835617,0.6986301369863014,-0.06027397260273973,-22
0.07945205479452055,0.5753424657534246,-0.4958904109589041,-181
0.38904109589041097,0.0,0.38904109589041097,142
0.0,0.0,0.0,0
0.3835616438356164,0.09863013698630137,0.28493150684931506,104
0.1232876712328767,0.19726027397260273,-0.07397260273972603,-27
0.10684931506849316,0.2136986301369863,-0.10684931506849316,-39
0.19726027397260273,0.2136986301369863,-0.01643835616438356,-6
0.33972602739726027,0.3287671232876712,0.010958904109589041,4
0.8054794520547945,0.01643835616438356,0.7890410958904109,288
0.5260273972602739,0.0,0.5260273972602739,192
0.5178082191780822,0.6246575342465753,-0.10684931506849316,-39
0.8301369863013699,0.6986301369863014,0.13150684931506848,48
0.863013698630137,0.15342465753424658,0.7095890410958904,259
0.3013698630136986,0.049315068493150684,0.25205479452054796,92
0.26301369863013696,0.1643835616438356,0.09863013698630137,36
0.0,0.03287671232876712,-0.03287671232876712,-12
0.5342465753424658,0.6986301369863014,-0.1643835616438356,-60
0.2219178082191781,0.049315068493150684,0.1726027397260274,63
0.07123287671232877,0.3287671232876712,-0.25753424657534246,-94
0.8849315068493151,0.0,0.8849315068493151,323
0.2,0.6986301369863014,-0.4986301369863014,-182
0.4191780821917808,0.6986301369863014,-0.27945205479452057,-102
0.7534246575342466,0.0,0.7534246575342466,275
0.07945205479452055,0.6410958904109589,-0.5616438356164384,-205
0.6301369863013698,0.2465753424657534,0.3835616438356164,140
0.021917808219178082,0.2958904109589041,-0.273972602739726,-100
0.8794520547945206,0.0,0.8794520547945206,321
0.2356164383561644,0.6986301369863014,-0.46301369863013697,-169
0.3863013698630137,0.06575342465753424,0.32054794520547947,117
0.7534246575342466,0.0,0.7534246575342466,275
0.0410958904109589,0.06575342465753424,-0.024657534246575342,-9
0.2684931506849315,0.0,0.2684931506849315,98
0.0821917808219178,0.0,0.0821917808219178,30
0.0,0.0,0.0,0
0.18356164383561643,0.6082191780821918,-0.4246575342465753,-155
0.1863013698630137,0.0,0.1863013698630137,68
0.0684931506849315,0.0,0.0684931506849315,25
0.7917808219178082,0.03287671232876712,0.7589041095890411,277
0.08493150684931507,0.0,0.08493150684931507,31
0.0,0.0,0.0,0
0.5095890410958904,0.36164383561643837,0.14794520547945206,54
0.29863013698630136,0.049315068493150684,0.2493150684931507,91
0.4520547945205479,0.2465753424657534,0.2054794520547945,75
0.00821917808219178,0.0,0.00821917808219178,3
0.15342465753424658,0.36164383561643837,-0.20821917808219179,-76
0.3150684931506849,0.2958904109589041,0.019178082191780823,7
0.8,0.01643835616438356,0.7835616438356164,286
0.0136986301369863,0.1643835616438356,-0.1506849315068493,-55
0.14246575342465753,0.410958904109589,-0.2684931506849315,-98
0.273972602739726,0.18082191780821918,0.09315068493150686,34
0.07123287671232877,0.27945205479452057,-0.20821917808219179,-76
0.26301369863013696,0.0,0.26301369863013696,96
0.010958904109589041,0.410958904109589,-0.4,-146
0.0,0.0,0.0,0
0.4465753424657534,0.01643835616438356,0.4301369863013699,157
0.7589041095890411,0.0,0.7589041095890411,277
0.030136986301369864,0.5260273972602739,-0.4958904109589041,-181
0.3506849315068493,0.673972602739726,-0.3232876712328767,-118
0.13972602739726028,0.6575342465753424,-0.5178082191780822,-189
0.6054794520547945,0.14794520547945206,0.4575342465753425,167
0.4273972602739726,0.5917808219178082,-0.1643835616438356,-60
0.2876712328767123,0.410958904109589,-0.1232876712328767,-45
0.2876712328767123,0.6246575342465753,-0.336986301369863,-123
0.30684931506849317,0.6986301369863014,-0.3917808219178082,-143
0.2602739726027397,0.03287671232876712,0.2273972602739726,83
0.0958904109589041,0.4767123287671233,-0.38082191780821917,-139
0.16164383561643836,0.18082191780821918,-0.019178082191780823,-7
0.32054794520547947,0.6794520547945205,-0.3589041095890411,-131
0.5671232876712329,0.6986301369863014,-0.13150684931506848,-48
0.1643835616438356,0.6986301369863014,-0.5342465753424658,-195
0.1095890410958904,0.6986301369863014,-0.589041095890411,-215
0.6904109589041096,0.06575342465753424,0.6246575342465753,228
0.010958904109589041,0.36164383561643837,-0.3506849315068493,-128
0.336986301369863,0.4931506849315068,-0.15616438356164383,-57
0.1643835616438356,0.30684931506849317,-0.14246575342465753,-52
0.16986301369863013,0.5589041095890411,-0.38904109589041097,-142
0.0410958904109589,0.3287671232876712,-0.2876712328767123,-105
0.4191780821917808,0.2465753424657534,0.1726027397260274,63
0.10684931506849316,0.6575342465753424,-0.5506849315068493,-201
0.07671232876712329,0.31232876712328766,-0.2356164383561644,-86
0.7589041095890411,0.0,0.7589041095890411,277
0.7397260273972602,0.6986301369863014,0.0410958904109589,15
0.5506849315068493,0.2958904109589041,0.2547945205479452,93
0.6273972602739726,0.6986301369863014,-0.07123287671232877,-26
0.25753424657534246,0.0,0.25753424657534246,94
0.5753424657534246,0.4383561643835616,0.136986301369863,50
0.5123287671232877,0.6986301369863014,-0.1863013698630137,-68
0.4712328767123288,0.3452054794520548,0.12602739726027398,46
0.3589041095890411,0.3287671232876712,0.030136986301369864,11
0.7726027397260274,0.0,0.7726027397260274,282
0.3643835616438356,0.18082191780821918,0.18356164383561643,67
0.3863013698630137,0.0,0.3863013698630137,141
0.4136986301369863,0.6986301369863014,-0.28493150684931506,-104
0.4191780821917808,0.2136986301369863,0.2054794520547945,75
0.410958904109589,0.6986301369863014,-0.2876712328767123,-105
0.4328767123287671,0.6986301369863014,-0.26575342465753427,-97
0.010958904109589041,0.0,0.010958904109589041,4
0.0684931506849315,0.26301369863013696,-0.19452054794520549,-71
0.7534246575342466,0.01643835616438356,0.736986301369863,269
0.06027397260273973,0.03287671232876712,0.0273972602739726,10
0.2054794520547945,0.4273972602739726,-0.2219178082191781,-81
0.2602739726027397,0.0,0.2602739726027397,95
0.0958904109589041,0.13150684931506848,-0.03561643835616438,-13
0.5205479452054794,0.6986301369863014,-0.1780821917808219,-65
0.7835616438356164,0.3452054794520548,0.4383561643835616,160
0.0,0.0,0.0,0
0.4821917808219178,0.0,0.4821917808219178,176
0.06027397260273973,0.6986301369863014,-0.6383561643835617,-233
0.7041095890410959,0.0,0.7041095890410959,257
0.26301369863013696,0.0,0.26301369863013696,96
0.19452054794520549,0.31232876712328766,-0.1178082191780822,-43
0.32602739726027397,0.5589041095890411,-0.2328767123287671,-85
0.4849315068493151,0.01643835616438356,0.4684931506849315,171
0.2602739726027397,0.0,0.2602739726027397,95
0.6273972602739726,0.2958904109589041,0.3315068493150685,121
0.9013698630136986,0.6986301369863014,0.20273972602739726,74
0.0958904109589041,0.13150684931506848,-0.03561643835616438,-13
0.8054794520547945,0.09863013698630137,0.7068493150684931,258
0.9753424657534246,0.3780821917808219,0.5972602739726027,218
0.3452054794520548,0.0,0.3452054794520548,126
0.16986301369863013,0.26301369863013696,-0.09315068493150686,-34
0.09315068493150686,0.6986301369863014,-0.6054794520547945,-221
0.15616438356164383,0.31232876712328766,-0.15616438356164383,-57
0.9342465753424658,0.19726027397260273,0.736986301369863,269
0.6821917808219178,0.14794520547945206,0.5342465753424658,195
0.0027397260273972603,0.2958904109589041,-0.29315068493150687,-107
0.9863013698630136,0.049315068493150684,0.936986301369863,342
0.5232876712328767,0.0,0.5232876712328767,191
0.0,0.0,0.0,0
0.18356164383561643,0.049315068493150684,0.13424657534246576,49
0.0958904109589041,0.0,0.0958904109589041,35
0.9917808219178083,0.0,0.9917808219178083,362
0.20821917808219179,0.5260273972602739,-0.3178082191780822,-116
0.9013698630136986,0.1643835616438356,0.736986301369863,269
0.26575342465753427,0.6986301369863014,-0.4328767123287671,-158
0.043835616438356165,0.27945205479452057,-0.2356164383561644,-86
0.3287671232876712,0.18082191780821918,0.14794520547945206,54
0.06575342465753424,0.03287671232876712,0.03287671232876712,12
0.15616438356164383,0.6986301369863014,-0.5424657534246575,-198
0.049315068493150684,0.3287671232876712,-0.27945205479452057,-102
0.2328767123287671,0.19726027397260273,0.03561643835616438,13
0.10410958904109589,0.1643835616438356,-0.06027397260273973,-22
0.0410958904109589,0.2958904109589041,-0.2547945205479452,-93
0.28493150684931506,0.06575342465753424,0.2191780821917808,80
0.0,0.0,0.0,0
0.0410958904109589,0.6986301369863014,-0.6575342465753424,-240
0.10136986301369863,0.5589041095890411,-0.4575342465753425,-167
0.1095890410958904,0.3780821917808219,-0.2684931506849315,-98
0.5095890410958904,0.0,0.5095890410958904,186
0.0821917808219178,0.6986301369863014,-0.6164383561643836,-225
0.21643835616438356,0.06575342465753424,0.1506849315068493,55
0.6986301369863014,0.0821917808219178,0.6164383561643836,225
0.0027397260273972603,0.043835616438356165,-0.0410958904109589,-15
0.6054794520547945,0.6082191780821918,-0.0027397260273972603,-1
0.3287671232876712,0.13150684931506848,0.19726027397260273,72
0.12054794520547946,0.01643835616438356,0.10410958904109589,38
0.21095890410958903,0.3780821917808219,-0.16712328767123288,-61
0.29863013698630136,0.2958904109589041,0.0027397260273972603,1
0.17534246575342466,0.6986301369863014,-0.5232876712328767,-191
0.5068493150684932,0.01643835616438356,0.4904109589041096,179
0.021917808219178082,0.01643835616438356,0.005479452054794521,2
0.5205479452054794,0.6986301369863014,-0.1780821917808219,-65
0.07945205479452055,0.36164383561643837,-0.2821917808219178,-103
0.2684931506849315,0.4931506849315068,-0.22465753424657534,-82
0.15616438356164383,0.3452054794520548,-0.18904109589041096,-69
0.5287671232876713,0.08767123287671233,0.4410958904109589,161
0.0,0.0,0.0,0
0.27671232876712326,0.27945205479452057,-0.0027397260273972603,-1
0.8794520547945206,0.0821917808219178,0.7972602739726027,291
0.14794520547945206,0.0,0.14794520547945206,54
0.1780821917808219,0.6986301369863014,-0.5205479452054794,-190
0.038356164383561646,0.14794520547945206,-0.1095890410958904,-40
0.03287671232876712,0.6082191780821918,-0.5753424657534246,-210
0.3643835616438356,0.4931506849315068,-0.12876712328767123,-47
0.03561643835616438,0.18082191780821918,-0.14520547945205478,-53
0.3561643835616438,0.09863013698630137,0.25753424657534246,94
0.7863013698630137,0.6986301369863014,0.08767123287671233,32
0.14246575342465753,0.6904109589041096,-0.547945205479452,-200
0.2191780821917808,0.09863013698630137,0.12054794520547946,44
0.0027397260273972603,0.0,0.0027397260273972603,1
0.6438356164383562,0.14794520547945206,0.4958904109589041,181
0.1726027397260274,0.6986301369863014,-0.5260273972602739,-192
0.936986301369863,0.14794520547945206,0.7890410958904109,288
0.5315068493150685,0.11506849315068493,0.41643835616438357,152
0.0,0.0,0.0,0
0.010958904109589041,0.31232876712328766,-0.3013698630136986,-110
0.16986301369863013,0.03287671232876712,0.136986301369863,50
0.06301369863013699,0.01643835616438356,0.04657534246575343,17
0.021917808219178082,0.0,0.021917808219178082,8
0.019178082191780823,0.0,0.019178082191780823,7
0.0958904109589041,0.5424657534246575,-0.4465753424657534,-163
0.024657534246575342,0.4438356164383562,-0.4191780821917808,-153
0.2958904109589041,0.11506849315068493,0.18082191780821918,66
0.030136986301369864,0.3780821917808219,-0.34794520547945207,-127
0.7534246575342466,0.01643835616438356,0.736986301369863,269
0.024657534246575342,0.4602739726027397,-0.43561643835616437,-159
0.06575342465753424,0.4438356164383562,-0.3780821917808219,-138
0.873972602739726,0.0,0.873972602739726,319
0.6958904109589041,0.6986301369863014,-0.0027397260273972603,-1
0.915068493150685,0.42191780821917807,0.4931506849315068,180
0.9095890410958904,0.13150684931506848,0.7780821917808219,284
0.04657534246575343,0.14794520547945206,-0.10136986301369863,-37
0.873972602739726,0.0,0.873972602739726,319
0.09863013698630137,0.4438356164383562,-0.3452054794520548,-126
0.0,0.0821917808219178,-0.0821917808219178,-30
0.9753424657534246,0.06575342465753424,0.9095890410958904,332
0.019178082191780823,0.0821917808219178,-0.06301369863013699,-23
0.09863013698630137,0.6986301369863014,-0.6,-219
0.3232876712328767,0.14794520547945206,0.17534246575342466,64
0.6164383561643836,0.6082191780821918,0.00821917808219178,3
0.8246575342465754,0.39452054794520547,0.4301369863013699,157
0.273972602739726,0.11506849315068493,0.1589041095890411,58
0.4547945205479452,0.5095890410958904,-0.0547945205479452,-20
0.27671232876712326,0.0,0.27671232876712326,101
0.9397260273972603,0.0,0.9397260273972603,343
0.049315068493150684,0.0,0.049315068493150684,18
0.0,0.0,0.0,0
0.1095890410958904,0.14794520547945206,-0.038356164383561646,-14
0.3232876712328767,0.6986301369863014,-0.37534246575342467,-137
0.0547945205479452,0.049315068493150684,0.005479452054794521,2
0.7534246575342466,0.0,0.7534246575342466,275
0.08767123287671233,0.09863013698630137,-0.010958904109589041,-4
0.2054794520547945,0.11506849315068493,0.09041095890410959,33
0.01643835616438356,0.049315068493150684,-0.03287671232876712,-12
0.7808219178082192,0.23013698630136986,0.5506849315068493,201
0.5671232876712329,0.0,0.5671232876712329,207
0.8931506849315068,0.03287671232876712,0.8602739726027397,314
0.3095890410958904,0.6986301369863014,-0.38904109589041097,-142
0.38082191780821917,0.049315068493150684,0.3315068493150685,121
0.8136986301369863,0.30684931506849317,0.5068493150684932,185
0.9561643835616438,0.5095890410958904,0.4465753424657534,163
0.06575342465753424,0.5917808219178082,-0.5260273972602739,-192
0.6,0.2958904109589041,0.3041095890410959,111
0.536986301369863,0.1643835616438356,0.3726027397260274,136
0.10136986301369863,0.1643835616438356,-0.06301369863013699,-23
0.336986301369863,0.01643835616438356,0.32054794520547947,117
0.6356164383561644,0.6410958904109589,-0.005479452054794521,-2
0.5698630136986301,0.18082191780821918,0.38904109589041097,142
0.5095890410958904,0.0,0.5095890410958904,186
0.8,0.1643835616438356,0.6356164383561644,232
0.5753424657534246,0.0,0.5753424657534246,210
0.5561643835616439,0.23013698630136986,0.32602739726027397,119
0.136986301369863,0.01643835616438356,0.12054794520547946,44
0.663013698630137,0.14794520547945206,0.5150684931506849,188
0.2219178082191781,0.4931506849315068,-0.27123287671232876,-99
0.0,0.1643835616438356,-0.1643835616438356,-60
0.8027397260273973,0.4438356164383562,0.3589041095890411,131
0.3917808219178082,0.0821917808219178,0.3095890410958904,113
0.7835616438356164,0.1643835616438356,0.6191780821917808,226
0.12602739726027398,0.4438356164383562,-0.3178082191780822,-116
0.7561643835616438,0.01643835616438356,0.7397260273972602,270
0.915068493150685,0.0821917808219178,0.8328767123287671,304
0.8191780821917808,0.36164383561643837,0.4575342465753425,167
0.0684931506849315,0.36164383561643837,-0.29315068493150687,-107
0.7095890410958904,0.5589041095890411,0.1506849315068493,55
0.15342465753424658,0.15342465753424658,0.0,0
0.589041095890411,0.19726027397260273,0.3917808219178082,143
0.7863013698630137,0.0,0.7863013698630137,287
0.8082191780821918,0.6986301369863014,0.1095890410958904,40
0.03287671232876712,0.3452054794520548,-0.31232876712328766,-114
0.273972602739726,0.2136986301369863,0.06027397260273973,22
0.06027397260273973,0.2465753424657534,-0.1863013698630137,-68
0.03287671232876712,0.14794520547945206,-0.11506849315068493,-42
0.7589041095890411,0.0,0.7589041095890411,277
0.9397260273972603,0.4931506849315068,0.4465753424657534,163
0.5260273972602739,0.0,0.5260273972602739,192
0.8027397260273973,0.0,0.8027397260273973,293
0.16986301369863013,0.1643835616438356,0.005479452054794521,2
0.0027397260273972603,0.0,0.0027397260273972603,1
0.1726027397260274,0.0547945205479452,0.1178082191780822,43
0.136986301369863,0.049315068493150684,0.08767123287671233,32
0.3095890410958904,0.3287671232876712,-0.019178082191780823,-7
0.7534246575342466,0.0,0.7534246575342466,275
0.821917808219178,0.27945205479452057,0.5424657534246575,198
0.7534246575342466,0.6986301369863014,0.0547945205479452,20
0.0,0.136986301369863,-0.136986301369863,-50
0.5150684931506849,0.3287671232876712,0.1863013698630137,68
0.5095890410958904,0.0,0.5095890410958904,186
0.3013698630136986,0.3452054794520548,-0.043835616438356165,-16
0.8164383561643835,0.2136986301369863,0.6027397260273972,220
0.04657534246575343,0.15342465753424658,-0.10684931506849316,-39
0.0027397260273972603,0.0,0.0027397260273972603,1
0.7753424657534247,0.4438356164383562,0.3315068493150685,121
0.7589041095890411,0.0,0.7589041095890411,277
0.2219178082191781,0.2191780821917808,0.0027397260273972603,1
0.04657534246575343,0.6986301369863014,-0.6520547945205479,-238
0.4246575342465753,0.4273972602739726,-0.0027397260273972603,-1
0.863013698630137,0.0547945205479452,0.8082191780821918,295
0.7972602739726027,0.6575342465753424,0.13972602739726028,51
0.46301369863013697,0.06575342465753424,0.3972602739726027,145
0.40273972602739727,0.6575342465753424,-0.2547945205479452,-93
0.9205479452054794,0.4602739726027397,0.4602739726027397,168
0.5150684931506849,0.0,0.5150684931506849,188
0.6410958904109589,0.19726027397260273,0.4438356164383562,162
0.7698630136986301,0.3287671232876712,0.4410958904109589,161
0.5287671232876713,0.6986301369863014,-0.16986301369863013,-62
0.8575342465753425,0.5917808219178082,0.26575342465753427,97
0.8767123287671232,0.0,0.8767123287671232,320
0.33972602739726027,0.6986301369863014,-0.3589041095890411,-131
0.28493150684931506,0.6986301369863014,-0.4136986301369863,-151
0.09863013698630137,0.01643835616438356,0.0821917808219178,30
0.1232876712328767,0.4438356164383562,-0.32054794520547947,-117
0.052054794520547946,0.39452054794520547,-0.3424657534246575,-125
0.2602739726027397,0.01643835616438356,0.24383561643835616,89
0.7534246575342466,0.049315068493150684,0.7041095890410959,257
0.4191780821917808,0.13150684931506848,0.2876712328767123,105
0.7589041095890411,0.0821917808219178,0.6767123287671233,247
0.7808219178082192,0.14794520547945206,0.6328767123287671,231
0.15616438356164383,0.15342465753424658,0.0027397260273972603,1
0.3232876712328767,0.13150684931506848,0.1917808219178082,70
0.32054794520547947,0.5424657534246575,-0.2219178082191781,-81
0.7232876712328767,0.11506849315068493,0.6082191780821918,222
0.8136986301369863,0.01643835616438356,0.7972602739726027,291
0.14794520547945206,0.273972602739726,-0.12602739726027398,-46
0.4383561643835616,0.06575342465753424,0.3726027397260274,136
0.0,0.0,0.0,0
0.30684931506849317,0.0,0.30684931506849317,112
0.07123287671232877,0.4931506849315068,-0.42191780821917807,-154
0.5260273972602739,0.0,0.5260273972602739,192
0.5534246575342465,0.038356164383561646,0.5150684931506849,188
0.010958904109589041,0.0821917808219178,-0.07123287671232877,-26
0.00821917808219178,0.0,0.00821917808219178,3
0.8027397260273973,0.14794520547945206,0.6547945205479452,239
0.1643835616438356,0.6986301369863014,-0.5342465753424658,-195
0.2602739726027397,0.26301369863013696,-0.0027397260273972603,-1
0.8164383561643835,0.3287671232876712,0.4876712328767123,178
0.27945205479452057,0.6082191780821918,-0.3287671232876712,-120
0.936986301369863,0.3780821917808219,0.5589041095890411,204
0.7671232876712328,0.26301369863013696,0.5041095890410959,184
0.3589041095890411,0.6986301369863014,-0.33972602739726027,-124
0.736986301369863,0.6986301369863014,0.038356164383561646,14
0.7424657534246575,0.15342465753424658,0.589041095890411,215
0.9095890410958904,0.01643835616438356,0.8931506849315068,326
0.5534246575342465,0.11506849315068493,0.4383561643835616,160
0.2602739726027397,0.0,0.2602739726027397,95
0.5534246575342465,0.0,0.5534246575342465,202
0.0547945205479452,0.31232876712328766,-0.25753424657534246,-94
0.01643835616438356,0.19726027397260273,-0.18082191780821918,-66
0.136986301369863,0.6986301369863014,-0.5616438356164384,-205
0.16986301369863013,0.6986301369863014,-0.5287671232876713,-193
0.4246575342465753,0.23013698630136986,0.19452054794520549,71
0.6602739726027397,0.23013698630136986,0.4301369863013699,157
0.7041095890410959,0.4767123287671233,0.2273972602739726,83
0.8136986301369863,0.39452054794520547,0.4191780821917808,153
0.9945205479452055,0.13150684931506848,0.863013698630137,315
0.11232876712328767,0.6904109589041096,-0.5780821917808219,-211
0.7068493150684931,0.2958904109589041,0.410958904109589,150
0.37534246575342467,0.0,0.37534246575342467,137
0.0,0.6986301369863014,-0.6986301369863014,-255
0.10136986301369863,0.5753424657534246,-0.473972602739726,-173
0.0,0.0821917808219178,-0.0821917808219178,-30
0.0410958904109589,0.01643835616438356,0.024657534246575342,9
0.049315068493150684,0.11506849315068493,-0.06575342465753424,-24
0.07397260273972603,0.6986301369863014,-0.6246575342465753,-228
0.30684931506849317,0.14794520547945206,0.1589041095890411,58
0.1095890410958904,0.31232876712328766,-0.20273972602739726,-74
0.8493150684931506,0.4931506849315068,0.3561643835616438,130
0.03287671232876712,0.11506849315068493,-0.0821917808219178,-30
0.0,0.1643835616438356,-0.1643835616438356,-60
0.00821917808219178,0.0,0.00821917808219178,3
0.29863013698630136,0.09863013698630137,0.2,73
0.06301369863013699,0.01643835616438356,0.04657534246575343,17
0.5534246575342465,0.0,0.5534246575342465,202
0.7616438356164383,0.09863013698630137,0.663013698630137,242
0.0,0.0,0.0,0
0.8876712328767123,0.0,0.8876712328767123,324
0.13424657534246576,0.6986301369863014,-0.5643835616438356,-206
0.16986301369863013,0.6986301369863014,-0.5287671232876713,-193
0.6356164383561644,0.6986301369863014,-0.06301369863013699,-23
0.18356164383561643,0.09863013698630137,0.08493150684931507,31
0.5534246575342465,0.5589041095890411,-0.005479452054794521,-2
0.7013698630136986,0.6986301369863014,0.0027397260273972603,1
0.7726027397260274,0.19726027397260273,0.5753424657534246,210
0.1589041095890411,0.01643835616438356,0.14246575342465753,52
0.4136986301369863,0.2465753424657534,0.16712328767123288,61
0.049315068493150684,0.0,0.049315068493150684,18
0.5534246575342465,0.0,0.5534246575342465,202
0.6931506849315069,0.09863013698630137,0.5945205479452055,217
0.7205479452054795,0.36164383561643837,0.3589041095890411,131
0.5068493150684932,0.049315068493150684,0.4575342465753425,167
0.7452054794520548,0.01643835616438356,0.7287671232876712,266
0.7452054794520548,0.0,0.7452054794520548,272
0.7452054794520548,0.0,0.7452054794520548,272
0.9534246575342465,0.049315068493150684,0.9041095890410958,330
0.547945205479452,0.4602739726027397,0.08767123287671233,32
0.2273972602739726,0.3780821917808219,-0.1506849315068493,-55
0.16712328767123288,0.4273972602739726,-0.2602739726027397,-95
0.1095890410958904,0.410958904109589,-0.3013698630136986,-110
0.10410958904109589,0.36164383561643837,-0.25753424657534246,-94
0.863013698630137,0.4602739726027397,0.40273972602739727,147
0.46301369863013697,0.1643835616438356,0.29863013698630136,109
0.3589041095890411,0.0,0.3589041095890411,131
0.2054794520547945,0.3287671232876712,-0.1232876712328767,-45
0.5041095890410959,0.13150684931506848,0.3726027397260274,136
0.07945205479452055,0.11506849315068493,-0.03561643835616438,-13
0.0410958904109589,0.01643835616438356,0.024657534246575342,9
0.6273972602739726,0.3452054794520548,0.2821917808219178,103
0.726027397260274,0.0,0.726027397260274,265
0.726027397260274,0.0,0.726027397260274,265
0.42191780821917807,0.0,0.42191780821917807,154
0.5123287671232877,0.0,0.5123287671232877,187
0.7561643835616438,0.0,0.7561643835616438,276
0.024657534246575342,0.0,0.024657534246575342,9
0.4876712328767123,0.0,0.4876712328767123,178
0.336986301369863,0.6575342465753424,-0.32054794520547947,-117
0.4547945205479452,0.18082191780821918,0.273972602739726,100
0.23835616438356164,0.6575342465753424,-0.4191780821917808,-153
0.0,0.0,0.0,0
0.26301369863013696,0.3287671232876712,-0.06575342465753424,-24
0.0,0.0,0.0,0
0.0136986301369863,0.0821917808219178,-0.0684931506849315,-25
0.26575342465753427,0.11506849315068493,0.1506849315068493,55
0.0,0.136986301369863,-0.136986301369863,-50
0.0,0.0,0.0,0
0.0136986301369863,0.4767123287671233,-0.46301369863013697,-169
0.021917808219178082,0.01643835616438356,0.005479452054794521,2
0.057534246575342465,0.06575342465753424,-0.00821917808219178,-3
0.7013698630136986,0.0,0.7013698630136986,256
0.9424657534246575,0.14246575342465753,0.8,292
0.1780821917808219,0.6986301369863014,-0.5205479452054794,-190
0.38904109589041097,0.4821917808219178,-0.09315068493150686,-34
0.5095890410958904,0.0,0.5095890410958904,186
0.726027397260274,0.0,0.726027397260274,265
0.5095890410958904,0.0,0.5095890410958904,186
0.6164383561643836,0.4931506849315068,0.1232876712328767,45
0.32602739726027397,0.3452054794520548,-0.019178082191780823,-7
0.6931506849315069,0.2958904109589041,0.3972602739726027,145
0.00821917808219178,0.0,0.00821917808219178,3
0.27945205479452057,0.0,0.27945205479452057,102
0.7013698630136986,0.4931506849315068,0.20821917808219179,76
0.00821917808219178,0.03287671232876712,-0.024657534246575342,-9
0.049315068493150684,0.6986301369863014,-0.6493150684931507,-237
0.3506849315068493,0.6904109589041096,-0.33972602739726027,-124
0.8328767123287671,0.6986301369863014,0.13424657534246576,49
0.0027397260273972603,0.0,0.0027397260273972603,1
0.3095890410958904,0.3287671232876712,-0.019178082191780823,-7
0.7863013698630137,0.13150684931506848,0.6547945205479452,239
0.4794520547945205,0.13150684931506848,0.34794520547945207,127
0.5260273972602739,0.03287671232876712,0.4931506849315068,180
0.7616438356164383,0.0,0.7616438356164383,278
0.9095890410958904,0.0,0.9095890410958904,332
0.5780821917808219,0.2136986301369863,0.3643835616438356,133
0.41643835616438357,0.2958904109589041,0.12054794520547946,44
0.29863013698630136,0.06575342465753424,0.2328767123287671,85
0.3041095890410959,0.11506849315068493,0.18904109589041096,69
0.3095890410958904,0.19726027397260273,0.11232876712328767,41
0.3013698630136986,0.01643835616438356,0.28493150684931506,104
0.5095890410958904,0.0,0.5095890410958904,186
0.0,0.0,0.0,0
0.3013698630136986,0.33972602739726027,-0.038356164383561646,-14
0.28493150684931506,0.03287671232876712,0.25205479452054796,92
0.005479452054794521,0.03287671232876712,-0.0273972602739726,-10
0.07945205479452055,0.4931506849315068,-0.4136986301369863,-151
0.1232876712328767,0.18082191780821918,-0.057534246575342465,-21
0.8958904109589041,0.2465753424657534,0.6493150684931507,237
0.7616438356164383,0.0,0.7616438356164383,278
0.0,0.3287671232876712,-0.3287671232876712,-120
0.5342465753424658,0.14794520547945206,0.3863013698630137,141
0.9726027397260274,0.0821917808219178,0.8904109589041096,325
0.873972602739726,0.3287671232876712,0.5452054794520548,199
0.010958904109589041,0.0,0.010958904109589041,4
0.6054794520547945,0.3452054794520548,0.2602739726027397,95
0.5123287671232877,0.19726027397260273,0.3150684931506849,115
0.0,0.36164383561643837,-0.36164383561643837,-132
0.1506849315068493,0.6986301369863014,-0.547945205479452,-200
0.2821917808219178,0.14794520547945206,0.13424657534246576,49
0.8301369863013699,0.3178082191780822,0.5123287671232877,187
0.00821917808219178,0.5753424657534246,-0.5671232876712329,-207
0.5342465753424658,0.6986301369863014,-0.1643835616438356,-60
0.0821917808219178,0.6986301369863014,-0.6164383561643836,-225
0.0,0.0,0.0,0
0.5643835616438356,0.13150684931506848,0.4328767123287671,158
0.21095890410958903,0.11506849315068493,0.0958904109589041,35
0.0,0.0,0.0,0
0.4602739726027397,0.6986301369863014,-0.23835616438356164,-87
0.0684931506849315,0.31232876712328766,-0.24383561643835616,-89
0.043835616438356165,0.3287671232876712,-0.28493150684931506,-104
0.0,0.4602739726027397,-0.4602739726027397,-168
0.049315068493150684,0.1643835616438356,-0.11506849315068493,-42
0.06575342465753424,0.14794520547945206,-0.0821917808219178,-30
0.09863013698630137,0.049315068493150684,0.049315068493150684,18
0.0,0.0,0.0,0
0.0027397260273972603,0.6986301369863014,-0.6958904109589041,-254
0.2602739726027397,0.0821917808219178,0.1780821917808219,65
0.7506849315068493,0.6986301369863014,0.052054794520547946,19
0.06575342465753424,0.3287671232876712,-0.26301369863013696,-96
0.8958904109589041,0.31232876712328766,0.5835616438356165,213
0.0,0.03287671232876712,-0.03287671232876712,-12
0.40821917808219177,0.0,0.40821917808219177,149
0.7041095890410959,0.0,0.7041095890410959,257
0.0958904109589041,0.3452054794520548,-0.2493150684931507,-91
0.8082191780821918,0.049315068493150684,0.7589041095890411,277
0.5232876712328767,0.3780821917808219,0.14520547945205478,53
0.2219178082191781,0.36164383561643837,-0.13972602739726028,-51
0.0,0.0,0.0,0
0.07123287671232877,0.5753424657534246,-0.5041095890410959,-184
0.2191780821917808,0.0,0.2191780821917808,80
0.16164383561643836,0.6986301369863014,-0.536986301369863,-196
0.0273972602739726,0.1643835616438356,-0.136986301369863,-50
0.0,0.23013698630136986,-0.23013698630136986,-84
0.2410958904109589,0.14794520547945206,0.09315068493150686,34
0.3315068493150685,0.2136986301369863,0.1178082191780822,43
0.5315068493150685,0.23013698630136986,0.3013698630136986,110
0.5780821917808219,0.0,0.5780821917808219,211
0.44931506849315067,0.2958904109589041,0.15342465753424658,56
0.6575342465753424,0.0,0.6575342465753424,240
0.03287671232876712,0.6986301369863014,-0.6657534246575343,-243
0.0,0.0,0.0,0
0.7671232876712328,0.06575342465753424,0.7013698630136986,256
0.0,0.01643835616438356,-0.01643835616438356,-6
0.005479452054794521,0.0,0.005479452054794521,2
0.8712328767123287,0.5095890410958904,0.36164383561643837,132
0.9013698630136986,0.3452054794520548,0.5561643835616439,203
0.3972602739726027,0.673972602739726,-0.27671232876712326,-101
0.14794520547945206,0.6904109589041096,-0.5424657534246575,-198
0.8356164383561644,0.0,0.8356164383561644,305
0.8986301369863013,0.09863013698630137,0.8,292
0.29041095890410956,0.1643835616438356,0.12602739726027398,46
0.6191780821917808,0.0,0.6191780821917808,226
0.030136986301369864,0.6082191780821918,-0.5780821917808219,-211
0.0,0.0,0.0,0
0.10410958904109589,0.049315068493150684,0.0547945205479452,20
0.28493150684931506,0.6986301369863014,-0.4136986301369863,-151
0.5095890410958904,0.0,0.5095890410958904,186
0.13150684931506848,0.1643835616438356,-0.03287671232876712,-12
0.1232876712328767,0.2958904109589041,-0.1726027397260274,-63
0.08767123287671233,0.6986301369863014,-0.6109589041095891,-223
0.15342465753424658,0.6986301369863014,-0.5452054794520548,-199
0.13424657534246576,0.03287671232876712,0.10136986301369863,37
0.8410958904109589,0.0,0.8410958904109589,307
0.3041095890410959,0.5917808219178082,-0.2876712328767123,-105
0.5534246575342465,0.0821917808219178,0.4712328767123288,172
0.2876712328767123,0.14794520547945206,0.13972602739726028,51
0.5589041095890411,0.6986301369863014,-0.13972602739726028,-51
0.06575342465753424,0.39452054794520547,-0.3287671232876712,-120
0.10136986301369863,0.1643835616438356,-0.06301369863013699,-23
0.5753424657534246,0.410958904109589,0.1643835616438356,60
0.0027397260273972603,0.0,0.0027397260273972603,1
0.7561643835616438,0.0,0.7561643835616438,276
0.9835616438356164,0.01643835616438356,0.9671232876712329,353
0.26301369863013696,0.0,0.26301369863013696,96
0.9643835616438357,0.01643835616438356,0.947945205479452,346
0.3780821917808219,0.23013698630136986,0.14794520547945206,54
0.8,0.6246575342465753,0.17534246575342466,64
0.273972602739726,0.6986301369863014,-0.4246575342465753,-155
0.5013698630136987,0.4273972602739726,0.07397260273972603,27
0.5726027397260274,0.23013698630136986,0.3424657534246575,125
0.29863013698630136,0.15342465753424658,0.14520547945205478,53
0.0,0.0,0.0,0
0.038356164383561646,0.2136986301369863,-0.17534246575342466,-64
0.019178082191780823,0.13150684931506848,-0.11232876712328767,-41
0.5780821917808219,0.06575342465753424,0.5123287671232877,187
0.16164383561643836,0.6986301369863014,-0.536986301369863,-196
0.00821917808219178,0.11506849315068493,-0.10684931506849316,-39
0.6273972602739726,0.6082191780821918,0.019178082191780823,7
0.14794520547945206,0.36164383561643837,-0.2136986301369863,-78
0.9972602739726028,0.26301369863013696,0.7342465753424657,268
0.7561643835616438,0.0821917808219178,0.673972602739726,246
0.7616438356164383,0.4273972602739726,0.33424657534246577,122
0.09863013698630137,0.6356164383561644,-0.536986301369863,-196
0.0,0.13150684931506848,-0.13150684931506848,-48
0.23013698630136986,0.14794520547945206,0.0821917808219178,30
0.16712328767123288,0.6986301369863014,-0.5315068493150685,-194
0.8,0.07671232876712329,0.7232876712328767,264
0.33424657534246577,0.5260273972602739,-0.1917808219178082,-70
0.7698630136986301,0.0,0.7698630136986301,281
0.0273972602739726,0.09863013698630137,-0.07123287671232877,-26
0.5315068493150685,0.1643835616438356,0.36712328767123287,134
0.17534246575342466,0.3287671232876712,-0.15342465753424658,-56
0.11232876712328767,0.36164383561643837,-0.2493150684931507,-91
0.7835616438356164,0.2465753424657534,0.536986301369863,196
0.7643835616438356,0.09863013698630137,0.6657534246575343,243
0.0027397260273972603,0.0821917808219178,-0.07945205479452055,-29
0.5452054794520548,0.09863013698630137,0.4465753424657534,163
0.6136986301369863,0.03287671232876712,0.5808219178082191,212
0.6410958904109589,0.6986301369863014,-0.057534246575342465,-21
0.25205479452054796,0.23013698630136986,0.021917808219178082,8
0.673972602739726,0.6986301369863014,-0.024657534246575342,-9
0.9506849315068493,0.6986301369863014,0.25205479452054796,92
0.33972602739726027,0.19726027397260273,0.14246575342465753,52
0.06301369863013699,0.13150684931506848,-0.0684931506849315,-25
0.0027397260273972603,0.0,0.0027397260273972603,1
0.1232876712328767,0.673972602739726,-0.5506849315068493,-201
0.14520547945205478,0.4931506849315068,-0.34794520547945207,-127
0.5342465753424658,0.31232876712328766,0.2219178082191781,81
0.5260273972602739,0.1643835616438356,0.36164383561643837,132
0.5178082191780822,0.4767123287671233,0.0410958904109589,15
0.2602739726027397,0.6986301369863014,-0.4383561643835616,-160
0.0,0.0,0.0,0
0.6191780821917808,0.6986301369863014,-0.07945205479452055,-29
0.8027397260273973,0.0821917808219178,0.7205479452054795,263
0.16164383561643836,0.0,0.16164383561643836,59
0.5260273972602739,0.0,0.5260273972602739,192
0.5095890410958904,0.30684931506849317,0.20273972602739726,74
0.08493150684931507,0.1643835616438356,-0.07945205479452055,-29
0.3506849315068493,0.4767123287671233,-0.12602739726027398,-46
0.005479452054794521,0.36164383561643837,-0.3561643835616438,-130
0.7479452054794521,0.0,0.7479452054794521,273
0.5178082191780822,0.6986301369863014,-0.18082191780821918,-66
0.7726027397260274,0.0,0.7726027397260274,282
0.6520547945205479,0.09863013698630137,0.5534246575342465,202
0.06301369863013699,0.5260273972602739,-0.46301369863013697,-169
0.8273972602739726,0.6246575342465753,0.20273972602739726,74
0.5698630136986301,0.6986301369863014,-0.12876712328767123,-47
0.1232876712328767,0.2465753424657534,-0.1232876712328767,-45
0.10136986301369863,0.3287671232876712,-0.2273972602739726,-83
0.038356164383561646,0.6410958904109589,-0.6027397260273972,-220
0.04657534246575343,0.0,0.04657534246575343,17
0.8575342465753425,0.0,0.8575342465753425,313
0.1095890410958904,0.26301369863013696,-0.15342465753424658,-56
0.7698630136986301,0.5260273972602739,0.24383561643835616,89
0.03287671232876712,0.23013698630136986,-0.19726027397260273,-72
0.7589041095890411,0.6986301369863014,0.06027397260273973,22
0.019178082191780823,0.0,0.019178082191780823,7
0.5397260273972603,0.26301369863013696,0.27671232876712326,101
0.8849315068493151,0.6986301369863014,0.1863013698630137,68
0.09041095890410959,0.27945205479452057,-0.18904109589041096,-69
0.16712328767123288,0.3780821917808219,-0.21095890410958903,-77
0.7589041095890411,0.0,0.7589041095890411,277
0.7534246575342466,0.09863013698630137,0.6547945205479452,239
0.052054794520547946,0.01643835616438356,0.03561643835616438,13
0.2219178082191781,0.36164383561643837,-0.13972602739726028,-51
0.8712328767123287,0.049315068493150684,0.821917808219178,300
0.5342465753424658,0.6986301369863014,-0.1643835616438356,-60
0.0,0.01643835616438356,-0.01643835616438356,-6
0.3041095890410959,0.5095890410958904,-0.2054794520547945,-75
0.01643835616438356,0.0821917808219178,-0.06575342465753424,-24
0.7506849315068493,0.5753424657534246,0.17534246575342466,64
0.7972602739726027,0.6986301369863014,0.09863013698630137,36
0.4684931506849315,0.6986301369863014,-0.23013698630136986,-84
0.0,0.0,0.0,0
0.8410958904109589,0.0821917808219178,0.7589041095890411,277
0.03561643835616438,0.5753424657534246,-0.5397260273972603,-197
0.0273972602739726,0.6986301369863014,-0.6712328767123288,-245
0.136986301369863,0.6575342465753424,-0.5205479452054794,-190
0.2602739726027397,0.5753424657534246,-0.3150684931506849,-115
0.0027397260273972603,0.4931506849315068,-0.4904109589041096,-179
0.6958904109589041,0.23013698630136986,0.4657534246575342,170
0.0958904109589041,0.6082191780821918,-0.5123287671232877,-187
0.1178082191780822,0.2465753424657534,-0.12876712328767123,-47
0.0273972602739726,0.6986301369863014,-0.6712328767123288,-245
0.06575342465753424,0.2958904109589041,-0.23013698630136986,-84
0.0,0.03287671232876712,-0.03287671232876712,-12
0.7342465753424657,0.06575342465753424,0.6684931506849315,244
0.7315068493150685,0.01643835616438356,0.7150684931506849,261
0.5424657534246575,0.03287671232876712,0.5095890410958904,186
0.8904109589041096,0.4438356164383562,0.4465753424657534,163
0.0,0.0,0.0,0
0.03561643835616438,0.13150684931506848,-0.0958904109589041,-35
0.5287671232876713,0.39452054794520547,0.13424657534246576,49
0.989041095890411,0.2958904109589041,0.6931506849315069,253
0.0,0.13150684931506848,-0.13150684931506848,-48
0.17534246575342466,0.4931506849315068,-0.3178082191780822,-116
0.024657534246575342,0.03287671232876712,-0.00821917808219178,-3
0.33972602739726027,0.2465753424657534,0.09315068493150686,34
0.1232876712328767,0.0,0.1232876712328767,45
0.021917808219178082,0.11506849315068493,-0.09315068493150686,-34
0.8657534246575342,0.2191780821917808,0.6465753424657534,236
0.049315068493150684,0.1643835616438356,-0.11506849315068493,-42
0.27671232876712326,0.0,0.27671232876712326,101
0.4986301369863014,0.27945205479452057,0.2191780821917808,80
0.09315068493150686,0.3452054794520548,-0.25205479452054796,-92
0.8356164383561644,0.6986301369863014,0.136986301369863,50
1.0,0.043835616438356165,0.9561643835616438,349
0.0,0.01643835616438356,-0.01643835616438356,-6
0.7753424657534247,0.11506849315068493,0.6602739726027397,241
0.9534246575342465,0.4602739726027397,0.4931506849315068,180
0.7506849315068493,0.0821917808219178,0.6684931506849315,244
0.8712328767123287,0.1643835616438356,0.7068493150684931,258
0.7178082191780822,0.1643835616438356,0.5534246575342465,202
0.052054794520547946,0.06575342465753424,-0.0136986301369863,-5
0.9506849315068493,0.0,0.9506849315068493,347
0.21095890410958903,0.6575342465753424,-0.4465753424657534,-163
0.09315068493150686,0.0,0.09315068493150686,34
0.40273972602739727,0.6986301369863014,-0.2958904109589041,-108
0.019178082191780823,0.410958904109589,-0.3917808219178082,-143
0.6356164383561644,0.0,0.6356164383561644,232
0.030136986301369864,0.31232876712328766,-0.2821917808219178,-103
0.07123287671232877,0.6986301369863014,-0.6273972602739726,-229
0.8027397260273973,0.049315068493150684,0.7534246575342466,275
0.0,0.0,0.0,0
0.01643835616438356,0.03287671232876712,-0.01643835616438356,-6
0.01643835616438356,0.18082191780821918,-0.1643835616438356,-60
0.6547945205479452,0.6575342465753424,-0.0027397260273972603,-1
0.0547945205479452,0.06575342465753424,-0.010958904109589041,-4
0.038356164383561646,0.049315068493150684,-0.010958904109589041,-4
0.18082191780821918,0.6575342465753424,-0.4767123287671233,-174
0.7397260273972602,0.03287671232876712,0.7068493150684931,258
0.6410958904109589,0.01643835616438356,0.6246575342465753,228
0.9643835616438357,0.4931506849315068,0.4712328767123288,172
0.0410958904109589,0.049315068493150684,-0.00821917808219178,-3
0.7561643835616438,0.01643835616438356,0.7397260273972602,270
0.16712328767123288,0.27945205479452057,-0.11232876712328767,-41
0.684931506849315,0.11506849315068493,0.5698630136986301,208
0.049315068493150684,0.0821917808219178,-0.03287671232876712,-12
0.4191780821917808,0.3287671232876712,0.09041095890410959,33
0.07671232876712329,0.6986301369863014,-0.6219178082191781,-227
0.049315068493150684,0.09863013698630137,-0.049315068493150684,-18
0.6164383561643836,0.0,0.6164383561643836,225
0.3506849315068493,0.14794520547945206,0.20273972602739726,74
0.049315068493150684,0.13150684931506848,-0.0821917808219178,-30
0.12054794520547946,0.36164383561643837,-0.2410958904109589,-88
0.7534246575342466,0.0821917808219178,0.6712328767123288,245
0.0,0.06575342465753424,-0.06575342465753424,-24
0.00821917808219178,0.14794520547945206,-0.13972602739726028,-51
0.2602739726027397,0.0,0.2602739726027397,95
0.0,0.0,0.0,0
0.1780821917808219,0.11506849315068493,0.06301369863013699,23
0.5780821917808219,0.19726027397260273,0.38082191780821917,139
0.3150684931506849,0.6986301369863014,-0.3835616438356164,-140
0.6027397260273972,0.11506849315068493,0.4876712328767123,178
0.8712328767123287,0.3287671232876712,0.5424657534246575,198
0.8575342465753425,0.6986301369863014,0.1589041095890411,58
0.4547945205479452,0.06575342465753424,0.38904109589041097,142
0.0027397260273972603,0.0,0.0027397260273972603,1
0.1780821917808219,0.0,0.1780821917808219,65
0.09863013698630137,0.09863013698630137,0.0,0
0.038356164383561646,0.26301369863013696,-0.22465753424657534,-82
0.9397260273972603,0.39452054794520547,0.5452054794520548,199
0.5534246575342465,0.13150684931506848,0.42191780821917807,154
0.06575342465753424,0.27945205479452057,-0.2136986301369863,-78
0.2136986301369863,0.1643835616438356,0.049315068493150684,18
0.9041095890410958,0.0,0.9041095890410958,330
0.5561643835616439,0.2958904109589041,0.2602739726027397,95
0.29863013698630136,0.3835616438356164,-0.08493150684931507,-31
0.5698630136986301,0.2465753424657534,0.3232876712328767,118
0.23835616438356164,0.6082191780821918,-0.3698630136986301,-135
0.0027397260273972603,0.0,0.0027397260273972603,1
0.7534246575342466,0.0,0.7534246575342466,275
0.29315068493150687,0.0,0.29315068493150687,107
0.9561643835616438,0.673972602739726,0.2821917808219178,103
0.9753424657534246,0.0821917808219178,0.8931506849315068,326
0.1863013698630137,0.16986301369863013,0.01643835616438356,6
0.5232876712328767,0.4931506849315068,0.030136986301369864,11
0.07671232876712329,0.3452054794520548,-0.2684931506849315,-98
0.3013698630136986,0.1643835616438356,0.136986301369863,50
0.03561643835616438,0.3780821917808219,-0.3424657534246575,-125
0.9397260273972603,0.5753424657534246,0.3643835616438356,133
0.5397260273972603,0.5589041095890411,-0.019178082191780823,-7
0.5068493150684932,0.0,0.5068493150684932,185
0.9753424657534246,0.19726027397260273,0.7780821917808219,284
0.5506849315068493,0.0,0.5506849315068493,201
0.06575342465753424,0.6986301369863014,-0.6328767123287671,-231
0.3232876712328767,0.14794520547945206,0.17534246575342466,64
0.5095890410958904,0.0,0.5095890410958904,186
0.0027397260273972603,0.0,0.0027397260273972603,1
0.0273972602739726,0.31232876712328766,-0.28493150684931506,-104
0.0,0.0,0.0,0
0.13972602739726028,0.11506849315068493,0.024657534246575342,9
0.5561643835616439,0.5424657534246575,0.0136986301369863,5
0.5041095890410959,0.049315068493150684,0.4547945205479452,166
0.021917808219178082,0.1643835616438356,-0.14246575342465753,-52
0.0273972602739726,0.06575342465753424,-0.038356164383561646,-14
0.052054794520547946,0.6986301369863014,-0.6465753424657534,-236
0.06027397260273973,0.11506849315068493,-0.0547945205479452,-20
0.5780821917808219,0.2465753424657534,0.3315068493150685,121
0.3013698630136986,0.0821917808219178,0.2191780821917808,80
0.0027397260273972603,0.0,0.0027397260273972603,1
0.052054794520547946,0.2465753424657534,-0.19452054794520549,-71
0.16986301369863013,0.1643835616438356,0.005479452054794521,2
0.1178082191780822,0.4273972602739726,-0.3095890410958904,-113
0.10410958904109589,0.23013698630136986,-0.12602739726027398,-46
0.06301369863013699,0.3452054794520548,-0.2821917808219178,-103
0.7534246575342466,0.06575342465753424,0.6876712328767123,251
0.7534246575342466,0.01643835616438356,0.736986301369863,269
0.7534246575342466,0.0,0.7534246575342466,275
0.0,0.0,0.0,0
0.4465753424657534,0.03287671232876712,0.4136986301369863,151
0.7534246575342466,0.03287671232876712,0.7205479452054795,263
0.5068493150684932,0.0,0.5068493150684932,185
0.8821917808219178,0.1095890410958904,0.7726027397260274,282
0.7945205479452054,0.049315068493150684,0.7452054794520548,272
0.9260273972602739,0.1643835616438356,0.7616438356164383,278
0.6383561643835617,0.4602739726027397,0.1780821917808219,65
0.057534246575342465,0.6986301369863014,-0.6410958904109589,-234
0.5205479452054794,0.4931506849315068,0.0273972602739726,10
0.08767123287671233,0.3287671232876712,-0.2410958904109589,-88
0.9013698630136986,0.3287671232876712,0.5726027397260274,209
0.8082191780821918,0.01643835616438356,0.7917808219178082,289
0.958904109589041,0.13150684931506848,0.8273972602739726,302
0.0410958904109589,0.049315068493150684,-0.00821917808219178,-3
0.049315068493150684,0.0,0.049315068493150684,18
0.6657534246575343,0.6246575342465753,0.0410958904109589,15
0.021917808219178082,0.11506849315068493,-0.09315068493150686,-34
0.2958904109589041,0.410958904109589,-0.11506849315068493,-42
0.0273972602739726,0.5589041095890411,-0.5315068493150685,-194
0.5534246575342465,0.03287671232876712,0.5205479452054794,190
0.27671232876712326,0.01643835616438356,0.2602739726027397,95
0.6383561643835617,0.0,0.6383561643835617,233
0.00821917808219178,0.0,0.00821917808219178,3
0.7150684931506849,0.06575342465753424,0.6493150684931507,237
0.7178082191780822,0.1643835616438356,0.5534246575342465,202
0.27945205479452057,0.0,0.27945205479452057,102
0.5068493150684932,0.0,0.5068493150684932,185
0.7178082191780822,0.6986301369863014,0.019178082191780823,7
0.410958904109589,0.6136986301369863,-0.20273972602739726,-74
0.005479452054794521,0.0,0.005479452054794521,2
0.0,0.0,0.0,0
0.08767123287671233,0.5095890410958904,-0.42191780821917807,-154
0.13150684931506848,0.23013698630136986,-0.09863013698630137,-36
0.5671232876712329,0.3287671232876712,0.23835616438356164,87
0.7616438356164383,0.410958904109589,0.3506849315068493,128
0.5287671232876713,0.3287671232876712,0.2,73
0.12054794520547946,0.5917808219178082,-0.4712328767123288,-172
0.005479452054794521,0.0,0.005479452054794521,2
0.4684931506849315,0.3452054794520548,0.1232876712328767,45
0.35342465753424657,0.3287671232876712,0.024657534246575342,9
0.4958904109589041,0.5095890410958904,-0.0136986301369863,-5
0.021917808219178082,0.0,0.021917808219178082,8
0.1917808219178082,0.4602739726027397,-0.2684931506849315,-98
0.3863013698630137,0.4931506849315068,-0.10684931506849316,-39
0.29315068493150687,0.23013698630136986,0.06301369863013699,23
0.03561643835616438,0.09863013698630137,-0.06301369863013699,-23
0.0027397260273972603,0.09863013698630137,-0.0958904109589041,-35
0.29315068493150687,0.5095890410958904,-0.21643835616438356,-79
0.09863013698630137,0.6986301369863014,-0.6,-219
0.8082191780821918,0.0,0.8082191780821918,295
0.0136986301369863,0.2958904109589041,-0.2821917808219178,-103
0.8438356164383561,0.18082191780821918,0.663013698630137,242
0.2684931506849315,0.3780821917808219,-0.1095890410958904,-40
0.5287671232876713,0.5424657534246575,-0.0136986301369863,-5
0.3150684931506849,0.6986301369863014,-0.3835616438356164,-140
0.0027397260273972603,0.03287671232876712,-0.030136986301369864,-11
0.8164383561643835,0.3452054794520548,0.4712328767123288,172
0.16986301369863013,0.6986301369863014,-0.5287671232876713,-193
0.27123287671232876,0.09863013698630137,0.1726027397260274,63
0.5178082191780822,0.6986301369863014,-0.18082191780821918,-66
0.8054794520547945,0.6986301369863014,0.10684931506849316,39
0.2410958904109589,0.3452054794520548,-0.10410958904109589,-38
0.4849315068493151,0.15342465753424658,0.3315068493150685,121
0.19726027397260273,0.6986301369863014,-0.5013698630136987,-183
0.4849315068493151,0.4931506849315068,-0.00821917808219178,-3
0.31232876712328766,0.0,0.31232876712328766,114
0.16164383561643836,0.6575342465753424,-0.4958904109589041,-181
0.5945205479452055,0.6136986301369863,-0.019178082191780823,-7
0.4054794520547945,0.23013698630136986,0.17534246575342466,64
0.2958904109589041,0.13150684931506848,0.1643835616438356,60
0.0273972602739726,0.5260273972602739,-0.4986301369863014,-182
0.7287671232876712,0.6986301369863014,0.030136986301369864,11
0.8465753424657534,0.6575342465753424,0.18904109589041096,69
0.3041095890410959,0.0,0.3041095890410959,111
0.4904109589041096,0.3452054794520548,0.14520547945205478,53
0.1863013698630137,0.2958904109589041,-0.1095890410958904,-40
0.4821917808219178,0.2136986301369863,0.2684931506849315,98
0.2493150684931507,0.03287671232876712,0.21643835616438356,79
0.9397260273972603,0.3780821917808219,0.5616438356164384,205
0.9698630136986301,0.4931506849315068,0.4767123287671233,174
0.0,0.4931506849315068,-0.4931506849315068,-180
0.4301369863013699,0.31232876712328766,0.1178082191780822,43
0.42191780821917807,0.0,0.42191780821917807,154
0.00821917808219178,0.0,0.00821917808219178,3
0.7726027397260274,0.6986301369863014,0.07397260273972603,27
0.10136986301369863,0.5260273972602739,-0.4246575342465753,-155
0.9452054794520548,0.049315068493150684,0.8958904109589041,327
0.03561643835616438,0.18082191780821918,-0.14520547945205478,-53
0.7698630136986301,0.09863013698630137,0.6712328767123288,245
0.5123287671232877,0.6575342465753424,-0.14520547945205478,-53
0.5561643835616439,0.18082191780821918,0.37534246575342467,137
0.29041095890410956,0.13150684931506848,0.1589041095890411,58
0.005479452054794521,0.0,0.005479452054794521,2
0.4876712328767123,0.2465753424657534,0.2410958904109589,88
0.06027397260273973,0.1643835616438356,-0.10410958904109589,-38
0.4575342465753425,0.0,0.4575342465753425,167
0.23835616438356164,0.09863013698630137,0.13972602739726028,51
0.8136986301369863,0.410958904109589,0.40273972602739727,147
0.7616438356164383,0.4602739726027397,0.3013698630136986,110
0.6767123287671233,0.14794520547945206,0.5287671232876713,193
0.7534246575342466,0.049315068493150684,0.7041095890410959,257
0.07123287671232877,0.2958904109589041,-0.22465753424657534,-82
0.5260273972602739,0.0,0.5260273972602739,192
0.8054794520547945,0.410958904109589,0.39452054794520547,144
0.10684931506849316,0.27945205479452057,-0.1726027397260274,-63
0.6,0.6575342465753424,-0.057534246575342465,-21
0.46301369863013697,0.3452054794520548,0.1178082191780822,43
0.5342465753424658,0.5095890410958904,0.024657534246575342,9
0.3095890410958904,0.6575342465753424,-0.34794520547945207,-127
0.8027397260273973,0.6986301369863014,0.10410958904109589,38
0.1232876712328767,0.01643835616438356,0.10684931506849316,39
0.17534246575342466,0.0821917808219178,0.09315068493150686,34
0.5397260273972603,0.0,0.5397260273972603,197
0.7753424657534247,0.4273972602739726,0.34794520547945207,127
0.09041095890410959,0.6986301369863014,-0.6082191780821918,-222
0.37534246575342467,0.27945205479452057,0.0958904109589041,35
0.0,0.0,0.0,0
0.0,0.0,0.0,0
0.4904109589041096,0.06575342465753424,0.4246575342465753,155
0.7589041095890411,0.6986301369863014,0.06027397260273973,22
0.5506849315068493,0.14794520547945206,0.40273972602739727,147
0.024657534246575342,0.0,0.024657534246575342,9
0.39452054794520547,0.2465753424657534,0.14794520547945206,54
0.6219178082191781,0.6986301369863014,-0.07671232876712329,-28
0.2602739726027397,0.0273972602739726,0.2328767123287671,85
0.1232876712328767,0.18082191780821918,-0.057534246575342465,-21
0.26575342465753427,0.5424657534246575,-0.27671232876712326,-101
0.26301369863013696,0.6986301369863014,-0.43561643835616437,-159
0.2602739726027397,0.11506849315068493,0.14520547945205478,53
0.19726027397260273,0.3287671232876712,-0.13150684931506848,-48
0.0,0.1643835616438356,-0.1643835616438356,-60
0.0027397260273972603,0.0,0.0027397260273972603,1
0.2684931506849315,0.6904109589041096,-0.42191780821917807,-154
0.9452054794520548,0.18082191780821918,0.7643835616438356,279
0.5068493150684932,0.01643835616438356,0.4904109589041096,179
0.5232876712328767,0.01643835616438356,0.5068493150684932,185
0.04657534246575343,0.0,0.04657534246575343,17
0.5616438356164384,0.6986301369863014,-0.136986301369863,-50
0.7616438356164383,0.03287671232876712,0.7287671232876712,266
0.9506849315068493,0.1643835616438356,0.7863013698630137,287
0.1780821917808219,0.01643835616438356,0.16164383561643836,59
0.9452054794520548,0.03287671232876712,0.9123287671232877,333
0.00821917808219178,0.2136986301369863,-0.2054794520547945,-75
0.0,0.049315068493150684,-0.049315068493150684,-18
0.0136986301369863,0.19726027397260273,-0.18356164383561643,-67
0.0,0.19726027397260273,-0.19726027397260273,-72
0.9506849315068493,0.4438356164383562,0.5068493150684932,185
0.0,0.0,0.0,0
0.8986301369863013,0.2465753424657534,0.6520547945205479,238
0.8849315068493151,0.6986301369863014,0.1863013698630137,68
0.10684931506849316,0.6575342465753424,-0.5506849315068493,-201
0.0958904109589041,0.5424657534246575,-0.4465753424657534,-163
0.04657534246575343,0.1643835616438356,-0.1178082191780822,-43
0.0136986301369863,0.6986301369863014,-0.684931506849315,-250
0.958904109589041,0.01643835616438356,0.9424657534246575,344
0.019178082191780823,0.2958904109589041,-0.27671232876712326,-101
0.28493150684931506,0.410958904109589,-0.12602739726027398,-46
0.5808219178082191,0.6246575342465753,-0.043835616438356165,-16
0.5835616438356165,0.0,0.5835616438356165,213
0.038356164383561646,0.4767123287671233,-0.4383561643835616,-160
0.0,0.19726027397260273,-0.19726027397260273,-72
0.0958904109589041,0.5753424657534246,-0.4794520547945205,-175
0.9205479452054794,0.23013698630136986,0.6904109589041096,252
0.9205479452054794,0.6986301369863014,0.2219178082191781,81
0.9287671232876712,0.6986301369863014,0.23013698630136986,84
0.915068493150685,0.0,0.915068493150685,334
0.8547945205479452,0.14794520547945206,0.7068493150684931,258
0.21643835616438356,0.0547945205479452,0.16164383561643836,59
1.0,0.0,1.0,365
0.26575342465753427,0.0,0.26575342465753427,97
0.7534246575342466,0.36164383561643837,0.3917808219178082,143
0.4575342465753425,0.3287671232876712,0.12876712328767123,47
0.07123287671232877,0.27945205479452057,-0.20821917808219179,-76
0.9315068493150684,0.6986301369863014,0.2328767123287671,85
0.0136986301369863,0.3452054794520548,-0.3315068493150685,-121
0.06575342465753424,0.0,0.06575342465753424,24
0.08493150684931507,0.30684931506849317,-0.2219178082191781,-81
0.10410958904109589,0.5753424657534246,-0.4712328767123288,-172
0.10136986301369863,0.14794520547945206,-0.04657534246575343,-17
0.03287671232876712,0.043835616438356165,-0.010958904109589041,-4
0.2602739726027397,0.0273972602739726,0.2328767123287671,85
0.38904109589041097,0.3452054794520548,0.043835616438356165,16
0.5315068493150685,0.36164383561643837,0.16986301369863013,62
0.10684931506849316,0.6575342465753424,-0.5506849315068493,-201
0.0136986301369863,0.09863013698630137,-0.08493150684931507,-31
0.019178082191780823,0.049315068493150684,-0.030136986301369864,-11
0.4602739726027397,0.01643835616438356,0.4438356164383562,162
0.5835616438356165,0.13150684931506848,0.4520547945205479,165
0.9315068493150684,0.19726027397260273,0.7342465753424657,268
0.20273972602739726,0.5095890410958904,-0.30684931506849317,-112
0.2191780821917808,0.01643835616438356,0.20273972602739726,74
0.0027397260273972603,0.01643835616438356,-0.0136986301369863,-5
0.6410958904109589,0.01643835616438356,0.6246575342465753,228
0.021917808219178082,0.18082191780821918,-0.1589041095890411,-58
0.010958904109589041,0.18082191780821918,-0.16986301369863013,-62
0.6410958904109589,0.410958904109589,0.23013698630136986,84
0.5589041095890411,0.39452054794520547,0.1643835616438356,60
0.547945205479452,0.01643835616438356,0.5315068493150685,194
0.273972602739726,0.03287671232876712,0.2410958904109589,88
0.8191780821917808,0.3780821917808219,0.4410958904109589,161
0.8465753424657534,0.4602739726027397,0.3863013698630137,141
0.08767123287671233,0.6986301369863014,-0.6109589041095891,-223
0.9287671232876712,0.6986301369863014,0.23013698630136986,84
0.5123287671232877,0.01643835616438356,0.4958904109589041,181
0.17534246575342466,0.15342465753424658,0.021917808219178082,8
0.5013698630136987,0.0,0.5013698630136987,183
0.0136986301369863,0.03287671232876712,-0.019178082191780823,-7
0.7589041095890411,0.0,0.7589041095890411,277
0.33972602739726027,0.6904109589041096,-0.3506849315068493,-128
0.44931506849315067,0.2465753424657534,0.20273972602739726,74
0.7726027397260274,0.0,0.7726027397260274,282
0.09315068493150686,0.049315068493150684,0.043835616438356165,16
0.057534246575342465,0.049315068493150684,0.00821917808219178,3
0.8301369863013699,0.6986301369863014,0.13150684931506848,48
0.06301369863013699,0.06575342465753424,-0.0027397260273972603,-1
0.23835616438356164,0.2465753424657534,-0.00821917808219178,-3
0.9506849315068493,0.23013698630136986,0.7205479452054795,263
0.09315068493150686,0.3780821917808219,-0.28493150684931506,-104
0.9287671232876712,0.6575342465753424,0.27123287671232876,99
0.13424657534246576,0.0,0.13424657534246576,49
0.5506849315068493,0.4273972602739726,0.1232876712328767,45
0.8849315068493151,0.4438356164383562,0.4410958904109589,161
0.9917808219178083,0.1643835616438356,0.8273972602739726,302
0.8328767123287671,0.11506849315068493,0.7178082191780822,262
0.0273972602739726,0.6986301369863014,-0.6712328767123288,-245
0.4383561643835616,0.4602739726027397,-0.021917808219178082,-8
0.07671232876712329,0.0,0.07671232876712329,28
0.29863013698630136,0.03287671232876712,0.26575342465753427,97
0.13972602739726028,0.4273972602739726,-0.2876712328767123,-105
0.7178082191780822,0.6575342465753424,0.06027397260273973,22
0.7671232876712328,0.14794520547945206,0.6191780821917808,226
0.5671232876712329,0.01643835616438356,0.5506849315068493,201
0.29041095890410956,0.3287671232876712,-0.038356164383561646,-14
0.9753424657534246,0.4931506849315068,0.4821917808219178,176
0.0,0.01643835616438356,-0.01643835616438356,-6
0.03561643835616438,0.6986301369863014,-0.663013698630137,-242
0.5726027397260274,0.36164383561643837,0.21095890410958903,77
0.8602739726027397,0.01643835616438356,0.8438356164383561,308
0.5260273972602739,0.0,0.5260273972602739,192
0.0027397260273972603,0.0,0.0027397260273972603,1
0.15616438356164383,0.0,0.15616438356164383,57
0.8082191780821918,0.0821917808219178,0.726027397260274,265
0.5698630136986301,0.13150684931506848,0.4383561643835616,160
0.30684931506849317,0.4931506849315068,-0.1863013698630137,-68
0.04657534246575343,0.6082191780821918,-0.5616438356164384,-205
0.1506849315068493,0.27945205479452057,-0.12876712328767123,-47
0.1232876712328767,0.15342465753424658,-0.030136986301369864,-11
0.5123287671232877,0.0,0.5123287671232877,187
0.16986301369863013,0.6575342465753424,-0.4876712328767123,-178
0.038356164383561646,0.6575342465753424,-0.6191780821917808,-226
0.09041095890410959,0.6575342465753424,-0.5671232876712329,-207
0.15342465753424658,0.1643835616438356,-0.010958904109589041,-4
0.29041095890410956,0.23013698630136986,0.06027397260273973,22
0.030136986301369864,0.2136986301369863,-0.18356164383561643,-67
0.11232876712328767,0.6904109589041096,-0.5780821917808219,-211
0.23013698630136986,0.31232876712328766,-0.0821917808219178,-30
0.10136986301369863,0.6986301369863014,-0.5972602739726027,-218
0.5863013698630137,0.19726027397260273,0.38904109589041097,142
0.28493150684931506,0.27945205479452057,0.005479452054794521,2
0.7561643835616438,0.14794520547945206,0.6082191780821918,222
0.0273972602739726,0.4273972602739726,-0.4,-146
0.2219178082191781,0.6904109589041096,-0.4684931506849315,-171
0.024657534246575342,0.06575342465753424,-0.0410958904109589,-15
0.26301369863013696,0.0,0.26301369863013696,96
0.1643835616438356,0.1589041095890411,0.005479452054794521,2
0.09041095890410959,0.4767123287671233,-0.3863013698630137,-141
0.34794520547945207,0.01643835616438356,0.3315068493150685,121
0.03561643835616438,0.4273972602739726,-0.3917808219178082,-143
0.6383561643835617,0.23013698630136986,0.40821917808219177,149
0.7726027397260274,0.6986301369863014,0.07397260273972603,27
0.8,0.11506849315068493,0.684931506849315,250
0.4465753424657534,0.0821917808219178,0.3643835616438356,133
0.01643835616438356,0.08767123287671233,-0.07123287671232877,-26
0.3041095890410959,0.6986301369863014,-0.39452054794520547,-144
0.6821917808219178,0.0,0.6821917808219178,249
0.01643835616438356,0.0,0.01643835616438356,6
0.030136986301369864,0.0,0.030136986301369864,11
0.7726027397260274,0.26301369863013696,0.5095890410958904,186
0.5506849315068493,0.0,0.5506849315068493,201
0.08767123287671233,0.2958904109589041,-0.20821917808219179,-76
0.0,0.0,0.0,0
0.0,0.0,0.0,0
0.7534246575342466,0.01643835616438356,0.736986301369863,269
0.005479452054794521,0.0,0.005479452054794521,2
0.09863013698630137,0.6986301369863014,-0.6,-219
0.043835616438356165,0.536986301369863,-0.4931506849315068,-180
0.09315068493150686,0.3287671232876712,-0.2356164383561644,-86
0.005479452054794521,0.01643835616438356,-0.010958904109589041,-4
0.0136986301369863,0.0,0.0136986301369863,5
0.057534246575342465,0.01643835616438356,0.0410958904109589,15
0.8821917808219178,0.0,0.8821917808219178,322
0.7315068493150685,0.5753424657534246,0.15616438356164383,57
0.030136986301369864,0.18082191780821918,-0.1506849315068493,-55
0.9726027397260274,0.14794520547945206,0.8246575342465754,301
0.7698630136986301,0.36164383561643837,0.40821917808219177,149
0.9863013698630136,0.0,0.9863013698630136,360
0.2821917808219178,0.6246575342465753,-0.3424657534246575,-125
0.7780821917808219,0.27945205479452057,0.4986301369863014,182
0.26301369863013696,0.27945205479452057,-0.01643835616438356,-6
0.3315068493150685,0.6986301369863014,-0.36712328767123287,-134
0.28493150684931506,0.5260273972602739,-0.2410958904109589,-88
0.2191780821917808,0.2958904109589041,-0.07671232876712329,-28
0.16164383561643836,0.09863013698630137,0.06301369863013699,23
0.7397260273972602,0.13150684931506848,0.6082191780821918,222
0.1506849315068493,0.4931506849315068,-0.3424657534246575,-125
0.29315068493150687,0.5424657534246575,-0.2493150684931507,-91
0.0136986301369863,0.06575342465753424,-0.052054794520547946,-19
0.11232876712328767,0.4931506849315068,-0.38082191780821917,-139
0.5315068493150685,0.6082191780821918,-0.07671232876712329,-28
0.8301369863013699,0.049315068493150684,0.7808219178082192,285
0.005479452054794521,0.0,0.005479452054794521,2
0.0027397260273972603,0.1643835616438356,-0.16164383561643836,-59
0.2876712328767123,0.0821917808219178,0.2054794520547945,75
0.0,0.09863013698630137,-0.09863013698630137,-36
0.7616438356164383,0.01643835616438356,0.7452054794520548,272
0.5534246575342465,0.01643835616438356,0.536986301369863,196
0.0,0.19726027397260273,-0.19726027397260273,-72
0.5287671232876713,0.2958904109589041,0.2328767123287671,85
0.336986301369863,0.13150684931506848,0.2054794520547945,75
0.5068493150684932,0.19726027397260273,0.3095890410958904,113
0.6931506849315069,0.14794520547945206,0.5452054794520548,199
0.5424657534246575,0.6986301369863014,-0.15616438356164383,-57
0.9808219178082191,0.09863013698630137,0.8821917808219178,322
0.3150684931506849,0.5753424657534246,-0.2602739726027397,-95
0.5643835616438356,0.0,0.5643835616438356,206
0.9780821917808219,0.0,0.9780821917808219,357
0.5315068493150685,0.6575342465753424,-0.12602739726027398,-46
0.6164383561643836,0.2136986301369863,0.40273972602739727,147
0.32602739726027397,0.06575342465753424,0.2602739726027397,95
0.049315068493150684,0.3452054794520548,-0.2958904109589041,-108
0.3561643835616438,0.6575342465753424,-0.3013698630136986,-110
0.010958904109589041,0.3452054794520548,-0.33424657534246577,-122
0.09315068493150686,0.6986301369863014,-0.6054794520547945,-221
0.4657534246575342,0.0,0.4657534246575342,170
0.2876712328767123,0.3780821917808219,-0.09041095890410959,-33
0.26301369863013696,0.6986301369863014,-0.43561643835616437,-159
0.27671232876712326,0.6986301369863014,-0.42191780821917807,-154
0.01643835616438356,0.1643835616438356,-0.14794520547945206,-54
0.14246575342465753,0.4931506849315068,-0.3506849315068493,-128
0.12876712328767123,0.5095890410958904,-0.38082191780821917,-139
0.32054794520547947,0.2136986301369863,0.10684931506849316,39
0.005479452054794521,0.0,0.005479452054794521,2
0.0,0.01643835616438356,-0.01643835616438356,-6
0.6054794520547945,0.4602739726027397,0.14520547945205478,53
0.5397260273972603,0.19726027397260273,0.3424657534246575,125
0.7534246575342466,0.0821917808219178,0.6712328767123288,245
0.7013698630136986,0.049315068493150684,0.6520547945205479,238
0.019178082191780823,0.0,0.019178082191780823,7
0.5123287671232877,0.11506849315068493,0.3972602739726027,145
0.136986301369863,0.6246575342465753,-0.4876712328767123,-178
0.052054794520547946,0.5753424657534246,-0.5232876712328767,-191
0.736986301369863,0.26301369863013696,0.473972602739726,173
0.043835616438356165,0.0,0.043835616438356165,16
0.3917808219178082,0.6575342465753424,-0.26575342465753427,-97
0.5315068493150685,0.07671232876712329,0.4547945205479452,166
0.08493150684931507,0.01643835616438356,0.0684931506849315,25
0.20273972602739726,0.23013698630136986,-0.0273972602739726,-10
0.13972602739726028,0.0,0.13972602739726028,51
0.043835616438356165,0.6246575342465753,-0.5808219178082191,-212
0.8794520547945206,0.6986301369863014,0.18082191780821918,66
0.07123287671232877,0.2958904109589041,-0.22465753424657534,-82
0.16164383561643836,0.2136986301369863,-0.052054794520547946,-19
0.14520547945205478,0.3452054794520548,-0.2,-73
0.06301369863013699,0.39452054794520547,-0.3315068493150685,-121
0.13150684931506848,0.6410958904109589,-0.5095890410958904,-186
0.09041095890410959,0.4931506849315068,-0.40273972602739727,-147
0.1232876712328767,0.4438356164383562,-0.32054794520547947,-117
0.11232876712328767,0.26301369863013696,-0.1506849315068493,-55
0.010958904109589041,0.4602739726027397,-0.44931506849315067,-164
0.19452054794520549,0.0821917808219178,0.11232876712328767,41
0.5260273972602739,0.01643835616438356,0.5095890410958904,186
0.7342465753424657,0.673972602739726,0.06027397260273973,22
0.06575342465753424,0.3780821917808219,-0.31232876712328766,-114
0.7616438356164383,0.2136986301369863,0.547945205479452,200
0.9698630136986301,0.0,0.9698630136986301,354
0.8684931506849315,0.4602739726027397,0.40821917808219177,149
0.9013698630136986,0.23013698630136986,0.6712328767123288,245
0.5972602739726027,0.26301369863013696,0.33424657534246577,122
0.4410958904109589,0.049315068493150684,0.3917808219178082,143
0.6328767123287671,0.3287671232876712,0.3041095890410959,111
0.0,0.11506849315068493,-0.11506849315068493,-42
0.0547945205479452,0.6986301369863014,-0.6438356164383562,-235
0.0,0.0,0.0,0
0.7561643835616438,0.0,0.7561643835616438,276
0.09315068493150686,0.6986301369863014,-0.6054794520547945,-221
0.34794520547945207,0.049315068493150684,0.29863013698630136,109
0.024657534246575342,0.23013698630136986,-0.2054794520547945,-75
0.043835616438356165,0.11506849315068493,-0.07123287671232877,-26
0.049315068493150684,0.01643835616438356,0.03287671232876712,12
0.27671232876712326,0.6136986301369863,-0.336986301369863,-123
0.04657534246575343,0.5260273972602739,-0.4794520547945205,-175
0.038356164383561646,0.18082191780821918,-0.14246575342465753,-52
0.7095890410958904,0.5589041095890411,0.1506849315068493,55
0.12876712328767123,0.01643835616438356,0.11232876712328767,41
0.6054794520547945,0.2136986301369863,0.3917808219178082,143
0.8438356164383561,0.0,0.8438356164383561,308
0.8438356164383561,0.0,0.8438356164383561,308
0.0547945205479452,0.36164383561643837,-0.30684931506849317,-112
0.7835616438356164,0.18082191780821918,0.6027397260273972,220
0.810958904109589,0.049315068493150684,0.7616438356164383,278
0.4657534246575342,0.19726027397260273,0.2684931506849315,98
0.3698630136986301,0.26301369863013696,0.10684931506849316,39
0.38904109589041097,0.3452054794520548,0.043835616438356165,16
0.0273972602739726,0.6986301369863014,-0.6712328767123288,-245
0.049315068493150684,0.6986301369863014,-0.6493150684931507,-237
0.9561643835616438,0.06575342465753424,0.8904109589041096,325
0.22465753424657534,0.6082191780821918,-0.3835616438356164,-140
0.005479452054794521,0.0,0.005479452054794521,2
0.41643835616438357,0.6986301369863014,-0.2821917808219178,-103
0.23835616438356164,0.2958904109589041,-0.057534246575342465,-21
0.1643835616438356,0.19726027397260273,-0.03287671232876712,-12
0.23835616438356164,0.31232876712328766,-0.07397260273972603,-27
0.39452054794520547,0.09863013698630137,0.2958904109589041,108
0.4904109589041096,0.5917808219178082,-0.10136986301369863,-37
0.5287671232876713,0.049315068493150684,0.4794520547945205,175
0.12876712328767123,0.2465753424657534,-0.1178082191780822,-43
0.2684931506849315,0.0,0.2684931506849315,98
0.8328767123287671,0.6986301369863014,0.13424657534246576,49
0.2876712328767123,0.6986301369863014,-0.410958904109589,-150
0.005479452054794521,0.0,0.005479452054794521,2
0.07945205479452055,0.2465753424657534,-0.16712328767123288,-61
0.8054794520547945,0.0,0.8054794520547945,294
0.5315068493150685,0.0821917808219178,0.44931506849315067,164
0.2876712328767123,0.6904109589041096,-0.40273972602739727,-147
0.9616438356164384,0.19726027397260273,0.7643835616438356,279
0.10684931506849316,0.4273972602739726,-0.32054794520547947,-117
0.1095890410958904,0.11506849315068493,-0.005479452054794521,-2
0.0027397260273972603,0.03287671232876712,-0.030136986301369864,-11
0.7589041095890411,0.0821917808219178,0.6767123287671233,247
0.38904109589041097,0.36164383561643837,0.0273972602739726,10
0.0,0.0,0.0,0
0.06027397260273973,0.5095890410958904,-0.44931506849315067,-164
0.32054794520547947,0.6986301369863014,-0.3780821917808219,-138
0.18356164383561643,0.03287671232876712,0.1506849315068493,55
0.4246575342465753,0.6986301369863014,-0.273972602739726,-100
0.4602739726027397,0.0821917808219178,0.3780821917808219,138
0.0,0.0,0.0,0
0.5205479452054794,0.3452054794520548,0.17534246575342466,64
0.38904109589041097,0.19726027397260273,0.1917808219178082,70
0.5589041095890411,0.6986301369863014,-0.13972602739726028,-51
0.2821917808219178,0.07671232876712329,0.2054794520547945,75
0.7561643835616438,0.03287671232876712,0.7232876712328767,264
0.3643835616438356,0.6575342465753424,-0.29315068493150687,-107
0.8054794520547945,0.27945205479452057,0.5260273972602739,192
0.005479452054794521,0.36164383561643837,-0.3561643835616438,-130
0.08767123287671233,0.5095890410958904,-0.42191780821917807,-154
0.043835616438356165,0.2136986301369863,-0.16986301369863013,-62
0.8383561643835616,0.0,0.8383561643835616,306
0.4328767123287671,0.11506849315068493,0.3178082191780822,116
0.4191780821917808,0.0821917808219178,0.336986301369863,123
0.13424657534246576,0.11506849315068493,0.019178082191780823,7
0.4657534246575342,0.11506849315068493,0.3506849315068493,128
0.5452054794520548,0.6986301369863014,-0.15342465753424658,-56
0.8328767123287671,0.06575342465753424,0.7671232876712328,280
0.5205479452054794,0.03287671232876712,0.4876712328767123,178
0.5205479452054794,0.03287671232876712,0.4876712328767123,178
0.5205479452054794,0.6246575342465753,-0.10410958904109589,-38
0.5945205479452055,0.2958904109589041,0.29863013698630136,109
0.2602739726027397,0.01643835616438356,0.24383561643835616,89
0.7917808219178082,0.0821917808219178,0.7095890410958904,259
0.29041095890410956,0.6986301369863014,-0.40821917808219177,-149
0.0136986301369863,0.1643835616438356,-0.1506849315068493,-55
0.0958904109589041,0.673972602739726,-0.5780821917808219,-211
0.4904109589041096,0.11506849315068493,0.37534246575342467,137
0.6931506849315069,0.13150684931506848,0.5616438356164384,205
0.11506849315068493,0.2958904109589041,-0.18082191780821918,-66
0.5972602739726027,0.5424657534246575,0.0547945205479452,20
0.6547945205479452,0.6986301369863014,-0.043835616438356165,-16
0.35342465753424657,0.3452054794520548,0.00821917808219178,3
0.7589041095890411,0.6986301369863014,0.06027397260273973,22
0.07945205479452055,0.6986301369863014,-0.6191780821917808,-226
0.9698630136986301,0.6082191780821918,0.36164383561643837,132
0.0027397260273972603,0.0,0.0027397260273972603,1
0.0027397260273972603,0.0,0.0027397260273972603,1
0.3013698630136986,0.27945205479452057,0.021917808219178082,8
0.00821917808219178,0.23013698630136986,-0.2219178082191781,-81
0.01643835616438356,0.13150684931506848,-0.11506849315068493,-42
0.5726027397260274,0.06575342465753424,0.5068493150684932,185
0.3013698630136986,0.5917808219178082,-0.29041095890410956,-106
0.3095890410958904,0.6986301369863014,-0.38904109589041097,-142
0.6328767123287671,0.410958904109589,0.2219178082191781,81
0.8438356164383561,0.049315068493150684,0.7945205479452054,290
0.24383561643835616,0.0,0.24383561643835616,89
0.10410958904109589,0.19726027397260273,-0.09315068493150686,-34
0.7068493150684931,0.6986301369863014,0.00821917808219178,3
0.00821917808219178,0.1589041095890411,-0.1506849315068493,-55
0.4904109589041096,0.0,0.4904109589041096,179
0.021917808219178082,0.27945205479452057,-0.25753424657534246,-94
0.0958904109589041,0.2958904109589041,-0.2,-73
0.3178082191780822,0.6246575342465753,-0.30684931506849317,-112
0.821917808219178,0.31232876712328766,0.5095890410958904,186
0.5972602739726027,0.19726027397260273,0.4,146
0.13150684931506848,0.0,0.13150684931506848,48
0.7342465753424657,0.13150684931506848,0.6027397260273972,220
0.0,0.6986301369863014,-0.6986301369863014,-255
0.4657534246575342,0.0,0.4657534246575342,170
0.8602739726027397,0.0,0.8602739726027397,314
0.7863013698630137,0.0,0.7863013698630137,287
0.22465753424657534,0.01643835616438356,0.20821917808219179,76
0.0273972602739726,0.0,0.0273972602739726,10
0.38082191780821917,0.4383561643835616,-0.057534246575342465,-21
0.7534246575342466,0.11506849315068493,0.6383561643835617,233
0.6986301369863014,0.03287671232876712,0.6657534246575343,243
0.6794520547945205,0.01643835616438356,0.663013698630137,242
0.29863013698630136,0.1643835616438356,0.13424657534246576,49
0.2493150684931507,0.5424657534246575,-0.29315068493150687,-107
0.024657534246575342,0.6246575342465753,-0.6,-219
0.6109589041095891,0.6986301369863014,-0.08767123287671233,-32
0.43561643835616437,0.6986301369863014,-0.26301369863013696,-96
0.4246575342465753,0.5917808219178082,-0.16712328767123288,-61
0.32602739726027397,0.31232876712328766,0.0136986301369863,5
0.7972602739726027,0.0,0.7972602739726027,291
0.7561643835616438,0.043835616438356165,0.7123287671232876,260
0.13150684931506848,0.049315068493150684,0.0821917808219178,30
0.00821917808219178,0.2958904109589041,-0.2876712328767123,-105
0.1780821917808219,0.30684931506849317,-0.12876712328767123,-47
0.4767123287671233,0.5095890410958904,-0.03287671232876712,-12
0.3095890410958904,0.0821917808219178,0.2273972602739726,83
0.12876712328767123,0.2958904109589041,-0.16712328767123288,-61
0.5835616438356165,0.4767123287671233,0.10684931506849316,39
0.2602739726027397,0.0,0.2602739726027397,95
0.4191780821917808,0.1643835616438356,0.2547945205479452,93
0.019178082191780823,0.2465753424657534,-0.2273972602739726,-83
0.7671232876712328,0.6410958904109589,0.12602739726027398,46
0.12602739726027398,0.18082191780821918,-0.0547945205479452,-20
0.8876712328767123,0.0,0.8876712328767123,324
0.547945205479452,0.6136986301369863,-0.06575342465753424,-24
0.5753424657534246,0.5753424657534246,0.0,0
0.5972602739726027,0.3287671232876712,0.2684931506849315,98
0.16986301369863013,0.0,0.16986301369863013,62
0.33972602739726027,0.1643835616438356,0.17534246575342466,64
0.00821917808219178,0.0,0.00821917808219178,3
0.049315068493150684,0.0,0.049315068493150684,18
0.32054794520547947,0.5424657534246575,-0.2219178082191781,-81
0.8273972602739726,0.23013698630136986,0.5972602739726027,218
0.15616438356164383,0.3287671232876712,-0.1726027397260274,-63
0.7808219178082192,0.6986301369863014,0.0821917808219178,30
0.16986301369863013,0.03287671232876712,0.136986301369863,50
0.1917808219178082,0.4602739726027397,-0.2684931506849315,-98
0.4986301369863014,0.31232876712328766,0.1863013698630137,68
0.5013698630136987,0.049315068493150684,0.4520547945205479,165
0.6164383561643836,0.673972602739726,-0.057534246575342465,-21
0.0410958904109589,0.27945205479452057,-0.23835616438356164,-87
0.21095890410958903,0.18082191780821918,0.030136986301369864,11
0.5342465753424658,0.6986301369863014,-0.1643835616438356,-60
1.0,0.6986301369863014,0.3013698630136986,110
0.10410958904109589,0.6986301369863014,-0.5945205479452055,-217
0.03561643835616438,0.4273972602739726,-0.3917808219178082,-143
0.0,0.01643835616438356,-0.01643835616438356,-6
0.29315068493150687,0.14794520547945206,0.14520547945205478,53
0.019178082191780823,0.0,0.019178082191780823,7
0.43561643835616437,0.2465753424657534,0.18904109589041096,69
0.6438356164383562,0.6986301369863014,-0.0547945205479452,-20
0.8273972602739726,0.19726027397260273,0.6301369863013698,230
0.10684931506849316,0.6082191780821918,-0.5013698630136987,-183
0.4684931506849315,0.3287671232876712,0.13972602739726028,51
0.5671232876712329,0.11506849315068493,0.4520547945205479,165
0.043835616438356165,0.0,0.043835616438356165,16
0.11232876712328767,0.6986301369863014,-0.5863013698630137,-214
0.0958904109589041,0.18082191780821918,-0.08493150684931507,-31
0.9506849315068493,0.36164383561643837,0.589041095890411,215
0.7534246575342466,0.0,0.7534246575342466,275
0.0,0.0,0.0,0
0.5671232876712329,0.3452054794520548,0.2219178082191781,81
0.4712328767123288,0.19726027397260273,0.273972602739726,100
0.5945205479452055,0.6986301369863014,-0.10410958904109589,-38
0.6054794520547945,0.3287671232876712,0.27671232876712326,101
0.0,0.0,0.0,0
0.7917808219178082,0.4383561643835616,0.35342465753424657,129
0.15616438356164383,0.0,0.15616438356164383,57
0.0,0.09863013698630137,-0.09863013698630137,-36
0.11506849315068493,0.6986301369863014,-0.5835616438356165,-213
0.3452054794520548,0.6986301369863014,-0.35342465753424657,-129
0.0027397260273972603,0.0,0.0027397260273972603,1
0.01643835616438356,0.6082191780821918,-0.5917808219178082,-216
0.35342465753424657,0.18082191780821918,0.1726027397260274,63
0.0027397260273972603,0.01643835616438356,-0.0136986301369863,-5
0.03287671232876712,0.6986301369863014,-0.6657534246575343,-243
0.00821917808219178,0.6986301369863014,-0.6904109589041096,-252
0.21643835616438356,0.0,0.21643835616438356,79
0.7561643835616438,0.03287671232876712,0.7232876712328767,264
0.32602739726027397,0.27945205479452057,0.04657534246575343,17
0.7534246575342466,0.1643835616438356,0.589041095890411,215
0.30684931506849317,0.049315068493150684,0.25753424657534246,94
0.8465753424657534,0.0,0.8465753424657534,309
0.0027397260273972603,0.0,0.0027397260273972603,1
0.2191780821917808,0.0,0.2191780821917808,80
0.11506849315068493,0.6986301369863014,-0.5835616438356165,-213
0.2054794520547945,0.0,0.2054794520547945,75
0.11232876712328767,0.6986301369863014,-0.5863013698630137,-214
0.4794520547945205,0.13150684931506848,0.34794520547945207,127
0.019178082191780823,0.0,0.019178082191780823,7
0.0,0.0,0.0,0
0.030136986301369864,0.6986301369863014,-0.6684931506849315,-244
0.4191780821917808,0.15342465753424658,0.26575342465753427,97
0.27945205479452057,0.0,0.27945205479452057,102
0.26575342465753427,0.0,0.26575342465753427,97
0.4383561643835616,0.6136986301369863,-0.17534246575342466,-64
0.09315068493150686,0.4931506849315068,-0.4,-146
0.09863013698630137,0.6986301369863014,-0.6,-219
0.07671232876712329,0.09863013698630137,-0.021917808219178082,-8
0.2136986301369863,0.11506849315068493,0.09863013698630137,36
0.26301369863013696,0.15342465753424658,0.1095890410958904,40
0.0,0.0,0.0,0
0.11506849315068493,0.01643835616438356,0.09863013698630137,36
0.12054794520547946,0.273972602739726,-0.15342465753424658,-56
0.3780821917808219,0.6986301369863014,-0.32054794520547947,-117
0.4821917808219178,0.4602739726027397,0.021917808219178082,8
0.4054794520547945,0.09863013698630137,0.30684931506849317,112
0.8383561643835616,0.3287671232876712,0.5095890410958904,186
0.038356164383561646,0.410958904109589,-0.3726027397260274,-136
0.3013698630136986,0.2958904109589041,0.005479452054794521,2
0.26301369863013696,0.0,0.26301369863013696,96
0.9671232876712329,0.01643835616438356,0.9506849315068493,347
0.8054794520547945,0.5424657534246575,0.26301369863013696,96
0.6356164383561644,0.6986301369863014,-0.06301369863013699,-23
0.7726027397260274,0.0,0.7726027397260274,282
0.0,0.0,0.0,0
0.7534246575342466,0.0,0.7534246575342466,275
0.7890410958904109,0.6986301369863014,0.09041095890410959,33
0.589041095890411,0.23013698630136986,0.3589041095890411,131
0.06301369863013699,0.0,0.06301369863013699,23
0.4904109589041096,0.18082191780821918,0.3095890410958904,113
0.6301369863013698,0.3287671232876712,0.3013698630136986,110
0.6054794520547945,0.2136986301369863,0.3917808219178082,143
0.5068493150684932,0.31232876712328766,0.19452054794520549,71
0.4849315068493151,0.4602739726027397,0.024657534246575342,9
0.473972602739726,0.11506849315068493,0.3589041095890411,131
0.5150684931506849,0.26301369863013696,0.25205479452054796,92
0.2,0.1643835616438356,0.03561643835616438,13
0.038356164383561646,0.19726027397260273,-0.1589041095890411,-58
0.06301369863013699,0.30684931506849317,-0.24383561643835616,-89
0.3863013698630137,0.6986301369863014,-0.31232876712328766,-114
0.08493150684931507,0.3287671232876712,-0.24383561643835616,-89
0.9808219178082191,0.23013698630136986,0.7506849315068493,274
0.7671232876712328,0.18082191780821918,0.5863013698630137,214
0.21643835616438356,0.23013698630136986,-0.0136986301369863,-5
0.31232876712328766,0.6904109589041096,-0.3780821917808219,-138
0.07123287671232877,0.6986301369863014,-0.6273972602739726,-229
0.3452054794520548,0.6246575342465753,-0.27945205479452057,-102
0.00821917808219178,0.0,0.00821917808219178,3
0.021917808219178082,0.6986301369863014,-0.6767123287671233,-247
0.1095890410958904,0.23013698630136986,-0.12054794520547946,-44
0.9835616438356164,0.06575342465753424,0.9178082191780822,335
0.07945205479452055,0.410958904109589,-0.3315068493150685,-121
0.9095890410958904,0.6986301369863014,0.21095890410958903,77
0.6246575342465753,0.4273972602739726,0.19726027397260273,72
0.3013698630136986,0.0,0.3013698630136986,110
0.0,0.0,0.0,0
0.01643835616438356,0.0,0.01643835616438356,6
0.0,0.6986301369863014,-0.6986301369863014,-255
0.038356164383561646,0.1643835616438356,-0.12602739726027398,-46
0.052054794520547946,0.39452054794520547,-0.3424657534246575,-125
0.7863013698630137,0.11506849315068493,0.6712328767123288,245
0.16164383561643836,0.6986301369863014,-0.536986301369863,-196
0.29041095890410956,0.31232876712328766,-0.021917808219178082,-8
0.33424657534246577,0.6986301369863014,-0.3643835616438356,-133
0.038356164383561646,0.01643835616438356,0.021917808219178082,8
0.06301369863013699,0.1643835616438356,-0.10136986301369863,-37
0.0,0.0,0.0,0
0.5068493150684932,0.13150684931506848,0.37534246575342467,137
0.052054794520547946,0.5095890410958904,-0.4575342465753425,-167
0.4438356164383562,0.0,0.4438356164383562,162
0.8246575342465754,0.0,0.8246575342465754,301
0.11506849315068493,0.6575342465753424,-0.5424657534246575,-198
0.4301369863013699,0.4438356164383562,-0.0136986301369863,-5
0.019178082191780823,0.0,0.019178082191780823,7
0.0,0.0,0.0,0
0.38904109589041097,0.11506849315068493,0.273972602739726,100
0.9260273972602739,0.0,0.9260273972602739,338
0.32054794520547947,0.2465753424657534,0.07397260273972603,27
0.3863013698630137,0.2958904109589041,0.09041095890410959,33
0.8246575342465754,0.4602739726027397,0.3643835616438356,133
0.0,0.0,0.0,0
0.22465753424657534,0.2136986301369863,0.010958904109589041,4
0.25205479452054796,0.31232876712328766,-0.06027397260273973,-22
0.5205479452054794,0.4767123287671233,0.043835616438356165,16
0.019178082191780823,0.0,0.019178082191780823,7
0.5506849315068493,0.0,0.5506849315068493,201
0.5534246575342465,0.0821917808219178,0.4712328767123288,172
0.0027397260273972603,0.0,0.0027397260273972603,1
0.3917808219178082,0.18082191780821918,0.21095890410958903,77
0.24383561643835616,0.01643835616438356,0.2273972602739726,83
0.5232876712328767,0.31232876712328766,0.21095890410958903,77
0.6356164383561644,0.6986301369863014,-0.06301369863013699,-23
0.6054794520547945,0.01643835616438356,0.589041095890411,215
0.1232876712328767,0.6986301369863014,-0.5753424657534246,-210
0.7452054794520548,0.0,0.7452054794520548,272
0.9506849315068493,0.049315068493150684,0.9013698630136986,329
0.09863013698630137,0.6986301369863014,-0.6,-219
0.3095890410958904,0.27945205479452057,0.030136986301369864,11
0.08493150684931507,0.5260273972602739,-0.4410958904109589,-161
0.13150684931506848,0.0,0.13150684931506848,48
0.0,0.0,0.0,0
0.989041095890411,0.043835616438356165,0.9452054794520548,345
0.30684931506849317,0.2465753424657534,0.06027397260273973,22
0.04657534246575343,0.0,0.04657534246575343,17
0.09041095890410959,0.6986301369863014,-0.6082191780821918,-222
0.27123287671232876,0.3287671232876712,-0.057534246575342465,-21
0.06575342465753424,0.14794520547945206,-0.0821917808219178,-30
0.8082191780821918,0.0,0.8082191780821918,295
0.821917808219178,0.6136986301369863,0.20821917808219179,76
0.547945205479452,0.3287671232876712,0.2191780821917808,80
0.3726027397260274,0.39452054794520547,-0.021917808219178082,-8
0.34794520547945207,0.0,0.34794520547945207,127
0.0,0.0,0.0,0
0.6958904109589041,0.0821917808219178,0.6136986301369863,224
0.6191780821917808,0.0,0.6191780821917808,226
0.7671232876712328,0.6986301369863014,0.0684931506849315,25
0.06575342465753424,0.049315068493150684,0.01643835616438356,6
0.5232876712328767,0.6986301369863014,-0.17534246575342466,-64
0.0,0.0,0.0,0
0.9945205479452055,0.0,0.9945205479452055,363
0.6575342465753424,0.5260273972602739,0.13150684931506848,48
0.37534246575342467,0.4273972602739726,-0.052054794520547946,-19
0.273972602739726,0.2465753424657534,0.0273972602739726,10
0.043835616438356165,0.4931506849315068,-0.44931506849315067,-164
0.27945205479452057,0.049315068493150684,0.23013698630136986,84
0.2602739726027397,0.0,0.2602739726027397,95
0.7205479452054795,0.0,0.7205479452054795,263
0.915068493150685,0.4931506849315068,0.42191780821917807,154
0.0,0.0,0.0,0
0.08767123287671233,0.31232876712328766,-0.22465753424657534,-82
0.019178082191780823,0.0,0.019178082191780823,7
0.06301369863013699,0.31232876712328766,-0.2493150684931507,-91
0.2958904109589041,0.6986301369863014,-0.40273972602739727,-147
0.21095890410958903,0.0,0.21095890410958903,77
0.32054794520547947,0.3780821917808219,-0.057534246575342465,-21
0.0,0.0,0.0,0
0.7205479452054795,0.6986301369863014,0.021917808219178082,8
0.00821917808219178,0.11506849315068493,-0.10684931506849316,-39
0.0958904109589041,0.2958904109589041,-0.2,-73
0.2602739726027397,0.0,0.2602739726027397,95
0.1232876712328767,0.3780821917808219,-0.2547945205479452,-93
0.06575342465753424,0.5260273972602739,-0.4602739726027397,-168
0.0,0.0,0.0,0
0.863013698630137,0.0,0.863013698630137,315
0.5698630136986301,0.23013698630136986,0.33972602739726027,124
0.0,0.4931506849315068,-0.4931506849315068,-180
0.7835616438356164,0.13150684931506848,0.6520547945205479,238
0.7178082191780822,0.0,0.7178082191780822,262
0.8027397260273973,0.14794520547945206,0.6547945205479452,239
0.2958904109589041,0.4931506849315068,-0.19726027397260273,-72
0.1232876712328767,0.26301369863013696,-0.13972602739726028,-51
0.4520547945205479,0.4767123287671233,-0.024657534246575342,-9
0.01643835616438356,0.410958904109589,-0.39452054794520547,-144
0.049315068493150684,0.6986301369863014,-0.6493150684931507,-237
0.0,0.0,0.0,0
0.07945205479452055,0.3452054794520548,-0.26575342465753427,-97
0.1863013698630137,0.6986301369863014,-0.5123287671232877,-187
0.36164383561643837,0.6986301369863014,-0.336986301369863,-123
0.5698630136986301,0.0821917808219178,0.4876712328767123,178
0.019178082191780823,0.2136986301369863,-0.19452054794520549,-71
0.536986301369863,0.1643835616438356,0.3726027397260274,136
0.4958904109589041,0.13150684931506848,0.3643835616438356,133
0.8794520547945206,0.3835616438356164,0.4958904109589041,181
0.8575342465753425,0.0,0.8575342465753425,313
0.5780821917808219,0.6410958904109589,-0.06301369863013699,-23
0.5726027397260274,0.673972602739726,-0.10136986301369863,-37
0.18904109589041096,0.2958904109589041,-0.10684931506849316,-39
0.13424657534246576,0.6082191780821918,-0.473972602739726,-173
0.0027397260273972603,0.6575342465753424,-0.6547945205479452,-239
0.5643835616438356,0.5753424657534246,-0.010958904109589041,-4
0.1178082191780822,0.5424657534246575,-0.4246575342465753,-155
0.1232876712328767,0.6986301369863014,-0.5753424657534246,-210
0.7095890410958904,0.14794520547945206,0.5616438356164384,205
0.9780821917808219,0.03287671232876712,0.9452054794520548,345
0.8986301369863013,0.2136986301369863,0.684931506849315,250
0.024657534246575342,0.6986301369863014,-0.673972602739726,-246
0.6219178082191781,0.5260273972602739,0.0958904109589041,35
0.0,0.0,0.0,0
0.0,0.0,0.0,0
0.019178082191780823,0.0,0.019178082191780823,7
0.5397260273972603,0.15342465753424658,0.3863013698630137,141
0.547945205479452,0.5589041095890411,-0.010958904109589041,-4
0.8410958904109589,0.1643835616438356,0.6767123287671233,247
0.6383561643835617,0.14794520547945206,0.4904109589041096,179
0.5397260273972603,0.3452054794520548,0.19452054794520549,71
0.6383561643835617,0.18082191780821918,0.4575342465753425,167
0.0136986301369863,0.0,0.0136986301369863,5
0.0,0.0,0.0,0
0.1232876712328767,0.6986301369863014,-0.5753424657534246,-210
0.0027397260273972603,0.2136986301369863,-0.21095890410958903,-77
0.29041095890410956,0.09863013698630137,0.1917808219178082,70
0.2273972602739726,0.01643835616438356,0.21095890410958903,77
0.9506849315068493,0.0,0.9506849315068493,347
0.2876712328767123,0.19726027397260273,0.09041095890410959,33
0.0821917808219178,0.0,0.0821917808219178,30
0.057534246575342465,0.3780821917808219,-0.32054794520547947,-117
0.049315068493150684,0.5095890410958904,-0.4602739726027397,-168
0.005479452054794521,0.27945205479452057,-0.273972602739726,-100
0.5835616438356165,0.6082191780821918,-0.024657534246575342,-9
0.3178082191780822,0.6986301369863014,-0.38082191780821917,-139
0.0,0.30684931506849317,-0.30684931506849317,-112
0.936986301369863,0.4931506849315068,0.4438356164383562,162
0.03287671232876712,0.5753424657534246,-0.5424657534246575,-198
0.06575342465753424,0.6410958904109589,-0.5753424657534246,-210
0.057534246575342465,0.09863013698630137,-0.0410958904109589,-15
0.3452054794520548,0.6986301369863014,-0.35342465753424657,-129
0.0410958904109589,0.3287671232876712,-0.2876712328767123,-105
0.9561643835616438,0.13150684931506848,0.8246575342465754,301
0.9506849315068493,0.03287671232876712,0.9178082191780822,335
0.663013698630137,0.3287671232876712,0.33424657534246577,122
0.336986301369863,0.6986301369863014,-0.36164383561643837,-132
0.8,0.14794520547945206,0.6520547945205479,238
0.5095890410958904,0.1643835616438356,0.3452054794520548,126
0.07123287671232877,0.18082191780821918,-0.1095890410958904,-40
0.15616438356164383,0.11506849315068493,0.0410958904109589,15
0.0,0.0,0.0,0
0.2958904109589041,0.6986301369863014,-0.40273972602739727,-147
0.043835616438356165,0.26301369863013696,-0.2191780821917808,-80
0.7561643835616438,0.01643835616438356,0.7397260273972602,270
0.7232876712328767,0.14794520547945206,0.5753424657534246,210
0.6602739726027397,0.2958904109589041,0.3643835616438356,133
0.5616438356164384,0.6986301369863014,-0.136986301369863,-50
0.08493150684931507,0.3287671232876712,-0.24383561643835616,-89
0.06027397260273973,0.26301369863013696,-0.20273972602739726,-74
0.0958904109589041,0.06575342465753424,0.030136986301369864,11
0.5178082191780822,0.4602739726027397,0.057534246575342465,21
0.26301369863013696,0.049315068493150684,0.2136986301369863,78
0.4712328767123288,0.4602739726027397,0.010958904109589041,4
0.5205479452054794,0.5095890410958904,0.010958904109589041,4
0.536986301369863,0.6986301369863014,-0.16164383561643836,-59
0.5013698630136987,0.4602739726027397,0.0410958904109589,15
0.9287671232876712,0.6986301369863014,0.23013698630136986,84
0.09041095890410959,0.1643835616438356,-0.07397260273972603,-27
0.12876712328767123,0.6986301369863014,-0.5698630136986301,-208
0.11232876712328767,0.14794520547945206,-0.03561643835616438,-13
0.9178082191780822,0.6986301369863014,0.2191780821917808,80
0.26575342465753427,0.6986301369863014,-0.4328767123287671,-158
0.14794520547945206,0.5917808219178082,-0.4438356164383562,-162
0.2821917808219178,0.6986301369863014,-0.41643835616438357,-152
0.6164383561643836,0.3780821917808219,0.23835616438356164,87
0.043835616438356165,0.6986301369863014,-0.6547945205479452,-239
0.06575342465753424,0.6986301369863014,-0.6328767123287671,-231
0.5835616438356165,0.03287671232876712,0.5506849315068493,201
0.32054794520547947,0.4602739726027397,-0.13972602739726028,-51
0.5808219178082191,0.6986301369863014,-0.1178082191780822,-43
0.5013698630136987,0.16986301369863013,0.3315068493150685,121
0.5260273972602739,0.0,0.5260273972602739,192
0.9698630136986301,0.049315068493150684,0.9205479452054794,336
0.6904109589041096,0.14794520547945206,0.5424657534246575,198
0.5342465753424658,0.2136986301369863,0.32054794520547947,117
0.2602739726027397,0.6794520547945205,-0.4191780821917808,-153
0.6821917808219178,0.049315068493150684,0.6328767123287671,231
0.7863013698630137,0.0,0.7863013698630137,287
0.0,0.06575342465753424,-0.06575342465753424,-24
0.29315068493150687,0.06575342465753424,0.2273972602739726,83
0.0273972602739726,0.18082191780821918,-0.15342465753424658,-56
0.021917808219178082,0.23013698630136986,-0.20821917808219179,-76
0.7534246575342466,0.6986301369863014,0.0547945205479452,20
0.9178082191780822,0.5095890410958904,0.40821917808219177,149
0.3150684931506849,0.26301369863013696,0.052054794520547946,19
0.5287671232876713,0.23013698630136986,0.29863013698630136,109
0.6876712328767123,0.36164383561643837,0.32602739726027397,119
0.673972602739726,0.18082191780821918,0.4931506849315068,180
0.052054794520547946,0.19726027397260273,-0.14520547945205478,-53
0.26301369863013696,0.0,0.26301369863013696,96
0.16164383561643836,0.27945205479452057,-0.1178082191780822,-43
0.7917808219178082,0.6986301369863014,0.09315068493150686,34
0.10410958904109589,0.6575342465753424,-0.5534246575342465,-202
0.3095890410958904,0.0821917808219178,0.2273972602739726,83
0.7726027397260274,0.0,0.7726027397260274,282
0.5616438356164384,0.5589041095890411,0.0027397260273972603,1
0.5726027397260274,0.2465753424657534,0.32602739726027397,119
0.5287671232876713,0.3287671232876712,0.2,73
0.11232876712328767,0.6986301369863014,-0.5863013698630137,-214
0.11506849315068493,0.6575342465753424,-0.5424657534246575,-198
0.0,0.0,0.0,0
0.16164383561643836,0.4931506849315068,-0.3315068493150685,-121
0.04657534246575343,0.5095890410958904,-0.46301369863013697,-169
0.5424657534246575,0.6904109589041096,-0.14794520547945206,-54
0.5232876712328767,0.06575342465753424,0.4575342465753425,167
0.04657534246575343,0.01643835616438356,0.030136986301369864,11
0.1178082191780822,0.3287671232876712,-0.21095890410958903,-77
0.4986301369863014,0.1643835616438356,0.33424657534246577,122
0.0958904109589041,0.049315068493150684,0.04657534246575343,17
0.1095890410958904,0.5753424657534246,-0.4657534246575342,-170
0.1589041095890411,0.6986301369863014,-0.5397260273972603,-197
0.6465753424657534,0.6575342465753424,-0.010958904109589041,-4
0.19726027397260273,0.0821917808219178,0.11506849315068493,42
0.038356164383561646,0.1643835616438356,-0.12602739726027398,-46
0.06301369863013699,0.27945205479452057,-0.21643835616438356,-79
0.0,0.0,0.0,0
0.0,0.0,0.0,0
0.5095890410958904,0.06575342465753424,0.4438356164383562,162
0.0410958904109589,0.673972602739726,-0.6328767123287671,-231
0.2821917808219178,0.0821917808219178,0.2,73
0.9643835616438357,0.2136986301369863,0.7506849315068493,274
0.13150684931506848,0.6986301369863014,-0.5671232876712329,-207
0.04657534246575343,0.049315068493150684,-0.0027397260273972603,-1
0.11506849315068493,0.049315068493150684,0.06575342465753424,24
0.005479452054794521,0.1643835616438356,-0.1589041095890411,-58
0.6767123287671233,0.01643835616438356,0.6602739726027397,241
0.9424657534246575,0.6410958904109589,0.3013698630136986,110
0.8575342465753425,0.049315068493150684,0.8082191780821918,295
0.12876712328767123,0.11506849315068493,0.0136986301369863,5
0.019178082191780823,0.4438356164383562,-0.4246575342465753,-155
0.410958904109589,0.1643835616438356,0.2465753424657534,90
0.2602739726027397,0.27945205479452057,-0.019178082191780823,-7
0.4575342465753425,0.3287671232876712,0.12876712328767123,47
0.34794520547945207,0.36164383561643837,-0.0136986301369863,-5
0.03287671232876712,0.3287671232876712,-0.2958904109589041,-108
0.40821917808219177,0.01643835616438356,0.3917808219178082,143
0.08493150684931507,0.0,0.08493150684931507,31
0.40273972602739727,0.0,0.40273972602739727,147
0.0027397260273972603,0.0,0.0027397260273972603,1
0.31232876712328766,0.6986301369863014,-0.3863013698630137,-141
0.9123287671232877,0.673972602739726,0.23835616438356164,87
0.7917808219178082,0.5260273972602739,0.26575342465753427,97
0.6465753424657534,0.0,0.6465753424657534,236
0.7561643835616438,0.0,0.7561643835616438,276
0.4821917808219178,0.0,0.4821917808219178,176
0.8082191780821918,0.5424657534246575,0.26575342465753427,97
0.0,0.0,0.0,0
0.5397260273972603,0.6246575342465753,-0.08493150684931507,-31
0.2602739726027397,0.2136986301369863,0.04657534246575343,17
0.14794520547945206,0.6986301369863014,-0.5506849315068493,-201
0.14246575342465753,0.673972602739726,-0.5315068493150685,-194
0.7205479452054795,0.6986301369863014,0.021917808219178082,8
0.07397260273972603,0.2958904109589041,-0.2219178082191781,-81
0.9808219178082191,0.0,0.9808219178082191,358
0.5287671232876713,0.5424657534246575,-0.0136986301369863,-5
0.06575342465753424,0.6986301369863014,-0.6328767123287671,-231
0.09863013698630137,0.39452054794520547,-0.2958904109589041,-108
0.29315068493150687,0.09863013698630137,0.19452054794520549,71
0.3013698630136986,0.14794520547945206,0.15342465753424658,56
0.5835616438356165,0.1643835616438356,0.4191780821917808,153
0.5616438356164384,0.36164383561643837,0.2,73
0.0,0.0,0.0,0
0.7643835616438356,0.01643835616438356,0.7479452054794521,273
0.00821917808219178,0.0,0.00821917808219178,3
0.21643835616438356,0.06575342465753424,0.1506849315068493,55
0.14246575342465753,0.18082191780821918,-0.038356164383561646,-14
0.41643835616438357,0.6986301369863014,-0.2821917808219178,-103
0.07397260273972603,0.18082191780821918,-0.10684931506849316,-39
0.10410958904109589,0.39452054794520547,-0.29041095890410956,-106
0.21095890410958903,0.0,0.21095890410958903,77
0.2602739726027397,0.11506849315068493,0.14520547945205478,53
0.4383561643835616,0.2136986301369863,0.22465753424657534,82
0.07671232876712329,0.5260273972602739,-0.44931506849315067,-164
0.27671232876712326,0.19726027397260273,0.07945205479452055,29
0.38904109589041097,0.18082191780821918,0.20821917808219179,76
0.5534246575342465,0.0,0.5534246575342465,202
0.3013698630136986,0.3287671232876712,-0.0273972602739726,-10
0.4958904109589041,0.5589041095890411,-0.06301369863013699,-23
0.0410958904109589,0.0,0.0410958904109589,15
0.043835616438356165,0.0,0.043835616438356165,16
0.043835616438356165,0.0,0.043835616438356165,16
0.0410958904109589,0.0,0.0410958904109589,15
0.043835616438356165,0.01643835616438356,0.0273972602739726,10
0.0410958904109589,0.0,0.0410958904109589,15
0.0410958904109589,0.0,0.0410958904109589,15
0.043835616438356165,0.0,0.043835616438356165,16
0.043835616438356165,0.0,0.043835616438356165,16
0.052054794520547946,0.09863013698630137,-0.04657534246575343,-17
0.049315068493150684,0.0,0.049315068493150684,18
0.049315068493150684,0.0,0.049315068493150684,18
0.0821917808219178,0.13150684931506848,-0.049315068493150684,-18
0.057534246575342465,0.0,0.057534246575342465,21
0.049315068493150684,0.0,0.049315068493150684,18
0.049315068493150684,0.0,0.049315068493150684,18
0.8712328767123287,0.0,0.8712328767123287,318
0.8712328767123287,0.0,0.8712328767123287,318
0.8712328767123287,0.0,0.8712328767123287,318
0.8712328767123287,0.0,0.8712328767123287,318
0.038356164383561646,0.03287671232876712,0.005479452054794521,2
0.038356164383561646,0.11506849315068493,-0.07671232876712329,-28
0.038356164383561646,0.0,0.038356164383561646,14
0.038356164383561646,0.0,0.038356164383561646,14
0.2876712328767123,0.4438356164383562,-0.15616438356164383,-57
0.8904109589041096,0.1643835616438356,0.726027397260274,265
0.5178082191780822,0.27945205479452057,0.23835616438356164,87
0.0,0.0,0.0,0
0.021917808219178082,0.4602739726027397,-0.4383561643835616,-160
0.043835616438356165,0.3780821917808219,-0.33424657534246577,-122
0.5068493150684932,0.30684931506849317,0.2,73
0.7753424657534247,0.2136986301369863,0.5616438356164384,205
0.5095890410958904,0.049315068493150684,0.4602739726027397,168
0.26575342465753427,0.6986301369863014,-0.4328767123287671,-158
0.3232876712328767,0.31232876712328766,0.010958904109589041,4
0.06027397260273973,0.6986301369863014,-0.6383561643835617,-233
0.4465753424657534,0.31232876712328766,0.13424657534246576,49
0.5616438356164384,0.6986301369863014,-0.136986301369863,-50
0.0410958904109589,0.0821917808219178,-0.0410958904109589,-15
0.09041095890410959,0.2465753424657534,-0.15616438356164383,-57
0.3287671232876712,0.5917808219178082,-0.26301369863013696,-96
0.1726027397260274,0.0,0.1726027397260274,63
0.31232876712328766,0.4767123287671233,-0.1643835616438356,-60
0.0821917808219178,0.1643835616438356,-0.0821917808219178,-30
0.8876712328767123,0.0,0.8876712328767123,324
0.34794520547945207,0.2958904109589041,0.052054794520547946,19
0.136986301369863,0.0,0.136986301369863,50
0.6356164383561644,0.06575342465753424,0.5698630136986301,208
0.3561643835616438,0.5589041095890411,-0.20273972602739726,-74
0.3095890410958904,0.11506849315068493,0.19452054794520549,71
0.3452054794520548,0.39452054794520547,-0.049315068493150684,-18
0.17534246575342466,0.6986301369863014,-0.5232876712328767,-191
0.136986301369863,0.19726027397260273,-0.06027397260273973,-22
0.8821917808219178,0.06575342465753424,0.8164383561643835,298
0.1178082191780822,0.27945205479452057,-0.16164383561643836,-59
0.336986301369863,0.6986301369863014,-0.36164383561643837,-132
0.07123287671232877,0.6986301369863014,-0.6273972602739726,-229
0.38082191780821917,0.0,0.38082191780821917,139
0.36712328767123287,0.14794520547945206,0.2191780821917808,80
0.11232876712328767,0.4438356164383562,-0.3315068493150685,-121
0.052054794520547946,0.14794520547945206,-0.0958904109589041,-35
0.1917808219178082,0.2136986301369863,-0.021917808219178082,-8
0.0273972602739726,0.19726027397260273,-0.16986301369863013,-62
0.021917808219178082,0.5589041095890411,-0.536986301369863,-196
0.14520547945205478,0.06575342465753424,0.07945205479452055,29
0.7561643835616438,0.0,0.7561643835616438,276
0.7534246575342466,0.6986301369863014,0.0547945205479452,20
0.1178082191780822,0.410958904109589,-0.29315068493150687,-107
0.005479452054794521,0.3287671232876712,-0.3232876712328767,-118
0.00821917808219178,0.3287671232876712,-0.32054794520547947,-117
0.052054794520547946,0.27945205479452057,-0.2273972602739726,-83
0.03561643835616438,0.36164383561643837,-0.32602739726027397,-119
0.0,0.0,0.0,0
0.038356164383561646,0.5917808219178082,-0.5534246575342465,-202
0.38904109589041097,0.6986301369863014,-0.3095890410958904,-113
0.7698630136986301,0.0,0.7698630136986301,281
0.3287671232876712,0.11506849315068493,0.2136986301369863,78
0.8438356164383561,0.4767123287671233,0.36712328767123287,134
0.0,0.0,0.0,0
0.32054794520547947,0.2958904109589041,0.024657534246575342,9
0.8958904109589041,0.049315068493150684,0.8465753424657534,309
0.4273972602739726,0.6246575342465753,-0.19726027397260273,-72
0.2876712328767123,0.6410958904109589,-0.35342465753424657,-129
0.29315068493150687,0.2136986301369863,0.07945205479452055,29
0.11232876712328767,0.6986301369863014,-0.5863013698630137,-214
0.0273972602739726,0.2136986301369863,-0.1863013698630137,-68
0.019178082191780823,0.2465753424657534,-0.2273972602739726,-83
0.08767123287671233,0.6082191780821918,-0.5205479452054794,-190
0.03561643835616438,0.4273972602739726,-0.3917808219178082,-143
0.1178082191780822,0.06575342465753424,0.052054794520547946,19
0.12602739726027398,0.5095890410958904,-0.3835616438356164,-140
0.9506849315068493,0.021917808219178082,0.9287671232876712,339
0.0,0.0,0.0,0
0.5534246575342465,0.049315068493150684,0.5041095890410959,184
0.08493150684931507,0.6986301369863014,-0.6136986301369863,-224
0.12054794520547946,0.4931506849315068,-0.3726027397260274,-136
0.2684931506849315,0.6246575342465753,-0.3561643835616438,-130
0.7534246575342466,0.0,0.7534246575342466,275
0.27945205479452057,0.0,0.27945205479452057,102
0.4821917808219178,0.0,0.4821917808219178,176
0.5863013698630137,0.0,0.5863013698630137,214
0.36712328767123287,0.4767123287671233,-0.1095890410958904,-40
0.3287671232876712,0.39452054794520547,-0.06575342465753424,-24
0.01643835616438356,0.3287671232876712,-0.31232876712328766,-114
0.22465753424657534,0.06575342465753424,0.1589041095890411,58
0.34794520547945207,0.410958904109589,-0.06301369863013699,-23
0.1095890410958904,0.27945205479452057,-0.16986301369863013,-62
1.0,0.3452054794520548,0.6547945205479452,239
1.0,0.27945205479452057,0.7205479452054795,263
1.0,0.1643835616438356,0.8356164383561644,305
0.01643835616438356,0.6575342465753424,-0.6410958904109589,-234
0.0136986301369863,0.2958904109589041,-0.2821917808219178,-103
0.10410958904109589,0.0273972602739726,0.07671232876712329,28
0.04657534246575343,0.0,0.04657534246575343,17
0.5260273972602739,0.6986301369863014,-0.1726027397260274,-63
0.1506849315068493,0.0,0.1506849315068493,55
0.17534246575342466,0.4438356164383562,-0.2684931506849315,-98
0.06575342465753424,0.6986301369863014,-0.6328767123287671,-231
0.043835616438356165,0.6904109589041096,-0.6465753424657534,-236
0.08767123287671233,0.6246575342465753,-0.536986301369863,-196
0.27671232876712326,0.39452054794520547,-0.1178082191780822,-43
0.005479452054794521,0.4767123287671233,-0.4712328767123288,-172
0.1506849315068493,0.5260273972602739,-0.37534246575342467,-137
0.2356164383561644,0.3452054794520548,-0.1095890410958904,-40
0.19726027397260273,0.0,0.19726027397260273,72
0.0,0.0,0.0,0
0.2410958904109589,0.14794520547945206,0.09315068493150686,34
0.8027397260273973,0.39452054794520547,0.40821917808219177,149
0.019178082191780823,0.6986301369863014,-0.6794520547945205,-248
0.2191780821917808,0.01643835616438356,0.20273972602739726,74
0.4657534246575342,0.0,0.4657534246575342,170
0.06575342465753424,0.4767123287671233,-0.410958904109589,-150
0.4904109589041096,0.6986301369863014,-0.20821917808219179,-76
0.5643835616438356,0.0,0.5643835616438356,206
0.36712328767123287,0.5095890410958904,-0.14246575342465753,-52
0.3232876712328767,0.01643835616438356,0.30684931506849317,112
0.7671232876712328,0.0,0.7671232876712328,280
0.4191780821917808,0.6986301369863014,-0.27945205479452057,-102
0.3232876712328767,0.3780821917808219,-0.0547945205479452,-20
0.7095890410958904,0.5753424657534246,0.13424657534246576,49
0.7643835616438356,0.5095890410958904,0.2547945205479452,93
0.0,0.0,0.0,0
0.2493150684931507,0.5424657534246575,-0.29315068493150687,-107
0.11232876712328767,0.1643835616438356,-0.052054794520547946,-19
0.4136986301369863,0.2136986301369863,0.2,73
0.6383561643835617,0.4602739726027397,0.1780821917808219,65
0.8,0.6986301369863014,0.10136986301369863,37
0.18904109589041096,0.09863013698630137,0.09041095890410959,33
0.3452054794520548,0.4931506849315068,-0.14794520547945206,-54
0.0410958904109589,0.0821917808219178,-0.0410958904109589,-15
0.2493150684931507,0.6986301369863014,-0.44931506849315067,-164
0.2602739726027397,0.2136986301369863,0.04657534246575343,17
0.27945205479452057,0.3452054794520548,-0.06575342465753424,-24
0.3972602739726027,0.4602739726027397,-0.06301369863013699,-23
0.07671232876712329,0.3780821917808219,-0.3013698630136986,-110
0.8684931506849315,0.4931506849315068,0.37534246575342467,137
0.5068493150684932,0.13150684931506848,0.37534246575342467,137
0.6191780821917808,0.1643835616438356,0.4547945205479452,166
0.27123287671232876,0.1643835616438356,0.10684931506849316,39
0.2493150684931507,0.3287671232876712,-0.07945205479452055,-29
0.019178082191780823,0.31232876712328766,-0.29315068493150687,-107
0.8657534246575342,0.6904109589041096,0.17534246575342466,64
0.057534246575342465,0.6575342465753424,-0.6,-219
0.7561643835616438,0.0,0.7561643835616438,276
0.32054794520547947,0.1643835616438356,0.15616438356164383,57
0.0547945205479452,0.6986301369863014,-0.6438356164383562,-235
0.030136986301369864,0.6986301369863014,-0.6684931506849315,-244
0.9397260273972603,0.1643835616438356,0.7753424657534247,283
0.7917808219178082,0.4602739726027397,0.3315068493150685,121
0.2602739726027397,0.5753424657534246,-0.3150684931506849,-115
0.057534246575342465,0.6986301369863014,-0.6410958904109589,-234
1.0,0.3287671232876712,0.6712328767123288,245
0.9315068493150684,0.11506849315068493,0.8164383561643835,298
0.0,0.0,0.0,0
0.8328767123287671,0.2465753424657534,0.5863013698630137,214
0.7643835616438356,0.06575342465753424,0.6986301369863014,255
0.0027397260273972603,0.0,0.0027397260273972603,1
0.13972602739726028,0.0,0.13972602739726028,51
0.2602739726027397,0.3780821917808219,-0.1178082191780822,-43
0.40273972602739727,0.13150684931506848,0.27123287671232876,99
0.14794520547945206,0.1643835616438356,-0.01643835616438356,-6
0.2602739726027397,0.0,0.2602739726027397,95
0.8712328767123287,0.0821917808219178,0.7890410958904109,288
0.2356164383561644,0.09863013698630137,0.136986301369863,50
0.010958904109589041,0.6986301369863014,-0.6876712328767123,-251
0.6027397260273972,0.26301369863013696,0.33972602739726027,124
0.11232876712328767,0.5753424657534246,-0.46301369863013697,-169
0.13424657534246576,0.11506849315068493,0.019178082191780823,7
0.40821917808219177,0.6986301369863014,-0.29041095890410956,-106
0.6821917808219178,0.0,0.6821917808219178,249
0.019178082191780823,0.0,0.019178082191780823,7
0.7095890410958904,0.5753424657534246,0.13424657534246576,49
0.1232876712328767,0.6986301369863014,-0.5753424657534246,-210
0.1506849315068493,0.1643835616438356,-0.0136986301369863,-5
0.0,0.0,0.0,0
0.04657534246575343,0.2465753424657534,-0.2,-73
0.04657534246575343,0.4438356164383562,-0.3972602739726027,-145
0.030136986301369864,0.3452054794520548,-0.3150684931506849,-115
0.9315068493150684,0.0,0.9315068493150684,340
0.8246575342465754,0.19726027397260273,0.6273972602739726,229
0.536986301369863,0.6986301369863014,-0.16164383561643836,-59
0.5616438356164384,0.0,0.5616438356164384,205
0.38904109589041097,0.23013698630136986,0.1589041095890411,58
0.6356164383561644,0.6575342465753424,-0.021917808219178082,-8
0.0410958904109589,0.26301369863013696,-0.2219178082191781,-81
0.06027397260273973,0.6904109589041096,-0.6301369863013698,-230
0.5095890410958904,0.06575342465753424,0.4438356164383562,162
0.18082191780821918,0.6986301369863014,-0.5178082191780822,-189
0.0958904109589041,0.6986301369863014,-0.6027397260273972,-220
0.07397260273972603,0.1643835616438356,-0.09041095890410959,-33
0.0410958904109589,0.39452054794520547,-0.35342465753424657,-129
0.7534246575342466,0.01643835616438356,0.736986301369863,269
0.06301369863013699,0.26301369863013696,-0.2,-73
0.00821917808219178,0.01643835616438356,-0.00821917808219178,-3
0.13424657534246576,0.0,0.13424657534246576,49
0.5150684931506849,0.6082191780821918,-0.09315068493150686,-34
0.09863013698630137,0.14794520547945206,-0.049315068493150684,-18
0.2602739726027397,0.0821917808219178,0.1780821917808219,65
0.673972602739726,0.0821917808219178,0.5917808219178082,216
0.3150684931506849,0.6986301369863014,-0.3835616438356164,-140
0.3506849315068493,0.27945205479452057,0.07123287671232877,26
0.21643835616438356,0.0,0.21643835616438356,79
0.8931506849315068,0.09863013698630137,0.7945205479452054,290
0.7534246575342466,0.01643835616438356,0.736986301369863,269
0.27945205479452057,0.0,0.27945205479452057,102
0.5671232876712329,0.4438356164383562,0.1232876712328767,45
0.019178082191780823,0.0,0.019178082191780823,7
0.17534246575342466,0.6986301369863014,-0.5232876712328767,-191
0.3561643835616438,0.3452054794520548,0.010958904109589041,4
0.2602739726027397,0.0,0.2602739726027397,95
0.3835616438356164,0.0821917808219178,0.3013698630136986,110
0.9753424657534246,0.18082191780821918,0.7945205479452054,290
0.07945205479452055,0.01643835616438356,0.06301369863013699,23
0.3315068493150685,0.39452054794520547,-0.06301369863013699,-23
0.08493150684931507,0.5753424657534246,-0.4904109589041096,-179
0.08493150684931507,0.6986301369863014,-0.6136986301369863,-224
0.0,0.11506849315068493,-0.11506849315068493,-42
0.8136986301369863,0.1643835616438356,0.6493150684931507,237
0.31232876712328766,0.09863013698630137,0.2136986301369863,78
0.7315068493150685,0.13150684931506848,0.6,219
0.1095890410958904,0.6986301369863014,-0.589041095890411,-215
0.3863013698630137,0.23013698630136986,0.15616438356164383,57
0.09315068493150686,0.0,0.09315068493150686,34
0.09315068493150686,0.01643835616438356,0.07671232876712329,28
0.09315068493150686,0.01643835616438356,0.07671232876712329,28
0.09315068493150686,0.0,0.09315068493150686,34
0.09315068493150686,0.0,0.09315068493150686,34
0.09315068493150686,0.03287671232876712,0.06027397260273973,22
0.15342465753424658,0.01643835616438356,0.136986301369863,50
0.15342465753424658,0.0,0.15342465753424658,56
0.09315068493150686,0.0,0.09315068493150686,34
0.10136986301369863,0.0,0.10136986301369863,37
0.09315068493150686,0.0,0.09315068493150686,34
0.15342465753424658,0.0,0.15342465753424658,56
0.09315068493150686,0.0,0.09315068493150686,34
0.01643835616438356,0.11506849315068493,-0.09863013698630137,-36
0.8547945205479452,0.6986301369863014,0.15616438356164383,57
0.005479452054794521,0.0,0.005479452054794521,2
0.2958904109589041,0.14794520547945206,0.14794520547945206,54
0.2191780821917808,0.0,0.2191780821917808,80
0.9232876712328767,0.23013698630136986,0.6931506849315069,253
0.4794520547945205,0.6986301369863014,-0.2191780821917808,-80
0.3013698630136986,0.6986301369863014,-0.3972602739726027,-145
0.8849315068493151,0.19726027397260273,0.6876712328767123,251
0.7041095890410959,0.0821917808219178,0.6219178082191781,227
0.5506849315068493,0.0,0.5506849315068493,201
0.30684931506849317,0.4273972602739726,-0.12054794520547946,-44
0.958904109589041,0.13150684931506848,0.8273972602739726,302
0.09315068493150686,0.01643835616438356,0.07671232876712329,28
0.09315068493150686,0.0,0.09315068493150686,34
0.09315068493150686,0.01643835616438356,0.07671232876712329,28
0.15342465753424658,0.01643835616438356,0.136986301369863,50
0.09315068493150686,0.01643835616438356,0.07671232876712329,28
0.09315068493150686,0.0,0.09315068493150686,34
0.15342465753424658,0.0,0.15342465753424658,56
0.2958904109589041,0.0,0.2958904109589041,108
0.09315068493150686,0.0,0.09315068493150686,34
0.15342465753424658,0.0,0.15342465753424658,56
0.005479452054794521,0.0821917808219178,-0.07671232876712329,-28
1.0,0.27945205479452057,0.7205479452054795,263
0.5095890410958904,0.0,0.5095890410958904,186
0.0,0.0,0.0,0
0.6356164383561644,0.3780821917808219,0.25753424657534246,94
0.136986301369863,0.049315068493150684,0.08767123287671233,32
0.6602739726027397,0.18082191780821918,0.4794520547945205,175
0.0,0.0,0.0,0
0.0,0.0,0.0,0
0.019178082191780823,0.3452054794520548,-0.32602739726027397,-119
0.8547945205479452,0.31232876712328766,0.5424657534246575,198
0.4657534246575342,0.673972602739726,-0.20821917808219179,-76
0.10136986301369863,0.6246575342465753,-0.5232876712328767,-191
0.9616438356164384,0.0,0.9616438356164384,351
0.10684931506849316,0.31232876712328766,-0.2054794520547945,-75
0.09041095890410959,0.3287671232876712,-0.23835616438356164,-87
0.4712328767123288,0.4602739726027397,0.010958904109589041,4
0.7561643835616438,0.0,0.7561643835616438,276
0.2876712328767123,0.3287671232876712,-0.0410958904109589,-15
0.5561643835616439,0.1643835616438356,0.3917808219178082,143
0.20273972602739726,0.3780821917808219,-0.17534246575342466,-64
0.0821917808219178,0.5917808219178082,-0.5095890410958904,-186
0.10136986301369863,0.4931506849315068,-0.3917808219178082,-143
0.8657534246575342,0.18082191780821918,0.684931506849315,250
0.0027397260273972603,0.0,0.0027397260273972603,1
0.2602739726027397,0.01643835616438356,0.24383561643835616,89
0.8246575342465754,0.049315068493150684,0.7753424657534247,283
0.9780821917808219,0.0,0.9780821917808219,357
0.7726027397260274,0.0,0.7726027397260274,282
0.09315068493150686,0.4438356164383562,-0.3506849315068493,-128
0.14794520547945206,0.3287671232876712,-0.18082191780821918,-66
0.1232876712328767,0.6986301369863014,-0.5753424657534246,-210
0.10136986301369863,0.0,0.10136986301369863,37
0.038356164383561646,0.19726027397260273,-0.1589041095890411,-58
0.12876712328767123,0.18082191780821918,-0.052054794520547946,-19
0.0027397260273972603,0.0,0.0027397260273972603,1
0.8602739726027397,0.11506849315068493,0.7452054794520548,272
0.024657534246575342,0.6986301369863014,-0.673972602739726,-246
0.5534246575342465,0.23013698630136986,0.3232876712328767,118
0.29315068493150687,0.3287671232876712,-0.03561643835616438,-13
0.0,0.0,0.0,0
0.6,0.0821917808219178,0.5178082191780822,189
0.21095890410958903,0.18082191780821918,0.030136986301369864,11
0.26575342465753427,0.049315068493150684,0.21643835616438356,79
0.4383561643835616,0.2136986301369863,0.22465753424657534,82
0.32602739726027397,0.2465753424657534,0.07945205479452055,29
0.0,0.13150684931506848,-0.13150684931506848,-48
0.4273972602739726,0.0,0.4273972602739726,156
0.5506849315068493,0.2958904109589041,0.2547945205479452,93
0.06027397260273973,0.3780821917808219,-0.3178082191780822,-116
0.8602739726027397,0.0,0.8602739726027397,314
0.5506849315068493,0.2958904109589041,0.2547945205479452,93
0.0,0.03287671232876712,-0.03287671232876712,-12
0.12876712328767123,0.01643835616438356,0.11232876712328767,41
0.0273972602739726,0.3287671232876712,-0.3013698630136986,-110
0.12054794520547946,0.6986301369863014,-0.5780821917808219,-211
0.6904109589041096,0.13150684931506848,0.5589041095890411,204
0.38082191780821917,0.6575342465753424,-0.27671232876712326,-101
0.024657534246575342,0.3287671232876712,-0.3041095890410959,-111
0.17534246575342466,0.6986301369863014,-0.5232876712328767,-191
0.5726027397260274,0.03287671232876712,0.5397260273972603,197
0.0,0.0,0.0,0
0.8027397260273973,0.0,0.8027397260273973,293
0.1643835616438356,0.0821917808219178,0.0821917808219178,30
0.10684931506849316,0.0821917808219178,0.024657534246575342,9
0.2602739726027397,0.27945205479452057,-0.019178082191780823,-7
0.0821917808219178,0.6986301369863014,-0.6164383561643836,-225
0.26301369863013696,0.01643835616438356,0.2465753424657534,90
0.0,0.06575342465753424,-0.06575342465753424,-24
0.019178082191780823,0.6986301369863014,-0.6794520547945205,-248
0.5534246575342465,0.26301369863013696,0.29041095890410956,106
0.26301369863013696,0.0,0.26301369863013696,96
0.07671232876712329,0.3452054794520548,-0.2684931506849315,-98
0.6794520547945205,0.31232876712328766,0.36712328767123287,134
0.5561643835616439,0.410958904109589,0.14520547945205478,53
0.33424657534246577,0.6986301369863014,-0.3643835616438356,-133
0.5232876712328767,0.39452054794520547,0.12876712328767123,47
0.0547945205479452,0.3287671232876712,-0.273972602739726,-100
0.03561643835616438,0.6986301369863014,-0.663013698630137,-242
0.3726027397260274,0.36164383561643837,0.010958904109589041,4
0.6520547945205479,0.6136986301369863,0.038356164383561646,14
0.13972602739726028,0.6986301369863014,-0.5589041095890411,-204
0.8027397260273973,0.03287671232876712,0.7698630136986301,281
0.18082191780821918,0.6986301369863014,-0.5178082191780822,-189
0.3863013698630137,0.4931506849315068,-0.10684931506849316,-39
0.1232876712328767,0.0,0.1232876712328767,45
0.043835616438356165,0.0821917808219178,-0.038356164383561646,-14
0.9506849315068493,0.049315068493150684,0.9013698630136986,329
0.06575342465753424,0.03287671232876712,0.03287671232876712,12
0.8547945205479452,0.3780821917808219,0.4767123287671233,174
0.6602739726027397,0.6986301369863014,-0.038356164383561646,-14
0.4958904109589041,0.31232876712328766,0.18356164383561643,67
0.0,0.06575342465753424,-0.06575342465753424,-24
0.0027397260273972603,0.03287671232876712,-0.030136986301369864,-11
0.8027397260273973,0.0,0.8027397260273973,293
0.15616438356164383,0.23013698630136986,-0.07397260273972603,-27
0.8602739726027397,0.0,0.8602739726027397,314
0.07123287671232877,0.6986301369863014,-0.6273972602739726,-229
0.005479452054794521,0.2958904109589041,-0.29041095890410956,-106
0.30684931506849317,0.13150684931506848,0.17534246575342466,64
0.852054794520548,0.18082191780821918,0.6712328767123288,245
0.005479452054794521,0.0,0.005479452054794521,2
0.7534246575342466,0.0,0.7534246575342466,275
0.6191780821917808,0.4273972602739726,0.1917808219178082,70
0.15616438356164383,0.0,0.15616438356164383,57
0.5424657534246575,0.0,0.5424657534246575,198
0.2219178082191781,0.6986301369863014,-0.4767123287671233,-174
0.4136986301369863,0.6986301369863014,-0.28493150684931506,-104
0.4575342465753425,0.6986301369863014,-0.2410958904109589,-88
0.005479452054794521,0.0,0.005479452054794521,2
0.7726027397260274,0.6986301369863014,0.07397260273972603,27
0.684931506849315,0.043835616438356165,0.6410958904109589,234
0.005479452054794521,0.0,0.005479452054794521,2
0.26301369863013696,0.36164383561643837,-0.09863013698630137,-36
0.11506849315068493,0.6986301369863014,-0.5835616438356165,-213
0.2273972602739726,0.23013698630136986,-0.0027397260273972603,-1
0.1178082191780822,0.5589041095890411,-0.4410958904109589,-161
0.7068493150684931,0.6986301369863014,0.00821917808219178,3
0.9205479452054794,0.18082191780821918,0.7397260273972602,270
0.1917808219178082,0.2136986301369863,-0.021917808219178082,-8
0.7561643835616438,0.0,0.7561643835616438,276
0.6767123287671233,0.6904109589041096,-0.0136986301369863,-5
0.021917808219178082,0.09863013698630137,-0.07671232876712329,-28
0.9616438356164384,0.5260273972602739,0.43561643835616437,159
0.4767123287671233,0.4931506849315068,-0.01643835616438356,-6
0.3917808219178082,0.6986301369863014,-0.30684931506849317,-112
0.12054794520547946,0.6986301369863014,-0.5780821917808219,-211
0.852054794520548,0.3287671232876712,0.5232876712328767,191
0.00821917808219178,0.03287671232876712,-0.024657534246575342,-9
0.0027397260273972603,0.0,0.0027397260273972603,1
0.00821917808219178,0.0,0.00821917808219178,3
0.6465753424657534,0.11506849315068493,0.5315068493150685,194
0.0,0.0,0.0,0
0.7726027397260274,0.0,0.7726027397260274,282
0.7643835616438356,0.11506849315068493,0.6493150684931507,237
0.5068493150684932,0.0,0.5068493150684932,185
0.8602739726027397,0.0,0.8602739726027397,314
0.7698630136986301,0.03287671232876712,0.736986301369863,269
0.29315068493150687,0.6136986301369863,-0.32054794520547947,-117
0.8054794520547945,0.2958904109589041,0.5095890410958904,186
0.8082191780821918,0.03287671232876712,0.7753424657534247,283
0.0,0.0,0.0,0
0.7917808219178082,0.03287671232876712,0.7589041095890411,277
0.27123287671232876,0.2136986301369863,0.057534246575342465,21
0.7589041095890411,0.01643835616438356,0.7424657534246575,271
0.21643835616438356,0.6986301369863014,-0.4821917808219178,-176
0.4684931506849315,0.09863013698630137,0.3698630136986301,135
0.010958904109589041,0.4931506849315068,-0.4821917808219178,-176
0.43561643835616437,0.410958904109589,0.024657534246575342,9
0.7232876712328767,0.049315068493150684,0.673972602739726,246
0.8438356164383561,0.4931506849315068,0.3506849315068493,128
0.4931506849315068,0.6986301369863014,-0.2054794520547945,-75
0.2054794520547945,0.2136986301369863,-0.00821917808219178,-3
0.6712328767123288,0.0,0.6712328767123288,245
0.13424657534246576,0.31232876712328766,-0.1780821917808219,-65
0.0,0.0,0.0,0
0.038356164383561646,0.27945205479452057,-0.2410958904109589,-88
0.7534246575342466,0.13150684931506848,0.6219178082191781,227
0.09315068493150686,0.18082191780821918,-0.08767123287671233,-32
0.8410958904109589,0.6986301369863014,0.14246575342465753,52
0.2876712328767123,0.0,0.2876712328767123,105
0.44931506849315067,0.4931506849315068,-0.043835616438356165,-16
0.043835616438356165,0.6410958904109589,-0.5972602739726027,-218
0.049315068493150684,0.4931506849315068,-0.4438356164383562,-162
0.9726027397260274,0.0,0.9726027397260274,355
0.0,0.0,0.0,0
0.06575342465753424,0.3287671232876712,-0.26301369863013696,-96
0.0,0.1643835616438356,-0.1643835616438356,-60
0.3780821917808219,0.4438356164383562,-0.06575342465753424,-24
0.39452054794520547,0.03287671232876712,0.36164383561643837,132
0.28493150684931506,0.6246575342465753,-0.33972602739726027,-124
0.2821917808219178,0.2958904109589041,-0.0136986301369863,-5
0.410958904109589,0.19726027397260273,0.2136986301369863,78
0.5972602739726027,0.6986301369863014,-0.10136986301369863,-37
0.6273972602739726,0.09863013698630137,0.5287671232876713,193
0.07123287671232877,0.14794520547945206,-0.07671232876712329,-28
0.0,0.0,0.0,0
0.33424657534246577,0.36164383561643837,-0.0273972602739726,-10
0.07123287671232877,0.3452054794520548,-0.273972602739726,-100
0.0,0.01643835616438356,-0.01643835616438356,-6
0.3506849315068493,0.06575342465753424,0.28493150684931506,104
0.663013698630137,0.038356164383561646,0.6246575342465753,228
0.019178082191780823,0.27945205479452057,-0.2602739726027397,-95
0.4931506849315068,0.19726027397260273,0.2958904109589041,108
0.1095890410958904,0.6986301369863014,-0.589041095890411,-215
0.4876712328767123,0.5095890410958904,-0.021917808219178082,-8
0.27123287671232876,0.13150684931506848,0.13972602739726028,51
0.0,0.049315068493150684,-0.049315068493150684,-18
0.09863013698630137,0.26301369863013696,-0.1643835616438356,-60
0.7753424657534247,0.11506849315068493,0.6602739726027397,241
0.7698630136986301,0.09863013698630137,0.6712328767123288,245
0.010958904109589041,0.0,0.010958904109589041,4
0.32602739726027397,0.5424657534246575,-0.21643835616438356,-79
0.13150684931506848,0.6986301369863014,-0.5671232876712329,-207
0.6246575342465753,0.0,0.6246575342465753,228
0.5671232876712329,0.31232876712328766,0.2547945205479452,93
0.12602739726027398,0.4767123287671233,-0.3506849315068493,-128
0.10136986301369863,0.1643835616438356,-0.06301369863013699,-23
0.13424657534246576,0.0,0.13424657534246576,49
0.057534246575342465,0.5589041095890411,-0.5013698630136987,-183
0.0958904109589041,0.4767123287671233,-0.38082191780821917,-139
0.7726027397260274,0.6410958904109589,0.13150684931506848,48
0.5534246575342465,0.0,0.5534246575342465,202
0.0027397260273972603,0.0,0.0027397260273972603,1
0.08493150684931507,0.0,0.08493150684931507,31
0.08493150684931507,0.0,0.08493150684931507,31
0.08493150684931507,0.0,0.08493150684931507,31
0.08493150684931507,0.0,0.08493150684931507,31
0.08493150684931507,0.0,0.08493150684931507,31
0.08493150684931507,0.0,0.08493150684931507,31
0.04657534246575343,0.0,0.04657534246575343,17
0.04657534246575343,0.0,0.04657534246575343,17
0.04657534246575343,0.0,0.04657534246575343,17
0.04657534246575343,0.01643835616438356,0.030136986301369864,11
0.04657534246575343,0.0,0.04657534246575343,17
0.04657534246575343,0.0,0.04657534246575343,17
0.04657534246575343,0.0,0.04657534246575343,17
0.13424657534246576,0.6986301369863014,-0.5643835616438356,-206
0.0273972602739726,0.03287671232876712,-0.005479452054794521,-2
0.0027397260273972603,0.0,0.0027397260273972603,1
0.5260273972602739,0.09863013698630137,0.4273972602739726,156
0.0027397260273972603,0.0,0.0027397260273972603,1
0.0,0.0,0.0,0
0.043835616438356165,0.3287671232876712,-0.28493150684931506,-104
0.0,0.0,0.0,0
0.915068493150685,0.4931506849315068,0.42191780821917807,154
0.03561643835616438,0.049315068493150684,-0.0136986301369863,-5
0.0,0.0,0.0,0
0.23835616438356164,0.4931506849315068,-0.2547945205479452,-93
0.0,0.03287671232876712,-0.03287671232876712,-12
0.3287671232876712,0.3178082191780822,0.010958904109589041,4
0.536986301369863,0.4602739726027397,0.07671232876712329,28
0.01643835616438356,0.0,0.01643835616438356,6
0.2493150684931507,0.3287671232876712,-0.07945205479452055,-29
0.0,0.0,0.0,0
0.019178082191780823,0.39452054794520547,-0.37534246575342467,-137
0.005479452054794521,0.0,0.005479452054794521,2
0.8684931506849315,0.15342465753424658,0.7150684931506849,261
0.043835616438356165,0.0821917808219178,-0.038356164383561646,-14
0.0273972602739726,0.4767123287671233,-0.44931506849315067,-164
0.07123287671232877,0.1643835616438356,-0.09315068493150686,-34
0.6054794520547945,0.3287671232876712,0.27671232876712326,101
0.2191780821917808,0.049315068493150684,0.16986301369863013,62
0.13972602739726028,0.0,0.13972602739726028,51
0.1506849315068493,0.0,0.1506849315068493,55
0.0410958904109589,0.09863013698630137,-0.057534246575342465,-21
0.14246575342465753,0.0,0.14246575342465753,52
0.8027397260273973,0.0,0.8027397260273973,293
0.0273972602739726,0.5260273972602739,-0.4986301369863014,-182
0.14246575342465753,0.6986301369863014,-0.5561643835616439,-203
0.01643835616438356,0.049315068493150684,-0.03287671232876712,-12
0.34794520547945207,0.049315068493150684,0.29863013698630136,109
0.0,0.049315068493150684,-0.049315068493150684,-18
0.4794520547945205,0.0,0.4794520547945205,175
0.021917808219178082,0.049315068493150684,-0.0273972602739726,-10
0.01643835616438356,0.049315068493150684,-0.03287671232876712,-12
0.0273972602739726,0.0821917808219178,-0.0547945205479452,-20
0.0273972602739726,0.0821917808219178,-0.0547945205479452,-20
0.6547945205479452,0.0,0.6547945205479452,239
0.14246575342465753,0.6986301369863014,-0.5561643835616439,-203
0.7150684931506849,0.6986301369863014,0.01643835616438356,6
1.0,0.31232876712328766,0.6876712328767123,251
0.273972602739726,0.11506849315068493,0.1589041095890411,58
0.3287671232876712,0.39452054794520547,-0.06575342465753424,-24
0.043835616438356165,0.31232876712328766,-0.2684931506849315,-98
0.1780821917808219,0.6986301369863014,-0.5205479452054794,-190
0.6438356164383562,0.5589041095890411,0.08493150684931507,31
0.958904109589041,0.27945205479452057,0.6794520547945205,248
0.010958904109589041,0.06575342465753424,-0.0547945205479452,-20
0.4520547945205479,0.36164383561643837,0.09041095890410959,33
0.030136986301369864,0.1643835616438356,-0.13424657534246576,-49
0.0,0.0,0.0,0
0.8027397260273973,0.0,0.8027397260273973,293
0.8602739726027397,0.0,0.8602739726027397,314
0.7561643835616438,0.36164383561643837,0.39452054794520547,144
0.0410958904109589,0.18082191780821918,-0.13972602739726028,-51
0.3561643835616438,0.6986301369863014,-0.3424657534246575,-125
0.27945205479452057,0.1643835616438356,0.11506849315068493,42
0.021917808219178082,0.3780821917808219,-0.3561643835616438,-130
0.3287671232876712,0.2465753424657534,0.0821917808219178,30
0.7945205479452054,0.0,0.7945205479452054,290
0.7534246575342466,0.136986301369863,0.6164383561643836,225
0.5780821917808219,0.11506849315068493,0.46301369863013697,169
0.09041095890410959,0.0,0.09041095890410959,33
0.09041095890410959,0.6986301369863014,-0.6082191780821918,-222
0.7589041095890411,0.049315068493150684,0.7095890410958904,259
0.06575342465753424,0.16986301369863013,-0.10410958904109589,-38
0.37534246575342467,0.4602739726027397,-0.08493150684931507,-31
0.19452054794520549,0.2136986301369863,-0.019178082191780823,-7
0.684931506849315,0.19726027397260273,0.4876712328767123,178
0.5835616438356165,0.5260273972602739,0.057534246575342465,21
0.5534246575342465,0.3780821917808219,0.17534246575342466,64
0.7835616438356164,0.06575342465753424,0.7178082191780822,262
0.08493150684931507,0.0,0.08493150684931507,31
0.08493150684931507,0.0,0.08493150684931507,31
0.08493150684931507,0.0,0.08493150684931507,31
0.08493150684931507,0.0,0.08493150684931507,31
0.08493150684931507,0.0,0.08493150684931507,31
0.08493150684931507,0.0,0.08493150684931507,31
0.08493150684931507,0.0,0.08493150684931507,31
0.08493150684931507,0.0,0.08493150684931507,31
0.08493150684931507,0.0,0.08493150684931507,31
0.0684931506849315,0.0,0.0684931506849315,25
0.0684931506849315,0.0,0.0684931506849315,25
0.0684931506849315,0.0,0.0684931506849315,25
0.0684931506849315,0.0,0.0684931506849315,25
0.0684931506849315,0.0,0.0684931506849315,25
0.0684931506849315,0.0,0.0684931506849315,25
0.0684931506849315,0.0,0.0684931506849315,25
0.0684931506849315,0.0,0.0684931506849315,25
0.0684931506849315,0.0,0.0684931506849315,25
0.04657534246575343,0.0,0.04657534246575343,17
0.04657534246575343,0.0,0.04657534246575343,17
0.04657534246575343,0.0,0.04657534246575343,17
0.04657534246575343,0.0,0.04657534246575343,17
0.04657534246575343,0.01643835616438356,0.030136986301369864,11
0.04657534246575343,0.0,0.04657534246575343,17
0.04657534246575343,0.0,0.04657534246575343,17
0.04657534246575343,0.0,0.04657534246575343,17
0.04657534246575343,0.0,0.04657534246575343,17
0.04657534246575343,0.0,0.04657534246575343,17
0.32602739726027397,0.6986301369863014,-0.3726027397260274,-136
0.10136986301369863,0.09863013698630137,0.0027397260273972603,1
0.6164383561643836,0.01643835616438356,0.6,219
0.9917808219178083,0.06575342465753424,0.9260273972602739,338
0.14246575342465753,0.6986301369863014,-0.5561643835616439,-203
0.5534246575342465,0.0,0.5534246575342465,202
0.005479452054794521,0.26301369863013696,-0.25753424657534246,-94
0.19452054794520549,0.6986301369863014,-0.5041095890410959,-184
0.4465753424657534,0.2958904109589041,0.1506849315068493,55
0.29863013698630136,0.27945205479452057,0.019178082191780823,7
0.9205479452054794,0.18082191780821918,0.7397260273972602,270
0.4657534246575342,0.0,0.4657534246575342,170
0.21643835616438356,0.0,0.21643835616438356,79
0.2356164383561644,0.09863013698630137,0.136986301369863,50
0.4520547945205479,0.5260273972602739,-0.07397260273972603,-27
0.4547945205479452,0.30684931506849317,0.14794520547945206,54
0.36712328767123287,0.6986301369863014,-0.3315068493150685,-121
0.1589041095890411,0.14794520547945206,0.010958904109589041,4
0.16712328767123288,0.6986301369863014,-0.5315068493150685,-194
0.13972602739726028,0.1643835616438356,-0.024657534246575342,-9
0.08493150684931507,0.0,0.08493150684931507,31
0.13424657534246576,0.0,0.13424657534246576,49
0.3013698630136986,0.0,0.3013698630136986,110
0.6794520547945205,0.410958904109589,0.2684931506849315,98
0.2356164383561644,0.26301369863013696,-0.0273972602739726,-10
0.024657534246575342,0.136986301369863,-0.11232876712328767,-41
0.005479452054794521,0.6986301369863014,-0.6931506849315069,-253
0.049315068493150684,0.6986301369863014,-0.6493150684931507,-237
0.5095890410958904,0.0,0.5095890410958904,186
0.6383561643835617,0.19726027397260273,0.4410958904109589,161
0.9671232876712329,0.14794520547945206,0.8191780821917808,299
0.08493150684931507,0.3287671232876712,-0.24383561643835616,-89
0.04657534246575343,0.0,0.04657534246575343,17
0.0027397260273972603,0.0,0.0027397260273972603,1
0.4602739726027397,0.26301369863013696,0.19726027397260273,72
0.8082191780821918,0.0,0.8082191780821918,295
0.5095890410958904,0.0,0.5095890410958904,186
0.8493150684931506,0.5589041095890411,0.29041095890410956,106
0.16712328767123288,0.01643835616438356,0.1506849315068493,55
0.6931506849315069,0.28493150684931506,0.40821917808219177,149
0.03561643835616438,0.06575342465753424,-0.030136986301369864,-11
0.0,0.23013698630136986,-0.23013698630136986,-84
0.6547945205479452,0.0,0.6547945205479452,239
0.2684931506849315,0.0,0.2684931506849315,98
0.3561643835616438,0.5917808219178082,-0.2356164383561644,-86
0.2191780821917808,0.19726027397260273,0.021917808219178082,8
0.06301369863013699,0.4602739726027397,-0.3972602739726027,-145
0.136986301369863,0.16986301369863013,-0.03287671232876712,-12
0.049315068493150684,0.13150684931506848,-0.0821917808219178,-30
0.29315068493150687,0.26301369863013696,0.030136986301369864,11
0.8904109589041096,0.03287671232876712,0.8575342465753425,313
0.0027397260273972603,0.0,0.0027397260273972603,1
0.13150684931506848,0.6986301369863014,-0.5671232876712329,-207
0.2410958904109589,0.6986301369863014,-0.4575342465753425,-167
0.27945205479452057,0.6986301369863014,-0.4191780821917808,-153
0.09041095890410959,0.31232876712328766,-0.2219178082191781,-81
0.9068493150684932,0.0,0.9068493150684932,331
0.9068493150684932,0.0,0.9068493150684932,331
0.9068493150684932,0.0,0.9068493150684932,331
0.052054794520547946,0.4438356164383562,-0.3917808219178082,-143
0.024657534246575342,0.23013698630136986,-0.2054794520547945,-75
0.00821917808219178,0.0821917808219178,-0.07397260273972603,-27
0.0,0.01643835616438356,-0.01643835616438356,-6
0.049315068493150684,0.14794520547945206,-0.09863013698630137,-36
0.005479452054794521,0.19726027397260273,-0.1917808219178082,-70
0.057534246575342465,0.6410958904109589,-0.5835616438356165,-213
0.0,0.0821917808219178,-0.0821917808219178,-30
0.03561643835616438,0.19726027397260273,-0.16164383561643836,-59
0.00821917808219178,0.13150684931506848,-0.1232876712328767,-45
0.019178082191780823,0.2136986301369863,-0.19452054794520549,-71
0.03561643835616438,0.39452054794520547,-0.3589041095890411,-131
0.019178082191780823,0.2958904109589041,-0.27671232876712326,-101
0.0547945205479452,0.36164383561643837,-0.30684931506849317,-112
0.030136986301369864,0.13150684931506848,-0.10136986301369863,-37
0.0,0.06575342465753424,-0.06575342465753424,-24
0.03561643835616438,0.09863013698630137,-0.06301369863013699,-23
0.0958904109589041,0.3287671232876712,-0.2328767123287671,-85
0.03287671232876712,0.13150684931506848,-0.09863013698630137,-36
0.1178082191780822,0.5917808219178082,-0.473972602739726,-173
0.01643835616438356,0.11506849315068493,-0.09863013698630137,-36
0.08767123287671233,0.6986301369863014,-0.6109589041095891,-223
0.0273972602739726,0.410958904109589,-0.3835616438356164,-140
0.0136986301369863,0.11506849315068493,-0.10136986301369863,-37
0.0,0.18082191780821918,-0.18082191780821918,-66
0.14246575342465753,0.6986301369863014,-0.5561643835616439,-203
0.0410958904109589,0.2136986301369863,-0.1726027397260274,-63
0.052054794520547946,0.31232876712328766,-0.2602739726027397,-95
0.00821917808219178,0.0,0.00821917808219178,3
0.06301369863013699,0.6904109589041096,-0.6273972602739726,-229
0.0273972602739726,0.31232876712328766,-0.28493150684931506,-104
0.0,0.1643835616438356,-0.1643835616438356,-60
0.0136986301369863,0.11506849315068493,-0.10136986301369863,-37
0.03561643835616438,0.2465753424657534,-0.21095890410958903,-77
0.1863013698630137,0.6986301369863014,-0.5123287671232877,-187
0.038356164383561646,0.18082191780821918,-0.14246575342465753,-52
0.00821917808219178,0.26301369863013696,-0.2547945205479452,-93
0.0410958904109589,0.3780821917808219,-0.336986301369863,-123
0.021917808219178082,0.03287671232876712,-0.010958904109589041,-4
0.07671232876712329,0.5589041095890411,-0.4821917808219178,-176
0.019178082191780823,0.19726027397260273,-0.1780821917808219,-65
0.0,0.14794520547945206,-0.14794520547945206,-54
0.0958904109589041,0.2958904109589041,-0.2,-73
0.0273972602739726,0.06575342465753424,-0.038356164383561646,-14
0.052054794520547946,0.1643835616438356,-0.11232876712328767,-41
0.0,0.09863013698630137,-0.09863013698630137,-36
0.021917808219178082,0.049315068493150684,-0.0273972602739726,-10
0.0,0.18082191780821918,-0.18082191780821918,-66
0.01643835616438356,0.3452054794520548,-0.3287671232876712,-120
0.0,0.19726027397260273,-0.19726027397260273,-72
0.06027397260273973,0.4438356164383562,-0.3835616438356164,-140
0.021917808219178082,0.3452054794520548,-0.3232876712328767,-118
0.052054794520547946,0.3780821917808219,-0.32602739726027397,-119
0.010958904109589041,0.4602739726027397,-0.44931506849315067,-164
0.03287671232876712,0.19726027397260273,-0.1643835616438356,-60
0.052054794520547946,0.3287671232876712,-0.27671232876712326,-101
0.0273972602739726,0.2958904109589041,-0.2684931506849315,-98
0.0958904109589041,0.4602739726027397,-0.3643835616438356,-133
0.4054794520547945,0.19726027397260273,0.20821917808219179,76
0.07671232876712329,0.4438356164383562,-0.36712328767123287,-134
0.038356164383561646,0.6986301369863014,-0.6602739726027397,-241
0.0547945205479452,0.39452054794520547,-0.33972602739726027,-124
0.052054794520547946,0.3287671232876712,-0.27671232876712326,-101
0.07945205479452055,0.13150684931506848,-0.052054794520547946,-19
0.019178082191780823,0.410958904109589,-0.3917808219178082,-143
0.01643835616438356,0.3452054794520548,-0.3287671232876712,-120
0.01643835616438356,0.2465753424657534,-0.23013698630136986,-84
0.0027397260273972603,0.09863013698630137,-0.0958904109589041,-35
0.024657534246575342,0.23013698630136986,-0.2054794520547945,-75
0.2410958904109589,0.15342465753424658,0.08767123287671233,32
0.7616438356164383,0.0,0.7616438356164383,278
0.547945205479452,0.6410958904109589,-0.09315068493150686,-34
0.1506849315068493,0.6986301369863014,-0.547945205479452,-200
0.0684931506849315,0.6986301369863014,-0.6301369863013698,-230
0.3589041095890411,0.30684931506849317,0.052054794520547946,19
0.2410958904109589,0.3287671232876712,-0.08767123287671233,-32
0.29863013698630136,0.03287671232876712,0.26575342465753427,97
0.0821917808219178,0.6986301369863014,-0.6164383561643836,-225
0.3863013698630137,0.26301369863013696,0.1232876712328767,45
0.21643835616438356,0.0,0.21643835616438356,79
0.2876712328767123,0.0,0.2876712328767123,105
0.03287671232876712,0.6986301369863014,-0.6657534246575343,-243
0.049315068493150684,0.2465753424657534,-0.19726027397260273,-72
0.10684931506849316,0.4767123287671233,-0.3698630136986301,-135
0.26575342465753427,0.2465753424657534,0.019178082191780823,7
0.010958904109589041,0.0,0.010958904109589041,4
0.8301369863013699,0.3780821917808219,0.4520547945205479,165
0.2684931506849315,0.3452054794520548,-0.07671232876712329,-28
0.35342465753424657,0.26301369863013696,0.09041095890410959,33
0.0,0.0,0.0,0
0.2876712328767123,0.13150684931506848,0.15616438356164383,57
0.4986301369863014,0.6575342465753424,-0.1589041095890411,-58
0.29315068493150687,0.6986301369863014,-0.4054794520547945,-148
0.4602739726027397,0.11506849315068493,0.3452054794520548,126
0.12602739726027398,0.6986301369863014,-0.5726027397260274,-209
0.8,0.6986301369863014,0.10136986301369863,37
0.7726027397260274,0.0,0.7726027397260274,282
0.0,0.26301369863013696,-0.26301369863013696,-96
0.21095890410958903,0.13150684931506848,0.07945205479452055,29
0.019178082191780823,0.01643835616438356,0.0027397260273972603,1
0.10410958904109589,0.5260273972602739,-0.42191780821917807,-154
0.873972602739726,0.0,0.873972602739726,319
0.11506849315068493,0.03287671232876712,0.0821917808219178,30
0.5917808219178082,0.13150684931506848,0.4602739726027397,168
0.4465753424657534,0.6986301369863014,-0.25205479452054796,-92
0.4520547945205479,0.6986301369863014,-0.2465753424657534,-90
0.07123287671232877,0.13150684931506848,-0.06027397260273973,-22
0.4301369863013699,0.2191780821917808,0.21095890410958903,77
0.6246575342465753,0.6986301369863014,-0.07397260273972603,-27
0.21643835616438356,0.5095890410958904,-0.29315068493150687,-107
0.0027397260273972603,0.0,0.0027397260273972603,1
0.8273972602739726,0.6575342465753424,0.16986301369863013,62
0.3780821917808219,0.0,0.3780821917808219,138
0.9178082191780822,0.6986301369863014,0.2191780821917808,80
0.08767123287671233,0.0821917808219178,0.005479452054794521,2
0.7863013698630137,0.049315068493150684,0.736986301369863,269
0.33972602739726027,0.1643835616438356,0.17534246575342466,64
0.00821917808219178,0.0,0.00821917808219178,3
0.7616438356164383,0.5260273972602739,0.2356164383561644,86
0.0027397260273972603,0.6904109589041096,-0.6876712328767123,-251
0.3698630136986301,0.6986301369863014,-0.3287671232876712,-120
0.8164383561643835,0.6246575342465753,0.1917808219178082,70
0.4,0.19726027397260273,0.20273972602739726,74
0.7589041095890411,0.0,0.7589041095890411,277
0.6054794520547945,0.06575342465753424,0.5397260273972603,197
0.5123287671232877,0.0,0.5123287671232877,187
0.5095890410958904,0.4931506849315068,0.01643835616438356,6
0.5287671232876713,0.0,0.5287671232876713,193
0.7534246575342466,0.0,0.7534246575342466,275
0.30684931506849317,0.6986301369863014,-0.3917808219178082,-143
0.9452054794520548,0.049315068493150684,0.8958904109589041,327
0.7589041095890411,0.06575342465753424,0.6931506849315069,253
0.0027397260273972603,0.0,0.0027397260273972603,1
0.1643835616438356,0.11506849315068493,0.049315068493150684,18
0.20273972602739726,0.06575342465753424,0.136986301369863,50
0.13424657534246576,0.0,0.13424657534246576,49
0.852054794520548,0.03287671232876712,0.8191780821917808,299
0.9178082191780822,0.0,0.9178082191780822,335
0.852054794520548,0.01643835616438356,0.8356164383561644,305
0.043835616438356165,0.0,0.043835616438356165,16
0.00821917808219178,0.2465753424657534,-0.23835616438356164,-87
0.0027397260273972603,0.26301369863013696,-0.2602739726027397,-95
0.4054794520547945,0.0547945205479452,0.3506849315068493,128
0.11506849315068493,0.0,0.11506849315068493,42
0.00821917808219178,0.01643835616438356,-0.00821917808219178,-3
0.29041095890410956,0.6575342465753424,-0.36712328767123287,-134
0.32602739726027397,0.4602739726027397,-0.13424657534246576,-49
0.10410958904109589,0.2465753424657534,-0.14246575342465753,-52
0.29041095890410956,0.11506849315068493,0.17534246575342466,64
0.5095890410958904,0.6575342465753424,-0.14794520547945206,-54
0.20273972602739726,0.4438356164383562,-0.2410958904109589,-88
0.5232876712328767,0.0,0.5232876712328767,191
0.5424657534246575,0.0,0.5424657534246575,198
0.5260273972602739,0.0,0.5260273972602739,192
0.4958904109589041,0.4273972602739726,0.0684931506849315,25
0.8684931506849315,0.13150684931506848,0.736986301369863,269
0.5780821917808219,0.27945205479452057,0.29863013698630136,109
0.7780821917808219,0.049315068493150684,0.7287671232876712,266
0.7780821917808219,0.01643835616438356,0.7616438356164383,278
0.7808219178082192,0.0,0.7808219178082192,285
0.32054794520547947,0.4602739726027397,-0.13972602739726028,-51
0.5315068493150685,0.049315068493150684,0.4821917808219178,176
0.07397260273972603,0.1643835616438356,-0.09041095890410959,-33
0.07397260273972603,0.049315068493150684,0.024657534246575342,9
0.07397260273972603,0.0821917808219178,-0.00821917808219178,-3
0.08493150684931507,0.2136986301369863,-0.12876712328767123,-47
0.9917808219178083,0.06575342465753424,0.9260273972602739,338
0.06301369863013699,0.6986301369863014,-0.6356164383561644,-232
0.0,0.0,0.0,0
0.1095890410958904,0.0,0.1095890410958904,40
0.2876712328767123,0.01643835616438356,0.27123287671232876,99
0.6027397260273972,0.14794520547945206,0.4547945205479452,166
0.8657534246575342,0.049315068493150684,0.8164383561643835,298
0.5506849315068493,0.0,0.5506849315068493,201
0.8273972602739726,0.0,0.8273972602739726,302
0.08493150684931507,0.5260273972602739,-0.4410958904109589,-161
0.21643835616438356,0.14794520547945206,0.0684931506849315,25
0.0,0.11506849315068493,-0.11506849315068493,-42
0.19726027397260273,0.0,0.19726027397260273,72
0.1178082191780822,0.3287671232876712,-0.21095890410958903,-77
0.8438356164383561,0.0,0.8438356164383561,308
0.18082191780821918,0.3287671232876712,-0.14794520547945206,-54
0.35342465753424657,0.4931506849315068,-0.13972602739726028,-51
0.5068493150684932,0.2958904109589041,0.21095890410958903,77
0.09315068493150686,0.0,0.09315068493150686,34
0.8767123287671232,0.2684931506849315,0.6082191780821918,222
0.3150684931506849,0.23013698630136986,0.08493150684931507,31
0.0,0.0,0.0,0
0.043835616438356165,0.3287671232876712,-0.28493150684931506,-104
0.07671232876712329,0.6986301369863014,-0.6219178082191781,-227
0.7643835616438356,0.06575342465753424,0.6986301369863014,255
0.9917808219178083,0.1643835616438356,0.8273972602739726,302
0.9342465753424658,0.3452054794520548,0.589041095890411,215
0.9726027397260274,0.0,0.9726027397260274,355
0.0,0.0,0.0,0
0.4383561643835616,0.2191780821917808,0.2191780821917808,80
0.5561643835616439,0.09863013698630137,0.4575342465753425,167
1.0,0.27945205479452057,0.7205479452054795,263
0.6082191780821918,0.03287671232876712,0.5753424657534246,210
0.01643835616438356,0.0,0.01643835616438356,6
0.9808219178082191,0.0,0.9808219178082191,358
0.1917808219178082,0.6986301369863014,-0.5068493150684932,-185
0.03561643835616438,0.049315068493150684,-0.0136986301369863,-5
0.12876712328767123,0.14794520547945206,-0.019178082191780823,-7
0.8986301369863013,0.6986301369863014,0.2,73
0.27945205479452057,0.0,0.27945205479452057,102
0.7808219178082192,0.0,0.7808219178082192,285
0.8794520547945206,0.4767123287671233,0.40273972602739727,147
0.6164383561643836,0.4602739726027397,0.15616438356164383,57
0.8356164383561644,0.4602739726027397,0.37534246575342467,137
0.0,0.0,0.0,0
0.2136986301369863,0.19726027397260273,0.01643835616438356,6
0.13972602739726028,0.410958904109589,-0.27123287671232876,-99
0.6876712328767123,0.08767123287671233,0.6,219
0.8986301369863013,0.0273972602739726,0.8712328767123287,318
0.14520547945205478,0.09863013698630137,0.04657534246575343,17
0.16712328767123288,0.4931506849315068,-0.32602739726027397,-119
0.5205479452054794,0.0,0.5205479452054794,190
0.024657534246575342,0.26301369863013696,-0.23835616438356164,-87
0.0,0.3287671232876712,-0.3287671232876712,-120
0.0,0.4273972602739726,-0.4273972602739726,-156
0.01643835616438356,0.4767123287671233,-0.4602739726027397,-168
1.0,0.5753424657534246,0.4246575342465753,155
0.7287671232876712,0.23013698630136986,0.4986301369863014,182
0.27671232876712326,0.19726027397260273,0.07945205479452055,29
0.03561643835616438,0.03287671232876712,0.0027397260273972603,1
0.021917808219178082,0.23013698630136986,-0.20821917808219179,-76
0.024657534246575342,0.6986301369863014,-0.673972602739726,-246
0.4410958904109589,0.0,0.4410958904109589,161
0.08493150684931507,0.3287671232876712,-0.24383561643835616,-89
0.038356164383561646,0.6986301369863014,-0.6602739726027397,-241
0.7123287671232876,0.0821917808219178,0.6301369863013698,230
0.6931506849315069,0.0,0.6931506849315069,253
0.07671232876712329,0.6986301369863014,-0.6219178082191781,-227
0.06575342465753424,0.5260273972602739,-0.4602739726027397,-168
0.12876712328767123,0.5589041095890411,-0.4301369863013699,-157
0.0821917808219178,0.4767123287671233,-0.39452054794520547,-144
0.16164383561643836,0.6986301369863014,-0.536986301369863,-196
0.3698630136986301,0.1643835616438356,0.2054794520547945,75
0.1589041095890411,0.3287671232876712,-0.16986301369863013,-62
0.06301369863013699,0.3780821917808219,-0.3150684931506849,-115
0.40273972602739727,0.6986301369863014,-0.2958904109589041,-108
0.1232876712328767,0.049315068493150684,0.07397260273972603,27
0.8602739726027397,0.01643835616438356,0.8438356164383561,308
0.26301369863013696,0.0,0.26301369863013696,96
0.7945205479452054,0.6986301369863014,0.0958904109589041,35
0.08767123287671233,0.36164383561643837,-0.273972602739726,-100
0.6164383561643836,0.6986301369863014,-0.0821917808219178,-30
0.5095890410958904,0.6986301369863014,-0.18904109589041096,-69
0.2547945205479452,0.0,0.2547945205479452,93
0.4,0.27945205479452057,0.12054794520547946,44
0.989041095890411,0.5424657534246575,0.4465753424657534,163
0.8136986301369863,0.049315068493150684,0.7643835616438356,279
0.4958904109589041,0.049315068493150684,0.4465753424657534,163
0.3452054794520548,0.2958904109589041,0.049315068493150684,18
0.0136986301369863,0.2136986301369863,-0.2,-73
0.3232876712328767,0.0,0.3232876712328767,118
0.27945205479452057,0.5095890410958904,-0.23013698630136986,-84
0.5397260273972603,0.049315068493150684,0.4904109589041096,179
0.5616438356164384,0.0,0.5616438356164384,205
0.5287671232876713,0.3780821917808219,0.1506849315068493,55
0.4301369863013699,0.6986301369863014,-0.2684931506849315,-98
0.22465753424657534,0.6986301369863014,-0.473972602739726,-173
0.1780821917808219,0.673972602739726,-0.4958904109589041,-181
0.1178082191780822,0.3287671232876712,-0.21095890410958903,-77
0.26301369863013696,0.0,0.26301369863013696,96
0.07945205479452055,0.19726027397260273,-0.1178082191780822,-43
0.4575342465753425,0.33972602739726027,0.1178082191780822,43
0.4465753424657534,0.4438356164383562,0.0027397260273972603,1
0.0,0.0,0.0,0
0.4547945205479452,0.0821917808219178,0.3726027397260274,136
0.18904109589041096,0.2136986301369863,-0.024657534246575342,-9
0.07671232876712329,0.18082191780821918,-0.10410958904109589,-38
0.5095890410958904,0.0,0.5095890410958904,186
0.7589041095890411,0.0,0.7589041095890411,277
0.06575342465753424,0.6986301369863014,-0.6328767123287671,-231
0.1095890410958904,0.26301369863013696,-0.15342465753424658,-56
0.7589041095890411,0.06575342465753424,0.6931506849315069,253
0.3643835616438356,0.0,0.3643835616438356,133
0.9041095890410958,0.2136986301369863,0.6904109589041096,252
0.7561643835616438,0.18082191780821918,0.5753424657534246,210
0.08493150684931507,0.6904109589041096,-0.6054794520547945,-221
0.6246575342465753,0.6986301369863014,-0.07397260273972603,-27
0.0027397260273972603,0.15342465753424658,-0.1506849315068493,-55
0.4438356164383562,0.0,0.4438356164383562,162
0.06027397260273973,0.26301369863013696,-0.20273972602739726,-74
0.0027397260273972603,0.13150684931506848,-0.12876712328767123,-47
0.0027397260273972603,0.0,0.0027397260273972603,1
1.0,0.27945205479452057,0.7205479452054795,263
0.4465753424657534,0.2465753424657534,0.2,73
0.0027397260273972603,0.0,0.0027397260273972603,1
0.7150684931506849,0.0,0.7150684931506849,261
0.6684931506849315,0.13150684931506848,0.536986301369863,196
0.8931506849315068,0.26301369863013696,0.6301369863013698,230
0.6356164383561644,0.6986301369863014,-0.06301369863013699,-23
0.0958904109589041,0.5260273972602739,-0.4301369863013699,-157
0.5150684931506849,0.0,0.5150684931506849,188
0.0027397260273972603,0.01643835616438356,-0.0136986301369863,-5
0.7452054794520548,0.6575342465753424,0.08767123287671233,32
0.6273972602739726,0.6575342465753424,-0.030136986301369864,-11
0.3643835616438356,0.18082191780821918,0.18356164383561643,67
0.005479452054794521,0.0,0.005479452054794521,2
0.07671232876712329,0.2958904109589041,-0.2191780821917808,-80
0.3424657534246575,0.4602739726027397,-0.1178082191780822,-43
0.8246575342465754,0.06575342465753424,0.7589041095890411,277
0.4958904109589041,0.0,0.4958904109589041,181
0.7972602739726027,0.0,0.7972602739726027,291
0.8602739726027397,0.19726027397260273,0.663013698630137,242
0.0,0.0,0.0,0
0.989041095890411,0.4767123287671233,0.5123287671232877,187
0.3698630136986301,0.06575342465753424,0.3041095890410959,111
0.273972602739726,0.27945205479452057,-0.005479452054794521,-2
0.3178082191780822,0.6986301369863014,-0.38082191780821917,-139
0.06575342465753424,0.4602739726027397,-0.39452054794520547,-144
0.038356164383561646,0.09863013698630137,-0.06027397260273973,-22
0.019178082191780823,0.14794520547945206,-0.12876712328767123,-47
0.0027397260273972603,0.01643835616438356,-0.0136986301369863,-5
0.10410958904109589,0.6986301369863014,-0.5945205479452055,-217
0.8876712328767123,0.06575342465753424,0.821917808219178,300
0.6794520547945205,0.0821917808219178,0.5972602739726027,218
0.14246575342465753,0.4767123287671233,-0.33424657534246577,-122
0.27671232876712326,0.17534246575342466,0.10136986301369863,37
0.9342465753424658,0.31232876712328766,0.6219178082191781,227
0.958904109589041,0.043835616438356165,0.915068493150685,334
0.6109589041095891,0.5589041095890411,0.052054794520547946,19
0.5589041095890411,0.5260273972602739,0.03287671232876712,12
0.030136986301369864,0.39452054794520547,-0.3643835616438356,-133
0.3863013698630137,0.39452054794520547,-0.00821917808219178,-3
0.5068493150684932,0.0,0.5068493150684932,185
0.0027397260273972603,0.0,0.0027397260273972603,1
0.3095890410958904,0.2136986301369863,0.0958904109589041,35
0.2821917808219178,0.13150684931506848,0.1506849315068493,55
0.10410958904109589,0.410958904109589,-0.30684931506849317,-112
0.7863013698630137,0.6986301369863014,0.08767123287671233,32
0.6410958904109589,0.1589041095890411,0.4821917808219178,176
0.536986301369863,0.3287671232876712,0.20821917808219179,76
0.0027397260273972603,0.2465753424657534,-0.24383561643835616,-89
0.7890410958904109,0.11506849315068493,0.673972602739726,246
0.2602739726027397,0.06575342465753424,0.19452054794520549,71
0.9671232876712329,0.3780821917808219,0.589041095890411,215
0.26575342465753427,0.0,0.26575342465753427,97
0.7479452054794521,0.09863013698630137,0.6493150684931507,237
0.10410958904109589,0.09863013698630137,0.005479452054794521,2
0.5068493150684932,0.0,0.5068493150684932,185
0.5534246575342465,0.5424657534246575,0.010958904109589041,4
0.810958904109589,0.6986301369863014,0.11232876712328767,41
0.10684931506849316,0.4931506849315068,-0.3863013698630137,-141
0.08493150684931507,0.049315068493150684,0.03561643835616438,13
0.26301369863013696,0.0,0.26301369863013696,96
0.7616438356164383,0.0,0.7616438356164383,278
0.3178082191780822,0.14794520547945206,0.16986301369863013,62
0.4,0.6136986301369863,-0.2136986301369863,-78
0.5561643835616439,0.0,0.5561643835616439,203
0.3561643835616438,0.2958904109589041,0.06027397260273973,22
0.30684931506849317,0.39452054794520547,-0.08767123287671233,-32
0.019178082191780823,0.0,0.019178082191780823,7
0.0821917808219178,0.18082191780821918,-0.09863013698630137,-36
0.4602739726027397,0.09863013698630137,0.36164383561643837,132
0.15342465753424658,0.6986301369863014,-0.5452054794520548,-199
0.6876712328767123,0.6986301369863014,-0.010958904109589041,-4
0.18904109589041096,0.1643835616438356,0.024657534246575342,9
0.11232876712328767,0.6986301369863014,-0.5863013698630137,-214
0.7780821917808219,0.11506849315068493,0.663013698630137,242
0.2465753424657534,0.6986301369863014,-0.4520547945205479,-165
0.06027397260273973,0.18082191780821918,-0.12054794520547946,-44
0.5452054794520548,0.01643835616438356,0.5287671232876713,193
0.5232876712328767,0.27945205479452057,0.24383561643835616,89
0.6191780821917808,0.4767123287671233,0.14246575342465753,52
0.7013698630136986,0.6986301369863014,0.0027397260273972603,1
0.9561643835616438,0.5589041095890411,0.3972602739726027,145
0.4,0.6986301369863014,-0.29863013698630136,-109
0.3315068493150685,0.27945205479452057,0.052054794520547946,19
0.8575342465753425,0.6986301369863014,0.1589041095890411,58
0.27671232876712326,0.0,0.27671232876712326,101
0.5095890410958904,0.0,0.5095890410958904,186
0.39452054794520547,0.13150684931506848,0.26301369863013696,96
0.1589041095890411,0.0,0.1589041095890411,58
0.057534246575342465,0.4438356164383562,-0.3863013698630137,-141
0.0821917808219178,0.36164383561643837,-0.27945205479452057,-102
0.947945205479452,0.03287671232876712,0.915068493150685,334
0.2602739726027397,0.049315068493150684,0.21095890410958903,77
0.06575342465753424,0.6246575342465753,-0.5589041095890411,-204
0.8356164383561644,0.2684931506849315,0.5671232876712329,207
0.5616438356164384,0.6356164383561644,-0.07397260273972603,-27
0.0821917808219178,0.13150684931506848,-0.049315068493150684,-18
0.4931506849315068,0.1643835616438356,0.3287671232876712,120
0.3424657534246575,0.6986301369863014,-0.3561643835616438,-130
0.030136986301369864,0.1643835616438356,-0.13424657534246576,-49
0.8328767123287671,0.30684931506849317,0.5260273972602739,192
0.43561643835616437,0.3178082191780822,0.1178082191780822,43
0.06301369863013699,0.049315068493150684,0.0136986301369863,5
0.03287671232876712,0.6904109589041096,-0.6575342465753424,-240
0.7698630136986301,0.5589041095890411,0.21095890410958903,77
0.6575342465753424,0.6986301369863014,-0.0410958904109589,-15
0.3232876712328767,0.11506849315068493,0.20821917808219179,76
0.0,0.0,0.0,0
0.0273972602739726,0.5753424657534246,-0.547945205479452,-200
0.6821917808219178,0.3452054794520548,0.336986301369863,123
0.07123287671232877,0.2958904109589041,-0.22465753424657534,-82
0.8904109589041096,0.19726027397260273,0.6931506849315069,253
0.8410958904109589,0.2958904109589041,0.5452054794520548,199
0.16986301369863013,0.6986301369863014,-0.5287671232876713,-193
0.32602739726027397,0.049315068493150684,0.27671232876712326,101
0.7835616438356164,0.049315068493150684,0.7342465753424657,268
0.0410958904109589,0.2136986301369863,-0.1726027397260274,-63
0.33972602739726027,0.01643835616438356,0.3232876712328767,118
0.5561643835616439,0.6082191780821918,-0.052054794520547946,-19
0.057534246575342465,0.18082191780821918,-0.1232876712328767,-45
0.9178082191780822,0.1917808219178082,0.726027397260274,265
0.12876712328767123,0.410958904109589,-0.2821917808219178,-103
0.33424657534246577,0.6986301369863014,-0.3643835616438356,-133
0.8273972602739726,0.27945205479452057,0.547945205479452,200
0.29863013698630136,0.16986301369863013,0.12876712328767123,47
0.2410958904109589,0.4931506849315068,-0.25205479452054796,-92
0.7589041095890411,0.0,0.7589041095890411,277
0.0027397260273972603,0.01643835616438356,-0.0136986301369863,-5
0.34794520547945207,0.27945205479452057,0.0684931506849315,25
0.03561643835616438,0.6986301369863014,-0.663013698630137,-242
0.052054794520547946,0.09863013698630137,-0.04657534246575343,-17
0.8082191780821918,0.0,0.8082191780821918,295
0.7561643835616438,0.0,0.7561643835616438,276
0.3287671232876712,0.2958904109589041,0.03287671232876712,12
0.17534246575342466,0.0,0.17534246575342466,64
0.6136986301369863,0.6986301369863014,-0.08493150684931507,-31
0.0027397260273972603,0.0,0.0027397260273972603,1
0.7561643835616438,0.28493150684931506,0.4712328767123288,172
0.5972602739726027,0.6986301369863014,-0.10136986301369863,-37
0.7561643835616438,0.0,0.7561643835616438,276
0.09863013698630137,0.1589041095890411,-0.06027397260273973,-22
0.8027397260273973,0.6986301369863014,0.10410958904109589,38
0.5150684931506849,0.36164383561643837,0.15342465753424658,56
0.9671232876712329,0.410958904109589,0.5561643835616439,203
0.410958904109589,0.14794520547945206,0.26301369863013696,96
0.14520547945205478,0.2465753424657534,-0.10136986301369863,-37
0.09863013698630137,0.11506849315068493,-0.01643835616438356,-6
0.10684931506849316,0.4931506849315068,-0.3863013698630137,-141
0.8082191780821918,0.03287671232876712,0.7753424657534247,283
0.3315068493150685,0.1643835616438356,0.16712328767123288,61
0.0410958904109589,0.06575342465753424,-0.024657534246575342,-9
0.0,0.06575342465753424,-0.06575342465753424,-24
0.33424657534246577,0.3780821917808219,-0.043835616438356165,-16
0.4383561643835616,0.3287671232876712,0.1095890410958904,40
0.024657534246575342,0.6904109589041096,-0.6657534246575343,-243
0.7205479452054795,0.2465753424657534,0.473972602739726,173
0.2,0.23013698630136986,-0.030136986301369864,-11
0.03287671232876712,0.23013698630136986,-0.19726027397260273,-72
0.06575342465753424,0.39452054794520547,-0.3287671232876712,-120
0.13424657534246576,0.19726027397260273,-0.06301369863013699,-23
0.7616438356164383,0.39452054794520547,0.36712328767123287,134
0.07945205479452055,0.4767123287671233,-0.3972602739726027,-145
0.10410958904109589,0.6246575342465753,-0.5205479452054794,-190
0.9178082191780822,0.0821917808219178,0.8356164383561644,305
0.12602739726027398,0.2958904109589041,-0.16986301369863013,-62
0.024657534246575342,0.410958904109589,-0.3863013698630137,-141
0.005479452054794521,0.27945205479452057,-0.273972602739726,-100
0.00821917808219178,0.4438356164383562,-0.43561643835616437,-159
0.4767123287671233,0.39452054794520547,0.0821917808219178,30
0.005479452054794521,0.6986301369863014,-0.6931506849315069,-253
0.6273972602739726,0.4438356164383562,0.18356164383561643,67
0.0958904109589041,0.1643835616438356,-0.0684931506849315,-25
0.019178082191780823,0.1643835616438356,-0.14520547945205478,-53
0.6109589041095891,0.6986301369863014,-0.08767123287671233,-32
0.7232876712328767,0.07671232876712329,0.6465753424657534,236
0.9205479452054794,0.6986301369863014,0.2219178082191781,81
0.547945205479452,0.5917808219178082,-0.043835616438356165,-16
0.27671232876712326,0.049315068493150684,0.2273972602739726,83
0.0,0.0,0.0,0
0.3232876712328767,0.2958904109589041,0.0273972602739726,10
0.4767123287671233,0.03287671232876712,0.4438356164383562,162
1.0,0.4931506849315068,0.5068493150684932,185
0.34794520547945207,0.6986301369863014,-0.3506849315068493,-128
0.4986301369863014,0.0,0.4986301369863014,182
0.673972602739726,0.0,0.673972602739726,246
0.5287671232876713,0.14794520547945206,0.38082191780821917,139
0.273972602739726,0.6986301369863014,-0.4246575342465753,-155
0.1178082191780822,0.410958904109589,-0.29315068493150687,-107
0.052054794520547946,0.27945205479452057,-0.2273972602739726,-83
0.019178082191780823,0.3287671232876712,-0.3095890410958904,-113
0.8027397260273973,0.6986301369863014,0.10410958904109589,38
0.17534246575342466,0.0,0.17534246575342466,64
0.3041095890410959,0.2136986301369863,0.09041095890410959,33
0.21643835616438356,0.01643835616438356,0.2,73
0.673972602739726,0.1643835616438356,0.5095890410958904,186
0.0,0.038356164383561646,-0.038356164383561646,-14
0.01643835616438356,0.4931506849315068,-0.4767123287671233,-174
0.7726027397260274,0.2465753424657534,0.5260273972602739,192
0.15616438356164383,0.0,0.15616438356164383,57
0.5150684931506849,0.4767123287671233,0.038356164383561646,14
0.0,0.11506849315068493,-0.11506849315068493,-42
0.7835616438356164,0.2136986301369863,0.5698630136986301,208
0.1232876712328767,0.4931506849315068,-0.3698630136986301,-135
0.32054794520547947,0.6986301369863014,-0.3780821917808219,-138
0.0273972602739726,0.01643835616438356,0.010958904109589041,4
0.39452054794520547,0.0,0.39452054794520547,144
0.17534246575342466,0.16986301369863013,0.005479452054794521,2
0.010958904109589041,0.6904109589041096,-0.6794520547945205,-248
0.0027397260273972603,0.0,0.0027397260273972603,1
0.7561643835616438,0.0,0.7561643835616438,276
0.4273972602739726,0.6986301369863014,-0.27123287671232876,-99
0.2684931506849315,0.01643835616438356,0.25205479452054796,92
0.16164383561643836,0.6410958904109589,-0.4794520547945205,-175
0.21643835616438356,0.6986301369863014,-0.4821917808219178,-176
0.0,0.0,0.0,0
0.14520547945205478,0.13150684931506848,0.0136986301369863,5
0.5917808219178082,0.6575342465753424,-0.06575342465753424,-24
0.5150684931506849,0.0,0.5150684931506849,188
0.14246575342465753,0.09863013698630137,0.043835616438356165,16
0.8958904109589041,0.18082191780821918,0.7150684931506849,261
0.043835616438356165,0.0,0.043835616438356165,16
0.043835616438356165,0.0,0.043835616438356165,16
0.043835616438356165,0.0,0.043835616438356165,16
0.043835616438356165,0.0,0.043835616438356165,16
0.0410958904109589,0.0,0.0410958904109589,15
0.043835616438356165,0.0,0.043835616438356165,16
0.043835616438356165,0.0,0.043835616438356165,16
0.043835616438356165,0.0,0.043835616438356165,16
0.043835616438356165,0.0,0.043835616438356165,16
0.043835616438356165,0.0,0.043835616438356165,16
0.049315068493150684,0.0,0.049315068493150684,18
0.049315068493150684,0.0,0.049315068493150684,18
0.049315068493150684,0.0,0.049315068493150684,18
0.8712328767123287,0.0,0.8712328767123287,318
0.8712328767123287,0.0,0.8712328767123287,318
0.8712328767123287,0.0,0.8712328767123287,318
0.8712328767123287,0.0,0.8712328767123287,318
0.038356164383561646,0.0,0.038356164383561646,14
0.038356164383561646,0.0,0.038356164383561646,14
0.038356164383561646,0.0,0.038356164383561646,14
0.038356164383561646,0.0,0.038356164383561646,14
0.038356164383561646,0.0,0.038356164383561646,14
0.038356164383561646,0.0,0.038356164383561646,14
0.038356164383561646,0.0,0.038356164383561646,14
0.038356164383561646,0.01643835616438356,0.021917808219178082,8
0.038356164383561646,0.0,0.038356164383561646,14
0.038356164383561646,0.0,0.038356164383561646,14
0.6219178082191781,0.038356164383561646,0.5835616438356165,213
0.13150684931506848,0.0,0.13150684931506848,48
0.20273972602739726,0.2465753424657534,-0.043835616438356165,-16
0.10410958904109589,0.23013698630136986,-0.12602739726027398,-46
0.2410958904109589,0.0,0.2410958904109589,88
0.7561643835616438,0.0,0.7561643835616438,276
0.0027397260273972603,0.0,0.0027397260273972603,1
0.0821917808219178,0.11506849315068493,-0.03287671232876712,-12
0.0,0.03287671232876712,-0.03287671232876712,-12
0.2602739726027397,0.4767123287671233,-0.21643835616438356,-79
0.3013698630136986,0.5917808219178082,-0.29041095890410956,-106
0.6383561643835617,0.39452054794520547,0.24383561643835616,89
0.2958904109589041,0.049315068493150684,0.2465753424657534,90
0.07671232876712329,0.4931506849315068,-0.41643835616438357,-152
0.34794520547945207,0.6575342465753424,-0.3095890410958904,-113
0.0684931506849315,0.5424657534246575,-0.473972602739726,-173
0.38082191780821917,0.4931506849315068,-0.11232876712328767,-41
0.27945205479452057,0.01643835616438356,0.26301369863013696,96
0.6712328767123288,0.23013698630136986,0.4410958904109589,161
0.08493150684931507,0.049315068493150684,0.03561643835616438,13
0.8575342465753425,0.5753424657534246,0.2821917808219178,103
0.04657534246575343,0.0,0.04657534246575343,17
0.6657534246575343,0.1643835616438356,0.5013698630136987,183
0.7287671232876712,0.6986301369863014,0.030136986301369864,11
0.2054794520547945,0.6986301369863014,-0.4931506849315068,-180
0.1917808219178082,0.0,0.1917808219178082,70
0.810958904109589,0.31232876712328766,0.4986301369863014,182
0.0547945205479452,0.4602739726027397,-0.4054794520547945,-148
0.3287671232876712,0.5589041095890411,-0.23013698630136986,-84
0.684931506849315,0.4602739726027397,0.22465753424657534,82
0.5917808219178082,0.36164383561643837,0.23013698630136986,84
0.07945205479452055,0.4438356164383562,-0.3643835616438356,-133
0.07671232876712329,0.4602739726027397,-0.3835616438356164,-140
0.13424657534246576,0.36164383561643837,-0.2273972602739726,-83
0.4794520547945205,0.0,0.4794520547945205,175
0.1589041095890411,0.4767123287671233,-0.3178082191780822,-116
0.26301369863013696,0.3178082191780822,-0.0547945205479452,-20
0.21643835616438356,0.0,0.21643835616438356,79
0.273972602739726,0.6986301369863014,-0.4246575342465753,-155
0.16712328767123288,0.6986301369863014,-0.5315068493150685,-194
0.2410958904109589,0.09863013698630137,0.14246575342465753,52
0.038356164383561646,0.01643835616438356,0.021917808219178082,8
0.043835616438356165,0.01643835616438356,0.0273972602739726,10
0.049315068493150684,0.13150684931506848,-0.0821917808219178,-30
0.049315068493150684,0.0,0.049315068493150684,18
0.08493150684931507,0.01643835616438356,0.0684931506849315,25
0.08493150684931507,0.0821917808219178,0.0027397260273972603,1
0.7534246575342466,0.03287671232876712,0.7205479452054795,263
0.5260273972602739,0.0,0.5260273972602739,192
0.06301369863013699,0.09863013698630137,-0.03561643835616438,-13
0.3232876712328767,0.0,0.3232876712328767,118
0.09315068493150686,0.0,0.09315068493150686,34
0.673972602739726,0.0,0.673972602739726,246
0.673972602739726,0.0,0.673972602739726,246
0.3589041095890411,0.13150684931506848,0.2273972602739726,83
0.8602739726027397,0.4602739726027397,0.4,146
0.6301369863013698,0.6986301369863014,-0.0684931506849315,-25
0.29041095890410956,0.6986301369863014,-0.40821917808219177,-149
0.0027397260273972603,0.01643835616438356,-0.0136986301369863,-5
0.0136986301369863,0.0,0.0136986301369863,5
0.08493150684931507,0.4602739726027397,-0.37534246575342467,-137
0.0027397260273972603,0.01643835616438356,-0.0136986301369863,-5
0.09041095890410959,0.23013698630136986,-0.13972602739726028,-51
0.019178082191780823,0.5095890410958904,-0.4904109589041096,-179
0.4684931506849315,0.0,0.4684931506849315,171
0.7917808219178082,0.6986301369863014,0.09315068493150686,34
0.5342465753424658,0.6986301369863014,-0.1643835616438356,-60
0.3917808219178082,0.6986301369863014,-0.30684931506849317,-112
0.7589041095890411,0.06575342465753424,0.6931506849315069,253
0.1178082191780822,0.6986301369863014,-0.5808219178082191,-212
0.16712328767123288,0.6986301369863014,-0.5315068493150685,-194
0.36712328767123287,0.14794520547945206,0.2191780821917808,80
0.3835616438356164,0.23013698630136986,0.15342465753424658,56
0.1726027397260274,0.1643835616438356,0.00821917808219178,3
0.5150684931506849,0.0,0.5150684931506849,188
0.2684931506849315,0.11506849315068493,0.15342465753424658,56
0.10410958904109589,0.36164383561643837,-0.25753424657534246,-94
0.8767123287671232,0.2191780821917808,0.6575342465753424,240
0.3917808219178082,0.01643835616438356,0.37534246575342467,137
0.4657534246575342,0.30684931506849317,0.1589041095890411,58
0.32602739726027397,0.31232876712328766,0.0136986301369863,5
0.39452054794520547,0.26301369863013696,0.13150684931506848,48
0.0684931506849315,0.27945205479452057,-0.21095890410958903,-77
0.3041095890410959,0.0,0.3041095890410959,111
0.5315068493150685,0.01643835616438356,0.5150684931506849,188
0.9342465753424658,0.09863013698630137,0.8356164383561644,305
0.0027397260273972603,0.2136986301369863,-0.21095890410958903,-77
0.4136986301369863,0.2465753424657534,0.16712328767123288,61
0.6273972602739726,0.09863013698630137,0.5287671232876713,193
0.019178082191780823,0.0,0.019178082191780823,7
0.08493150684931507,0.0,0.08493150684931507,31
0.0,0.09863013698630137,-0.09863013698630137,-36
0.8273972602739726,0.021917808219178082,0.8054794520547945,294
0.00821917808219178,0.0,0.00821917808219178,3
0.0027397260273972603,0.0,0.0027397260273972603,1
0.0821917808219178,0.5917808219178082,-0.5095890410958904,-186
0.13972602739726028,0.5589041095890411,-0.4191780821917808,-153
0.8849315068493151,0.0,0.8849315068493151,323
0.0027397260273972603,0.19726027397260273,-0.19452054794520549,-71
0.00821917808219178,0.4931506849315068,-0.4849315068493151,-177
0.1232876712328767,0.6986301369863014,-0.5753424657534246,-210
0.005479452054794521,0.0,0.005479452054794521,2
0.0,0.0,0.0,0
0.0136986301369863,0.14794520547945206,-0.13424657534246576,-49
0.8958904109589041,0.049315068493150684,0.8465753424657534,309
0.39452054794520547,0.6246575342465753,-0.23013698630136986,-84
0.024657534246575342,0.1643835616438356,-0.13972602739726028,-51
0.31232876712328766,0.31232876712328766,0.0,0
0.6958904109589041,0.6986301369863014,-0.0027397260273972603,-1
0.8301369863013699,0.273972602739726,0.5561643835616439,203
0.16164383561643836,0.26301369863013696,-0.10136986301369863,-37
0.8684931506849315,0.11506849315068493,0.7534246575342466,275
0.18082191780821918,0.31232876712328766,-0.13150684931506848,-48
0.03561643835616438,0.01643835616438356,0.019178082191780823,7
0.03561643835616438,0.0,0.03561643835616438,13
0.03561643835616438,0.0,0.03561643835616438,13
0.07671232876712329,0.0,0.07671232876712329,28
0.4136986301369863,0.0,0.4136986301369863,151
0.8164383561643835,0.6986301369863014,0.1178082191780822,43
0.9972602739726028,0.4273972602739726,0.5698630136986301,208
0.5232876712328767,0.09863013698630137,0.4246575342465753,155
0.06027397260273973,0.0,0.06027397260273973,22
0.5534246575342465,0.01643835616438356,0.536986301369863,196
0.5753424657534246,0.03287671232876712,0.5424657534246575,198
0.726027397260274,0.06575342465753424,0.6602739726027397,241
0.726027397260274,0.01643835616438356,0.7095890410958904,259
0.5232876712328767,0.18082191780821918,0.3424657534246575,125
0.08493150684931507,0.19726027397260273,-0.11232876712328767,-41
0.21095890410958903,0.6986301369863014,-0.4876712328767123,-178
0.06027397260273973,0.03287671232876712,0.0273972602739726,10
0.33424657534246577,0.4438356164383562,-0.1095890410958904,-40
0.7561643835616438,0.0,0.7561643835616438,276
0.5753424657534246,0.3287671232876712,0.2465753424657534,90
0.03561643835616438,0.410958904109589,-0.37534246575342467,-137
0.19452054794520549,0.0,0.19452054794520549,71
0.9342465753424658,0.11506849315068493,0.8191780821917808,299
0.19726027397260273,0.1643835616438356,0.03287671232876712,12
0.9917808219178083,0.1643835616438356,0.8273972602739726,302
0.9452054794520548,0.4602739726027397,0.4849315068493151,177
0.03561643835616438,0.0,0.03561643835616438,13
0.03561643835616438,0.0,0.03561643835616438,13
0.03561643835616438,0.01643835616438356,0.019178082191780823,7
0.17534246575342466,0.0,0.17534246575342466,64
0.0,0.0,0.0,0
0.8657534246575342,0.11506849315068493,0.7506849315068493,274
0.005479452054794521,0.0,0.005479452054794521,2
0.33972602739726027,0.2958904109589041,0.043835616438356165,16
0.3589041095890411,0.1643835616438356,0.19452054794520549,71
0.273972602739726,0.6082191780821918,-0.33424657534246577,-122
0.2054794520547945,0.5424657534246575,-0.336986301369863,-123
0.00821917808219178,0.4767123287671233,-0.4684931506849315,-171
0.31232876712328766,0.4767123287671233,-0.1643835616438356,-60
0.16712328767123288,0.3287671232876712,-0.16164383561643836,-59
0.947945205479452,0.36164383561643837,0.5863013698630137,214
0.043835616438356165,0.6986301369863014,-0.6547945205479452,-239
0.12876712328767123,0.0821917808219178,0.04657534246575343,17
0.0,0.0,0.0,0
0.06301369863013699,0.0,0.06301369863013699,23
0.3013698630136986,0.0,0.3013698630136986,110
0.7616438356164383,0.0,0.7616438356164383,278
0.5095890410958904,0.11506849315068493,0.39452054794520547,144
0.049315068493150684,0.6410958904109589,-0.5917808219178082,-216
0.673972602739726,0.18082191780821918,0.4931506849315068,180
0.019178082191780823,0.6986301369863014,-0.6794520547945205,-248
0.14794520547945206,0.6246575342465753,-0.4767123287671233,-174
0.33972602739726027,0.6575342465753424,-0.3178082191780822,-116
0.0027397260273972603,0.0,0.0027397260273972603,1
0.038356164383561646,0.410958904109589,-0.3726027397260274,-136
0.00821917808219178,0.6986301369863014,-0.6904109589041096,-252
0.049315068493150684,0.6246575342465753,-0.5753424657534246,-210
0.1178082191780822,0.6986301369863014,-0.5808219178082191,-212
0.5534246575342465,0.0,0.5534246575342465,202
0.8849315068493151,0.6136986301369863,0.27123287671232876,99
0.0027397260273972603,0.0,0.0027397260273972603,1
0.005479452054794521,0.0,0.005479452054794521,2
0.3780821917808219,0.6904109589041096,-0.31232876712328766,-114
0.06027397260273973,0.19726027397260273,-0.136986301369863,-50
0.7561643835616438,0.03287671232876712,0.7232876712328767,264
0.4246575342465753,0.0,0.4246575342465753,155
0.4383561643835616,0.0,0.4383561643835616,160
0.7972602739726027,0.11506849315068493,0.6821917808219178,249
0.0821917808219178,0.01643835616438356,0.06575342465753424,24
0.5917808219178082,0.0,0.5917808219178082,216
0.273972602739726,0.30684931506849317,-0.03287671232876712,-12
0.28493150684931506,0.23013698630136986,0.0547945205479452,20
0.043835616438356165,0.5095890410958904,-0.4657534246575342,-170
0.7671232876712328,0.049315068493150684,0.7178082191780822,262
0.589041095890411,0.11506849315068493,0.473972602739726,173
0.1095890410958904,0.5260273972602739,-0.41643835616438357,-152
0.7561643835616438,0.0,0.7561643835616438,276
0.9506849315068493,0.23013698630136986,0.7205479452054795,263
0.5232876712328767,0.536986301369863,-0.0136986301369863,-5
0.019178082191780823,0.03287671232876712,-0.0136986301369863,-5
0.5232876712328767,0.03287671232876712,0.4904109589041096,179
0.27671232876712326,0.3013698630136986,-0.024657534246575342,-9
0.9698630136986301,0.36164383561643837,0.6082191780821918,222
0.7616438356164383,0.01643835616438356,0.7452054794520548,272
0.4520547945205479,0.410958904109589,0.0410958904109589,15
0.7945205479452054,0.39452054794520547,0.4,146
0.5616438356164384,0.03287671232876712,0.5287671232876713,193
0.6109589041095891,0.18082191780821918,0.4301369863013699,157
0.021917808219178082,0.1643835616438356,-0.14246575342465753,-52
0.1863013698630137,0.1643835616438356,0.021917808219178082,8
0.13150684931506848,0.06575342465753424,0.06575342465753424,24
0.030136986301369864,0.5260273972602739,-0.4958904109589041,-181
0.7589041095890411,0.0,0.7589041095890411,277
0.7917808219178082,0.1643835616438356,0.6273972602739726,229
0.947945205479452,0.09863013698630137,0.8493150684931506,310
0.0410958904109589,0.19726027397260273,-0.15616438356164383,-57
0.049315068493150684,0.27945205479452057,-0.23013698630136986,-84
0.049315068493150684,0.5260273972602739,-0.4767123287671233,-174
0.04657534246575343,0.27945205479452057,-0.2328767123287671,-85
0.5589041095890411,0.0,0.5589041095890411,204
0.0821917808219178,0.2136986301369863,-0.13150684931506848,-48
0.873972602739726,0.3287671232876712,0.5452054794520548,199
0.6,0.01643835616438356,0.5835616438356165,213
0.07945205479452055,0.6904109589041096,-0.6109589041095891,-223
0.03287671232876712,0.2465753424657534,-0.2136986301369863,-78
0.9780821917808219,0.3287671232876712,0.6493150684931507,237
0.10410958904109589,0.5095890410958904,-0.4054794520547945,-148
0.16164383561643836,0.4931506849315068,-0.3315068493150685,-121
0.4328767123287671,0.09863013698630137,0.33424657534246577,122
1.0,0.3287671232876712,0.6712328767123288,245
0.6383561643835617,0.0821917808219178,0.5561643835616439,203
1.0,0.14794520547945206,0.852054794520548,311
1.0,0.36164383561643837,0.6383561643835617,233
0.04657534246575343,0.09863013698630137,-0.052054794520547946,-19
0.2876712328767123,0.5589041095890411,-0.27123287671232876,-99
0.4273972602739726,0.27945205479452057,0.14794520547945206,54
0.43561643835616437,0.06575342465753424,0.3698630136986301,135
0.32054794520547947,0.3452054794520548,-0.024657534246575342,-9
0.2876712328767123,0.14794520547945206,0.13972602739726028,51
0.6575342465753424,0.0,0.6575342465753424,240
0.0273972602739726,0.6986301369863014,-0.6712328767123288,-245
0.06027397260273973,0.6986301369863014,-0.6383561643835617,-233
0.30684931506849317,0.3287671232876712,-0.021917808219178082,-8
0.9671232876712329,0.09863013698630137,0.8684931506849315,317
0.7698630136986301,0.6986301369863014,0.07123287671232877,26
0.0027397260273972603,0.0,0.0027397260273972603,1
0.8493150684931506,0.2136986301369863,0.6356164383561644,232
0.11506849315068493,0.36164383561643837,-0.2465753424657534,-90
0.9643835616438357,0.3780821917808219,0.5863013698630137,214
0.9534246575342465,0.11506849315068493,0.8383561643835616,306
0.0273972602739726,0.4438356164383562,-0.41643835616438357,-152
0.6383561643835617,0.4602739726027397,0.1780821917808219,65
0.3863013698630137,0.6246575342465753,-0.23835616438356164,-87
0.5123287671232877,0.6986301369863014,-0.1863013698630137,-68
1.0,0.0,1.0,365
0.5178082191780822,0.6986301369863014,-0.18082191780821918,-66
0.7534246575342466,0.0,0.7534246575342466,275
0.11506849315068493,0.6082191780821918,-0.4931506849315068,-180
0.010958904109589041,0.0,0.010958904109589041,4
0.005479452054794521,0.01643835616438356,-0.010958904109589041,-4
0.9616438356164384,0.0,0.9616438356164384,351
0.4849315068493151,0.31232876712328766,0.1726027397260274,63
0.019178082191780823,0.4931506849315068,-0.473972602739726,-173
0.0,0.0,0.0,0
0.06301369863013699,0.09863013698630137,-0.03561643835616438,-13
0.06301369863013699,0.01643835616438356,0.04657534246575343,17
0.06301369863013699,0.03287671232876712,0.030136986301369864,11
0.06301369863013699,0.049315068493150684,0.0136986301369863,5
0.06301369863013699,0.06575342465753424,-0.0027397260273972603,-1
0.06301369863013699,0.03287671232876712,0.030136986301369864,11
0.06301369863013699,0.049315068493150684,0.0136986301369863,5
0.06301369863013699,0.06575342465753424,-0.0027397260273972603,-1
0.4465753424657534,0.6246575342465753,-0.1780821917808219,-65
0.5808219178082191,0.4438356164383562,0.136986301369863,50
0.6876712328767123,0.0,0.6876712328767123,251
0.4684931506849315,0.0,0.4684931506849315,171
0.1589041095890411,0.1589041095890411,0.0,0
0.9123287671232877,0.1643835616438356,0.7479452054794521,273
0.7534246575342466,0.0,0.7534246575342466,275
0.00821917808219178,0.0,0.00821917808219178,3
0.12054794520547946,0.4931506849315068,-0.3726027397260274,-136
0.049315068493150684,0.0,0.049315068493150684,18
0.5671232876712329,0.3287671232876712,0.23835616438356164,87
0.736986301369863,0.2465753424657534,0.4904109589041096,179
0.010958904109589041,0.13150684931506848,-0.12054794520547946,-44
0.5561643835616439,0.14794520547945206,0.40821917808219177,149
0.5342465753424658,0.6986301369863014,-0.1643835616438356,-60
0.038356164383561646,0.01643835616438356,0.021917808219178082,8
0.38082191780821917,0.2465753424657534,0.13424657534246576,49
0.9726027397260274,0.0,0.9726027397260274,355
0.2876712328767123,0.18082191780821918,0.10684931506849316,39
0.0027397260273972603,0.0,0.0027397260273972603,1
0.2054794520547945,0.06575342465753424,0.13972602739726028,51
0.9205479452054794,0.6986301369863014,0.2219178082191781,81
0.2602739726027397,0.6575342465753424,-0.3972602739726027,-145
1.0,0.0,1.0,365
0.7863013698630137,0.2136986301369863,0.5726027397260274,209
0.0027397260273972603,0.0,0.0027397260273972603,1
0.0,0.0,0.0,0
0.01643835616438356,0.410958904109589,-0.39452054794520547,-144
0.043835616438356165,0.06575342465753424,-0.021917808219178082,-8
0.09041095890410959,0.5589041095890411,-0.4684931506849315,-171
0.0027397260273972603,0.03287671232876712,-0.030136986301369864,-11
0.4246575342465753,0.09863013698630137,0.32602739726027397,119
0.6328767123287671,0.5917808219178082,0.0410958904109589,15
0.04657534246575343,0.5753424657534246,-0.5287671232876713,-193
0.2602739726027397,0.0,0.2602739726027397,95
0.44931506849315067,0.1643835616438356,0.28493150684931506,104
0.4767123287671233,0.0,0.4767123287671233,174
0.6657534246575343,0.18082191780821918,0.4849315068493151,177
0.10684931506849316,0.6410958904109589,-0.5342465753424658,-195
0.7589041095890411,0.0,0.7589041095890411,277
0.10136986301369863,0.31232876712328766,-0.21095890410958903,-77
0.0273972602739726,0.6986301369863014,-0.6712328767123288,-245
0.410958904109589,0.0,0.410958904109589,150
0.8164383561643835,0.6575342465753424,0.1589041095890411,58
0.14520547945205478,0.6904109589041096,-0.5452054794520548,-199
0.0027397260273972603,0.0,0.0027397260273972603,1
0.37534246575342467,0.23013698630136986,0.14520547945205478,53
0.2054794520547945,0.31232876712328766,-0.10684931506849316,-39
0.6054794520547945,0.049315068493150684,0.5561643835616439,203
0.5068493150684932,0.11506849315068493,0.3917808219178082,143
0.2493150684931507,0.23013698630136986,0.019178082191780823,7
0.06027397260273973,0.31232876712328766,-0.25205479452054796,-92
0.5616438356164384,0.6986301369863014,-0.136986301369863,-50
0.057534246575342465,0.23013698630136986,-0.1726027397260274,-63
0.29041095890410956,0.4767123287671233,-0.1863013698630137,-68
0.0027397260273972603,0.33972602739726027,-0.336986301369863,-123
0.5150684931506849,0.1643835616438356,0.3506849315068493,128
0.2876712328767123,0.36164383561643837,-0.07397260273972603,-27
0.06027397260273973,0.4767123287671233,-0.41643835616438357,-152
0.005479452054794521,0.0,0.005479452054794521,2
0.1178082191780822,0.6575342465753424,-0.5397260273972603,-197
0.3315068493150685,0.11506849315068493,0.21643835616438356,79
0.5698630136986301,0.5589041095890411,0.010958904109589041,4
0.29863013698630136,0.18082191780821918,0.1178082191780822,43
0.6191780821917808,0.5424657534246575,0.07671232876712329,28
0.1726027397260274,0.6986301369863014,-0.5260273972602739,-192
0.12876712328767123,0.049315068493150684,0.07945205479452055,29
0.7671232876712328,0.6986301369863014,0.0684931506849315,25
0.27945205479452057,0.06575342465753424,0.2136986301369863,78
0.0821917808219178,0.06575342465753424,0.01643835616438356,6
0.10136986301369863,0.1643835616438356,-0.06301369863013699,-23
0.3863013698630137,0.6986301369863014,-0.31232876712328766,-114
0.5095890410958904,0.0273972602739726,0.4821917808219178,176
0.7589041095890411,0.0,0.7589041095890411,277
0.6356164383561644,0.06575342465753424,0.5698630136986301,208
0.2602739726027397,0.0,0.2602739726027397,95
0.5452054794520548,0.23013698630136986,0.3150684931506849,115
0.4821917808219178,0.5589041095890411,-0.07671232876712329,-28
0.0136986301369863,0.0821917808219178,-0.0684931506849315,-25
0.8575342465753425,0.4602739726027397,0.3972602739726027,145
0.7972602739726027,0.01643835616438356,0.7808219178082192,285
0.5123287671232877,0.36164383561643837,0.1506849315068493,55
0.5753424657534246,0.0,0.5753424657534246,210
0.13972602739726028,0.4273972602739726,-0.2876712328767123,-105
0.10410958904109589,0.3287671232876712,-0.22465753424657534,-82
0.9452054794520548,0.4931506849315068,0.4520547945205479,165
0.0,0.0,0.0,0
0.8465753424657534,0.6986301369863014,0.14794520547945206,54
0.9671232876712329,0.6575342465753424,0.3095890410958904,113
0.0273972602739726,0.6986301369863014,-0.6712328767123288,-245
0.29041095890410956,0.3287671232876712,-0.038356164383561646,-14
0.010958904109589041,0.6986301369863014,-0.6876712328767123,-251
0.4684931506849315,0.4931506849315068,-0.024657534246575342,-9
0.6027397260273972,0.4931506849315068,0.1095890410958904,40
0.5780821917808219,0.01643835616438356,0.5616438356164384,205
0.863013698630137,0.03287671232876712,0.8301369863013699,303
0.7534246575342466,0.0,0.7534246575342466,275
1.0,0.09863013698630137,0.9013698630136986,329
0.6794520547945205,0.31232876712328766,0.36712328767123287,134
0.8876712328767123,0.23013698630136986,0.6575342465753424,240
0.1178082191780822,0.4767123287671233,-0.3589041095890411,-131
0.31232876712328766,0.15342465753424658,0.1589041095890411,58
0.8575342465753425,0.5589041095890411,0.29863013698630136,109
0.0547945205479452,0.6986301369863014,-0.6438356164383562,-235
0.27123287671232876,0.3287671232876712,-0.057534246575342465,-21
0.3150684931506849,0.6082191780821918,-0.29315068493150687,-107
0.07945205479452055,0.5753424657534246,-0.4958904109589041,-181
0.44931506849315067,0.6246575342465753,-0.17534246575342466,-64
0.5698630136986301,0.6986301369863014,-0.12876712328767123,-47
0.12054794520547946,0.26301369863013696,-0.14246575342465753,-52
0.0684931506849315,0.0,0.0684931506849315,25
0.13424657534246576,0.673972602739726,-0.5397260273972603,-197
0.5205479452054794,0.1643835616438356,0.3561643835616438,130
0.7589041095890411,0.5753424657534246,0.18356164383561643,67
0.7068493150684931,0.6986301369863014,0.00821917808219178,3
0.27671232876712326,0.0,0.27671232876712326,101
0.12054794520547946,0.410958904109589,-0.29041095890410956,-106
0.2191780821917808,0.23013698630136986,-0.010958904109589041,-4
0.21095890410958903,0.31232876712328766,-0.10136986301369863,-37
0.3095890410958904,0.4602739726027397,-0.1506849315068493,-55
0.3013698630136986,0.049315068493150684,0.25205479452054796,92
0.08767123287671233,0.6986301369863014,-0.6109589041095891,-223
0.0958904109589041,0.27945205479452057,-0.18356164383561643,-67
0.17534246575342466,0.1643835616438356,0.010958904109589041,4
0.03287671232876712,0.2465753424657534,-0.2136986301369863,-78
0.7643835616438356,0.6986301369863014,0.06575342465753424,24
0.5698630136986301,0.3287671232876712,0.2410958904109589,88
0.34794520547945207,0.5424657534246575,-0.19452054794520549,-71
0.3561643835616438,0.6986301369863014,-0.3424657534246575,-125
0.7890410958904109,0.31232876712328766,0.4767123287671233,174
0.7753424657534247,0.1643835616438356,0.6109589041095891,223
0.36712328767123287,0.13150684931506848,0.2356164383561644,86
0.052054794520547946,0.1643835616438356,-0.11232876712328767,-41
0.0273972602739726,0.4767123287671233,-0.44931506849315067,-164
0.8027397260273973,0.2465753424657534,0.5561643835616439,203
0.9534246575342465,0.5260273972602739,0.4273972602739726,156
0.10684931506849316,0.36164383561643837,-0.2547945205479452,-93
0.3287671232876712,0.2136986301369863,0.11506849315068493,42
0.8767123287671232,0.6986301369863014,0.1780821917808219,65
0.7205479452054795,0.6246575342465753,0.0958904109589041,35
0.1589041095890411,0.4931506849315068,-0.33424657534246577,-122
0.0027397260273972603,0.3287671232876712,-0.32602739726027397,-119
0.13424657534246576,0.5260273972602739,-0.3917808219178082,-143
0.0547945205479452,0.049315068493150684,0.005479452054794521,2
0.4301369863013699,0.5589041095890411,-0.12876712328767123,-47
0.547945205479452,0.0,0.547945205479452,200
0.06575342465753424,0.0,0.06575342465753424,24
0.043835616438356165,0.0,0.043835616438356165,16
0.31232876712328766,0.6986301369863014,-0.3863013698630137,-141
0.5041095890410959,0.18082191780821918,0.3232876712328767,118
0.663013698630137,0.6986301369863014,-0.03561643835616438,-13
0.07397260273972603,0.5095890410958904,-0.43561643835616437,-159
0.0547945205479452,0.6986301369863014,-0.6438356164383562,-235
0.8602739726027397,0.39452054794520547,0.4657534246575342,170
0.4684931506849315,0.6986301369863014,-0.23013698630136986,-84
0.0821917808219178,0.3780821917808219,-0.2958904109589041,-108
0.7643835616438356,0.03287671232876712,0.7315068493150685,267
0.6465753424657534,0.5589041095890411,0.08767123287671233,32
0.18356164383561643,0.6986301369863014,-0.5150684931506849,-188
0.14246575342465753,0.6986301369863014,-0.5561643835616439,-203
0.663013698630137,0.6986301369863014,-0.03561643835616438,-13
0.0027397260273972603,0.0,0.0027397260273972603,1
0.7561643835616438,0.2958904109589041,0.4602739726027397,168
0.00821917808219178,0.0,0.00821917808219178,3
0.4876712328767123,0.3780821917808219,0.1095890410958904,40
0.005479452054794521,0.0,0.005479452054794521,2
0.0684931506849315,0.19726027397260273,-0.12876712328767123,-47
0.589041095890411,0.6986301369863014,-0.1095890410958904,-40
0.024657534246575342,0.01643835616438356,0.00821917808219178,3
0.5506849315068493,0.6986301369863014,-0.14794520547945206,-54
0.5260273972602739,0.2136986301369863,0.31232876712328766,114
0.0027397260273972603,0.0,0.0027397260273972603,1
0.2219178082191781,0.4602739726027397,-0.23835616438356164,-87
0.12602739726027398,0.11506849315068493,0.010958904109589041,4
0.4794520547945205,0.4931506849315068,-0.0136986301369863,-5
0.0273972602739726,0.01643835616438356,0.010958904109589041,4
0.0273972602739726,0.0,0.0273972602739726,10
0.0273972602739726,0.0,0.0273972602739726,10
0.9698630136986301,0.2136986301369863,0.7561643835616438,276
0.915068493150685,0.14794520547945206,0.7671232876712328,280
0.27945205479452057,0.0,0.27945205479452057,102
0.5506849315068493,0.0,0.5506849315068493,201
0.663013698630137,0.4931506849315068,0.16986301369863013,62
0.2876712328767123,0.03287671232876712,0.2547945205479452,93
0.273972602739726,0.0,0.273972602739726,100
0.16986301369863013,0.3780821917808219,-0.20821917808219179,-76
0.28493150684931506,0.0,0.28493150684931506,104
0.30684931506849317,0.01643835616438356,0.29041095890410956,106
0.030136986301369864,0.6904109589041096,-0.6602739726027397,-241
0.09863013698630137,0.1643835616438356,-0.06575342465753424,-24
0.27945205479452057,0.1643835616438356,0.11506849315068493,42
0.09315068493150686,0.4438356164383562,-0.3506849315068493,-128
0.14520547945205478,0.6986301369863014,-0.5534246575342465,-202
0.038356164383561646,0.3287671232876712,-0.29041095890410956,-106
0.12054794520547946,0.410958904109589,-0.29041095890410956,-106
0.7835616438356164,0.0273972602739726,0.7561643835616438,276
0.7726027397260274,0.0,0.7726027397260274,282
0.7534246575342466,0.0,0.7534246575342466,275
0.0684931506849315,0.6986301369863014,-0.6301369863013698,-230
0.11506849315068493,0.0821917808219178,0.03287671232876712,12
0.4958904109589041,0.6986301369863014,-0.20273972602739726,-74
0.07397260273972603,0.6575342465753424,-0.5835616438356165,-213
0.336986301369863,0.01643835616438356,0.32054794520547947,117
0.9013698630136986,0.6986301369863014,0.20273972602739726,74
0.2273972602739726,0.01643835616438356,0.21095890410958903,77
0.7041095890410959,0.049315068493150684,0.6547945205479452,239
0.5095890410958904,0.13150684931506848,0.3780821917808219,138
0.010958904109589041,0.0,0.010958904109589041,4
0.547945205479452,0.19726027397260273,0.3506849315068493,128
0.9506849315068493,0.2958904109589041,0.6547945205479452,239
0.2191780821917808,0.14794520547945206,0.07123287671232877,26
0.20273972602739726,0.06575342465753424,0.136986301369863,50
0.33424657534246577,0.6986301369863014,-0.3643835616438356,-133
0.1095890410958904,0.2958904109589041,-0.1863013698630137,-68
0.7945205479452054,0.049315068493150684,0.7452054794520548,272
0.1726027397260274,0.19726027397260273,-0.024657534246575342,-9
0.9260273972602739,0.4438356164383562,0.4821917808219178,176
0.3041095890410959,0.2958904109589041,0.00821917808219178,3
0.8383561643835616,0.2958904109589041,0.5424657534246575,198
0.021917808219178082,0.13150684931506848,-0.1095890410958904,-40
0.9506849315068493,0.6986301369863014,0.25205479452054796,92
0.3972602739726027,0.5589041095890411,-0.16164383561643836,-59
0.07671232876712329,0.1643835616438356,-0.08767123287671233,-32
0.9835616438356164,0.3780821917808219,0.6054794520547945,221
0.1232876712328767,0.26301369863013696,-0.13972602739726028,-51
0.0958904109589041,0.2958904109589041,-0.2,-73
0.5123287671232877,0.5424657534246575,-0.030136986301369864,-11
0.7561643835616438,0.15342465753424658,0.6027397260273972,220
0.34794520547945207,0.0,0.34794520547945207,127
0.7616438356164383,0.0,0.7616438356164383,278
0.4904109589041096,0.39452054794520547,0.0958904109589041,35
0.5397260273972603,0.36164383561643837,0.1780821917808219,65
0.5643835616438356,0.3287671232876712,0.2356164383561644,86
0.6246575342465753,0.5095890410958904,0.11506849315068493,42
0.7123287671232876,0.0,0.7123287671232876,260
0.5095890410958904,0.0,0.5095890410958904,186
0.6547945205479452,0.26301369863013696,0.3917808219178082,143
0.8,0.27945205479452057,0.5205479452054794,190
0.7205479452054795,0.6986301369863014,0.021917808219178082,8
0.0027397260273972603,0.0,0.0027397260273972603,1
0.29863013698630136,0.27945205479452057,0.019178082191780823,7
0.0136986301369863,0.6986301369863014,-0.684931506849315,-250
0.28493150684931506,0.0,0.28493150684931506,104
0.29041095890410956,0.0,0.29041095890410956,106
0.2821917808219178,0.0,0.2821917808219178,103
0.28493150684931506,0.0,0.28493150684931506,104
0.28493150684931506,0.0,0.28493150684931506,104
0.4876712328767123,0.1643835616438356,0.3232876712328767,118
0.10684931506849316,0.03287671232876712,0.07397260273972603,27
0.4136986301369863,0.06575342465753424,0.34794520547945207,127
0.8,0.03287671232876712,0.7671232876712328,280
0.8246575342465754,0.2958904109589041,0.5287671232876713,193
0.09041095890410959,0.5424657534246575,-0.4520547945205479,-165
0.0,0.3452054794520548,-0.3452054794520548,-126
0.0,0.08767123287671233,-0.08767123287671233,-32
0.0,0.01643835616438356,-0.01643835616438356,-6
0.07123287671232877,0.410958904109589,-0.33972602739726027,-124
0.0,0.01643835616438356,-0.01643835616438356,-6
0.4794520547945205,0.2958904109589041,0.18356164383561643,67
0.07671232876712329,0.6575342465753424,-0.5808219178082191,-212
0.06301369863013699,0.6986301369863014,-0.6356164383561644,-232
0.5150684931506849,0.6986301369863014,-0.18356164383561643,-67
0.005479452054794521,0.0,0.005479452054794521,2
0.005479452054794521,0.01643835616438356,-0.010958904109589041,-4
0.005479452054794521,0.03287671232876712,-0.0273972602739726,-10
0.01643835616438356,0.01643835616438356,0.0,0
0.00821917808219178,0.14794520547945206,-0.13972602739726028,-51
0.0136986301369863,0.0,0.0136986301369863,5
0.7671232876712328,0.6986301369863014,0.0684931506849315,25
0.12602739726027398,0.3287671232876712,-0.20273972602739726,-74
0.547945205479452,0.31232876712328766,0.2356164383561644,86
0.043835616438356165,0.3287671232876712,-0.28493150684931506,-104
0.13424657534246576,0.2465753424657534,-0.11232876712328767,-41
0.024657534246575342,0.14794520547945206,-0.1232876712328767,-45
0.8465753424657534,0.01643835616438356,0.8301369863013699,303
0.7232876712328767,0.1643835616438356,0.5589041095890411,204
0.863013698630137,0.0,0.863013698630137,315
0.0,0.0,0.0,0
0.5260273972602739,0.0,0.5260273972602739,192
0.3698630136986301,0.13150684931506848,0.23835616438356164,87
0.9863013698630136,0.0,0.9863013698630136,360
0.30684931506849317,0.19726027397260273,0.1095890410958904,40
0.4657534246575342,0.5589041095890411,-0.09315068493150686,-34
0.3232876712328767,0.4602739726027397,-0.136986301369863,-50
0.6904109589041096,0.6986301369863014,-0.00821917808219178,-3
0.030136986301369864,0.3287671232876712,-0.29863013698630136,-109
0.2,0.3287671232876712,-0.12876712328767123,-47
0.7917808219178082,0.26301369863013696,0.5287671232876713,193
0.4438356164383562,0.23013698630136986,0.2136986301369863,78
0.019178082191780823,0.0,0.019178082191780823,7
0.5095890410958904,0.6986301369863014,-0.18904109589041096,-69
0.5150684931506849,0.06575342465753424,0.44931506849315067,164
0.2356164383561644,0.6986301369863014,-0.46301369863013697,-169
0.7589041095890411,0.0,0.7589041095890411,277
0.1095890410958904,0.6986301369863014,-0.589041095890411,-215
0.0027397260273972603,0.0,0.0027397260273972603,1
0.40821917808219177,0.6986301369863014,-0.29041095890410956,-106
0.3424657534246575,0.6575342465753424,-0.3150684931506849,-115
0.5561643835616439,0.0,0.5561643835616439,203
0.06027397260273973,0.36164383561643837,-0.3013698630136986,-110
0.038356164383561646,0.410958904109589,-0.3726027397260274,-136
0.9342465753424658,0.2958904109589041,0.6383561643835617,233
0.0273972602739726,0.4931506849315068,-0.4657534246575342,-170
0.6,0.3287671232876712,0.27123287671232876,99
0.0,0.3780821917808219,-0.3780821917808219,-138
0.1780821917808219,0.4931506849315068,-0.3150684931506849,-115
0.4684931506849315,0.5260273972602739,-0.057534246575342465,-21
0.5260273972602739,0.0,0.5260273972602739,192
0.8986301369863013,0.0,0.8986301369863013,328
0.18082191780821918,0.6986301369863014,-0.5178082191780822,-189
0.5150684931506849,0.0,0.5150684931506849,188
0.0958904109589041,0.6986301369863014,-0.6027397260273972,-220
0.16164383561643836,0.6986301369863014,-0.536986301369863,-196
0.26301369863013696,0.0,0.26301369863013696,96
0.26575342465753427,0.0,0.26575342465753427,97
0.3095890410958904,0.3287671232876712,-0.019178082191780823,-7
0.1095890410958904,0.6986301369863014,-0.589041095890411,-215
0.09041095890410959,0.4931506849315068,-0.40273972602739727,-147
0.4767123287671233,0.4931506849315068,-0.01643835616438356,-6
0.27945205479452057,0.5753424657534246,-0.2958904109589041,-108
0.7671232876712328,0.11506849315068493,0.6520547945205479,238
0.13972602739726028,0.6986301369863014,-0.5589041095890411,-204
0.0547945205479452,0.4767123287671233,-0.42191780821917807,-154
0.0958904109589041,0.6986301369863014,-0.6027397260273972,-220
0.736986301369863,0.2136986301369863,0.5232876712328767,191
0.7835616438356164,0.4602739726027397,0.3232876712328767,118
0.13972602739726028,0.11506849315068493,0.024657534246575342,9
0.473972602739726,0.06575342465753424,0.40821917808219177,149
0.4794520547945205,0.11506849315068493,0.3643835616438356,133
0.2273972602739726,0.5424657534246575,-0.3150684931506849,-115
0.6027397260273972,0.4767123287671233,0.12602739726027398,46
0.4876712328767123,0.6246575342465753,-0.136986301369863,-50
0.4876712328767123,0.6410958904109589,-0.15342465753424658,-56
0.4767123287671233,0.673972602739726,-0.19726027397260273,-72
0.4958904109589041,0.6904109589041096,-0.19452054794520549,-71
0.31232876712328766,0.4931506849315068,-0.18082191780821918,-66
0.5506849315068493,0.0821917808219178,0.4684931506849315,171
0.2684931506849315,0.1643835616438356,0.10410958904109589,38
0.0547945205479452,0.39452054794520547,-0.33972602739726027,-124
0.336986301369863,0.0,0.336986301369863,123
0.5424657534246575,0.19726027397260273,0.3452054794520548,126
0.3698630136986301,0.23013698630136986,0.13972602739726028,51
0.6246575342465753,0.4438356164383562,0.18082191780821918,66
0.27123287671232876,0.6575342465753424,-0.3863013698630137,-141
0.7561643835616438,0.2465753424657534,0.5095890410958904,186
0.42191780821917807,0.4602739726027397,-0.038356164383561646,-14
0.7726027397260274,0.13150684931506848,0.6410958904109589,234
0.5589041095890411,0.6136986301369863,-0.0547945205479452,-20
0.0,0.03287671232876712,-0.03287671232876712,-12
0.4904109589041096,0.06575342465753424,0.4246575342465753,155
0.4,0.673972602739726,-0.273972602739726,-100
0.2602739726027397,0.6986301369863014,-0.4383561643835616,-160
0.6684931506849315,0.6082191780821918,0.06027397260273973,22
0.5342465753424658,0.6575342465753424,-0.1232876712328767,-45
0.4876712328767123,0.2136986301369863,0.273972602739726,100
0.8931506849315068,0.3287671232876712,0.5643835616438356,206
0.07123287671232877,0.049315068493150684,0.021917808219178082,8
0.20273972602739726,0.14794520547945206,0.0547945205479452,20
0.6931506849315069,0.6986301369863014,-0.005479452054794521,-2
0.4054794520547945,0.19726027397260273,0.20821917808219179,76
0.15616438356164383,0.673972602739726,-0.5178082191780822,-189
0.36712328767123287,0.5753424657534246,-0.20821917808219179,-76
0.936986301369863,0.0821917808219178,0.8547945205479452,312
0.2602739726027397,0.0,0.2602739726027397,95
0.08493150684931507,0.6575342465753424,-0.5726027397260274,-209
0.7479452054794521,0.0273972602739726,0.7205479452054795,263
0.3506849315068493,0.11506849315068493,0.2356164383561644,86
0.23835616438356164,0.1643835616438356,0.07397260273972603,27
0.0027397260273972603,0.4931506849315068,-0.4904109589041096,-179
0.06575342465753424,0.4931506849315068,-0.4273972602739726,-156
0.03287671232876712,0.2958904109589041,-0.26301369863013696,-96
0.5013698630136987,0.0821917808219178,0.4191780821917808,153
0.030136986301369864,0.26301369863013696,-0.2328767123287671,-85
0.12054794520547946,0.6986301369863014,-0.5780821917808219,-211
0.863013698630137,0.01643835616438356,0.8465753424657534,309
0.21095890410958903,0.6986301369863014,-0.4876712328767123,-178
0.0,0.0,0.0,0
0.5095890410958904,0.3287671232876712,0.18082191780821918,66
0.8054794520547945,0.01643835616438356,0.7890410958904109,288
0.7671232876712328,0.01643835616438356,0.7506849315068493,274
0.06301369863013699,0.1643835616438356,-0.10136986301369863,-37
0.4547945205479452,0.11506849315068493,0.33972602739726027,124
0.03561643835616438,0.6986301369863014,-0.663013698630137,-242
0.273972602739726,0.0,0.273972602739726,100
0.8493150684931506,0.3835616438356164,0.4657534246575342,170
0.0273972602739726,0.18082191780821918,-0.15342465753424658,-56
0.7534246575342466,0.4602739726027397,0.29315068493150687,107
0.8054794520547945,0.0,0.8054794520547945,294
0.3095890410958904,0.0,0.3095890410958904,113
0.38904109589041097,0.6986301369863014,-0.3095890410958904,-113
0.7589041095890411,0.049315068493150684,0.7095890410958904,259
0.547945205479452,0.3178082191780822,0.23013698630136986,84
0.41643835616438357,0.1643835616438356,0.25205479452054796,92
0.6383561643835617,0.4273972602739726,0.21095890410958903,77
0.736986301369863,0.26301369863013696,0.473972602739726,173
0.1863013698630137,0.049315068493150684,0.136986301369863,50
0.9232876712328767,0.049315068493150684,0.873972602739726,319
0.3013698630136986,0.6986301369863014,-0.3972602739726027,-145
0.2219178082191781,0.18082191780821918,0.0410958904109589,15
0.7835616438356164,0.6246575342465753,0.1589041095890411,58
0.810958904109589,0.18082191780821918,0.6301369863013698,230
0.9753424657534246,0.03287671232876712,0.9424657534246575,344
0.10684931506849316,0.4931506849315068,-0.3863013698630137,-141
0.4821917808219178,0.3287671232876712,0.15342465753424658,56
0.5095890410958904,0.6575342465753424,-0.14794520547945206,-54
0.4849315068493151,0.6986301369863014,-0.2136986301369863,-78
0.2602739726027397,0.2465753424657534,0.0136986301369863,5
0.8164383561643835,0.4438356164383562,0.3726027397260274,136
0.989041095890411,0.0,0.989041095890411,361
0.4,0.5095890410958904,-0.1095890410958904,-40
0.03561643835616438,0.3452054794520548,-0.3095890410958904,-113
0.9753424657534246,0.049315068493150684,0.9260273972602739,338
0.0410958904109589,0.6986301369863014,-0.6575342465753424,-240
0.8493150684931506,0.6986301369863014,0.1506849315068493,55
0.3643835616438356,0.6986301369863014,-0.33424657534246577,-122
0.5260273972602739,0.6986301369863014,-0.1726027397260274,-63
0.5342465753424658,0.6246575342465753,-0.09041095890410959,-33
0.005479452054794521,0.01643835616438356,-0.010958904109589041,-4
0.01643835616438356,0.06575342465753424,-0.049315068493150684,-18
0.29041095890410956,0.6986301369863014,-0.40821917808219177,-149
0.07945205479452055,0.2465753424657534,-0.16712328767123288,-61
0.8082191780821918,0.0,0.8082191780821918,295
0.29863013698630136,0.4931506849315068,-0.19452054794520549,-71
0.3972602739726027,0.0,0.3972602739726027,145
0.42191780821917807,0.6986301369863014,-0.27671232876712326,-101
0.0136986301369863,0.3780821917808219,-0.3643835616438356,-133
0.10684931506849316,0.6986301369863014,-0.5917808219178082,-216
0.2876712328767123,0.6575342465753424,-0.3698630136986301,-135
0.7315068493150685,0.13150684931506848,0.6,219
0.0027397260273972603,0.410958904109589,-0.40821917808219177,-149
0.0027397260273972603,0.0,0.0027397260273972603,1
0.26301369863013696,0.038356164383561646,0.22465753424657534,82
0.0027397260273972603,0.0,0.0027397260273972603,1
0.26301369863013696,0.038356164383561646,0.22465753424657534,82
0.2958904109589041,0.3452054794520548,-0.049315068493150684,-18
0.8191780821917808,0.11506849315068493,0.7041095890410959,257
0.4849315068493151,0.5753424657534246,-0.09041095890410959,-33
0.26301369863013696,0.0,0.26301369863013696,96
0.2328767123287671,0.0,0.2328767123287671,85
0.6,0.0,0.6,219
0.0410958904109589,0.2465753424657534,-0.2054794520547945,-75
0.1589041095890411,0.1643835616438356,-0.005479452054794521,-2
0.019178082191780823,0.27945205479452057,-0.2602739726027397,-95
0.5589041095890411,0.31232876712328766,0.2465753424657534,90
0.18082191780821918,0.3178082191780822,-0.136986301369863,-50
0.6958904109589041,0.23013698630136986,0.4657534246575342,170
0.3287671232876712,0.4273972602739726,-0.09863013698630137,-36
0.1780821917808219,0.1589041095890411,0.019178082191780823,7
0.273972602739726,0.26301369863013696,0.010958904109589041,4
0.5178082191780822,0.6986301369863014,-0.18082191780821918,-66
0.16712328767123288,0.5424657534246575,-0.37534246575342467,-137
0.536986301369863,0.2136986301369863,0.3232876712328767,118
0.09863013698630137,0.6575342465753424,-0.5589041095890411,-204
0.0,0.0,0.0,0
0.2684931506849315,0.01643835616438356,0.25205479452054796,92
0.5342465753424658,0.1643835616438356,0.3698630136986301,135
0.5095890410958904,0.0,0.5095890410958904,186
0.1178082191780822,0.6986301369863014,-0.5808219178082191,-212
0.06301369863013699,0.0,0.06301369863013699,23
0.589041095890411,0.03287671232876712,0.5561643835616439,203
0.7123287671232876,0.03287671232876712,0.6794520547945205,248
0.038356164383561646,0.3780821917808219,-0.33972602739726027,-124
0.9095890410958904,0.09863013698630137,0.810958904109589,296
0.4904109589041096,0.5753424657534246,-0.08493150684931507,-31
0.06027397260273973,0.0,0.06027397260273973,22
0.26301369863013696,0.09863013698630137,0.1643835616438356,60
0.3287671232876712,0.06575342465753424,0.26301369863013696,96
0.0,0.13150684931506848,-0.13150684931506848,-48
0.37534246575342467,0.3835616438356164,-0.00821917808219178,-3
0.5150684931506849,0.26301369863013696,0.25205479452054796,92
0.0958904109589041,0.6575342465753424,-0.5616438356164384,-205
0.03561643835616438,0.4767123287671233,-0.4410958904109589,-161
0.4054794520547945,0.17534246575342466,0.23013698630136986,84
0.9095890410958904,0.27945205479452057,0.6301369863013698,230
0.33424657534246577,0.0,0.33424657534246577,122
0.1780821917808219,0.6986301369863014,-0.5205479452054794,-190
0.26301369863013696,0.0,0.26301369863013696,96
0.8027397260273973,0.0,0.8027397260273973,293
1.0,0.0,1.0,365
0.06027397260273973,0.36164383561643837,-0.3013698630136986,-110
0.7726027397260274,0.0,0.7726027397260274,282
0.0410958904109589,0.26301369863013696,-0.2219178082191781,-81
0.8191780821917808,0.39452054794520547,0.4246575342465753,155
0.41643835616438357,0.6575342465753424,-0.2410958904109589,-88
0.2821917808219178,0.2465753424657534,0.03561643835616438,13
0.07945205479452055,0.2465753424657534,-0.16712328767123288,-61
0.049315068493150684,0.4273972602739726,-0.3780821917808219,-138
0.07945205479452055,0.049315068493150684,0.030136986301369864,11
0.06575342465753424,0.19726027397260273,-0.13150684931506848,-48
0.7123287671232876,0.27945205479452057,0.4328767123287671,158
0.8027397260273973,0.2958904109589041,0.5068493150684932,185
1.0,0.26301369863013696,0.736986301369863,269
0.40273972602739727,0.6986301369863014,-0.2958904109589041,-108
0.4931506849315068,0.4273972602739726,0.06575342465753424,24
0.13972602739726028,0.09863013698630137,0.0410958904109589,15
0.5753424657534246,0.6986301369863014,-0.1232876712328767,-45
0.7150684931506849,0.3452054794520548,0.3698630136986301,135
0.0,0.0,0.0,0
0.5095890410958904,0.0,0.5095890410958904,186
0.3095890410958904,0.0,0.3095890410958904,113
0.9506849315068493,0.18082191780821918,0.7698630136986301,281
0.5726027397260274,0.5753424657534246,-0.0027397260273972603,-1
0.4657534246575342,0.6410958904109589,-0.17534246575342466,-64
0.27945205479452057,0.0,0.27945205479452057,102
0.2684931506849315,0.0,0.2684931506849315,98
0.7726027397260274,0.3780821917808219,0.39452054794520547,144
0.08493150684931507,0.23013698630136986,-0.14520547945205478,-53
0.4328767123287671,0.0,0.4328767123287671,158
0.6082191780821918,0.2136986301369863,0.39452054794520547,144
0.1178082191780822,0.6986301369863014,-0.5808219178082191,-212
0.5753424657534246,0.6082191780821918,-0.03287671232876712,-12
0.273972602739726,0.0,0.273972602739726,100
0.7397260273972602,0.0,0.7397260273972602,270
0.9506849315068493,0.0,0.9506849315068493,347
0.26301369863013696,0.0,0.26301369863013696,96
0.29041095890410956,0.6986301369863014,-0.40821917808219177,-149
0.1095890410958904,0.5589041095890411,-0.44931506849315067,-164
0.1863013698630137,0.23013698630136986,-0.043835616438356165,-16
0.3315068493150685,0.3287671232876712,0.0027397260273972603,1
0.26301369863013696,0.0,0.26301369863013696,96
0.0136986301369863,0.1643835616438356,-0.1506849315068493,-55
0.043835616438356165,0.5424657534246575,-0.4986301369863014,-182
0.14794520547945206,0.6986301369863014,-0.5506849315068493,-201
0.0027397260273972603,0.0,0.0027397260273972603,1
0.26301369863013696,0.01643835616438356,0.2465753424657534,90
0.7506849315068493,0.6986301369863014,0.052054794520547946,19
0.273972602739726,0.01643835616438356,0.25753424657534246,94
0.958904109589041,0.043835616438356165,0.915068493150685,334
0.9506849315068493,0.043835616438356165,0.9068493150684932,331
0.8575342465753425,0.30684931506849317,0.5506849315068493,201
0.8602739726027397,0.0,0.8602739726027397,314
0.7561643835616438,0.09863013698630137,0.6575342465753424,240
0.8876712328767123,0.2136986301369863,0.673972602739726,246
0.9726027397260274,0.5095890410958904,0.46301369863013697,169
0.9616438356164384,0.09863013698630137,0.863013698630137,315
0.9643835616438357,0.13150684931506848,0.8328767123287671,304
0.12054794520547946,0.6986301369863014,-0.5780821917808219,-211
0.0027397260273972603,0.0,0.0027397260273972603,1
1.0,0.0,1.0,365
0.958904109589041,0.01643835616438356,0.9424657534246575,344
0.26575342465753427,0.0,0.26575342465753427,97
0.26301369863013696,0.0,0.26301369863013696,96
0.6328767123287671,0.5589041095890411,0.07397260273972603,27
0.9452054794520548,0.0821917808219178,0.863013698630137,315
0.7068493150684931,0.6904109589041096,0.01643835616438356,6
0.8767123287671232,0.0,0.8767123287671232,320
0.0958904109589041,0.6986301369863014,-0.6027397260273972,-220
0.7753424657534247,0.11506849315068493,0.6602739726027397,241
0.2410958904109589,0.18082191780821918,0.06027397260273973,22
0.8684931506849315,0.049315068493150684,0.8191780821917808,299
0.3041095890410959,0.6986301369863014,-0.39452054794520547,-144
0.40273972602739727,0.6082191780821918,-0.2054794520547945,-75
0.8794520547945206,0.09863013698630137,0.7808219178082192,285
0.1095890410958904,0.4931506849315068,-0.3835616438356164,-140
0.5342465753424658,0.4438356164383562,0.09041095890410959,33
0.29041095890410956,0.03287671232876712,0.25753424657534246,94
0.16164383561643836,0.0,0.16164383561643836,59
0.40821917808219177,0.6986301369863014,-0.29041095890410956,-106
0.021917808219178082,0.2136986301369863,-0.1917808219178082,-70
0.057534246575342465,0.3287671232876712,-0.27123287671232876,-99
0.9506849315068493,0.6986301369863014,0.25205479452054796,92
0.2876712328767123,0.0,0.2876712328767123,105
0.5178082191780822,0.4931506849315068,0.024657534246575342,9
0.10136986301369863,0.5424657534246575,-0.4410958904109589,-161
0.27945205479452057,0.0,0.27945205479452057,102
0.8986301369863013,0.23013698630136986,0.6684931506849315,244
0.9013698630136986,0.01643835616438356,0.8849315068493151,323
0.3095890410958904,0.1643835616438356,0.14520547945205478,53
1.0,0.0,1.0,365
0.9835616438356164,0.0,0.9835616438356164,359
0.22465753424657534,0.049315068493150684,0.17534246575342466,64
0.29041095890410956,0.36164383561643837,-0.07123287671232877,-26
0.4931506849315068,0.6575342465753424,-0.1643835616438356,-60
0.0136986301369863,0.6986301369863014,-0.684931506849315,-250
0.2958904109589041,0.4438356164383562,-0.14794520547945206,-54
0.5397260273972603,0.03287671232876712,0.5068493150684932,185
0.6027397260273972,0.3287671232876712,0.273972602739726,100
0.3041095890410959,0.0,0.3041095890410959,111
0.136986301369863,0.0,0.136986301369863,50
0.5205479452054794,0.4931506849315068,0.0273972602739726,10
0.673972602739726,0.03287671232876712,0.6410958904109589,234
0.7150684931506849,0.5424657534246575,0.1726027397260274,63
0.5287671232876713,0.1643835616438356,0.3643835616438356,133
0.7205479452054795,0.6246575342465753,0.0958904109589041,35
0.14246575342465753,0.6986301369863014,-0.5561643835616439,-203
0.3095890410958904,0.4931506849315068,-0.18356164383561643,-67
0.5561643835616439,0.4602739726027397,0.0958904109589041,35
0.6027397260273972,0.3287671232876712,0.273972602739726,100
0.36712328767123287,0.5095890410958904,-0.14246575342465753,-52
0.7013698630136986,0.3287671232876712,0.3726027397260274,136
0.1095890410958904,0.5917808219178082,-0.4821917808219178,-176
0.4767123287671233,0.03287671232876712,0.4438356164383562,162
0.021917808219178082,0.6246575342465753,-0.6027397260273972,-220
0.1726027397260274,0.0,0.1726027397260274,63
0.0273972602739726,0.0,0.0273972602739726,10
0.5315068493150685,0.6986301369863014,-0.16712328767123288,-61
0.5561643835616439,0.13150684931506848,0.4246575342465753,155
0.29315068493150687,0.5753424657534246,-0.2821917808219178,-103
0.5780821917808219,0.6986301369863014,-0.12054794520547946,-44
0.030136986301369864,0.6986301369863014,-0.6684931506849315,-244
0.4575342465753425,0.3287671232876712,0.12876712328767123,47
0.5753424657534246,0.18082191780821918,0.39452054794520547,144
0.6904109589041096,0.19726027397260273,0.4931506849315068,180
0.7205479452054795,0.2465753424657534,0.473972602739726,173
0.09863013698630137,0.26301369863013696,-0.1643835616438356,-60
0.3835616438356164,0.6986301369863014,-0.3150684931506849,-115
0.8547945205479452,0.0,0.8547945205479452,312
0.5068493150684932,0.03287671232876712,0.473972602739726,173
0.052054794520547946,0.2465753424657534,-0.19452054794520549,-71
0.4931506849315068,0.01643835616438356,0.4767123287671233,174
0.5287671232876713,0.01643835616438356,0.5123287671232877,187
0.4931506849315068,0.14794520547945206,0.3452054794520548,126
0.8136986301369863,0.0,0.8136986301369863,297
0.46301369863013697,0.23013698630136986,0.2328767123287671,85
0.273972602739726,0.0,0.273972602739726,100
0.26301369863013696,0.03287671232876712,0.23013698630136986,84
0.07945205479452055,0.6986301369863014,-0.6191780821917808,-226
0.11506849315068493,0.2136986301369863,-0.09863013698630137,-36
0.16986301369863013,0.0,0.16986301369863013,62
0.6821917808219178,0.2958904109589041,0.3863013698630137,141
0.4246575342465753,0.39452054794520547,0.030136986301369864,11
0.4712328767123288,0.5753424657534246,-0.10410958904109589,-38
0.7397260273972602,0.0,0.7397260273972602,270
0.7397260273972602,0.0,0.7397260273972602,270
0.7589041095890411,0.0,0.7589041095890411,277
0.10136986301369863,0.6986301369863014,-0.5972602739726027,-218
0.3150684931506849,0.6986301369863014,-0.3835616438356164,-140
0.13972602739726028,0.136986301369863,0.0027397260273972603,1
0.26575342465753427,0.3287671232876712,-0.06301369863013699,-23
0.4794520547945205,0.14794520547945206,0.3315068493150685,121
0.2602739726027397,0.0,0.2602739726027397,95
0.5041095890410959,0.5589041095890411,-0.0547945205479452,-20
0.12054794520547946,0.27945205479452057,-0.1589041095890411,-58
0.3013698630136986,0.1643835616438356,0.136986301369863,50
0.3835616438356164,0.410958904109589,-0.0273972602739726,-10
0.810958904109589,0.6986301369863014,0.11232876712328767,41
0.3315068493150685,0.31232876712328766,0.019178082191780823,7
0.8027397260273973,0.3780821917808219,0.4246575342465753,155
0.26301369863013696,0.0,0.26301369863013696,96
0.726027397260274,0.31232876712328766,0.4136986301369863,151
0.34794520547945207,0.07671232876712329,0.27123287671232876,99
0.3698630136986301,0.5424657534246575,-0.1726027397260274,-63
0.9780821917808219,0.0,0.9780821917808219,357
0.1643835616438356,0.049315068493150684,0.11506849315068493,42
0.9232876712328767,0.11506849315068493,0.8082191780821918,295
0.1506849315068493,0.6986301369863014,-0.547945205479452,-200
0.32054794520547947,0.4767123287671233,-0.15616438356164383,-57
0.7013698630136986,0.6986301369863014,0.0027397260273972603,1
0.03561643835616438,0.1643835616438356,-0.12876712328767123,-47
0.32602739726027397,0.13150684931506848,0.19452054794520549,71
0.9698630136986301,0.5589041095890411,0.410958904109589,150
0.2684931506849315,0.0,0.2684931506849315,98
0.019178082191780823,0.1643835616438356,-0.14520547945205478,-53
0.7972602739726027,0.6986301369863014,0.09863013698630137,36
0.5095890410958904,0.5260273972602739,-0.01643835616438356,-6
0.06575342465753424,0.410958904109589,-0.3452054794520548,-126
0.26301369863013696,0.0,0.26301369863013696,96
0.7643835616438356,0.0,0.7643835616438356,279
0.27945205479452057,0.39452054794520547,-0.11506849315068493,-42
0.947945205479452,0.0821917808219178,0.8657534246575342,316
0.04657534246575343,0.0,0.04657534246575343,17
0.0027397260273972603,0.13150684931506848,-0.12876712328767123,-47
0.2273972602739726,0.0,0.2273972602739726,83
0.049315068493150684,0.4602739726027397,-0.410958904109589,-150
0.5589041095890411,0.3780821917808219,0.18082191780821918,66
0.7643835616438356,0.6246575342465753,0.13972602739726028,51
0.04657534246575343,0.01643835616438356,0.030136986301369864,11
0.2602739726027397,0.11506849315068493,0.14520547945205478,53
0.26575342465753427,0.0,0.26575342465753427,97
0.8191780821917808,0.410958904109589,0.40821917808219177,149
0.810958904109589,0.6986301369863014,0.11232876712328767,41
0.0684931506849315,0.0821917808219178,-0.0136986301369863,-5
0.5589041095890411,0.0,0.5589041095890411,204
0.3287671232876712,0.03287671232876712,0.2958904109589041,108
0.2,0.6082191780821918,-0.40821917808219177,-149
0.5232876712328767,0.4931506849315068,0.030136986301369864,11
0.0027397260273972603,0.0,0.0027397260273972603,1
0.8191780821917808,0.06575342465753424,0.7534246575342466,275
0.2821917808219178,0.6986301369863014,-0.41643835616438357,-152
0.3726027397260274,0.4931506849315068,-0.12054794520547946,-44
0.021917808219178082,0.18082191780821918,-0.1589041095890411,-58
0.2191780821917808,0.6986301369863014,-0.4794520547945205,-175
0.26575342465753427,0.0,0.26575342465753427,97
0.3315068493150685,0.6986301369863014,-0.36712328767123287,-134
0.3424657534246575,0.11506849315068493,0.2273972602739726,83
0.057534246575342465,0.0,0.057534246575342465,21
0.6273972602739726,0.0,0.6273972602739726,229
0.2547945205479452,0.6986301369863014,-0.4438356164383562,-162
0.31232876712328766,0.18082191780821918,0.13150684931506848,48
0.27671232876712326,0.4438356164383562,-0.16712328767123288,-61
0.0958904109589041,0.049315068493150684,0.04657534246575343,17
0.29863013698630136,0.0,0.29863013698630136,109
0.6246575342465753,0.13150684931506848,0.4931506849315068,180
0.7863013698630137,0.0,0.7863013698630137,287
0.7890410958904109,0.0,0.7890410958904109,288
0.7863013698630137,0.01643835616438356,0.7698630136986301,281
0.7863013698630137,0.03287671232876712,0.7534246575342466,275
0.7917808219178082,0.0,0.7917808219178082,289
0.7917808219178082,0.0,0.7917808219178082,289
0.8904109589041096,0.0,0.8904109589041096,325
0.8904109589041096,0.0,0.8904109589041096,325
0.8904109589041096,0.01643835616438356,0.873972602739726,319
0.8904109589041096,0.0,0.8904109589041096,325
0.8904109589041096,0.0,0.8904109589041096,325
0.8904109589041096,0.0,0.8904109589041096,325
0.8986301369863013,0.0,0.8986301369863013,328
0.8986301369863013,0.0,0.8986301369863013,328
0.9013698630136986,0.0,0.9013698630136986,329
0.9013698630136986,0.0,0.9013698630136986,329
0.873972602739726,0.01643835616438356,0.8575342465753425,313
0.8767123287671232,0.0,0.8767123287671232,320
0.873972602739726,0.03287671232876712,0.8410958904109589,307
0.8767123287671232,0.0,0.8767123287671232,320
0.8794520547945206,0.0,0.8794520547945206,321
0.8794520547945206,0.0,0.8794520547945206,321
0.9041095890410958,0.0,0.9041095890410958,330
0.9041095890410958,0.0,0.9041095890410958,330
0.9041095890410958,0.0,0.9041095890410958,330
0.9041095890410958,0.0,0.9041095890410958,330
0.736986301369863,0.31232876712328766,0.4246575342465753,155
0.5232876712328767,0.09863013698630137,0.4246575342465753,155
0.4,0.6986301369863014,-0.29863013698630136,-109
0.29315068493150687,0.0,0.29315068493150687,107
0.7315068493150685,0.6082191780821918,0.1232876712328767,45
0.13424657534246576,0.1643835616438356,-0.030136986301369864,-11
0.26301369863013696,0.0,0.26301369863013696,96
0.23835616438356164,0.3287671232876712,-0.09041095890410959,-33
0.06301369863013699,0.03287671232876712,0.030136986301369864,11
0.13424657534246576,0.3452054794520548,-0.21095890410958903,-77
0.6465753424657534,0.01643835616438356,0.6301369863013698,230
0.7561643835616438,0.0,0.7561643835616438,276
0.6383561643835617,0.5260273972602739,0.11232876712328767,41
0.1643835616438356,0.6986301369863014,-0.5342465753424658,-195
0.13424657534246576,0.4931506849315068,-0.3589041095890411,-131
0.1726027397260274,0.36164383561643837,-0.18904109589041096,-69
0.17534246575342466,0.01643835616438356,0.1589041095890411,58
0.0,0.0,0.0,0
0.4575342465753425,0.6986301369863014,-0.2410958904109589,-88
0.7534246575342466,0.26301369863013696,0.4904109589041096,179
0.4136986301369863,0.4931506849315068,-0.07945205479452055,-29
0.005479452054794521,0.1643835616438356,-0.1589041095890411,-58
0.5506849315068493,0.13150684931506848,0.4191780821917808,153
0.5726027397260274,0.6986301369863014,-0.12602739726027398,-46
0.10684931506849316,0.4602739726027397,-0.35342465753424657,-129
0.7561643835616438,0.19726027397260273,0.5589041095890411,204
0.26301369863013696,0.01643835616438356,0.2465753424657534,90
0.26301369863013696,0.0,0.26301369863013696,96
0.473972602739726,0.2136986301369863,0.2602739726027397,95
0.4958904109589041,0.049315068493150684,0.4465753424657534,163
0.3232876712328767,0.6986301369863014,-0.37534246575342467,-137
0.06027397260273973,0.3287671232876712,-0.2684931506849315,-98
0.6465753424657534,0.23013698630136986,0.41643835616438357,152
0.7643835616438356,0.6410958904109589,0.1232876712328767,45
0.26301369863013696,0.0,0.26301369863013696,96
0.0,0.0,0.0,0
0.7917808219178082,0.01643835616438356,0.7753424657534247,283
0.7013698630136986,0.06575342465753424,0.6356164383561644,232
0.12876712328767123,0.4438356164383562,-0.3150684931506849,-115
0.1178082191780822,0.6986301369863014,-0.5808219178082191,-212
0.9753424657534246,0.3287671232876712,0.6465753424657534,236
0.5315068493150685,0.30684931506849317,0.22465753424657534,82
0.4821917808219178,0.6986301369863014,-0.21643835616438356,-79
0.28493150684931506,0.3780821917808219,-0.09315068493150686,-34
0.13150684931506848,0.0,0.13150684931506848,48
0.26301369863013696,0.0,0.26301369863013696,96
0.00821917808219178,0.39452054794520547,-0.3863013698630137,-141
0.32602739726027397,0.049315068493150684,0.27671232876712326,101
0.2191780821917808,0.15342465753424658,0.06575342465753424,24
0.13424657534246576,0.6246575342465753,-0.4904109589041096,-179
0.6547945205479452,0.673972602739726,-0.019178082191780823,-7
0.3589041095890411,0.6986301369863014,-0.33972602739726027,-124
0.2876712328767123,0.14794520547945206,0.13972602739726028,51
0.32054794520547947,0.6986301369863014,-0.3780821917808219,-138
0.5150684931506849,0.11506849315068493,0.4,146
0.5178082191780822,0.3287671232876712,0.18904109589041096,69
0.3863013698630137,0.6986301369863014,-0.31232876712328766,-114
0.1232876712328767,0.03287671232876712,0.09041095890410959,33
0.9013698630136986,0.31232876712328766,0.589041095890411,215
0.2684931506849315,0.0,0.2684931506849315,98
0.024657534246575342,0.6986301369863014,-0.673972602739726,-246
0.1643835616438356,0.26301369863013696,-0.09863013698630137,-36
0.26301369863013696,0.0,0.26301369863013696,96
0.005479452054794521,0.3287671232876712,-0.3232876712328767,-118
0.5972602739726027,0.4767123287671233,0.12054794520547946,44
0.7589041095890411,0.11506849315068493,0.6438356164383562,235
0.5452054794520548,0.4767123287671233,0.0684931506849315,25
0.2602739726027397,0.26301369863013696,-0.0027397260273972603,-1
0.5917808219178082,0.6246575342465753,-0.03287671232876712,-12
0.4767123287671233,0.6986301369863014,-0.2219178082191781,-81
0.3013698630136986,0.19726027397260273,0.10410958904109589,38
0.14520547945205478,0.6986301369863014,-0.5534246575342465,-202
0.09315068493150686,0.07671232876712329,0.01643835616438356,6
0.7287671232876712,0.0821917808219178,0.6465753424657534,236
0.34794520547945207,0.0,0.34794520547945207,127
0.0,0.0,0.0,0
0.021917808219178082,0.0,0.021917808219178082,8
0.2602739726027397,0.0,0.2602739726027397,95
0.1643835616438356,0.26301369863013696,-0.09863013698630137,-36
0.684931506849315,0.6986301369863014,-0.0136986301369863,-5
0.12876712328767123,0.18082191780821918,-0.052054794520547946,-19
0.8657534246575342,0.4931506849315068,0.3726027397260274,136
0.6191780821917808,0.6904109589041096,-0.07123287671232877,-26
0.8383561643835616,0.0,0.8383561643835616,306
0.8383561643835616,0.01643835616438356,0.821917808219178,300
0.8465753424657534,0.01643835616438356,0.8301369863013699,303
0.8356164383561644,0.03287671232876712,0.8027397260273973,293
0.8356164383561644,0.01643835616438356,0.8191780821917808,299
0.13424657534246576,0.6986301369863014,-0.5643835616438356,-206
0.41643835616438357,0.23013698630136986,0.1863013698630137,68
0.5205479452054794,0.23013698630136986,0.29041095890410956,106
0.7671232876712328,0.39452054794520547,0.3726027397260274,136
0.2958904109589041,0.31232876712328766,-0.01643835616438356,-6
0.6657534246575343,0.1643835616438356,0.5013698630136987,183
0.8794520547945206,0.1643835616438356,0.7150684931506849,261
0.8191780821917808,0.4767123287671233,0.3424657534246575,125
0.23835616438356164,0.18082191780821918,0.057534246575342465,21
0.27945205479452057,0.6986301369863014,-0.4191780821917808,-153
0.3041095890410959,0.23013698630136986,0.07397260273972603,27
0.7123287671232876,0.6986301369863014,0.0136986301369863,5
0.019178082191780823,0.0,0.019178082191780823,7
0.7561643835616438,0.01643835616438356,0.7397260273972602,270
0.10684931506849316,0.6986301369863014,-0.5917808219178082,-216
0.44931506849315067,0.4767123287671233,-0.0273972602739726,-10
0.2821917808219178,0.09863013698630137,0.18356164383561643,67
0.7890410958904109,0.17534246575342466,0.6136986301369863,224
0.8,0.27945205479452057,0.5205479452054794,190
0.7561643835616438,0.049315068493150684,0.7068493150684931,258
0.7945205479452054,0.31232876712328766,0.4821917808219178,176
0.7534246575342466,0.2465753424657534,0.5068493150684932,185
0.7561643835616438,0.2465753424657534,0.5095890410958904,186
0.7534246575342466,0.2136986301369863,0.5397260273972603,197
0.7561643835616438,0.11506849315068493,0.6410958904109589,234
0.2821917808219178,0.6986301369863014,-0.41643835616438357,-152
0.23013698630136986,0.4383561643835616,-0.20821917808219179,-76
0.6493150684931507,0.0821917808219178,0.5671232876712329,207
0.673972602739726,0.4602739726027397,0.2136986301369863,78
0.3917808219178082,0.6986301369863014,-0.30684931506849317,-112
0.2876712328767123,0.049315068493150684,0.23835616438356164,87
0.1863013698630137,0.5095890410958904,-0.3232876712328767,-118
0.9780821917808219,0.11506849315068493,0.863013698630137,315
0.04657534246575343,0.01643835616438356,0.030136986301369864,11
0.29041095890410956,0.049315068493150684,0.2410958904109589,88
0.26301369863013696,0.01643835616438356,0.2465753424657534,90
0.08493150684931507,0.4767123287671233,-0.3917808219178082,-143
0.0027397260273972603,0.01643835616438356,-0.0136986301369863,-5
0.19452054794520549,0.6986301369863014,-0.5041095890410959,-184
0.8246575342465754,0.36164383561643837,0.46301369863013697,169
0.04657534246575343,0.6986301369863014,-0.6520547945205479,-238
0.136986301369863,0.0,0.136986301369863,50
0.3287671232876712,0.6136986301369863,-0.28493150684931506,-104
0.4684931506849315,0.15342465753424658,0.3150684931506849,115
0.1726027397260274,0.6904109589041096,-0.5178082191780822,-189
0.20273972602739726,0.6986301369863014,-0.4958904109589041,-181
0.26301369863013696,0.03287671232876712,0.23013698630136986,84
0.04657534246575343,0.3780821917808219,-0.3315068493150685,-121
0.1589041095890411,0.3780821917808219,-0.2191780821917808,-80
0.9616438356164384,0.4602739726027397,0.5013698630136987,183
0.9643835616438357,0.26301369863013696,0.7013698630136986,256
0.052054794520547946,0.3287671232876712,-0.27671232876712326,-101
0.2136986301369863,0.6082191780821918,-0.39452054794520547,-144
0.6657534246575343,0.6986301369863014,-0.03287671232876712,-12
0.336986301369863,0.0821917808219178,0.2547945205479452,93
0.26301369863013696,0.0,0.26301369863013696,96
0.0410958904109589,0.09863013698630137,-0.057534246575342465,-21
0.7698630136986301,0.0,0.7698630136986301,281
0.7671232876712328,0.1095890410958904,0.6575342465753424,240
0.10410958904109589,0.2958904109589041,-0.1917808219178082,-70
0.26301369863013696,0.0,0.26301369863013696,96
0.0547945205479452,0.14794520547945206,-0.09315068493150686,-34
0.2684931506849315,0.01643835616438356,0.25205479452054796,92
0.5095890410958904,0.0,0.5095890410958904,186
0.049315068493150684,0.06575342465753424,-0.01643835616438356,-6
0.7671232876712328,0.11506849315068493,0.6520547945205479,238
0.10410958904109589,0.06575342465753424,0.038356164383561646,14
0.5424657534246575,0.11506849315068493,0.4273972602739726,156
0.057534246575342465,0.13150684931506848,-0.07397260273972603,-27
0.2684931506849315,0.6986301369863014,-0.4301369863013699,-157
0.09315068493150686,0.1643835616438356,-0.07123287671232877,-26
0.7561643835616438,0.01643835616438356,0.7397260273972602,270
0.005479452054794521,0.0,0.005479452054794521,2
0.9753424657534246,0.3287671232876712,0.6465753424657534,236
0.6465753424657534,0.0821917808219178,0.5643835616438356,206
0.7835616438356164,0.6986301369863014,0.08493150684931507,31
0.04657534246575343,0.0,0.04657534246575343,17
0.39452054794520547,0.3287671232876712,0.06575342465753424,24
0.8602739726027397,0.6986301369863014,0.16164383561643836,59
0.9616438356164384,0.19726027397260273,0.7643835616438356,279
0.0136986301369863,0.049315068493150684,-0.03561643835616438,-13
0.29315068493150687,0.23013698630136986,0.06301369863013699,23
0.049315068493150684,0.0,0.049315068493150684,18
0.410958904109589,0.4273972602739726,-0.01643835616438356,-6
0.2,0.3780821917808219,-0.1780821917808219,-65
0.42191780821917807,0.0,0.42191780821917807,154
0.0027397260273972603,0.11506849315068493,-0.11232876712328767,-41
0.4602739726027397,0.4767123287671233,-0.01643835616438356,-6
0.5917808219178082,0.049315068493150684,0.5424657534246575,198
0.27671232876712326,0.0,0.27671232876712326,101
0.5068493150684932,0.0,0.5068493150684932,185
0.5123287671232877,0.136986301369863,0.37534246575342467,137
0.5424657534246575,0.4273972602739726,0.11506849315068493,42
0.16986301369863013,0.3287671232876712,-0.1589041095890411,-58
0.6794520547945205,0.6986301369863014,-0.019178082191780823,-7
0.7150684931506849,0.36164383561643837,0.35342465753424657,129
0.28493150684931506,0.3287671232876712,-0.043835616438356165,-16
0.6191780821917808,0.3287671232876712,0.29041095890410956,106
0.0,0.0,0.0,0
0.5534246575342465,0.3287671232876712,0.22465753424657534,82
0.5068493150684932,0.6082191780821918,-0.10136986301369863,-37
0.4931506849315068,0.36164383561643837,0.13150684931506848,48
0.7589041095890411,0.14794520547945206,0.6109589041095891,223
0.09041095890410959,0.410958904109589,-0.32054794520547947,-117
0.049315068493150684,0.0,0.049315068493150684,18
0.2876712328767123,0.1095890410958904,0.1780821917808219,65
0.6657534246575343,0.049315068493150684,0.6164383561643836,225
0.5178082191780822,0.0,0.5178082191780822,189
0.8904109589041096,0.23013698630136986,0.6602739726027397,241
0.26301369863013696,0.30684931506849317,-0.043835616438356165,-16
0.8,0.15342465753424658,0.6465753424657534,236
0.6410958904109589,0.1095890410958904,0.5315068493150685,194
0.019178082191780823,0.0,0.019178082191780823,7
0.6273972602739726,0.5260273972602739,0.10136986301369863,37
0.5616438356164384,0.30684931506849317,0.2547945205479452,93
0.32602739726027397,0.13150684931506848,0.19452054794520549,71
0.9671232876712329,0.36164383561643837,0.6054794520547945,221
0.547945205479452,0.01643835616438356,0.5315068493150685,194
0.2876712328767123,0.6986301369863014,-0.410958904109589,-150
0.2602739726027397,0.0821917808219178,0.1780821917808219,65
0.26301369863013696,0.0,0.26301369863013696,96
0.13972602739726028,0.5589041095890411,-0.4191780821917808,-153
0.3917808219178082,0.5589041095890411,-0.16712328767123288,-61
0.5095890410958904,0.2958904109589041,0.2136986301369863,78
0.26301369863013696,0.09863013698630137,0.1643835616438356,60
0.29315068493150687,0.0821917808219178,0.21095890410958903,77
0.0,0.0,0.0,0
0.2684931506849315,0.0,0.2684931506849315,98
0.024657534246575342,0.6986301369863014,-0.673972602739726,-246
0.5643835616438356,0.4602739726027397,0.10410958904109589,38
0.5616438356164384,0.0,0.5616438356164384,205
0.915068493150685,0.07671232876712329,0.8383561643835616,306
0.8191780821917808,0.0821917808219178,0.736986301369863,269
0.136986301369863,0.0,0.136986301369863,50
0.5534246575342465,0.4602739726027397,0.09315068493150686,34
0.5698630136986301,0.6986301369863014,-0.12876712328767123,-47
0.8986301369863013,0.410958904109589,0.4876712328767123,178
0.6191780821917808,0.5589041095890411,0.06027397260273973,22
0.7232876712328767,0.5753424657534246,0.14794520547945206,54
0.13150684931506848,0.06575342465753424,0.06575342465753424,24
0.052054794520547946,0.3452054794520548,-0.29315068493150687,-107
0.26301369863013696,0.049315068493150684,0.2136986301369863,78
0.024657534246575342,0.6082191780821918,-0.5835616438356165,-213
0.26575342465753427,0.0,0.26575342465753427,97
0.0547945205479452,0.03287671232876712,0.021917808219178082,8
0.7561643835616438,0.19726027397260273,0.5589041095890411,204
0.6027397260273972,0.5424657534246575,0.06027397260273973,22
0.5616438356164384,0.0,0.5616438356164384,205
0.29041095890410956,0.4602739726027397,-0.16986301369863013,-62
0.052054794520547946,0.6986301369863014,-0.6465753424657534,-236
0.005479452054794521,0.0,0.005479452054794521,2
0.0273972602739726,0.6986301369863014,-0.6712328767123288,-245
0.7534246575342466,0.021917808219178082,0.7315068493150685,267
0.5424657534246575,0.19726027397260273,0.3452054794520548,126
0.29863013698630136,0.06575342465753424,0.2328767123287671,85
0.7726027397260274,0.0,0.7726027397260274,282
0.024657534246575342,0.5424657534246575,-0.5178082191780822,-189
0.3917808219178082,0.3452054794520548,0.04657534246575343,17
0.10684931506849316,0.410958904109589,-0.3041095890410959,-111
0.9698630136986301,0.11506849315068493,0.8547945205479452,312
0.07945205479452055,0.2136986301369863,-0.13424657534246576,-49
0.3013698630136986,0.13150684931506848,0.16986301369863013,62
0.2465753424657534,0.6986301369863014,-0.4520547945205479,-165
0.3561643835616438,0.2136986301369863,0.14246575342465753,52
0.5780821917808219,0.31232876712328766,0.26575342465753427,97
0.5424657534246575,0.26301369863013696,0.27945205479452057,102
0.5150684931506849,0.26301369863013696,0.25205479452054796,92
0.5068493150684932,0.3780821917808219,0.12876712328767123,47
0.4520547945205479,0.049315068493150684,0.40273972602739727,147
0.6082191780821918,0.03287671232876712,0.5753424657534246,210
0.26301369863013696,0.049315068493150684,0.2136986301369863,78
0.8547945205479452,0.11506849315068493,0.7397260273972602,270
0.4438356164383562,0.5260273972602739,-0.0821917808219178,-30
0.12602739726027398,0.2136986301369863,-0.08767123287671233,-32
0.20273972602739726,0.0,0.20273972602739726,74
0.29863013698630136,0.09863013698630137,0.2,73
0.3315068493150685,0.36164383561643837,-0.030136986301369864,-11
0.13972602739726028,0.6986301369863014,-0.5589041095890411,-204
0.14520547945205478,0.3780821917808219,-0.2328767123287671,-85
0.8054794520547945,0.6410958904109589,0.1643835616438356,60
0.12876712328767123,0.6986301369863014,-0.5698630136986301,-208
0.27945205479452057,0.0,0.27945205479452057,102
0.7753424657534247,0.3452054794520548,0.4301369863013699,157
0.6520547945205479,0.6986301369863014,-0.04657534246575343,-17
0.3041095890410959,0.410958904109589,-0.10684931506849316,-39
0.136986301369863,0.4931506849315068,-0.3561643835616438,-130
0.057534246575342465,0.2958904109589041,-0.23835616438356164,-87
0.26301369863013696,0.0,0.26301369863013696,96
0.7753424657534247,0.5753424657534246,0.2,73
0.0410958904109589,0.6246575342465753,-0.5835616438356165,-213
0.810958904109589,0.3452054794520548,0.4657534246575342,170
0.27945205479452057,0.14794520547945206,0.13150684931506848,48
0.0547945205479452,0.4931506849315068,-0.4383561643835616,-160
0.15342465753424658,0.6986301369863014,-0.5452054794520548,-199
0.8904109589041096,0.1643835616438356,0.726027397260274,265
0.5534246575342465,0.09863013698630137,0.4547945205479452,166
0.5671232876712329,0.01643835616438356,0.5506849315068493,201
0.5232876712328767,0.03287671232876712,0.4904109589041096,179
0.0136986301369863,0.4273972602739726,-0.4136986301369863,-151
0.5972602739726027,0.06575342465753424,0.5315068493150685,194
0.5068493150684932,0.049315068493150684,0.4575342465753425,167
0.2547945205479452,0.0,0.2547945205479452,93
0.005479452054794521,0.5753424657534246,-0.5698630136986301,-208
0.26301369863013696,0.049315068493150684,0.2136986301369863,78
0.19726027397260273,0.13150684931506848,0.06575342465753424,24
0.6054794520547945,0.01643835616438356,0.589041095890411,215
0.9780821917808219,0.0821917808219178,0.8958904109589041,327
0.11232876712328767,0.23013698630136986,-0.1178082191780822,-43
0.7698630136986301,0.6986301369863014,0.07123287671232877,26
0.7726027397260274,0.6986301369863014,0.07397260273972603,27
0.9041095890410958,0.4602739726027397,0.4438356164383562,162
0.9753424657534246,0.043835616438356165,0.9315068493150684,340
0.26575342465753427,0.01643835616438356,0.2493150684931507,91
0.049315068493150684,0.5917808219178082,-0.5424657534246575,-198
0.4684931506849315,0.3780821917808219,0.09041095890410959,33
0.1726027397260274,0.0,0.1726027397260274,63
0.010958904109589041,0.410958904109589,-0.4,-146
0.6410958904109589,0.14794520547945206,0.4931506849315068,180
0.5287671232876713,0.14794520547945206,0.38082191780821917,139
0.0,0.0,0.0,0
0.1178082191780822,0.14794520547945206,-0.030136986301369864,-11
0.8136986301369863,0.0,0.8136986301369863,297
0.28493150684931506,0.049315068493150684,0.2356164383561644,86
0.29041095890410956,0.09863013698630137,0.1917808219178082,70
0.30684931506849317,0.1643835616438356,0.14246575342465753,52
0.46301369863013697,0.0,0.46301369863013697,169
0.4383561643835616,0.6986301369863014,-0.2602739726027397,-95
0.024657534246575342,0.5753424657534246,-0.5506849315068493,-201
0.3452054794520548,0.31232876712328766,0.03287671232876712,12
0.7397260273972602,0.01643835616438356,0.7232876712328767,264
0.7972602739726027,0.2136986301369863,0.5835616438356165,213
0.9753424657534246,0.13150684931506848,0.8438356164383561,308
0.0,0.0,0.0,0
0.2465753424657534,0.1643835616438356,0.0821917808219178,30
0.5643835616438356,0.4931506849315068,0.07123287671232877,26
0.863013698630137,0.28493150684931506,0.5780821917808219,211
0.13150684931506848,0.23013698630136986,-0.09863013698630137,-36
0.0027397260273972603,0.0,0.0027397260273972603,1
0.9643835616438357,0.1643835616438356,0.8,292
0.29863013698630136,0.36164383561643837,-0.06301369863013699,-23
0.1232876712328767,0.4273972602739726,-0.3041095890410959,-111
0.30684931506849317,0.2465753424657534,0.06027397260273973,22
0.7698630136986301,0.03287671232876712,0.736986301369863,269
0.3424657534246575,0.1643835616438356,0.1780821917808219,65
0.16712328767123288,0.03287671232876712,0.13424657534246576,49
0.13972602739726028,0.6986301369863014,-0.5589041095890411,-204
0.6986301369863014,0.6986301369863014,0.0,0
0.01643835616438356,0.1643835616438356,-0.14794520547945206,-54
0.16164383561643836,0.26301369863013696,-0.10136986301369863,-37
0.26301369863013696,0.0,0.26301369863013696,96
0.6465753424657534,0.03287671232876712,0.6136986301369863,224
0.13150684931506848,0.6986301369863014,-0.5671232876712329,-207
0.273972602739726,0.5095890410958904,-0.2356164383561644,-86
0.3698630136986301,0.4273972602739726,-0.057534246575342465,-21
0.4273972602739726,0.4273972602739726,0.0,0
0.06575342465753424,0.5917808219178082,-0.5260273972602739,-192
0.6821917808219178,0.0,0.6821917808219178,249
0.01643835616438356,0.31232876712328766,-0.2958904109589041,-108
0.5068493150684932,0.2958904109589041,0.21095890410958903,77
0.5506849315068493,0.2958904109589041,0.2547945205479452,93
0.42191780821917807,0.3287671232876712,0.09315068493150686,34
0.5068493150684932,0.2136986301369863,0.29315068493150687,107
0.4054794520547945,0.6986301369863014,-0.29315068493150687,-107
0.7479452054794521,0.6986301369863014,0.049315068493150684,18
0.35342465753424657,0.13150684931506848,0.2219178082191781,81
0.8054794520547945,0.0,0.8054794520547945,294
0.9123287671232877,0.11506849315068493,0.7972602739726027,291
0.5780821917808219,0.049315068493150684,0.5287671232876713,193
0.18082191780821918,0.6986301369863014,-0.5178082191780822,-189
0.043835616438356165,0.39452054794520547,-0.3506849315068493,-128
0.5616438356164384,0.01643835616438356,0.5452054794520548,199
0.07671232876712329,0.31232876712328766,-0.2356164383561644,-86
0.32602739726027397,0.6986301369863014,-0.3726027397260274,-136
1.0,0.6082191780821918,0.3917808219178082,143
0.9287671232876712,0.6986301369863014,0.23013698630136986,84
0.10410958904109589,0.1643835616438356,-0.06027397260273973,-22
0.09315068493150686,0.11506849315068493,-0.021917808219178082,-8
0.3150684931506849,0.19726027397260273,0.1178082191780822,43
0.673972602739726,0.410958904109589,0.26301369863013696,96
0.0958904109589041,0.5424657534246575,-0.4465753424657534,-163
0.030136986301369864,0.5424657534246575,-0.5123287671232877,-187
0.3780821917808219,0.1643835616438356,0.2136986301369863,78
0.5095890410958904,0.6986301369863014,-0.18904109589041096,-69
0.7205479452054795,0.1643835616438356,0.5561643835616439,203
0.5561643835616439,0.4931506849315068,0.06301369863013699,23
0.8657534246575342,0.6986301369863014,0.16712328767123288,61
0.04657534246575343,0.36164383561643837,-0.3150684931506849,-115
0.01643835616438356,0.4273972602739726,-0.410958904109589,-150
0.12054794520547946,0.6986301369863014,-0.5780821917808219,-211
0.005479452054794521,0.4931506849315068,-0.4876712328767123,-178
0.005479452054794521,0.4273972602739726,-0.42191780821917807,-154
0.6273972602739726,0.19726027397260273,0.4301369863013699,157
0.4575342465753425,0.410958904109589,0.04657534246575343,17
0.3506849315068493,0.410958904109589,-0.06027397260273973,-22
0.3150684931506849,0.26301369863013696,0.052054794520547946,19
0.23835616438356164,0.11506849315068493,0.1232876712328767,45
0.2054794520547945,0.01643835616438356,0.18904109589041096,69
0.20273972602739726,0.0,0.20273972602739726,74
0.11506849315068493,0.1643835616438356,-0.049315068493150684,-18
0.2356164383561644,0.18082191780821918,0.0547945205479452,20
0.7561643835616438,0.0,0.7561643835616438,276
0.4191780821917808,0.0,0.4191780821917808,153
0.0410958904109589,0.0,0.0410958904109589,15
0.7013698630136986,0.13150684931506848,0.5698630136986301,208
0.0027397260273972603,0.6082191780821918,-0.6054794520547945,-221
0.0,0.0,0.0,0
0.27945205479452057,0.4438356164383562,-0.1643835616438356,-60
0.0027397260273972603,0.4273972602739726,-0.4246575342465753,-155
0.021917808219178082,0.13150684931506848,-0.1095890410958904,-40
0.01643835616438356,0.2465753424657534,-0.23013698630136986,-84
0.9753424657534246,0.1643835616438356,0.810958904109589,296
0.5780821917808219,0.049315068493150684,0.5287671232876713,193
0.0273972602739726,0.4438356164383562,-0.41643835616438357,-152
0.5287671232876713,0.5589041095890411,-0.030136986301369864,-11
0.8383561643835616,0.15342465753424658,0.684931506849315,250
0.5726027397260274,0.09863013698630137,0.473972602739726,173
0.03287671232876712,0.16986301369863013,-0.136986301369863,-50
0.947945205479452,0.13150684931506848,0.8164383561643835,298
0.5150684931506849,0.3780821917808219,0.136986301369863,50
0.27945205479452057,0.6986301369863014,-0.4191780821917808,-153
0.8794520547945206,0.6986301369863014,0.18082191780821918,66
0.0,0.0,0.0,0
0.31232876712328766,0.0821917808219178,0.23013698630136986,84
0.00821917808219178,0.27945205479452057,-0.27123287671232876,-99
0.0684931506849315,0.26301369863013696,-0.19452054794520549,-71
0.6684931506849315,0.5095890410958904,0.1589041095890411,58
0.4657534246575342,0.1643835616438356,0.3013698630136986,110
0.09863013698630137,0.5589041095890411,-0.4602739726027397,-168
0.03561643835616438,0.4767123287671233,-0.4410958904109589,-161
0.4520547945205479,0.6986301369863014,-0.2465753424657534,-90
0.40273972602739727,0.3452054794520548,0.057534246575342465,21
0.5150684931506849,0.0,0.5150684931506849,188
0.10136986301369863,0.1643835616438356,-0.06301369863013699,-23
0.20273972602739726,0.4767123287671233,-0.273972602739726,-100
0.20821917808219179,0.3452054794520548,-0.136986301369863,-50
0.35342465753424657,0.4438356164383562,-0.09041095890410959,-33
0.36712328767123287,0.0,0.36712328767123287,134
0.21643835616438356,0.0,0.21643835616438356,79
0.6356164383561644,0.16986301369863013,0.4657534246575342,170
0.5643835616438356,0.1643835616438356,0.4,146
0.43561643835616437,0.0547945205479452,0.38082191780821917,139
0.07945205479452055,0.6082191780821918,-0.5287671232876713,-193
0.4821917808219178,0.0,0.4821917808219178,176
0.10136986301369863,0.18082191780821918,-0.07945205479452055,-29
0.2602739726027397,0.01643835616438356,0.24383561643835616,89
0.15342465753424658,0.049315068493150684,0.10410958904109589,38
0.0027397260273972603,0.0,0.0027397260273972603,1
0.3835616438356164,0.6986301369863014,-0.3150684931506849,-115
0.043835616438356165,0.26301369863013696,-0.2191780821917808,-80
0.06027397260273973,0.4931506849315068,-0.4328767123287671,-158
0.2328767123287671,0.06575342465753424,0.16712328767123288,61
0.11506849315068493,0.4602739726027397,-0.3452054794520548,-126
0.9753424657534246,0.14794520547945206,0.8273972602739726,302
0.0027397260273972603,0.0,0.0027397260273972603,1
0.13972602739726028,0.6410958904109589,-0.5013698630136987,-183
0.0027397260273972603,0.049315068493150684,-0.04657534246575343,-17
0.5945205479452055,0.3287671232876712,0.26575342465753427,97
0.23013698630136986,0.4602739726027397,-0.23013698630136986,-84
0.7452054794520548,0.0,0.7452054794520548,272
0.038356164383561646,0.6986301369863014,-0.6602739726027397,-241
0.0410958904109589,0.6986301369863014,-0.6575342465753424,-240
0.3150684931506849,0.18082191780821918,0.13424657534246576,49
0.6684931506849315,0.2465753424657534,0.42191780821917807,154
0.915068493150685,0.01643835616438356,0.8986301369863013,328
0.2958904109589041,0.5753424657534246,-0.27945205479452057,-102
0.0027397260273972603,0.0,0.0027397260273972603,1
0.27123287671232876,0.36164383561643837,-0.09041095890410959,-33
0.7726027397260274,0.13150684931506848,0.6410958904109589,234
0.4438356164383562,0.3287671232876712,0.11506849315068493,42
0.44931506849315067,0.39452054794520547,0.0547945205479452,20
0.0547945205479452,0.4438356164383562,-0.38904109589041097,-142
0.01643835616438356,0.01643835616438356,0.0,0
0.12054794520547946,0.4602739726027397,-0.33972602739726027,-124
0.3178082191780822,0.3780821917808219,-0.06027397260273973,-22
0.5589041095890411,0.06575342465753424,0.4931506849315068,180
0.4438356164383562,0.0273972602739726,0.41643835616438357,152
0.7178082191780822,0.11506849315068493,0.6027397260273972,220
0.030136986301369864,0.6986301369863014,-0.6684931506849315,-244
0.27123287671232876,0.14794520547945206,0.1232876712328767,45
0.6273972602739726,0.31232876712328766,0.3150684931506849,115
0.5315068493150685,0.0,0.5315068493150685,194
0.6520547945205479,0.3835616438356164,0.2684931506849315,98
0.0684931506849315,0.6986301369863014,-0.6301369863013698,-230
0.7945205479452054,0.6986301369863014,0.0958904109589041,35
0.3424657534246575,0.09863013698630137,0.24383561643835616,89
0.8794520547945206,0.3452054794520548,0.5342465753424658,195
0.04657534246575343,0.18082191780821918,-0.13424657534246576,-49
0.8,0.03287671232876712,0.7671232876712328,280
0.3643835616438356,0.03287671232876712,0.3315068493150685,121
0.0027397260273972603,0.0,0.0027397260273972603,1
0.29315068493150687,0.6986301369863014,-0.4054794520547945,-148
0.958904109589041,0.5753424657534246,0.3835616438356164,140
0.049315068493150684,0.14794520547945206,-0.09863013698630137,-36
0.7424657534246575,0.2136986301369863,0.5287671232876713,193
0.30684931506849317,0.6575342465753424,-0.3506849315068493,-128
0.2684931506849315,0.0,0.2684931506849315,98
0.8904109589041096,0.03287671232876712,0.8575342465753425,313
0.7945205479452054,0.23013698630136986,0.5643835616438356,206
0.7808219178082192,0.6986301369863014,0.0821917808219178,30
0.8136986301369863,0.0,0.8136986301369863,297
0.7863013698630137,0.03287671232876712,0.7534246575342466,275
0.7917808219178082,0.06575342465753424,0.726027397260274,265
0.03287671232876712,0.2136986301369863,-0.18082191780821918,-66
0.6904109589041096,0.3287671232876712,0.36164383561643837,132
0.04657534246575343,0.11506849315068493,-0.0684931506849315,-25
0.049315068493150684,0.30684931506849317,-0.25753424657534246,-94
0.00821917808219178,0.6986301369863014,-0.6904109589041096,-252
0.26301369863013696,0.6986301369863014,-0.43561643835616437,-159
0.27671232876712326,0.0,0.27671232876712326,101
0.7150684931506849,0.0,0.7150684931506849,261
0.7041095890410959,0.0821917808219178,0.6219178082191781,227
0.7424657534246575,0.0,0.7424657534246575,271
0.7726027397260274,0.01643835616438356,0.7561643835616438,276
0.024657534246575342,0.14794520547945206,-0.1232876712328767,-45
0.6164383561643836,0.6986301369863014,-0.0821917808219178,-30
0.10684931506849316,0.6986301369863014,-0.5917808219178082,-216
0.8027397260273973,0.2465753424657534,0.5561643835616439,203
0.2821917808219178,0.0821917808219178,0.2,73
0.0027397260273972603,0.0,0.0027397260273972603,1
0.0027397260273972603,0.01643835616438356,-0.0136986301369863,-5
0.5671232876712329,0.4602739726027397,0.10684931506849316,39
0.0027397260273972603,0.0,0.0027397260273972603,1
0.7780821917808219,0.2465753424657534,0.5315068493150685,194
0.07671232876712329,0.4931506849315068,-0.41643835616438357,-152
0.3506849315068493,0.5260273972602739,-0.17534246575342466,-64
0.057534246575342465,0.6410958904109589,-0.5835616438356165,-213
0.38904109589041097,0.1643835616438356,0.22465753424657534,82
0.6027397260273972,0.4931506849315068,0.1095890410958904,40
0.6,0.2958904109589041,0.3041095890410959,111
0.5534246575342465,0.0,0.5534246575342465,202
0.7452054794520548,0.6986301369863014,0.04657534246575343,17
0.19726027397260273,0.6575342465753424,-0.4602739726027397,-168
0.5260273972602739,0.6246575342465753,-0.09863013698630137,-36
0.33972602739726027,0.5424657534246575,-0.20273972602739726,-74
0.958904109589041,0.2958904109589041,0.663013698630137,242
0.18904109589041096,0.6904109589041096,-0.5013698630136987,-183
0.9260273972602739,0.4767123287671233,0.44931506849315067,164
0.44931506849315067,0.0,0.44931506849315067,164
0.8767123287671232,0.0,0.8767123287671232,320
0.049315068493150684,0.0,0.049315068493150684,18
0.1643835616438356,0.0,0.1643835616438356,60
0.1780821917808219,0.3287671232876712,-0.1506849315068493,-55
0.10410958904109589,0.0821917808219178,0.021917808219178082,8
0.38082191780821917,0.0,0.38082191780821917,139
0.2465753424657534,0.3780821917808219,-0.13150684931506848,-48
0.26301369863013696,0.01643835616438356,0.2465753424657534,90
0.26301369863013696,0.0,0.26301369863013696,96
0.4273972602739726,0.0,0.4273972602739726,156
1.0,0.26301369863013696,0.736986301369863,269
0.9671232876712329,0.1643835616438356,0.8027397260273973,293
0.09041095890410959,0.27945205479452057,-0.18904109589041096,-69
0.4273972602739726,0.2465753424657534,0.18082191780821918,66
0.0410958904109589,0.3452054794520548,-0.3041095890410959,-111
0.23835616438356164,0.4273972602739726,-0.18904109589041096,-69
0.0,0.06575342465753424,-0.06575342465753424,-24
0.2219178082191781,0.6986301369863014,-0.4767123287671233,-174
0.473972602739726,0.6986301369863014,-0.22465753424657534,-82
0.7561643835616438,0.0273972602739726,0.7287671232876712,266
0.915068493150685,0.0,0.915068493150685,334
0.8602739726027397,0.13150684931506848,0.7287671232876712,266
0.8684931506849315,0.27945205479452057,0.589041095890411,215
0.5342465753424658,0.01643835616438356,0.5178082191780822,189
0.9616438356164384,0.19726027397260273,0.7643835616438356,279
0.10410958904109589,0.2136986301369863,-0.1095890410958904,-40
0.9041095890410958,0.0,0.9041095890410958,330
0.6082191780821918,0.1643835616438356,0.4438356164383562,162
0.5232876712328767,0.03287671232876712,0.4904109589041096,179
1.0,0.0,1.0,365
0.6082191780821918,0.19726027397260273,0.410958904109589,150
0.0273972602739726,0.39452054794520547,-0.36712328767123287,-134
0.3726027397260274,0.3287671232876712,0.043835616438356165,16
0.33424657534246577,0.1643835616438356,0.16986301369863013,62
0.40821917808219177,0.0,0.40821917808219177,149
0.40821917808219177,0.0,0.40821917808219177,149
0.1232876712328767,0.23013698630136986,-0.10684931506849316,-39
0.0410958904109589,0.410958904109589,-0.3698630136986301,-135
0.5643835616438356,0.13150684931506848,0.4328767123287671,158
0.2958904109589041,0.0,0.2958904109589041,108
0.2136986301369863,0.36164383561643837,-0.14794520547945206,-54
0.4054794520547945,0.5753424657534246,-0.16986301369863013,-62
0.44931506849315067,0.5095890410958904,-0.06027397260273973,-22
0.410958904109589,0.4767123287671233,-0.06575342465753424,-24
0.4191780821917808,0.4273972602739726,-0.00821917808219178,-3
0.03561643835616438,0.6986301369863014,-0.663013698630137,-242
0.7561643835616438,0.03287671232876712,0.7232876712328767,264
0.024657534246575342,0.23013698630136986,-0.2054794520547945,-75
0.07945205479452055,0.6986301369863014,-0.6191780821917808,-226
0.10410958904109589,0.2465753424657534,-0.14246575342465753,-52
0.12054794520547946,0.2465753424657534,-0.12602739726027398,-46
0.7808219178082192,0.0821917808219178,0.6986301369863014,255
0.0136986301369863,0.6986301369863014,-0.684931506849315,-250
0.3013698630136986,0.1643835616438356,0.136986301369863,50
0.15342465753424658,0.5424657534246575,-0.38904109589041097,-142
0.6273972602739726,0.0,0.6273972602739726,229
0.4684931506849315,0.01643835616438356,0.4520547945205479,165
0.7342465753424657,0.14794520547945206,0.5863013698630137,214
0.23013698630136986,0.01643835616438356,0.2136986301369863,78
0.2602739726027397,0.1643835616438356,0.0958904109589041,35
0.8904109589041096,0.1643835616438356,0.726027397260274,265
0.01643835616438356,0.27945205479452057,-0.26301369863013696,-96
0.07671232876712329,0.547945205479452,-0.4712328767123288,-172
0.2821917808219178,0.6410958904109589,-0.3589041095890411,-131
0.0136986301369863,0.01643835616438356,-0.0027397260273972603,-1
0.5534246575342465,0.03287671232876712,0.5205479452054794,190
0.3863013698630137,0.06575342465753424,0.32054794520547947,117
0.0410958904109589,0.2136986301369863,-0.1726027397260274,-63
0.3863013698630137,0.5753424657534246,-0.18904109589041096,-69
0.7095890410958904,0.3287671232876712,0.38082191780821917,139
0.14794520547945206,0.4931506849315068,-0.3452054794520548,-126
0.936986301369863,0.049315068493150684,0.8876712328767123,324
0.26301369863013696,0.0,0.26301369863013696,96
0.7616438356164383,0.038356164383561646,0.7232876712328767,264
0.01643835616438356,0.09863013698630137,-0.0821917808219178,-30
0.6547945205479452,0.39452054794520547,0.2602739726027397,95
0.5561643835616439,0.3780821917808219,0.1780821917808219,65
0.2191780821917808,0.6986301369863014,-0.4794520547945205,-175
0.7616438356164383,0.0,0.7616438356164383,278
0.057534246575342465,0.13150684931506848,-0.07397260273972603,-27
0.0684931506849315,0.4273972602739726,-0.3589041095890411,-131
0.2273972602739726,0.13150684931506848,0.0958904109589041,35
0.5972602739726027,0.6986301369863014,-0.10136986301369863,-37
0.32054794520547947,0.0821917808219178,0.23835616438356164,87
0.8136986301369863,0.4931506849315068,0.32054794520547947,117
0.0136986301369863,0.2465753424657534,-0.2328767123287671,-85
0.2821917808219178,0.2958904109589041,-0.0136986301369863,-5
0.00821917808219178,0.5424657534246575,-0.5342465753424658,-195
0.9123287671232877,0.6986301369863014,0.2136986301369863,78
0.3424657534246575,0.5424657534246575,-0.2,-73
0.7561643835616438,0.06575342465753424,0.6904109589041096,252
0.26301369863013696,0.0,0.26301369863013696,96
0.4958904109589041,0.27945205479452057,0.21643835616438356,79
0.2328767123287671,0.049315068493150684,0.18356164383561643,67
0.5945205479452055,0.0,0.5945205479452055,217
0.38904109589041097,0.4931506849315068,-0.10410958904109589,-38
0.019178082191780823,0.2958904109589041,-0.27671232876712326,-101
0.36164383561643837,0.5095890410958904,-0.14794520547945206,-54
0.4465753424657534,0.18082191780821918,0.26575342465753427,97
0.1232876712328767,0.4767123287671233,-0.35342465753424657,-129
0.14794520547945206,0.3452054794520548,-0.19726027397260273,-72
0.14794520547945206,0.5095890410958904,-0.36164383561643837,-132
0.136986301369863,0.410958904109589,-0.273972602739726,-100
0.3698630136986301,0.0,0.3698630136986301,135
0.2219178082191781,0.6986301369863014,-0.4767123287671233,-174
0.8273972602739726,0.6986301369863014,0.12876712328767123,47
0.5315068493150685,0.0,0.5315068493150685,194
0.8712328767123287,0.06575342465753424,0.8054794520547945,294
0.7726027397260274,0.31232876712328766,0.4602739726027397,168
0.36712328767123287,0.3287671232876712,0.038356164383561646,14
0.136986301369863,0.6986301369863014,-0.5616438356164384,-205
0.4136986301369863,0.6986301369863014,-0.28493150684931506,-104
0.8438356164383561,0.6082191780821918,0.2356164383561644,86
0.0136986301369863,0.4931506849315068,-0.4794520547945205,-175
0.26301369863013696,0.0,0.26301369863013696,96
0.2356164383561644,0.03287671232876712,0.20273972602739726,74
0.049315068493150684,0.23013698630136986,-0.18082191780821918,-66
0.0027397260273972603,0.3452054794520548,-0.3424657534246575,-125
0.06301369863013699,0.27945205479452057,-0.21643835616438356,-79
0.726027397260274,0.3452054794520548,0.38082191780821917,139
0.0,0.27945205479452057,-0.27945205479452057,-102
0.010958904109589041,0.4273972602739726,-0.41643835616438357,-152
0.04657534246575343,0.26301369863013696,-0.21643835616438356,-79
0.1178082191780822,0.4273972602739726,-0.3095890410958904,-113
0.26301369863013696,0.0,0.26301369863013696,96
0.2356164383561644,0.19726027397260273,0.038356164383561646,14
0.9095890410958904,0.0821917808219178,0.8273972602739726,302
0.7452054794520548,0.0,0.7452054794520548,272
0.2191780821917808,0.3452054794520548,-0.12602739726027398,-46
0.1917808219178082,0.36164383561643837,-0.16986301369863013,-62
0.5671232876712329,0.049315068493150684,0.5178082191780822,189
0.863013698630137,0.2465753424657534,0.6164383561643836,225
0.26575342465753427,0.6082191780821918,-0.3424657534246575,-125
0.27123287671232876,0.5424657534246575,-0.27123287671232876,-99
0.28493150684931506,0.2958904109589041,-0.010958904109589041,-4
0.17534246575342466,0.136986301369863,0.038356164383561646,14
0.26301369863013696,0.0,0.26301369863013696,96
0.5835616438356165,0.2958904109589041,0.2876712328767123,105
0.1232876712328767,0.2136986301369863,-0.09041095890410959,-33
0.07397260273972603,0.3287671232876712,-0.2547945205479452,-93
0.9780821917808219,0.2136986301369863,0.7643835616438356,279
0.7726027397260274,0.06575342465753424,0.7068493150684931,258
0.0,0.1643835616438356,-0.1643835616438356,-60
0.00821917808219178,0.13150684931506848,-0.1232876712328767,-45
0.0547945205479452,0.6986301369863014,-0.6438356164383562,-235
0.4958904109589041,0.31232876712328766,0.18356164383561643,67
0.5287671232876713,0.6986301369863014,-0.16986301369863013,-62
0.26575342465753427,0.01643835616438356,0.2493150684931507,91
0.32602739726027397,0.410958904109589,-0.08493150684931507,-31
0.7534246575342466,0.03287671232876712,0.7205479452054795,263
0.4794520547945205,0.0,0.4794520547945205,175
0.052054794520547946,0.673972602739726,-0.6219178082191781,-227
0.43561643835616437,0.6986301369863014,-0.26301369863013696,-96
0.06301369863013699,0.5589041095890411,-0.4958904109589041,-181
0.7178082191780822,0.0,0.7178082191780822,262
0.5315068493150685,0.5753424657534246,-0.043835616438356165,-16
0.1232876712328767,0.0,0.1232876712328767,45
0.4328767123287671,0.0,0.4328767123287671,158
0.11506849315068493,0.6986301369863014,-0.5835616438356165,-213
0.03287671232876712,0.19726027397260273,-0.1643835616438356,-60
0.07671232876712329,0.5589041095890411,-0.4821917808219178,-176
0.10136986301369863,0.5095890410958904,-0.40821917808219177,-149
0.16712328767123288,0.0821917808219178,0.08493150684931507,31
0.5534246575342465,0.5260273972602739,0.0273972602739726,10
0.5780821917808219,0.4273972602739726,0.1506849315068493,55
0.4986301369863014,0.3287671232876712,0.16986301369863013,62
0.4657534246575342,0.3452054794520548,0.12054794520547946,44
0.4931506849315068,0.26301369863013696,0.23013698630136986,84
0.5095890410958904,0.18082191780821918,0.3287671232876712,120
0.3315068493150685,0.39452054794520547,-0.06301369863013699,-23
0.18082191780821918,0.6575342465753424,-0.4767123287671233,-174
0.29315068493150687,0.11506849315068493,0.1780821917808219,65
0.26301369863013696,0.0,0.26301369863013696,96
0.3178082191780822,0.5095890410958904,-0.1917808219178082,-70
0.1780821917808219,0.6986301369863014,-0.5205479452054794,-190
0.7945205479452054,0.6986301369863014,0.0958904109589041,35
0.019178082191780823,0.19726027397260273,-0.1780821917808219,-65
0.26301369863013696,0.0,0.26301369863013696,96
0.26301369863013696,0.0,0.26301369863013696,96
0.14794520547945206,0.23013698630136986,-0.0821917808219178,-30
0.043835616438356165,0.6410958904109589,-0.5972602739726027,-218
0.26301369863013696,0.0,0.26301369863013696,96
0.0547945205479452,0.2465753424657534,-0.1917808219178082,-70
0.8986301369863013,0.0,0.8986301369863013,328
0.2356164383561644,0.0821917808219178,0.15342465753424658,56
0.8383561643835616,0.5095890410958904,0.3287671232876712,120
0.0547945205479452,0.03287671232876712,0.021917808219178082,8
0.26301369863013696,0.0,0.26301369863013696,96
0.9726027397260274,0.410958904109589,0.5616438356164384,205
0.06027397260273973,0.4767123287671233,-0.41643835616438357,-152
0.8191780821917808,0.6986301369863014,0.12054794520547946,44
0.32602739726027397,0.3287671232876712,-0.0027397260273972603,-1
0.5287671232876713,0.39452054794520547,0.13424657534246576,49
0.39452054794520547,0.0,0.39452054794520547,144
0.7972602739726027,0.2465753424657534,0.5506849315068493,201
0.27945205479452057,0.049315068493150684,0.23013698630136986,84
0.5150684931506849,0.5753424657534246,-0.06027397260273973,-22
0.024657534246575342,0.049315068493150684,-0.024657534246575342,-9
0.005479452054794521,0.0,0.005479452054794521,2
0.0410958904109589,0.03287671232876712,0.00821917808219178,3
0.8082191780821918,0.6986301369863014,0.1095890410958904,40
0.26301369863013696,0.0,0.26301369863013696,96
0.273972602739726,0.0,0.273972602739726,100
0.273972602739726,0.01643835616438356,0.25753424657534246,94
0.052054794520547946,0.4273972602739726,-0.37534246575342467,-137
0.13424657534246576,0.13150684931506848,0.0027397260273972603,1
0.26301369863013696,0.0,0.26301369863013696,96
0.4575342465753425,0.01643835616438356,0.4410958904109589,161
0.07397260273972603,0.0,0.07397260273972603,27
0.273972602739726,0.0,0.273972602739726,100
0.23835616438356164,0.3780821917808219,-0.13972602739726028,-51
0.16712328767123288,0.6986301369863014,-0.5315068493150685,-194
0.07945205479452055,0.6986301369863014,-0.6191780821917808,-226
0.13150684931506848,0.6904109589041096,-0.5589041095890411,-204
0.14246575342465753,0.0,0.14246575342465753,52
0.09315068493150686,0.6246575342465753,-0.5315068493150685,-194
0.5534246575342465,0.09863013698630137,0.4547945205479452,166
0.5808219178082191,0.03287671232876712,0.547945205479452,200
0.7616438356164383,0.11506849315068493,0.6465753424657534,236
0.3287671232876712,0.3287671232876712,0.0,0
0.0,0.01643835616438356,-0.01643835616438356,-6
0.7452054794520548,0.1643835616438356,0.5808219178082191,212
0.673972602739726,0.36164383561643837,0.31232876712328766,114
0.8082191780821918,0.19726027397260273,0.6109589041095891,223
0.3643835616438356,0.6904109589041096,-0.32602739726027397,-119
0.7150684931506849,0.2136986301369863,0.5013698630136987,183
0.46301369863013697,0.39452054794520547,0.0684931506849315,25
0.5150684931506849,0.09863013698630137,0.41643835616438357,152
0.0027397260273972603,0.11506849315068493,-0.11232876712328767,-41
0.29863013698630136,0.0,0.29863013698630136,109
0.7534246575342466,0.021917808219178082,0.7315068493150685,267
0.9643835616438357,0.3780821917808219,0.5863013698630137,214
0.30684931506849317,0.6986301369863014,-0.3917808219178082,-143
0.08767123287671233,0.6082191780821918,-0.5205479452054794,-190
0.9698630136986301,0.23013698630136986,0.7397260273972602,270
0.12602739726027398,0.6986301369863014,-0.5726027397260274,-209
0.2602739726027397,0.13150684931506848,0.12876712328767123,47
0.08767123287671233,0.6986301369863014,-0.6109589041095891,-223
0.07397260273972603,0.6986301369863014,-0.6246575342465753,-228
0.5506849315068493,0.2136986301369863,0.336986301369863,123
0.29315068493150687,0.4602739726027397,-0.16712328767123288,-61
0.29315068493150687,0.31232876712328766,-0.019178082191780823,-7
0.9178082191780822,0.14794520547945206,0.7698630136986301,281
0.5671232876712329,0.049315068493150684,0.5178082191780822,189
0.5397260273972603,0.049315068493150684,0.4904109589041096,179
0.27945205479452057,0.09863013698630137,0.18082191780821918,66
0.5753424657534246,0.049315068493150684,0.5260273972602739,192
1.0,0.0,1.0,365
0.26575342465753427,0.0,0.26575342465753427,97
0.29863013698630136,0.6986301369863014,-0.4,-146
0.8876712328767123,0.4767123287671233,0.410958904109589,150
0.26301369863013696,0.0,0.26301369863013696,96
0.0547945205479452,0.049315068493150684,0.005479452054794521,2
0.26575342465753427,0.4438356164383562,-0.1780821917808219,-65
0.7561643835616438,0.0,0.7561643835616438,276
0.8246575342465754,0.4602739726027397,0.3643835616438356,133
0.29041095890410956,0.6986301369863014,-0.40821917808219177,-149
0.5808219178082191,0.09863013698630137,0.4821917808219178,176
0.0,0.0,0.0,0
0.1589041095890411,0.6986301369863014,-0.5397260273972603,-197
0.9726027397260274,0.049315068493150684,0.9232876712328767,337
0.26301369863013696,0.0,0.26301369863013696,96
0.4136986301369863,0.18082191780821918,0.2328767123287671,85
0.5315068493150685,0.23013698630136986,0.3013698630136986,110
0.03287671232876712,0.01643835616438356,0.01643835616438356,6
0.6712328767123288,0.6986301369863014,-0.0273972602739726,-10
0.9561643835616438,0.39452054794520547,0.5616438356164384,205
0.31232876712328766,0.5589041095890411,-0.2465753424657534,-90
0.7068493150684931,0.31232876712328766,0.39452054794520547,144
0.21095890410958903,0.15342465753424658,0.057534246575342465,21
0.9178082191780822,0.30684931506849317,0.6109589041095891,223
0.7808219178082192,0.1643835616438356,0.6164383561643836,225
0.4136986301369863,0.049315068493150684,0.3643835616438356,133
0.1506849315068493,0.6986301369863014,-0.547945205479452,-200
0.26575342465753427,0.01643835616438356,0.2493150684931507,91
0.7561643835616438,0.0,0.7561643835616438,276
0.0,0.4602739726027397,-0.4602739726027397,-168
0.13424657534246576,0.6575342465753424,-0.5232876712328767,-191
0.915068493150685,0.049315068493150684,0.8657534246575342,316
0.29315068493150687,0.03287671232876712,0.2602739726027397,95
0.26301369863013696,0.0,0.26301369863013696,96
0.9534246575342465,0.18082191780821918,0.7726027397260274,282
0.7041095890410959,0.33972602739726027,0.3643835616438356,133
0.0,0.0,0.0,0
0.22465753424657534,0.049315068493150684,0.17534246575342466,64
0.12054794520547946,0.2136986301369863,-0.09315068493150686,-34
0.9534246575342465,0.4602739726027397,0.4931506849315068,180
0.021917808219178082,0.6575342465753424,-0.6356164383561644,-232
0.32602739726027397,0.2958904109589041,0.030136986301369864,11
0.2602739726027397,0.14794520547945206,0.11232876712328767,41
0.9342465753424658,0.09863013698630137,0.8356164383561644,305
0.09863013698630137,0.39452054794520547,-0.2958904109589041,-108
0.049315068493150684,0.39452054794520547,-0.3452054794520548,-126
0.7726027397260274,0.2958904109589041,0.4767123287671233,174
0.3315068493150685,0.1643835616438356,0.16712328767123288,61
0.5315068493150685,0.6986301369863014,-0.16712328767123288,-61
0.3424657534246575,0.1643835616438356,0.1780821917808219,65
0.5506849315068493,0.0821917808219178,0.4684931506849315,171
0.10136986301369863,0.18082191780821918,-0.07945205479452055,-29
0.5780821917808219,0.6986301369863014,-0.12054794520547946,-44
0.1506849315068493,0.1643835616438356,-0.0136986301369863,-5
0.13150684931506848,0.0821917808219178,0.049315068493150684,18
0.1506849315068493,0.06575342465753424,0.08493150684931507,31
0.821917808219178,0.08767123287671233,0.7342465753424657,268
0.6356164383561644,0.0,0.6356164383561644,232
0.7561643835616438,0.01643835616438356,0.7397260273972602,270
0.3013698630136986,0.2136986301369863,0.08767123287671233,32
0.08493150684931507,0.26301369863013696,-0.1780821917808219,-65
0.21643835616438356,0.3287671232876712,-0.11232876712328767,-41
0.28493150684931506,0.5753424657534246,-0.29041095890410956,-106
0.4986301369863014,0.11506849315068493,0.3835616438356164,140
0.6520547945205479,0.6986301369863014,-0.04657534246575343,-17
0.4273972602739726,0.6986301369863014,-0.27123287671232876,-99
0.5068493150684932,0.19726027397260273,0.3095890410958904,113
0.7178082191780822,0.3452054794520548,0.3726027397260274,136
0.0136986301369863,0.11506849315068493,-0.10136986301369863,-37
0.2602739726027397,0.6986301369863014,-0.4383561643835616,-160
0.8301369863013699,0.0,0.8301369863013699,303
0.3150684931506849,0.5589041095890411,-0.24383561643835616,-89
0.26301369863013696,0.0,0.26301369863013696,96
0.810958904109589,0.6575342465753424,0.15342465753424658,56
0.16986301369863013,0.4931506849315068,-0.3232876712328767,-118
0.26575342465753427,0.0821917808219178,0.18356164383561643,67
0.07397260273972603,0.6986301369863014,-0.6246575342465753,-228
0.473972602739726,0.4931506849315068,-0.019178082191780823,-7
0.03561643835616438,0.4931506849315068,-0.4575342465753425,-167
0.1095890410958904,0.6986301369863014,-0.589041095890411,-215
0.8493150684931506,0.11506849315068493,0.7342465753424657,268
0.26301369863013696,0.0,0.26301369863013696,96
0.7561643835616438,0.01643835616438356,0.7397260273972602,270
0.2602739726027397,0.18082191780821918,0.07945205479452055,29
0.3589041095890411,0.6986301369863014,-0.33972602739726027,-124
0.5917808219178082,0.2136986301369863,0.3780821917808219,138
0.4958904109589041,0.0,0.4958904109589041,181
0.7534246575342466,0.6986301369863014,0.0547945205479452,20
0.1589041095890411,0.6986301369863014,-0.5397260273972603,-197
0.4191780821917808,0.0,0.4191780821917808,153
0.44931506849315067,0.6986301369863014,-0.2493150684931507,-91
0.7698630136986301,0.0,0.7698630136986301,281
0.3589041095890411,0.2958904109589041,0.06301369863013699,23
0.1863013698630137,0.5095890410958904,-0.3232876712328767,-118
0.16712328767123288,0.2465753424657534,-0.07945205479452055,-29
0.5123287671232877,0.0,0.5123287671232877,187
0.3698630136986301,0.0821917808219178,0.2876712328767123,105
0.8383561643835616,0.19726027397260273,0.6410958904109589,234
0.5726027397260274,0.01643835616438356,0.5561643835616439,203
0.13150684931506848,0.6986301369863014,-0.5671232876712329,-207
0.2,0.6575342465753424,-0.4575342465753425,-167
0.3424657534246575,0.5095890410958904,-0.16712328767123288,-61
0.2410958904109589,0.4438356164383562,-0.20273972602739726,-74
0.26575342465753427,0.03287671232876712,0.2328767123287671,85
0.6054794520547945,0.673972602739726,-0.0684931506849315,-25
0.3424657534246575,0.18082191780821918,0.16164383561643836,59
0.9397260273972603,0.18082191780821918,0.7589041095890411,277
0.7917808219178082,0.03287671232876712,0.7589041095890411,277
0.7424657534246575,0.1643835616438356,0.5780821917808219,211
0.5698630136986301,0.13150684931506848,0.4383561643835616,160
0.29315068493150687,0.5260273972602739,-0.2328767123287671,-85
0.32602739726027397,0.6986301369863014,-0.3726027397260274,-136
0.5589041095890411,0.3287671232876712,0.23013698630136986,84
0.7945205479452054,0.1643835616438356,0.6301369863013698,230
0.3315068493150685,0.4767123287671233,-0.14520547945205478,-53
0.3287671232876712,0.19726027397260273,0.13150684931506848,48
0.31232876712328766,0.3780821917808219,-0.06575342465753424,-24
0.5342465753424658,0.27945205479452057,0.2547945205479452,93
0.07397260273972603,0.6986301369863014,-0.6246575342465753,-228
0.7726027397260274,0.13150684931506848,0.6410958904109589,234
0.39452054794520547,0.01643835616438356,0.3780821917808219,138
0.36712328767123287,0.6986301369863014,-0.3315068493150685,-121
0.821917808219178,0.0,0.821917808219178,300
0.9534246575342465,0.0,0.9534246575342465,348
0.5260273972602739,0.15342465753424658,0.3726027397260274,136
0.8027397260273973,0.31232876712328766,0.4904109589041096,179
0.6136986301369863,0.5424657534246575,0.07123287671232877,26
0.7726027397260274,0.18082191780821918,0.5917808219178082,216
0.00821917808219178,0.0,0.00821917808219178,3
0.1178082191780822,0.36164383561643837,-0.24383561643835616,-89
0.6493150684931507,0.31232876712328766,0.336986301369863,123
0.4191780821917808,0.31232876712328766,0.10684931506849316,39
0.04657534246575343,0.39452054794520547,-0.34794520547945207,-127
0.0273972602739726,0.3287671232876712,-0.3013698630136986,-110
0.010958904109589041,0.26301369863013696,-0.25205479452054796,-92
0.3095890410958904,0.5917808219178082,-0.2821917808219178,-103
0.26301369863013696,0.0,0.26301369863013696,96
0.0027397260273972603,0.0,0.0027397260273972603,1
0.04657534246575343,0.27945205479452057,-0.2328767123287671,-85
0.3013698630136986,0.39452054794520547,-0.09315068493150686,-34
0.3095890410958904,0.6986301369863014,-0.38904109589041097,-142
0.8684931506849315,0.5753424657534246,0.29315068493150687,107
0.31232876712328766,0.0,0.31232876712328766,114
0.0027397260273972603,0.0,0.0027397260273972603,1
0.019178082191780823,0.0,0.019178082191780823,7
0.06575342465753424,0.6986301369863014,-0.6328767123287671,-231
0.26301369863013696,0.0547945205479452,0.20821917808219179,76
0.8931506849315068,0.0,0.8931506849315068,326
0.38904109589041097,0.6986301369863014,-0.3095890410958904,-113
0.08493150684931507,0.6986301369863014,-0.6136986301369863,-224
0.6520547945205479,0.3780821917808219,0.273972602739726,100
0.7726027397260274,0.0,0.7726027397260274,282
0.0027397260273972603,0.0,0.0027397260273972603,1
0.10136986301369863,0.6986301369863014,-0.5972602739726027,-218
0.07671232876712329,0.14794520547945206,-0.07123287671232877,-26
0.8493150684931506,0.1643835616438356,0.684931506849315,250
0.07671232876712329,0.049315068493150684,0.0273972602739726,10
0.005479452054794521,0.0,0.005479452054794521,2
0.00821917808219178,0.4273972602739726,-0.4191780821917808,-153
0.9835616438356164,0.0821917808219178,0.9013698630136986,329
0.03561643835616438,0.6082191780821918,-0.5726027397260274,-209
0.07671232876712329,0.049315068493150684,0.0273972602739726,10
0.2136986301369863,0.6986301369863014,-0.4849315068493151,-177
0.32602739726027397,0.36164383561643837,-0.03561643835616438,-13
0.26575342465753427,0.0,0.26575342465753427,97
0.16712328767123288,0.4602739726027397,-0.29315068493150687,-107
0.8082191780821918,0.0,0.8082191780821918,295
0.11232876712328767,0.39452054794520547,-0.2821917808219178,-103
0.26301369863013696,0.01643835616438356,0.2465753424657534,90
0.00821917808219178,0.6986301369863014,-0.6904109589041096,-252
0.19726027397260273,0.1643835616438356,0.03287671232876712,12
0.26301369863013696,0.0,0.26301369863013696,96
0.052054794520547946,0.31232876712328766,-0.2602739726027397,-95
0.3424657534246575,0.03287671232876712,0.3095890410958904,113
0.2821917808219178,0.31232876712328766,-0.030136986301369864,-11
0.39452054794520547,0.2136986301369863,0.18082191780821918,66
0.13150684931506848,0.27945205479452057,-0.14794520547945206,-54
0.9041095890410958,0.23013698630136986,0.673972602739726,246
0.7616438356164383,0.36164383561643837,0.4,146
0.1178082191780822,0.6986301369863014,-0.5808219178082191,-212
0.7150684931506849,0.01643835616438356,0.6986301369863014,255
0.00821917808219178,0.14794520547945206,-0.13972602739726028,-51
0.3150684931506849,0.19726027397260273,0.1178082191780822,43
0.9452054794520548,0.23013698630136986,0.7150684931506849,261
0.0,0.0,0.0,0
0.13972602739726028,0.16986301369863013,-0.030136986301369864,-11
0.26575342465753427,0.15342465753424658,0.11232876712328767,41
0.13424657534246576,0.0,0.13424657534246576,49
0.29041095890410956,0.0821917808219178,0.20821917808219179,76
0.26301369863013696,0.0,0.26301369863013696,96
0.26301369863013696,0.0,0.26301369863013696,96
0.0821917808219178,0.0821917808219178,0.0,0
0.7095890410958904,0.19726027397260273,0.5123287671232877,187
0.9917808219178083,0.03287671232876712,0.958904109589041,350
0.5397260273972603,0.6986301369863014,-0.1589041095890411,-58
0.4520547945205479,0.36164383561643837,0.09041095890410959,33
0.0684931506849315,0.1643835616438356,-0.0958904109589041,-35
0.4383561643835616,0.2465753424657534,0.1917808219178082,70
0.28493150684931506,0.049315068493150684,0.2356164383561644,86
0.00821917808219178,0.18082191780821918,-0.1726027397260274,-63
0.0684931506849315,0.410958904109589,-0.3424657534246575,-125
0.14246575342465753,0.3452054794520548,-0.20273972602739726,-74
0.2876712328767123,0.6986301369863014,-0.410958904109589,-150
0.2602739726027397,0.11506849315068493,0.14520547945205478,53
0.0,0.01643835616438356,-0.01643835616438356,-6
0.005479452054794521,0.27945205479452057,-0.273972602739726,-100
0.26301369863013696,0.0,0.26301369863013696,96
0.3013698630136986,0.4602739726027397,-0.1589041095890411,-58
0.7041095890410959,0.19726027397260273,0.5068493150684932,185
0.8410958904109589,0.27945205479452057,0.5616438356164384,205
0.07945205479452055,0.19726027397260273,-0.1178082191780822,-43
0.7068493150684931,0.5589041095890411,0.14794520547945206,54
0.5260273972602739,0.0,0.5260273972602739,192
0.4821917808219178,0.5095890410958904,-0.0273972602739726,-10
0.5205479452054794,0.06575342465753424,0.4547945205479452,166
0.9726027397260274,0.2136986301369863,0.7589041095890411,277
0.4876712328767123,0.0821917808219178,0.4054794520547945,148
0.6246575342465753,0.26301369863013696,0.36164383561643837,132
0.8931506849315068,0.3780821917808219,0.5150684931506849,188
0.3589041095890411,0.6410958904109589,-0.2821917808219178,-103
0.5506849315068493,0.0,0.5506849315068493,201
0.06575342465753424,0.5260273972602739,-0.4602739726027397,-168
0.26301369863013696,0.0,0.26301369863013696,96
0.12054794520547946,0.6986301369863014,-0.5780821917808219,-211
0.1589041095890411,0.6986301369863014,-0.5397260273972603,-197
0.5095890410958904,0.6986301369863014,-0.18904109589041096,-69
0.38082191780821917,0.6986301369863014,-0.3178082191780822,-116
0.26301369863013696,0.01643835616438356,0.2465753424657534,90
0.005479452054794521,0.01643835616438356,-0.010958904109589041,-4
0.26301369863013696,0.01643835616438356,0.2465753424657534,90
0.26301369863013696,0.0,0.26301369863013696,96
0.6986301369863014,0.11506849315068493,0.5835616438356165,213
0.30684931506849317,0.39452054794520547,-0.08767123287671233,-32
0.7917808219178082,0.4438356164383562,0.34794520547945207,127
0.7589041095890411,0.049315068493150684,0.7095890410958904,259
0.9315068493150684,0.1643835616438356,0.7671232876712328,280
0.26301369863013696,0.0,0.26301369863013696,96
0.26301369863013696,0.0,0.26301369863013696,96
0.2684931506849315,0.01643835616438356,0.25205479452054796,92
0.4958904109589041,0.6986301369863014,-0.20273972602739726,-74
0.7589041095890411,0.39452054794520547,0.3643835616438356,133
0.8602739726027397,0.14794520547945206,0.7123287671232876,260
0.5452054794520548,0.1643835616438356,0.38082191780821917,139
0.5917808219178082,0.6986301369863014,-0.10684931506849316,-39
0.7863013698630137,0.11506849315068493,0.6712328767123288,245
0.4876712328767123,0.19726027397260273,0.29041095890410956,106
0.09315068493150686,0.19726027397260273,-0.10410958904109589,-38
0.0136986301369863,0.3780821917808219,-0.3643835616438356,-133
0.26301369863013696,0.0,0.26301369863013696,96
0.0,0.0,0.0,0
0.4136986301369863,0.1643835616438356,0.2493150684931507,91
0.7589041095890411,0.39452054794520547,0.3643835616438356,133
0.5260273972602739,0.1643835616438356,0.36164383561643837,132
0.273972602739726,0.6986301369863014,-0.4246575342465753,-155
0.5095890410958904,0.01643835616438356,0.4931506849315068,180
0.7287671232876712,0.0,0.7287671232876712,266
0.6356164383561644,0.4767123287671233,0.1589041095890411,58
0.8,0.14794520547945206,0.6520547945205479,238
0.3041095890410959,0.6986301369863014,-0.39452054794520547,-144
0.8191780821917808,0.6986301369863014,0.12054794520547946,44
0.7945205479452054,0.3835616438356164,0.410958904109589,150
0.589041095890411,0.5095890410958904,0.07945205479452055,29
0.2684931506849315,0.0,0.2684931506849315,98
0.043835616438356165,0.6986301369863014,-0.6547945205479452,-239
0.12876712328767123,0.5753424657534246,-0.4465753424657534,-163
0.6136986301369863,0.6986301369863014,-0.08493150684931507,-31
0.7287671232876712,0.3835616438356164,0.3452054794520548,126
0.0027397260273972603,0.0,0.0027397260273972603,1
0.6547945205479452,0.27945205479452057,0.37534246575342467,137
0.5589041095890411,0.09863013698630137,0.4602739726027397,168
0.030136986301369864,0.410958904109589,-0.38082191780821917,-139
0.043835616438356165,0.6082191780821918,-0.5643835616438356,-206
0.3424657534246575,0.6575342465753424,-0.3150684931506849,-115
0.273972602739726,0.1643835616438356,0.1095890410958904,40
0.27945205479452057,0.6986301369863014,-0.4191780821917808,-153
0.31232876712328766,0.5917808219178082,-0.27945205479452057,-102
0.4191780821917808,0.4273972602739726,-0.00821917808219178,-3
0.005479452054794521,0.4602739726027397,-0.4547945205479452,-166
0.010958904109589041,0.1095890410958904,-0.09863013698630137,-36
0.8054794520547945,0.18082191780821918,0.6246575342465753,228
0.0,0.13150684931506848,-0.13150684931506848,-48
0.0,0.6986301369863014,-0.6986301369863014,-255
0.0547945205479452,0.6986301369863014,-0.6438356164383562,-235
0.057534246575342465,0.13150684931506848,-0.07397260273972603,-27
0.0,0.06575342465753424,-0.06575342465753424,-24
0.00821917808219178,0.23013698630136986,-0.2219178082191781,-81
0.10684931506849316,0.6986301369863014,-0.5917808219178082,-216
0.03287671232876712,0.3452054794520548,-0.31232876712328766,-114
0.12054794520547946,0.4767123287671233,-0.3561643835616438,-130
0.7068493150684931,0.4931506849315068,0.2136986301369863,78
0.005479452054794521,0.6904109589041096,-0.684931506849315,-250
0.010958904109589041,0.3780821917808219,-0.36712328767123287,-134
0.09863013698630137,0.4602739726027397,-0.36164383561643837,-132
0.04657534246575343,0.2136986301369863,-0.16712328767123288,-61
0.35342465753424657,0.6986301369863014,-0.3452054794520548,-126
0.00821917808219178,0.06575342465753424,-0.057534246575342465,-21
0.915068493150685,0.18082191780821918,0.7342465753424657,268
0.1178082191780822,0.0,0.1178082191780822,43
0.7643835616438356,0.03287671232876712,0.7315068493150685,267
0.8876712328767123,0.6986301369863014,0.18904109589041096,69
0.9041095890410958,0.4438356164383562,0.4602739726027397,168
0.9095890410958904,0.4273972602739726,0.4821917808219178,176
0.5013698630136987,0.6082191780821918,-0.10684931506849316,-39
0.03561643835616438,0.09863013698630137,-0.06301369863013699,-23
0.0136986301369863,0.6986301369863014,-0.684931506849315,-250
0.043835616438356165,0.14794520547945206,-0.10410958904109589,-38
0.005479452054794521,0.6986301369863014,-0.6931506849315069,-253
0.1178082191780822,0.0,0.1178082191780822,43
1.0,0.049315068493150684,0.9506849315068493,347
0.0,0.06575342465753424,-0.06575342465753424,-24
0.06027397260273973,0.06575342465753424,-0.005479452054794521,-2
0.03561643835616438,0.01643835616438356,0.019178082191780823,7
0.3095890410958904,0.6986301369863014,-0.38904109589041097,-142
0.30684931506849317,0.3452054794520548,-0.038356164383561646,-14
0.16164383561643836,0.16986301369863013,-0.00821917808219178,-3
0.3232876712328767,0.4602739726027397,-0.136986301369863,-50
0.4904109589041096,0.19726027397260273,0.29315068493150687,107
0.1589041095890411,0.6986301369863014,-0.5397260273972603,-197
0.1178082191780822,0.6986301369863014,-0.5808219178082191,-212
0.3150684931506849,0.0,0.3150684931506849,115
0.273972602739726,0.31232876712328766,-0.038356164383561646,-14
0.536986301369863,0.11506849315068493,0.42191780821917807,154
0.3698630136986301,0.03287671232876712,0.336986301369863,123
0.4,0.4602739726027397,-0.06027397260273973,-22
0.5917808219178082,0.03287671232876712,0.5589041095890411,204
0.3643835616438356,0.1643835616438356,0.2,73
0.03561643835616438,0.18082191780821918,-0.14520547945205478,-53
0.29315068493150687,0.410958904109589,-0.1178082191780822,-43
0.12876712328767123,0.3452054794520548,-0.21643835616438356,-79
0.29863013698630136,0.01643835616438356,0.2821917808219178,103
0.03561643835616438,0.03287671232876712,0.0027397260273972603,1
0.049315068493150684,0.0,0.049315068493150684,18
0.14794520547945206,0.0,0.14794520547945206,54
0.7534246575342466,0.0821917808219178,0.6712328767123288,245
0.6876712328767123,0.3287671232876712,0.3589041095890411,131
0.1095890410958904,0.673972602739726,-0.5643835616438356,-206
0.0136986301369863,0.19726027397260273,-0.18356164383561643,-67
0.0027397260273972603,0.18082191780821918,-0.1780821917808219,-65
0.8054794520547945,0.5424657534246575,0.26301369863013696,96
0.06301369863013699,0.13150684931506848,-0.0684931506849315,-25
0.5150684931506849,0.0,0.5150684931506849,188
0.5643835616438356,0.6794520547945205,-0.11506849315068493,-42
0.15616438356164383,0.0,0.15616438356164383,57
0.3013698630136986,0.0,0.3013698630136986,110
0.13150684931506848,0.26301369863013696,-0.13150684931506848,-48
0.26575342465753427,0.11506849315068493,0.1506849315068493,55
0.3917808219178082,0.6575342465753424,-0.26575342465753427,-97
0.07945205479452055,0.27945205479452057,-0.2,-73
0.0410958904109589,0.06575342465753424,-0.024657534246575342,-9
0.0273972602739726,0.27945205479452057,-0.25205479452054796,-92
0.0,0.23013698630136986,-0.23013698630136986,-84
0.005479452054794521,0.2465753424657534,-0.2410958904109589,-88
0.2821917808219178,0.27945205479452057,0.0027397260273972603,1
0.6246575342465753,0.1643835616438356,0.4602739726027397,168
0.26301369863013696,0.0,0.26301369863013696,96
0.26301369863013696,0.0,0.26301369863013696,96
0.4,0.410958904109589,-0.010958904109589041,-4
0.3013698630136986,0.5424657534246575,-0.2410958904109589,-88
0.07397260273972603,0.2136986301369863,-0.13972602739726028,-51
0.8136986301369863,0.2958904109589041,0.5178082191780822,189
0.18082191780821918,0.0,0.18082191780821918,66
0.00821917808219178,0.23013698630136986,-0.2219178082191781,-81
0.35342465753424657,0.16986301369863013,0.18356164383561643,67
0.27123287671232876,0.16986301369863013,0.10136986301369863,37
0.0958904109589041,0.0,0.0958904109589041,35
0.0,0.01643835616438356,-0.01643835616438356,-6
0.01643835616438356,0.2465753424657534,-0.23013698630136986,-84
1.0,0.2136986301369863,0.7863013698630137,287
0.3095890410958904,0.0,0.3095890410958904,113
0.07671232876712329,0.0,0.07671232876712329,28
0.03561643835616438,0.0,0.03561643835616438,13
0.29041095890410956,0.01643835616438356,0.273972602739726,100
0.33972602739726027,0.5589041095890411,-0.2191780821917808,-80
0.16986301369863013,0.09863013698630137,0.07123287671232877,26
0.4191780821917808,0.3287671232876712,0.09041095890410959,33
0.005479452054794521,0.13150684931506848,-0.12602739726027398,-46
0.17534246575342466,0.049315068493150684,0.12602739726027398,46
0.5260273972602739,0.0,0.5260273972602739,192
0.00821917808219178,0.4273972602739726,-0.4191780821917808,-153
0.5150684931506849,0.18082191780821918,0.33424657534246577,122
0.9863013698630136,0.0,0.9863013698630136,360
0.3506849315068493,0.4931506849315068,-0.14246575342465753,-52
0.7863013698630137,0.09863013698630137,0.6876712328767123,251
0.3095890410958904,0.0,0.3095890410958904,113
0.5315068493150685,0.6986301369863014,-0.16712328767123288,-61
0.9835616438356164,0.0,0.9835616438356164,359
0.06301369863013699,0.6986301369863014,-0.6356164383561644,-232
0.14520547945205478,0.4931506849315068,-0.34794520547945207,-127
0.0,0.0,0.0,0
0.04657534246575343,0.6986301369863014,-0.6520547945205479,-238
0.01643835616438356,0.11506849315068493,-0.09863013698630137,-36
0.2684931506849315,0.0,0.2684931506849315,98
0.005479452054794521,0.049315068493150684,-0.043835616438356165,-16
0.9178082191780822,0.1643835616438356,0.7534246575342466,275
0.7753424657534247,0.23013698630136986,0.5452054794520548,199
0.3917808219178082,0.23013698630136986,0.16164383561643836,59
0.6109589041095891,0.0,0.6109589041095891,223
0.30684931506849317,0.36164383561643837,-0.0547945205479452,-20
0.021917808219178082,0.3452054794520548,-0.3232876712328767,-118
0.0958904109589041,0.18082191780821918,-0.08493150684931507,-31
0.0136986301369863,0.23013698630136986,-0.21643835616438356,-79
0.8986301369863013,0.049315068493150684,0.8493150684931506,310
0.8438356164383561,0.18082191780821918,0.663013698630137,242
0.7534246575342466,0.1643835616438356,0.589041095890411,215
0.4383561643835616,0.6986301369863014,-0.2602739726027397,-95
0.8821917808219178,0.39452054794520547,0.4876712328767123,178
0.5178082191780822,0.0,0.5178082191780822,189
0.024657534246575342,0.09863013698630137,-0.07397260273972603,-27
0.049315068493150684,0.0,0.049315068493150684,18
0.9095890410958904,0.5260273972602739,0.3835616438356164,140
0.9917808219178083,0.03287671232876712,0.958904109589041,350
0.8849315068493151,0.4438356164383562,0.4410958904109589,161
0.6,0.5753424657534246,0.024657534246575342,9
0.1506849315068493,0.049315068493150684,0.10136986301369863,37
0.07397260273972603,0.0,0.07397260273972603,27
0.0684931506849315,0.0,0.0684931506849315,25
0.31232876712328766,0.2958904109589041,0.01643835616438356,6
0.18904109589041096,0.0,0.18904109589041096,69
0.2328767123287671,0.0,0.2328767123287671,85
0.1780821917808219,0.0,0.1780821917808219,65
0.273972602739726,0.0,0.273972602739726,100
0.06575342465753424,0.0,0.06575342465753424,24
0.07123287671232877,0.0,0.07123287671232877,26
0.0027397260273972603,0.18082191780821918,-0.1780821917808219,-65
0.010958904109589041,0.6986301369863014,-0.6876712328767123,-251
0.2684931506849315,0.0,0.2684931506849315,98
0.0273972602739726,0.19726027397260273,-0.16986301369863013,-62
0.07123287671232877,0.31232876712328766,-0.2410958904109589,-88
0.3643835616438356,0.4931506849315068,-0.12876712328767123,-47
0.0136986301369863,0.0,0.0136986301369863,5
0.0821917808219178,0.01643835616438356,0.06575342465753424,24
0.8958904109589041,0.6410958904109589,0.2547945205479452,93
0.5095890410958904,0.3287671232876712,0.18082191780821918,66
0.14520547945205478,0.14794520547945206,-0.0027397260273972603,-1
0.8876712328767123,0.23013698630136986,0.6575342465753424,240
0.13150684931506848,0.5095890410958904,-0.3780821917808219,-138
0.3178082191780822,0.2958904109589041,0.021917808219178082,8
0.25753424657534246,0.30684931506849317,-0.049315068493150684,-18
0.13972602739726028,0.6986301369863014,-0.5589041095890411,-204
0.2684931506849315,0.1643835616438356,0.10410958904109589,38
0.4876712328767123,0.09863013698630137,0.38904109589041097,142
0.005479452054794521,0.3780821917808219,-0.3726027397260274,-136
0.9123287671232877,0.14794520547945206,0.7643835616438356,279
0.8794520547945206,0.06575342465753424,0.8136986301369863,297
0.0,0.0,0.0,0
0.8082191780821918,0.11506849315068493,0.6931506849315069,253
0.09315068493150686,0.23013698630136986,-0.136986301369863,-50
0.024657534246575342,0.31232876712328766,-0.2876712328767123,-105
0.14794520547945206,0.0821917808219178,0.06575342465753424,24
0.5123287671232877,0.1643835616438356,0.34794520547945207,127
0.2602739726027397,0.2136986301369863,0.04657534246575343,17
0.26575342465753427,0.049315068493150684,0.21643835616438356,79
0.3726027397260274,0.4273972602739726,-0.0547945205479452,-20
0.547945205479452,0.6986301369863014,-0.1506849315068493,-55
0.26301369863013696,0.01643835616438356,0.2465753424657534,90
0.0,0.06575342465753424,-0.06575342465753424,-24
0.8164383561643835,0.0,0.8164383561643835,298
0.6136986301369863,0.30684931506849317,0.30684931506849317,112
0.9616438356164384,0.0821917808219178,0.8794520547945206,321
0.4438356164383562,0.1643835616438356,0.27945205479452057,102
0.5561643835616439,0.0,0.5561643835616439,203
0.00821917808219178,0.01643835616438356,-0.00821917808219178,-3
0.6876712328767123,0.0,0.6876712328767123,251
0.22465753424657534,0.31232876712328766,-0.08767123287671233,-32
0.32602739726027397,0.6575342465753424,-0.3315068493150685,-121
0.26301369863013696,0.0,0.26301369863013696,96
0.2136986301369863,0.6246575342465753,-0.410958904109589,-150
0.6356164383561644,0.0,0.6356164383561644,232
0.0027397260273972603,0.0821917808219178,-0.07945205479452055,-29
0.1643835616438356,0.6986301369863014,-0.5342465753424658,-195
0.29863013698630136,0.6986301369863014,-0.4,-146
0.2958904109589041,0.3287671232876712,-0.03287671232876712,-12
0.00821917808219178,0.5095890410958904,-0.5013698630136987,-183
0.2328767123287671,0.0,0.2328767123287671,85
0.29863013698630136,0.6986301369863014,-0.4,-146
0.09863013698630137,0.5095890410958904,-0.410958904109589,-150
0.0547945205479452,0.3287671232876712,-0.273972602739726,-100
0.0136986301369863,0.4273972602739726,-0.4136986301369863,-151
0.9917808219178083,0.4767123287671233,0.5150684931506849,188
0.27945205479452057,0.4767123287671233,-0.19726027397260273,-72
0.0684931506849315,0.4602739726027397,-0.3917808219178082,-143
0.852054794520548,0.6986301369863014,0.15342465753424658,56
0.33972602739726027,0.410958904109589,-0.07123287671232877,-26
0.20273972602739726,0.27945205479452057,-0.07671232876712329,-28
0.852054794520548,0.6986301369863014,0.15342465753424658,56
0.5808219178082191,0.3287671232876712,0.25205479452054796,92
0.7863013698630137,0.5095890410958904,0.27671232876712326,101
0.09863013698630137,0.4931506849315068,-0.39452054794520547,-144
0.2493150684931507,0.5753424657534246,-0.32602739726027397,-119
0.726027397260274,0.0,0.726027397260274,265
0.021917808219178082,0.2465753424657534,-0.22465753424657534,-82
0.32054794520547947,0.11506849315068493,0.2054794520547945,75
0.01643835616438356,0.19726027397260273,-0.18082191780821918,-66
0.536986301369863,0.6246575342465753,-0.08767123287671233,-32
0.26575342465753427,0.1643835616438356,0.10136986301369863,37
0.863013698630137,0.6575342465753424,0.2054794520547945,75
0.08493150684931507,0.13150684931506848,-0.04657534246575343,-17
0.7506849315068493,0.6986301369863014,0.052054794520547946,19
0.5068493150684932,0.0,0.5068493150684932,185
0.5534246575342465,0.6986301369863014,-0.14520547945205478,-53
0.5780821917808219,0.01643835616438356,0.5616438356164384,205
0.26575342465753427,0.0,0.26575342465753427,97
0.0027397260273972603,0.0,0.0027397260273972603,1
0.0027397260273972603,0.01643835616438356,-0.0136986301369863,-5
0.1726027397260274,0.13150684931506848,0.0410958904109589,15
0.01643835616438356,0.3452054794520548,-0.3287671232876712,-120
0.019178082191780823,0.4602739726027397,-0.4410958904109589,-161
0.13150684931506848,0.4273972602739726,-0.2958904109589041,-108
0.7753424657534247,0.19726027397260273,0.5780821917808219,211
0.12876712328767123,0.673972602739726,-0.5452054794520548,-199
0.4986301369863014,0.6986301369863014,-0.2,-73
0.5205479452054794,0.01643835616438356,0.5041095890410959,184
0.1589041095890411,0.5260273972602739,-0.36712328767123287,-134
0.057534246575342465,0.26301369863013696,-0.2054794520547945,-75
0.06301369863013699,0.410958904109589,-0.34794520547945207,-127
0.5506849315068493,0.14794520547945206,0.40273972602739727,147
0.2684931506849315,0.1643835616438356,0.10410958904109589,38
0.9945205479452055,0.14794520547945206,0.8465753424657534,309
0.30684931506849317,0.01643835616438356,0.29041095890410956,106
0.26575342465753427,0.3287671232876712,-0.06301369863013699,-23
0.6,0.5424657534246575,0.057534246575342465,21
0.673972602739726,0.410958904109589,0.26301369863013696,96
0.5945205479452055,0.19726027397260273,0.3972602739726027,145
0.23013698630136986,0.03287671232876712,0.19726027397260273,72
0.8493150684931506,0.6986301369863014,0.1506849315068493,55
0.07123287671232877,0.01643835616438356,0.0547945205479452,20
0.46301369863013697,0.01643835616438356,0.4465753424657534,163
0.40821917808219177,0.36164383561643837,0.04657534246575343,17
0.4904109589041096,0.09863013698630137,0.3917808219178082,143
0.8575342465753425,0.6575342465753424,0.2,73
0.726027397260274,0.0821917808219178,0.6438356164383562,235
0.6356164383561644,0.0,0.6356164383561644,232
0.0027397260273972603,0.0,0.0027397260273972603,1
0.673972602739726,0.2136986301369863,0.4602739726027397,168
0.7397260273972602,0.31232876712328766,0.4273972602739726,156
0.1095890410958904,0.6986301369863014,-0.589041095890411,-215
0.2493150684931507,0.2136986301369863,0.03561643835616438,13
0.3561643835616438,0.6986301369863014,-0.3424657534246575,-125
0.5150684931506849,0.0,0.5150684931506849,188
0.030136986301369864,0.6986301369863014,-0.6684931506849315,-244
0.589041095890411,0.6410958904109589,-0.052054794520547946,-19
0.4054794520547945,0.6986301369863014,-0.29315068493150687,-107
0.26575342465753427,0.049315068493150684,0.21643835616438356,79
0.0,0.0273972602739726,-0.0273972602739726,-10
0.0027397260273972603,0.0,0.0027397260273972603,1
0.9287671232876712,0.09863013698630137,0.8301369863013699,303
0.4547945205479452,0.14794520547945206,0.30684931506849317,112
0.4383561643835616,0.18082191780821918,0.25753424657534246,94
0.7561643835616438,0.0821917808219178,0.673972602739726,246
0.3178082191780822,0.0,0.3178082191780822,116
0.39452054794520547,0.0,0.39452054794520547,144
1.0,0.0,1.0,365
0.26301369863013696,0.0,0.26301369863013696,96
0.005479452054794521,0.0,0.005479452054794521,2
0.410958904109589,0.5260273972602739,-0.11506849315068493,-42
0.049315068493150684,0.410958904109589,-0.36164383561643837,-132
0.4273972602739726,0.03287671232876712,0.39452054794520547,144
0.4767123287671233,0.0,0.4767123287671233,174
0.26301369863013696,0.1643835616438356,0.09863013698630137,36
0.049315068493150684,0.0,0.049315068493150684,18
0.5205479452054794,0.15342465753424658,0.36712328767123287,134
0.5150684931506849,0.6986301369863014,-0.18356164383561643,-67
0.0,0.0,0.0,0
0.5342465753424658,0.27945205479452057,0.2547945205479452,93
0.1232876712328767,0.3780821917808219,-0.2547945205479452,-93
0.273972602739726,0.03287671232876712,0.2410958904109589,88
0.536986301369863,0.5260273972602739,0.010958904109589041,4
0.0,0.0,0.0,0
0.5260273972602739,0.0,0.5260273972602739,192
0.0,0.1589041095890411,-0.1589041095890411,-58
0.14794520547945206,0.5917808219178082,-0.4438356164383562,-162
0.8821917808219178,0.01643835616438356,0.8657534246575342,316
0.16986301369863013,0.01643835616438356,0.15342465753424658,56
0.01643835616438356,0.09863013698630137,-0.0821917808219178,-30
0.2273972602739726,0.0,0.2273972602739726,83
0.8767123287671232,0.3287671232876712,0.547945205479452,200
0.03561643835616438,0.2465753424657534,-0.21095890410958903,-77
0.2958904109589041,0.4767123287671233,-0.18082191780821918,-66
0.13972602739726028,0.6986301369863014,-0.5589041095890411,-204
0.7534246575342466,0.6986301369863014,0.0547945205479452,20
0.07123287671232877,0.03287671232876712,0.038356164383561646,14
0.4794520547945205,0.6986301369863014,-0.2191780821917808,-80
0.4821917808219178,0.36164383561643837,0.12054794520547946,44
0.473972602739726,0.2136986301369863,0.2602739726027397,95
0.4794520547945205,0.0821917808219178,0.3972602739726027,145
0.06027397260273973,0.6082191780821918,-0.547945205479452,-200
0.9726027397260274,0.410958904109589,0.5616438356164384,205
0.07945205479452055,0.5260273972602739,-0.4465753424657534,-163
0.9616438356164384,0.27945205479452057,0.6821917808219178,249
0.684931506849315,0.6986301369863014,-0.0136986301369863,-5
0.20821917808219179,0.0,0.20821917808219179,76
0.09041095890410959,0.2958904109589041,-0.2054794520547945,-75
0.13972602739726028,0.11506849315068493,0.024657534246575342,9
0.08767123287671233,0.049315068493150684,0.038356164383561646,14
0.10684931506849316,0.049315068493150684,0.057534246575342465,21
0.1589041095890411,0.049315068493150684,0.1095890410958904,40
0.10684931506849316,0.06575342465753424,0.0410958904109589,15
0.024657534246575342,0.09863013698630137,-0.07397260273972603,-27
0.9260273972602739,0.15342465753424658,0.7726027397260274,282
0.4465753424657534,0.1643835616438356,0.2821917808219178,103
0.0410958904109589,0.13150684931506848,-0.09041095890410959,-33
0.915068493150685,0.2136986301369863,0.7013698630136986,256
0.5534246575342465,0.09863013698630137,0.4547945205479452,166
0.863013698630137,0.6986301369863014,0.1643835616438356,60
0.049315068493150684,0.6986301369863014,-0.6493150684931507,-237
0.0136986301369863,0.01643835616438356,-0.0027397260273972603,-1
0.9534246575342465,0.14794520547945206,0.8054794520547945,294
0.03561643835616438,0.6986301369863014,-0.663013698630137,-242
0.06027397260273973,0.6986301369863014,-0.6383561643835617,-233
0.0547945205479452,0.6986301369863014,-0.6438356164383562,-235
0.049315068493150684,0.4931506849315068,-0.4438356164383562,-162
0.08767123287671233,0.11506849315068493,-0.0273972602739726,-10
0.29863013698630136,0.11506849315068493,0.18356164383561643,67
0.8164383561643835,0.30684931506849317,0.5095890410958904,186
0.7452054794520548,0.6986301369863014,0.04657534246575343,17
0.4931506849315068,0.6986301369863014,-0.2054794520547945,-75
0.4986301369863014,0.049315068493150684,0.44931506849315067,164
0.5205479452054794,0.39452054794520547,0.12602739726027398,46
0.5315068493150685,0.01643835616438356,0.5150684931506849,188
0.9068493150684932,0.3452054794520548,0.5616438356164384,205
0.06027397260273973,0.6410958904109589,-0.5808219178082191,-212
0.021917808219178082,0.09863013698630137,-0.07671232876712329,-28
0.5534246575342465,0.3452054794520548,0.20821917808219179,76
0.043835616438356165,0.36164383561643837,-0.3178082191780822,-116
0.049315068493150684,0.0,0.049315068493150684,18
0.3835616438356164,0.2465753424657534,0.136986301369863,50
0.5643835616438356,0.2958904109589041,0.2684931506849315,98
0.9397260273972603,0.6082191780821918,0.3315068493150685,121
0.6821917808219178,0.5589041095890411,0.1232876712328767,45
0.3780821917808219,0.6136986301369863,-0.2356164383561644,-86
0.22465753424657534,0.049315068493150684,0.17534246575342466,64
0.5452054794520548,0.5260273972602739,0.019178082191780823,7
0.8849315068493151,0.3780821917808219,0.5068493150684932,185
0.8575342465753425,0.19726027397260273,0.6602739726027397,241
0.27123287671232876,0.27945205479452057,-0.00821917808219178,-3
0.030136986301369864,0.39452054794520547,-0.3643835616438356,-133
0.00821917808219178,0.19726027397260273,-0.18904109589041096,-69
0.7561643835616438,0.06575342465753424,0.6904109589041096,252
0.0684931506849315,0.5589041095890411,-0.4904109589041096,-179
0.7589041095890411,0.03287671232876712,0.726027397260274,265
0.736986301369863,0.36164383561643837,0.37534246575342467,137
0.7150684931506849,0.6986301369863014,0.01643835616438356,6
0.0410958904109589,0.4602739726027397,-0.4191780821917808,-153
0.4794520547945205,0.09863013698630137,0.38082191780821917,139
0.12602739726027398,0.6986301369863014,-0.5726027397260274,-209
0.5506849315068493,0.049315068493150684,0.5013698630136987,183
0.2410958904109589,0.410958904109589,-0.16986301369863013,-62
1.0,0.06575342465753424,0.9342465753424658,341
0.3452054794520548,0.01643835616438356,0.3287671232876712,120
0.5917808219178082,0.6986301369863014,-0.10684931506849316,-39
0.13972602739726028,0.01643835616438356,0.1232876712328767,45
0.726027397260274,0.1643835616438356,0.5616438356164384,205
0.00821917808219178,0.14794520547945206,-0.13972602739726028,-51
0.00821917808219178,0.26301369863013696,-0.2547945205479452,-93
0.273972602739726,0.0,0.273972602739726,100
0.4986301369863014,0.6986301369863014,-0.2,-73
0.2684931506849315,0.01643835616438356,0.25205479452054796,92
0.5863013698630137,0.3452054794520548,0.2410958904109589,88
0.6410958904109589,0.6986301369863014,-0.057534246575342465,-21
0.3452054794520548,0.0821917808219178,0.26301369863013696,96
0.0684931506849315,0.36164383561643837,-0.29315068493150687,-107
0.5205479452054794,0.23013698630136986,0.29041095890410956,106
0.7534246575342466,0.14794520547945206,0.6054794520547945,221
0.26301369863013696,0.1917808219178082,0.07123287671232877,26
0.010958904109589041,0.3780821917808219,-0.36712328767123287,-134
0.3452054794520548,0.0,0.3452054794520548,126
0.1780821917808219,0.6575342465753424,-0.4794520547945205,-175
0.6164383561643836,0.4767123287671233,0.13972602739726028,51
0.16986301369863013,0.36164383561643837,-0.1917808219178082,-70
0.08767123287671233,0.2136986301369863,-0.12602739726027398,-46
0.3863013698630137,0.23013698630136986,0.15616438356164383,57
0.6438356164383562,0.36164383561643837,0.2821917808219178,103
0.08767123287671233,0.39452054794520547,-0.30684931506849317,-112
0.0,0.3452054794520548,-0.3452054794520548,-126
0.049315068493150684,0.2465753424657534,-0.19726027397260273,-72
0.021917808219178082,0.26301369863013696,-0.2410958904109589,-88
0.019178082191780823,0.36164383561643837,-0.3424657534246575,-125
0.09041095890410959,0.31232876712328766,-0.2219178082191781,-81
0.010958904109589041,0.4602739726027397,-0.44931506849315067,-164
0.0547945205479452,0.03287671232876712,0.021917808219178082,8
0.14520547945205478,0.0,0.14520547945205478,53
0.989041095890411,0.4602739726027397,0.5287671232876713,193
0.5232876712328767,0.23013698630136986,0.29315068493150687,107
0.273972602739726,0.2136986301369863,0.06027397260273973,22
0.0,0.0,0.0,0
0.4849315068493151,0.09863013698630137,0.3863013698630137,141
0.8136986301369863,0.4767123287671233,0.336986301369863,123
0.5150684931506849,0.01643835616438356,0.4986301369863014,182
0.0547945205479452,0.0,0.0547945205479452,20
0.9753424657534246,0.23013698630136986,0.7452054794520548,272
0.11506849315068493,0.5917808219178082,-0.4767123287671233,-174
0.005479452054794521,0.1643835616438356,-0.1589041095890411,-58
0.4657534246575342,0.5095890410958904,-0.043835616438356165,-16
0.07945205479452055,0.6082191780821918,-0.5287671232876713,-193
0.5150684931506849,0.0,0.5150684931506849,188
0.16712328767123288,0.1643835616438356,0.0027397260273972603,1
0.2821917808219178,0.13150684931506848,0.1506849315068493,55
0.8301369863013699,0.6986301369863014,0.13150684931506848,48
0.2958904109589041,0.6986301369863014,-0.40273972602739727,-147
0.8493150684931506,0.6986301369863014,0.1506849315068493,55
0.9561643835616438,0.0,0.9561643835616438,349
0.16164383561643836,0.6986301369863014,-0.536986301369863,-196
0.2410958904109589,0.26301369863013696,-0.021917808219178082,-8
0.8547945205479452,0.27945205479452057,0.5753424657534246,210
0.12602739726027398,0.13150684931506848,-0.005479452054794521,-2
0.16712328767123288,0.31232876712328766,-0.14520547945205478,-53
0.3863013698630137,0.1917808219178082,0.19452054794520549,71
0.9123287671232877,0.09863013698630137,0.8136986301369863,297
0.9397260273972603,0.39452054794520547,0.5452054794520548,199
0.8082191780821918,0.18082191780821918,0.6273972602739726,229
0.4904109589041096,0.26301369863013696,0.2273972602739726,83
0.2958904109589041,0.23013698630136986,0.06575342465753424,24
0.12876712328767123,0.09863013698630137,0.030136986301369864,11
0.5095890410958904,0.03287671232876712,0.4767123287671233,174
0.01643835616438356,0.4931506849315068,-0.4767123287671233,-174
0.019178082191780823,0.5917808219178082,-0.5726027397260274,-209
0.9863013698630136,0.13150684931506848,0.8547945205479452,312
0.9232876712328767,0.03287671232876712,0.8904109589041096,325
0.11506849315068493,0.2465753424657534,-0.13150684931506848,-48
0.5095890410958904,0.0,0.5095890410958904,186
0.13424657534246576,0.1643835616438356,-0.030136986301369864,-11
0.030136986301369864,0.3287671232876712,-0.29863013698630136,-109
0.5095890410958904,0.0,0.5095890410958904,186
0.1506849315068493,0.2958904109589041,-0.14520547945205478,-53
0.5424657534246575,0.6986301369863014,-0.15616438356164383,-57
0.8383561643835616,0.6986301369863014,0.13972602739726028,51
0.4410958904109589,0.5917808219178082,-0.1506849315068493,-55
0.6246575342465753,0.30684931506849317,0.3178082191780822,116
0.26301369863013696,0.03287671232876712,0.23013698630136986,84
0.4849315068493151,0.09863013698630137,0.3863013698630137,141
0.17534246575342466,0.0,0.17534246575342466,64
0.9808219178082191,0.3506849315068493,0.6301369863013698,230
0.4657534246575342,0.3780821917808219,0.08767123287671233,32
0.3835616438356164,0.27945205479452057,0.10410958904109589,38
0.4986301369863014,0.5260273972602739,-0.0273972602739726,-10
0.473972602739726,0.2465753424657534,0.2273972602739726,83
0.4657534246575342,0.4767123287671233,-0.010958904109589041,-4
0.7178082191780822,0.2958904109589041,0.42191780821917807,154
0.4931506849315068,0.5424657534246575,-0.049315068493150684,-18
0.6027397260273972,0.3287671232876712,0.273972602739726,100
0.4602739726027397,0.3780821917808219,0.0821917808219178,30
0.4602739726027397,0.27945205479452057,0.18082191780821918,66
0.4767123287671233,0.4438356164383562,0.03287671232876712,12
0.4904109589041096,0.2465753424657534,0.24383561643835616,89
0.4821917808219178,0.4767123287671233,0.005479452054794521,2
0.4958904109589041,0.5589041095890411,-0.06301369863013699,-23
0.5068493150684932,0.4767123287671233,0.030136986301369864,11
0.5178082191780822,0.3452054794520548,0.1726027397260274,63
0.5616438356164384,0.2465753424657534,0.3150684931506849,115
0.005479452054794521,0.0,0.005479452054794521,2
0.41643835616438357,0.36164383561643837,0.0547945205479452,20
0.3452054794520548,0.6986301369863014,-0.35342465753424657,-129
0.3506849315068493,0.1643835616438356,0.1863013698630137,68
0.7945205479452054,0.1643835616438356,0.6301369863013698,230
0.6410958904109589,0.27945205479452057,0.36164383561643837,132
0.00821917808219178,0.23013698630136986,-0.2219178082191781,-81
0.00821917808219178,0.2465753424657534,-0.23835616438356164,-87
0.5095890410958904,0.0,0.5095890410958904,186
0.8438356164383561,0.1095890410958904,0.7342465753424657,268
0.0,0.0,0.0,0
0.6191780821917808,0.09863013698630137,0.5205479452054794,190
0.1095890410958904,0.1643835616438356,-0.0547945205479452,-20
0.7589041095890411,0.0,0.7589041095890411,277
0.29041095890410956,0.11506849315068493,0.17534246575342466,64
0.3506849315068493,0.2958904109589041,0.0547945205479452,20
0.8301369863013699,0.6986301369863014,0.13150684931506848,48
0.7561643835616438,0.6986301369863014,0.057534246575342465,21
0.00821917808219178,0.0821917808219178,-0.07397260273972603,-27
0.019178082191780823,0.5917808219178082,-0.5726027397260274,-209
0.3561643835616438,0.36164383561643837,-0.005479452054794521,-2
0.2465753424657534,0.27945205479452057,-0.03287671232876712,-12
0.030136986301369864,0.0821917808219178,-0.052054794520547946,-19
0.5397260273972603,0.01643835616438356,0.5232876712328767,191
0.3424657534246575,0.13150684931506848,0.21095890410958903,77
0.18356164383561643,0.36164383561643837,-0.1780821917808219,-65
0.6109589041095891,0.23013698630136986,0.38082191780821917,139
0.4712328767123288,0.4931506849315068,-0.021917808219178082,-8
0.9698630136986301,0.5589041095890411,0.410958904109589,150
0.6465753424657534,0.4767123287671233,0.16986301369863013,62
0.14794520547945206,0.6986301369863014,-0.5506849315068493,-201
0.6712328767123288,0.6986301369863014,-0.0273972602739726,-10
0.36712328767123287,0.6986301369863014,-0.3315068493150685,-121
0.0027397260273972603,0.3287671232876712,-0.32602739726027397,-119
0.8136986301369863,0.0821917808219178,0.7315068493150685,267
0.024657534246575342,0.06575342465753424,-0.0410958904109589,-15
0.5287671232876713,0.0,0.5287671232876713,193
0.1863013698630137,0.5424657534246575,-0.3561643835616438,-130
0.005479452054794521,0.049315068493150684,-0.043835616438356165,-16
0.010958904109589041,0.1643835616438356,-0.15342465753424658,-56
0.35342465753424657,0.5917808219178082,-0.23835616438356164,-87
0.8849315068493151,0.26301369863013696,0.6219178082191781,227
0.7534246575342466,0.31232876712328766,0.4410958904109589,161
0.0,0.0,0.0,0
0.3726027397260274,0.5095890410958904,-0.136986301369863,-50
0.3150684931506849,0.14794520547945206,0.16712328767123288,61
0.5123287671232877,0.0,0.5123287671232877,187
0.00821917808219178,0.3452054794520548,-0.336986301369863,-123
0.0027397260273972603,0.36164383561643837,-0.3589041095890411,-131
0.33424657534246577,0.6986301369863014,-0.3643835616438356,-133
0.005479452054794521,0.2958904109589041,-0.29041095890410956,-106
0.2191780821917808,0.0,0.2191780821917808,80
0.8356164383561644,0.5589041095890411,0.27671232876712326,101
0.7561643835616438,0.01643835616438356,0.7397260273972602,270
0.5561643835616439,0.0,0.5561643835616439,203
0.7808219178082192,0.5260273972602739,0.2547945205479452,93
0.12876712328767123,0.27945205479452057,-0.1506849315068493,-55
0.0,0.0,0.0,0
0.024657534246575342,0.06575342465753424,-0.0410958904109589,-15
0.08493150684931507,0.6986301369863014,-0.6136986301369863,-224
0.14794520547945206,0.1643835616438356,-0.01643835616438356,-6
0.3863013698630137,0.01643835616438356,0.3698630136986301,135
0.4904109589041096,0.410958904109589,0.07945205479452055,29
0.4821917808219178,0.0,0.4821917808219178,176
0.21643835616438356,0.31232876712328766,-0.0958904109589041,-35
0.09041095890410959,0.6986301369863014,-0.6082191780821918,-222
0.26575342465753427,0.4931506849315068,-0.2273972602739726,-83
0.3589041095890411,0.6575342465753424,-0.29863013698630136,-109
0.8876712328767123,0.0,0.8876712328767123,324
0.4054794520547945,0.3287671232876712,0.07671232876712329,28
0.5534246575342465,0.0,0.5534246575342465,202
0.0027397260273972603,0.18082191780821918,-0.1780821917808219,-65
0.04657534246575343,0.6575342465753424,-0.6109589041095891,-223
0.6767123287671233,0.0821917808219178,0.5945205479452055,217
0.0684931506849315,0.31232876712328766,-0.24383561643835616,-89
0.021917808219178082,0.5424657534246575,-0.5205479452054794,-190
0.25205479452054796,0.6986301369863014,-0.4465753424657534,-163
0.34794520547945207,0.4767123287671233,-0.12876712328767123,-47
0.0,0.6986301369863014,-0.6986301369863014,-255
0.09863013698630137,0.11506849315068493,-0.01643835616438356,-6
0.2684931506849315,0.2136986301369863,0.0547945205479452,20
0.28493150684931506,0.1643835616438356,0.12054794520547946,44
0.021917808219178082,0.26301369863013696,-0.2410958904109589,-88
0.030136986301369864,0.3287671232876712,-0.29863013698630136,-109
0.5616438356164384,0.1643835616438356,0.3972602739726027,145
0.5835616438356165,0.410958904109589,0.1726027397260274,63
0.13150684931506848,0.6986301369863014,-0.5671232876712329,-207
0.6520547945205479,0.15342465753424658,0.4986301369863014,182
0.0,0.273972602739726,-0.273972602739726,-100
0.6191780821917808,0.5260273972602739,0.09315068493150686,34
0.32054794520547947,0.6986301369863014,-0.3780821917808219,-138
0.9917808219178083,0.27945205479452057,0.7123287671232876,260
0.14794520547945206,0.2465753424657534,-0.09863013698630137,-36
0.0547945205479452,0.06575342465753424,-0.010958904109589041,-4
0.8794520547945206,0.3287671232876712,0.5506849315068493,201
0.0547945205479452,0.3780821917808219,-0.3232876712328767,-118
0.7835616438356164,0.6986301369863014,0.08493150684931507,31
0.7890410958904109,0.09863013698630137,0.6904109589041096,252
0.9616438356164384,0.39452054794520547,0.5671232876712329,207
0.5863013698630137,0.0821917808219178,0.5041095890410959,184
0.15616438356164383,0.4931506849315068,-0.336986301369863,-123
0.3643835616438356,0.31232876712328766,0.052054794520547946,19
0.06575342465753424,0.03287671232876712,0.03287671232876712,12
0.019178082191780823,0.0,0.019178082191780823,7
0.7616438356164383,0.03287671232876712,0.7287671232876712,266
0.16164383561643836,0.6575342465753424,-0.4958904109589041,-181
0.0547945205479452,0.13150684931506848,-0.07671232876712329,-28
0.5534246575342465,0.31232876712328766,0.2410958904109589,88
0.9205479452054794,0.0821917808219178,0.8383561643835616,306
0.9205479452054794,0.0,0.9205479452054794,336
0.9205479452054794,0.049315068493150684,0.8712328767123287,318
0.9205479452054794,0.0,0.9205479452054794,336
0.9205479452054794,0.049315068493150684,0.8712328767123287,318
0.27123287671232876,0.11506849315068493,0.15616438356164383,57
0.16164383561643836,0.14794520547945206,0.0136986301369863,5
0.0547945205479452,0.36164383561643837,-0.30684931506849317,-112
0.13424657534246576,0.2136986301369863,-0.07945205479452055,-29
0.7095890410958904,0.6986301369863014,0.010958904109589041,4
0.5123287671232877,0.6986301369863014,-0.1863013698630137,-68
0.11232876712328767,0.19726027397260273,-0.08493150684931507,-31
0.44931506849315067,0.36164383561643837,0.08767123287671233,32
0.1506849315068493,0.6986301369863014,-0.547945205479452,-200
0.3150684931506849,0.3780821917808219,-0.06301369863013699,-23
0.10410958904109589,0.5095890410958904,-0.4054794520547945,-148
0.2547945205479452,0.0,0.2547945205479452,93
0.3315068493150685,0.4931506849315068,-0.16164383561643836,-59
0.10136986301369863,0.4602739726027397,-0.3589041095890411,-131
0.6109589041095891,0.07671232876712329,0.5342465753424658,195
0.1780821917808219,0.19726027397260273,-0.019178082191780823,-7
0.947945205479452,0.14794520547945206,0.8,292
0.36712328767123287,0.19726027397260273,0.16986301369863013,62
0.06575342465753424,0.5424657534246575,-0.4767123287671233,-174
0.35342465753424657,0.049315068493150684,0.3041095890410959,111
0.7890410958904109,0.021917808219178082,0.7671232876712328,280
0.7863013698630137,0.6986301369863014,0.08767123287671233,32
0.1095890410958904,0.14794520547945206,-0.038356164383561646,-14
0.10136986301369863,0.13150684931506848,-0.030136986301369864,-11
0.663013698630137,0.1643835616438356,0.4986301369863014,182
0.4794520547945205,0.6986301369863014,-0.2191780821917808,-80
0.31232876712328766,0.3287671232876712,-0.01643835616438356,-6
0.7342465753424657,0.0,0.7342465753424657,268
0.26575342465753427,0.4931506849315068,-0.2273972602739726,-83
0.4657534246575342,0.19726027397260273,0.2684931506849315,98
0.9726027397260274,0.043835616438356165,0.9287671232876712,339
0.5260273972602739,0.4931506849315068,0.03287671232876712,12
0.44931506849315067,0.5917808219178082,-0.14246575342465753,-52
0.2493150684931507,0.6246575342465753,-0.37534246575342467,-137
0.5424657534246575,0.0,0.5424657534246575,198
0.3863013698630137,0.3287671232876712,0.057534246575342465,21
0.5698630136986301,0.1643835616438356,0.4054794520547945,148
0.8027397260273973,0.01643835616438356,0.7863013698630137,287
0.11506849315068493,0.14794520547945206,-0.03287671232876712,-12
0.043835616438356165,0.6986301369863014,-0.6547945205479452,-239
0.005479452054794521,0.0,0.005479452054794521,2
0.043835616438356165,0.2136986301369863,-0.16986301369863013,-62
0.8958904109589041,0.4273972602739726,0.4684931506849315,171
0.3178082191780822,0.0821917808219178,0.2356164383561644,86
0.915068493150685,0.09863013698630137,0.8164383561643835,298
0.0,0.19726027397260273,-0.19726027397260273,-72
0.0,0.27945205479452057,-0.27945205479452057,-102
0.7178082191780822,0.18082191780821918,0.536986301369863,196
0.13424657534246576,0.038356164383561646,0.0958904109589041,35
0.8904109589041096,0.13150684931506848,0.7589041095890411,277
0.8,0.06575342465753424,0.7342465753424657,268
0.5205479452054794,0.11506849315068493,0.4054794520547945,148
0.8794520547945206,0.14794520547945206,0.7315068493150685,267
0.5424657534246575,0.5260273972602739,0.01643835616438356,6
0.00821917808219178,0.0821917808219178,-0.07397260273972603,-27
0.1095890410958904,0.5424657534246575,-0.4328767123287671,-158
0.673972602739726,0.0821917808219178,0.5917808219178082,216
0.32054794520547947,0.2958904109589041,0.024657534246575342,9
0.010958904109589041,0.01643835616438356,-0.005479452054794521,-2
0.5095890410958904,0.0273972602739726,0.4821917808219178,176
0.12602739726027398,0.27945205479452057,-0.15342465753424658,-56
0.3041095890410959,0.2958904109589041,0.00821917808219178,3
0.0684931506849315,0.4931506849315068,-0.4246575342465753,-155
0.29041095890410956,0.049315068493150684,0.2410958904109589,88
0.04657534246575343,0.0,0.04657534246575343,17
0.057534246575342465,0.0821917808219178,-0.024657534246575342,-9
0.0,0.09863013698630137,-0.09863013698630137,-36
0.057534246575342465,0.0,0.057534246575342465,21
0.5068493150684932,0.39452054794520547,0.11232876712328767,41
0.4575342465753425,0.19726027397260273,0.2602739726027397,95
0.547945205479452,0.14794520547945206,0.4,146
0.09041095890410959,0.23013698630136986,-0.13972602739726028,-51
0.043835616438356165,0.3287671232876712,-0.28493150684931506,-104
1.0,0.0,1.0,365
0.057534246575342465,0.19726027397260273,-0.13972602739726028,-51
0.7616438356164383,0.2465753424657534,0.5150684931506849,188
0.043835616438356165,0.3287671232876712,-0.28493150684931506,-104
0.0410958904109589,0.23013698630136986,-0.18904109589041096,-69
0.3506849315068493,0.6082191780821918,-0.25753424657534246,-94
0.024657534246575342,0.11506849315068493,-0.09041095890410959,-33
0.5205479452054794,0.0821917808219178,0.4383561643835616,160
0.1178082191780822,0.4602739726027397,-0.3424657534246575,-125
0.11232876712328767,0.4438356164383562,-0.3315068493150685,-121
0.9616438356164384,0.3452054794520548,0.6164383561643836,225
0.29041095890410956,0.36164383561643837,-0.07123287671232877,-26
0.3698630136986301,0.4602739726027397,-0.09041095890410959,-33
0.005479452054794521,0.36164383561643837,-0.3561643835616438,-130
0.0684931506849315,0.31232876712328766,-0.24383561643835616,-89
0.10684931506849316,0.39452054794520547,-0.2876712328767123,-105
0.7643835616438356,0.01643835616438356,0.7479452054794521,273
0.5123287671232877,0.0,0.5123287671232877,187
0.03561643835616438,0.31232876712328766,-0.27671232876712326,-101
0.0410958904109589,0.1643835616438356,-0.1232876712328767,-45
0.1232876712328767,0.6986301369863014,-0.5753424657534246,-210
0.34794520547945207,0.5095890410958904,-0.16164383561643836,-59
0.057534246575342465,0.27945205479452057,-0.2219178082191781,-81
0.7534246575342466,0.01643835616438356,0.736986301369863,269
0.5698630136986301,0.18082191780821918,0.38904109589041097,142
0.10410958904109589,0.410958904109589,-0.30684931506849317,-112
0.6821917808219178,0.6246575342465753,0.057534246575342465,21
0.6547945205479452,0.6986301369863014,-0.043835616438356165,-16
0.2602739726027397,0.11506849315068493,0.14520547945205478,53
0.07945205479452055,0.5753424657534246,-0.4958904109589041,-181
0.03287671232876712,0.2136986301369863,-0.18082191780821918,-66
0.03287671232876712,0.6986301369863014,-0.6657534246575343,-243
0.4904109589041096,0.410958904109589,0.07945205479452055,29
0.1232876712328767,0.5753424657534246,-0.4520547945205479,-165
0.2465753424657534,0.6575342465753424,-0.410958904109589,-150
1.0,0.6986301369863014,0.3013698630136986,110
0.7561643835616438,0.1643835616438356,0.5917808219178082,216
0.8575342465753425,0.03287671232876712,0.8246575342465754,301
0.6602739726027397,0.5753424657534246,0.08493150684931507,31
0.09041095890410959,0.30684931506849317,-0.21643835616438356,-79
0.2219178082191781,0.5424657534246575,-0.32054794520547947,-117
0.0,0.0,0.0,0
0.27671232876712326,0.2684931506849315,0.00821917808219178,3
0.4136986301369863,0.03287671232876712,0.38082191780821917,139
0.4712328767123288,0.06575342465753424,0.4054794520547945,148
0.27671232876712326,0.1643835616438356,0.11232876712328767,41
0.01643835616438356,0.4273972602739726,-0.410958904109589,-150
0.7479452054794521,0.1643835616438356,0.5835616438356165,213
0.3643835616438356,0.021917808219178082,0.3424657534246575,125
0.7698630136986301,0.27945205479452057,0.4904109589041096,179
0.10136986301369863,0.5424657534246575,-0.4410958904109589,-161
0.8383561643835616,0.2465753424657534,0.5917808219178082,216
0.0027397260273972603,0.4602739726027397,-0.4575342465753425,-167
0.4383561643835616,0.01643835616438356,0.42191780821917807,154
0.6136986301369863,0.6986301369863014,-0.08493150684931507,-31
0.0136986301369863,0.3287671232876712,-0.3150684931506849,-115
0.08767123287671233,0.4602739726027397,-0.3726027397260274,-136
0.16164383561643836,0.6986301369863014,-0.536986301369863,-196
0.049315068493150684,0.2136986301369863,-0.1643835616438356,-60
0.03561643835616438,0.6986301369863014,-0.663013698630137,-242
0.5068493150684932,0.3287671232876712,0.1780821917808219,65
0.0410958904109589,0.1643835616438356,-0.1232876712328767,-45
0.1589041095890411,0.3780821917808219,-0.2191780821917808,-80
0.7863013698630137,0.19726027397260273,0.589041095890411,215
0.947945205479452,0.2136986301369863,0.7342465753424657,268
0.0821917808219178,0.5424657534246575,-0.4602739726027397,-168
0.0273972602739726,0.31232876712328766,-0.28493150684931506,-104
0.8575342465753425,0.3452054794520548,0.5123287671232877,187
0.2602739726027397,0.01643835616438356,0.24383561643835616,89
0.547945205479452,0.410958904109589,0.136986301369863,50
0.18082191780821918,0.1643835616438356,0.01643835616438356,6
0.5972602739726027,0.03287671232876712,0.5643835616438356,206
0.0547945205479452,0.36164383561643837,-0.30684931506849317,-112
0.8438356164383561,0.6986301369863014,0.14520547945205478,53
0.7917808219178082,0.6986301369863014,0.09315068493150686,34
0.1506849315068493,0.27945205479452057,-0.12876712328767123,-47
0.7863013698630137,0.6986301369863014,0.08767123287671233,32
0.7972602739726027,0.049315068493150684,0.7479452054794521,273
0.7972602739726027,0.6575342465753424,0.13972602739726028,51
0.7890410958904109,0.6986301369863014,0.09041095890410959,33
0.8246575342465754,0.0821917808219178,0.7424657534246575,271
0.043835616438356165,0.11506849315068493,-0.07123287671232877,-26
0.1178082191780822,0.1643835616438356,-0.04657534246575343,-17
0.09315068493150686,0.06575342465753424,0.0273972602739726,10
0.7589041095890411,0.01643835616438356,0.7424657534246575,271
0.3424657534246575,0.01643835616438356,0.32602739726027397,119
0.03561643835616438,0.3780821917808219,-0.3424657534246575,-125
0.5013698630136987,0.3287671232876712,0.1726027397260274,63
0.2493150684931507,0.3287671232876712,-0.07945205479452055,-29
0.8712328767123287,0.15342465753424658,0.7178082191780822,262
0.0410958904109589,0.09863013698630137,-0.057534246575342465,-21
0.13972602739726028,0.01643835616438356,0.1232876712328767,45
0.5342465753424658,0.0,0.5342465753424658,195
0.1643835616438356,0.01643835616438356,0.14794520547945206,54
0.0958904109589041,0.0,0.0958904109589041,35
0.5753424657534246,0.673972602739726,-0.09863013698630137,-36
0.03287671232876712,0.18082191780821918,-0.14794520547945206,-54
0.10410958904109589,0.18082191780821918,-0.07671232876712329,-28
0.5095890410958904,0.06575342465753424,0.4438356164383562,162
0.5534246575342465,0.1643835616438356,0.38904109589041097,142
0.010958904109589041,0.11506849315068493,-0.10410958904109589,-38
0.2465753424657534,0.13150684931506848,0.11506849315068493,42
0.5698630136986301,0.5753424657534246,-0.005479452054794521,-2
0.863013698630137,0.4438356164383562,0.4191780821917808,153
0.27123287671232876,0.13150684931506848,0.13972602739726028,51
0.005479452054794521,0.2136986301369863,-0.20821917808219179,-76
0.34794520547945207,0.14794520547945206,0.2,73
0.136986301369863,0.1643835616438356,-0.0273972602739726,-10
0.024657534246575342,0.14794520547945206,-0.1232876712328767,-45
0.3698630136986301,0.31232876712328766,0.057534246575342465,21
0.00821917808219178,0.1643835616438356,-0.15616438356164383,-57
0.9671232876712329,0.0821917808219178,0.8849315068493151,323
0.8849315068493151,0.23013698630136986,0.6547945205479452,239
0.7534246575342466,0.2136986301369863,0.5397260273972603,197
0.8794520547945206,0.06575342465753424,0.8136986301369863,297
0.4931506849315068,0.03287671232876712,0.4602739726027397,168
0.15342465753424658,0.4931506849315068,-0.33972602739726027,-124
0.1780821917808219,0.18082191780821918,-0.0027397260273972603,-1
0.0958904109589041,0.36164383561643837,-0.26575342465753427,-97
0.8082191780821918,0.39452054794520547,0.4136986301369863,151
0.09863013698630137,0.4602739726027397,-0.36164383561643837,-132
0.019178082191780823,0.13150684931506848,-0.11232876712328767,-41
0.0,0.14794520547945206,-0.14794520547945206,-54
0.1780821917808219,0.0,0.1780821917808219,65
0.5643835616438356,0.27945205479452057,0.28493150684931506,104
0.030136986301369864,0.4273972602739726,-0.3972602739726027,-145
0.09863013698630137,0.0,0.09863013698630137,36
0.09863013698630137,0.0,0.09863013698630137,36
0.09863013698630137,0.0,0.09863013698630137,36
0.3232876712328767,0.4602739726027397,-0.136986301369863,-50
0.3095890410958904,0.1643835616438356,0.14520547945205478,53
0.136986301369863,0.3452054794520548,-0.20821917808219179,-76
0.08493150684931507,0.2136986301369863,-0.12876712328767123,-47
0.010958904109589041,0.14794520547945206,-0.136986301369863,-50
0.3835616438356164,0.0,0.3835616438356164,140
0.03561643835616438,0.5424657534246575,-0.5068493150684932,-185
0.18082191780821918,0.6986301369863014,-0.5178082191780822,-189
0.7205479452054795,0.18082191780821918,0.5397260273972603,197
0.7589041095890411,0.0,0.7589041095890411,277
0.1917808219178082,0.15342465753424658,0.038356164383561646,14
0.0,0.14794520547945206,-0.14794520547945206,-54
0.33972602739726027,0.6986301369863014,-0.3589041095890411,-131
0.25205479452054796,0.18082191780821918,0.07123287671232877,26
0.5287671232876713,0.01643835616438356,0.5123287671232877,187
0.9945205479452055,0.13150684931506848,0.863013698630137,315
0.10136986301369863,0.4273972602739726,-0.32602739726027397,-119
0.00821917808219178,0.1643835616438356,-0.15616438356164383,-57
0.12054794520547946,0.5424657534246575,-0.42191780821917807,-154
0.07397260273972603,0.4767123287671233,-0.40273972602739727,-147
0.32054794520547947,0.6082191780821918,-0.2876712328767123,-105
0.8904109589041096,0.0,0.8904109589041096,325
0.9808219178082191,0.3452054794520548,0.6356164383561644,232
0.06301369863013699,0.3452054794520548,-0.2821917808219178,-103
0.35342465753424657,0.2958904109589041,0.057534246575342465,21
0.6438356164383562,0.16986301369863013,0.473972602739726,173
0.03561643835616438,0.4438356164383562,-0.40821917808219177,-149
0.11232876712328767,0.410958904109589,-0.29863013698630136,-109
0.07945205479452055,0.2136986301369863,-0.13424657534246576,-49
0.3917808219178082,0.15342465753424658,0.23835616438356164,87
0.1506849315068493,0.6410958904109589,-0.4904109589041096,-179
0.873972602739726,0.3287671232876712,0.5452054794520548,199
0.6054794520547945,0.23013698630136986,0.37534246575342467,137
0.06575342465753424,0.5260273972602739,-0.4602739726027397,-168
0.07671232876712329,0.31232876712328766,-0.2356164383561644,-86
0.10410958904109589,0.06575342465753424,0.038356164383561646,14
0.3041095890410959,0.31232876712328766,-0.00821917808219178,-3
0.8684931506849315,0.19726027397260273,0.6712328767123288,245
0.410958904109589,0.03287671232876712,0.3780821917808219,138
0.024657534246575342,0.2958904109589041,-0.27123287671232876,-99
0.0547945205479452,0.2958904109589041,-0.2410958904109589,-88
0.03561643835616438,0.13150684931506848,-0.0958904109589041,-35
0.15616438356164383,0.3287671232876712,-0.1726027397260274,-63
0.5616438356164384,0.0821917808219178,0.4794520547945205,175
0.9095890410958904,0.0,0.9095890410958904,332
0.057534246575342465,0.23013698630136986,-0.1726027397260274,-63
0.043835616438356165,0.0,0.043835616438356165,16
0.13424657534246576,0.4438356164383562,-0.3095890410958904,-113
0.08493150684931507,0.4931506849315068,-0.40821917808219177,-149
0.7013698630136986,0.6986301369863014,0.0027397260273972603,1
0.2356164383561644,0.049315068493150684,0.1863013698630137,68
0.40821917808219177,0.4767123287671233,-0.0684931506849315,-25
0.010958904109589041,0.0547945205479452,-0.043835616438356165,-16
0.2219178082191781,0.26301369863013696,-0.0410958904109589,-15
0.4986301369863014,0.31232876712328766,0.1863013698630137,68
0.1095890410958904,0.23013698630136986,-0.12054794520547946,-44
0.9643835616438357,0.01643835616438356,0.947945205479452,346
0.0136986301369863,0.01643835616438356,-0.0027397260273972603,-1
0.005479452054794521,0.049315068493150684,-0.043835616438356165,-16
0.7589041095890411,0.26301369863013696,0.4958904109589041,181
0.0,0.0,0.0,0
0.4684931506849315,0.2958904109589041,0.1726027397260274,63
0.5616438356164384,0.14794520547945206,0.4136986301369863,151
0.14794520547945206,0.2958904109589041,-0.14794520547945206,-54
0.005479452054794521,0.0,0.005479452054794521,2
0.6904109589041096,0.31232876712328766,0.3780821917808219,138
0.0821917808219178,0.6986301369863014,-0.6164383561643836,-225
0.536986301369863,0.27945205479452057,0.25753424657534246,94
0.010958904109589041,0.18082191780821918,-0.16986301369863013,-62
0.01643835616438356,0.23013698630136986,-0.2136986301369863,-78
0.39452054794520547,0.4602739726027397,-0.06575342465753424,-24
0.0,0.049315068493150684,-0.049315068493150684,-18
0.0547945205479452,0.0,0.0547945205479452,20
0.043835616438356165,0.4438356164383562,-0.4,-146
0.6273972602739726,0.038356164383561646,0.589041095890411,215
0.336986301369863,0.19726027397260273,0.13972602739726028,51
0.052054794520547946,0.5589041095890411,-0.5068493150684932,-185
0.09041095890410959,0.3287671232876712,-0.23835616438356164,-87
0.18082191780821918,0.36164383561643837,-0.18082191780821918,-66
0.2273972602739726,0.049315068493150684,0.1780821917808219,65
0.010958904109589041,0.5260273972602739,-0.5150684931506849,-188
0.8246575342465754,0.11506849315068493,0.7095890410958904,259
0.14246575342465753,0.2465753424657534,-0.10410958904109589,-38
0.04657534246575343,0.0,0.04657534246575343,17
0.18082191780821918,0.049315068493150684,0.13150684931506848,48
0.947945205479452,0.6986301369863014,0.2493150684931507,91
0.8136986301369863,0.13150684931506848,0.6821917808219178,249
0.0,0.3452054794520548,-0.3452054794520548,-126
0.3041095890410959,0.09863013698630137,0.2054794520547945,75
0.6273972602739726,0.23013698630136986,0.3972602739726027,145
0.5643835616438356,0.06575342465753424,0.4986301369863014,182
0.684931506849315,0.6575342465753424,0.0273972602739726,10
0.989041095890411,0.049315068493150684,0.9397260273972603,343
0.136986301369863,0.4273972602739726,-0.29041095890410956,-106
0.0,0.0,0.0,0
0.11232876712328767,0.03287671232876712,0.07945205479452055,29
0.9835616438356164,0.01643835616438356,0.9671232876712329,353
0.04657534246575343,0.11506849315068493,-0.0684931506849315,-25
0.9753424657534246,0.09863013698630137,0.8767123287671232,320
0.9863013698630136,0.0,0.9863013698630136,360
0.0,0.1095890410958904,-0.1095890410958904,-40
0.00821917808219178,0.3452054794520548,-0.336986301369863,-123
0.0136986301369863,0.06575342465753424,-0.052054794520547946,-19
0.16164383561643836,0.3452054794520548,-0.18356164383561643,-67
0.13424657534246576,0.0,0.13424657534246576,49
0.024657534246575342,0.1643835616438356,-0.13972602739726028,-51
0.7123287671232876,0.1643835616438356,0.547945205479452,200
0.19452054794520549,0.09863013698630137,0.0958904109589041,35
0.052054794520547946,0.6986301369863014,-0.6465753424657534,-236
0.8602739726027397,0.2465753424657534,0.6136986301369863,224
0.0027397260273972603,0.14794520547945206,-0.14520547945205478,-53
0.057534246575342465,0.5095890410958904,-0.4520547945205479,-165
0.052054794520547946,0.6410958904109589,-0.589041095890411,-215
0.27945205479452057,0.6986301369863014,-0.4191780821917808,-153
0.936986301369863,0.1643835616438356,0.7726027397260274,282
0.8082191780821918,0.5424657534246575,0.26575342465753427,97
0.7095890410958904,0.15342465753424658,0.5561643835616439,203
0.019178082191780823,0.0,0.019178082191780823,7
0.0027397260273972603,0.0,0.0027397260273972603,1
0.1232876712328767,0.14794520547945206,-0.024657534246575342,-9
0.13150684931506848,0.3287671232876712,-0.19726027397260273,-72
0.17534246575342466,0.09863013698630137,0.07671232876712329,28
0.7534246575342466,0.14794520547945206,0.6054794520547945,221
0.8328767123287671,0.03287671232876712,0.8,292
0.06301369863013699,0.0821917808219178,-0.019178082191780823,-7
0.5534246575342465,0.31232876712328766,0.2410958904109589,88
0.1178082191780822,0.23013698630136986,-0.11232876712328767,-41
0.3095890410958904,0.6986301369863014,-0.38904109589041097,-142
0.4986301369863014,0.14794520547945206,0.3506849315068493,128
0.049315068493150684,0.06575342465753424,-0.01643835616438356,-6
0.5698630136986301,0.049315068493150684,0.5205479452054794,190
0.7863013698630137,0.19726027397260273,0.589041095890411,215
0.0027397260273972603,0.0,0.0027397260273972603,1
0.6465753424657534,0.5424657534246575,0.10410958904109589,38
0.9232876712328767,0.2136986301369863,0.7095890410958904,259
0.5561643835616439,0.1643835616438356,0.3917808219178082,143
0.030136986301369864,0.01643835616438356,0.0136986301369863,5
0.8246575342465754,0.1643835616438356,0.6602739726027397,241
0.5150684931506849,0.3287671232876712,0.1863013698630137,68
0.947945205479452,0.06575342465753424,0.8821917808219178,322
0.5643835616438356,0.1643835616438356,0.4,146
0.5643835616438356,0.3287671232876712,0.2356164383561644,86
0.010958904109589041,0.1643835616438356,-0.15342465753424658,-56
0.1506849315068493,0.36164383561643837,-0.21095890410958903,-77
0.6191780821917808,0.01643835616438356,0.6027397260273972,220
0.589041095890411,0.049315068493150684,0.5397260273972603,197
0.136986301369863,0.6986301369863014,-0.5616438356164384,-205
0.0547945205479452,0.31232876712328766,-0.25753424657534246,-94
0.1589041095890411,0.0,0.1589041095890411,58
0.7616438356164383,0.26301369863013696,0.4986301369863014,182
0.873972602739726,0.4438356164383562,0.4301369863013699,157
0.0027397260273972603,0.3287671232876712,-0.32602739726027397,-119
0.2136986301369863,0.3780821917808219,-0.1643835616438356,-60
0.052054794520547946,0.4273972602739726,-0.37534246575342467,-137
0.0410958904109589,0.4438356164383562,-0.40273972602739727,-147
0.052054794520547946,0.049315068493150684,0.0027397260273972603,1
0.7835616438356164,0.06575342465753424,0.7178082191780822,262
0.3424657534246575,0.4602739726027397,-0.1178082191780822,-43
1.0,0.3452054794520548,0.6547945205479452,239
0.9534246575342465,0.021917808219178082,0.9315068493150684,340
0.00821917808219178,0.0,0.00821917808219178,3
0.08767123287671233,0.2136986301369863,-0.12602739726027398,-46
0.07397260273972603,0.2958904109589041,-0.2219178082191781,-81
0.038356164383561646,0.18082191780821918,-0.14246575342465753,-52
0.0547945205479452,0.0821917808219178,-0.0273972602739726,-10
0.4958904109589041,0.673972602739726,-0.1780821917808219,-65
0.7178082191780822,0.31232876712328766,0.4054794520547945,148
0.5315068493150685,0.6575342465753424,-0.12602739726027398,-46
0.5424657534246575,0.6986301369863014,-0.15616438356164383,-57
0.5041095890410959,0.3287671232876712,0.17534246575342466,64
0.8328767123287671,0.3780821917808219,0.4547945205479452,166
0.2328767123287671,0.31232876712328766,-0.07945205479452055,-29
0.0,0.03287671232876712,-0.03287671232876712,-12
0.46301369863013697,0.36164383561643837,0.10136986301369863,37
0.8328767123287671,0.4273972602739726,0.4054794520547945,148
0.09863013698630137,0.06575342465753424,0.03287671232876712,12
0.8027397260273973,0.03287671232876712,0.7698630136986301,281
0.0410958904109589,0.14794520547945206,-0.10684931506849316,-39
0.27123287671232876,0.11506849315068493,0.15616438356164383,57
0.4383561643835616,0.6986301369863014,-0.2602739726027397,-95
0.8904109589041096,0.0,0.8904109589041096,325
0.0136986301369863,0.06575342465753424,-0.052054794520547946,-19
0.8794520547945206,0.5095890410958904,0.3698630136986301,135
0.7616438356164383,0.6575342465753424,0.10410958904109589,38
0.0027397260273972603,0.0,0.0027397260273972603,1
0.10410958904109589,0.39452054794520547,-0.29041095890410956,-106
0.5506849315068493,0.0821917808219178,0.4684931506849315,171
0.005479452054794521,0.0,0.005479452054794521,2
0.1726027397260274,0.26301369863013696,-0.09041095890410959,-33
0.021917808219178082,0.0,0.021917808219178082,8
0.00821917808219178,0.0,0.00821917808219178,3
0.23013698630136986,0.6082191780821918,-0.3780821917808219,-138
0.030136986301369864,0.31232876712328766,-0.2821917808219178,-103
0.08493150684931507,0.11506849315068493,-0.030136986301369864,-11
0.947945205479452,0.27945205479452057,0.6684931506849315,244
1.0,0.03287671232876712,0.9671232876712329,353
0.005479452054794521,0.0821917808219178,-0.07671232876712329,-28
0.10410958904109589,0.5917808219178082,-0.4876712328767123,-178
0.09863013698630137,0.19726027397260273,-0.09863013698630137,-36
0.8136986301369863,0.3452054794520548,0.4684931506849315,171
0.7534246575342466,0.01643835616438356,0.736986301369863,269
0.7178082191780822,0.36164383561643837,0.3561643835616438,130
0.07945205479452055,0.01643835616438356,0.06301369863013699,23
0.04657534246575343,0.36164383561643837,-0.3150684931506849,-115
0.8767123287671232,0.14794520547945206,0.7287671232876712,266
0.09041095890410959,0.6410958904109589,-0.5506849315068493,-201
0.0684931506849315,0.36164383561643837,-0.29315068493150687,-107
0.20821917808219179,0.6986301369863014,-0.4904109589041096,-179
0.10684931506849316,0.410958904109589,-0.3041095890410959,-111
0.07671232876712329,0.4273972602739726,-0.3506849315068493,-128
0.7589041095890411,0.14794520547945206,0.6109589041095891,223
0.07671232876712329,0.03287671232876712,0.043835616438356165,16
0.25205479452054796,0.6986301369863014,-0.4465753424657534,-163
0.810958904109589,0.3452054794520548,0.4657534246575342,170
0.00821917808219178,0.0,0.00821917808219178,3
0.1178082191780822,0.23013698630136986,-0.11232876712328767,-41
0.25205479452054796,0.0821917808219178,0.16986301369863013,62
0.07945205479452055,0.3452054794520548,-0.26575342465753427,-97
0.07671232876712329,0.6986301369863014,-0.6219178082191781,-227
0.6602739726027397,0.2136986301369863,0.4465753424657534,163
0.1726027397260274,0.06575342465753424,0.10684931506849316,39
0.37534246575342467,0.2958904109589041,0.07945205479452055,29
0.9397260273972603,0.2958904109589041,0.6438356164383562,235
0.7643835616438356,0.6082191780821918,0.15616438356164383,57
0.0821917808219178,0.06575342465753424,0.01643835616438356,6
0.11506849315068493,0.2465753424657534,-0.13150684931506848,-48
0.1726027397260274,0.19726027397260273,-0.024657534246575342,-9
0.7534246575342466,0.01643835616438356,0.736986301369863,269
0.2602739726027397,0.01643835616438356,0.24383561643835616,89
0.11506849315068493,0.2136986301369863,-0.09863013698630137,-36
0.1780821917808219,0.27945205479452057,-0.10136986301369863,-37
0.11232876712328767,0.6986301369863014,-0.5863013698630137,-214
0.0273972602739726,0.13150684931506848,-0.10410958904109589,-38
0.13424657534246576,0.3287671232876712,-0.19452054794520549,-71
0.010958904109589041,0.23013698630136986,-0.2191780821917808,-80
0.1780821917808219,0.6986301369863014,-0.5205479452054794,-190
0.0958904109589041,0.2136986301369863,-0.1178082191780822,-43
0.5534246575342465,0.3287671232876712,0.22465753424657534,82
0.0027397260273972603,0.4931506849315068,-0.4904109589041096,-179
0.4410958904109589,0.0,0.4410958904109589,161
0.038356164383561646,0.11506849315068493,-0.07671232876712329,-28
0.0,0.0,0.0,0
0.010958904109589041,0.1643835616438356,-0.15342465753424658,-56
0.3041095890410959,0.11506849315068493,0.18904109589041096,69
0.07945205479452055,0.23013698630136986,-0.1506849315068493,-55
0.038356164383561646,0.0821917808219178,-0.043835616438356165,-16
0.5260273972602739,0.23013698630136986,0.2958904109589041,108
0.00821917808219178,0.23013698630136986,-0.2219178082191781,-81
0.26575342465753427,0.0821917808219178,0.18356164383561643,67
0.3780821917808219,0.06575342465753424,0.31232876712328766,114
0.10136986301369863,0.6986301369863014,-0.5972602739726027,-218
0.6931506849315069,0.09863013698630137,0.5945205479452055,217
0.0027397260273972603,0.0,0.0027397260273972603,1
0.3863013698630137,0.0,0.3863013698630137,141
0.4410958904109589,0.14794520547945206,0.29315068493150687,107
0.1178082191780822,0.23013698630136986,-0.11232876712328767,-41
0.06301369863013699,0.18082191780821918,-0.1178082191780822,-43
0.0273972602739726,0.3287671232876712,-0.3013698630136986,-110
0.1780821917808219,0.3780821917808219,-0.2,-73
0.6684931506849315,0.6986301369863014,-0.030136986301369864,-11
0.0,0.01643835616438356,-0.01643835616438356,-6
0.0,0.2684931506849315,-0.2684931506849315,-98
0.0027397260273972603,0.11506849315068493,-0.11232876712328767,-41
0.07945205479452055,0.31232876712328766,-0.2328767123287671,-85
0.8,0.2958904109589041,0.5041095890410959,184
0.6986301369863014,0.6575342465753424,0.0410958904109589,15
0.12876712328767123,0.6986301369863014,-0.5698630136986301,-208
0.7013698630136986,0.1643835616438356,0.536986301369863,196
0.030136986301369864,0.23013698630136986,-0.2,-73
0.0,0.4931506849315068,-0.4931506849315068,-180
0.0,0.0,0.0,0
0.021917808219178082,0.049315068493150684,-0.0273972602739726,-10
0.7616438356164383,0.4767123287671233,0.28493150684931506,104
0.043835616438356165,0.0547945205479452,-0.010958904109589041,-4
0.18356164383561643,0.6986301369863014,-0.5150684931506849,-188
0.7561643835616438,0.01643835616438356,0.7397260273972602,270
0.00821917808219178,0.01643835616438356,-0.00821917808219178,-3
0.7561643835616438,0.03287671232876712,0.7232876712328767,264
0.4273972602739726,0.14794520547945206,0.27945205479452057,102
0.7561643835616438,0.0,0.7561643835616438,276
0.7561643835616438,0.03287671232876712,0.7232876712328767,264
0.7561643835616438,0.01643835616438356,0.7397260273972602,270
0.7561643835616438,0.01643835616438356,0.7397260273972602,270
0.7561643835616438,0.0,0.7561643835616438,276
0.04657534246575343,0.0,0.04657534246575343,17
0.7561643835616438,0.0,0.7561643835616438,276
0.7561643835616438,0.0,0.7561643835616438,276
0.7561643835616438,0.0,0.7561643835616438,276
0.7561643835616438,0.01643835616438356,0.7397260273972602,270
0.0136986301369863,0.0,0.0136986301369863,5
0.0684931506849315,0.06575342465753424,0.0027397260273972603,1
0.7561643835616438,0.0,0.7561643835616438,276
0.15616438356164383,0.3452054794520548,-0.18904109589041096,-69
0.0547945205479452,0.06575342465753424,-0.010958904109589041,-4
0.7561643835616438,0.0,0.7561643835616438,276
0.7643835616438356,0.0,0.7643835616438356,279
0.16712328767123288,0.4602739726027397,-0.29315068493150687,-107
0.005479452054794521,0.26301369863013696,-0.25753424657534246,-94
0.8493150684931506,0.14794520547945206,0.7013698630136986,256
0.0547945205479452,0.6986301369863014,-0.6438356164383562,-235
0.2684931506849315,0.03287671232876712,0.2356164383561644,86
0.01643835616438356,0.01643835616438356,0.0,0
0.019178082191780823,0.049315068493150684,-0.030136986301369864,-11
0.7616438356164383,0.0,0.7616438356164383,278
0.7835616438356164,0.0,0.7835616438356164,286
0.7561643835616438,0.0,0.7561643835616438,276
0.7561643835616438,0.01643835616438356,0.7397260273972602,270
0.26301369863013696,0.049315068493150684,0.2136986301369863,78
0.4136986301369863,0.410958904109589,0.0027397260273972603,1
0.136986301369863,0.3452054794520548,-0.20821917808219179,-76
0.12054794520547946,0.6246575342465753,-0.5041095890410959,-184
0.5972602739726027,0.2465753424657534,0.3506849315068493,128
0.057534246575342465,0.6246575342465753,-0.5671232876712329,-207
0.13424657534246576,0.03287671232876712,0.10136986301369863,37
0.03287671232876712,0.049315068493150684,-0.01643835616438356,-6
0.0684931506849315,0.0,0.0684931506849315,25
0.13424657534246576,0.0,0.13424657534246576,49
0.0027397260273972603,0.0,0.0027397260273972603,1
0.4904109589041096,0.6986301369863014,-0.20821917808219179,-76
0.0547945205479452,0.5095890410958904,-0.4547945205479452,-166
0.0547945205479452,0.6986301369863014,-0.6438356164383562,-235
0.04657534246575343,0.4602739726027397,-0.4136986301369863,-151
0.057534246575342465,0.6986301369863014,-0.6410958904109589,-234
0.6684931506849315,0.4931506849315068,0.17534246575342466,64
0.0,0.0,0.0,0
0.27945205479452057,0.03287671232876712,0.2465753424657534,90
0.6575342465753424,0.26301369863013696,0.39452054794520547,144
0.06027397260273973,0.6986301369863014,-0.6383561643835617,-233
0.0547945205479452,0.09863013698630137,-0.043835616438356165,-16
0.7671232876712328,0.2958904109589041,0.4712328767123288,172
0.09315068493150686,0.06575342465753424,0.0273972602739726,10
0.8767123287671232,0.01643835616438356,0.8602739726027397,314
0.13972602739726028,0.23013698630136986,-0.09041095890410959,-33
0.0027397260273972603,0.01643835616438356,-0.0136986301369863,-5
0.13150684931506848,0.5589041095890411,-0.4273972602739726,-156
0.07123287671232877,0.6986301369863014,-0.6273972602739726,-229
0.052054794520547946,0.0,0.052054794520547946,19
0.15342465753424658,0.0,0.15342465753424658,56
0.8849315068493151,0.2136986301369863,0.6712328767123288,245
0.0027397260273972603,0.410958904109589,-0.40821917808219177,-149
0.9835616438356164,0.6986301369863014,0.28493150684931506,104
0.547945205479452,0.03287671232876712,0.5150684931506849,188
0.0027397260273972603,0.01643835616438356,-0.0136986301369863,-5
0.14520547945205478,0.01643835616438356,0.12876712328767123,47
0.3041095890410959,0.01643835616438356,0.2876712328767123,105
0.00821917808219178,0.03287671232876712,-0.024657534246575342,-9
0.0958904109589041,0.18082191780821918,-0.08493150684931507,-31
0.6383561643835617,0.6986301369863014,-0.06027397260273973,-22
0.547945205479452,0.4273972602739726,0.12054794520547946,44
0.547945205479452,0.31232876712328766,0.2356164383561644,86
0.0,0.0821917808219178,-0.0821917808219178,-30
0.7561643835616438,0.11506849315068493,0.6410958904109589,234
0.0,0.0273972602739726,-0.0273972602739726,-10
0.01643835616438356,0.36164383561643837,-0.3452054794520548,-126
0.0027397260273972603,0.2465753424657534,-0.24383561643835616,-89
0.019178082191780823,0.09863013698630137,-0.07945205479452055,-29
0.0684931506849315,0.36164383561643837,-0.29315068493150687,-107
0.0136986301369863,0.1643835616438356,-0.1506849315068493,-55
0.021917808219178082,0.11506849315068493,-0.09315068493150686,-34
0.08767123287671233,0.2465753424657534,-0.1589041095890411,-58
0.9260273972602739,0.23013698630136986,0.6958904109589041,254
0.9863013698630136,0.0,0.9863013698630136,360
0.13424657534246576,0.6986301369863014,-0.5643835616438356,-206
0.8328767123287671,0.410958904109589,0.42191780821917807,154
0.10410958904109589,0.3780821917808219,-0.273972602739726,-100
0.0,0.01643835616438356,-0.01643835616438356,-6
0.5095890410958904,0.01643835616438356,0.4931506849315068,180
0.20273972602739726,0.3780821917808219,-0.17534246575342466,-64
0.9041095890410958,0.2958904109589041,0.6082191780821918,222
0.29315068493150687,0.6904109589041096,-0.3972602739726027,-145
0.030136986301369864,0.6082191780821918,-0.5780821917808219,-211
0.021917808219178082,0.3287671232876712,-0.30684931506849317,-112
0.08493150684931507,0.0821917808219178,0.0027397260273972603,1
0.9205479452054794,0.0,0.9205479452054794,336
0.7342465753424657,0.13150684931506848,0.6027397260273972,220
0.0,0.0,0.0,0
0.038356164383561646,0.6575342465753424,-0.6191780821917808,-226
0.00821917808219178,0.0,0.00821917808219178,3
0.0027397260273972603,0.0,0.0027397260273972603,1
0.0273972602739726,0.09863013698630137,-0.07123287671232877,-26
0.11506849315068493,0.673972602739726,-0.5589041095890411,-204
0.2493150684931507,0.0821917808219178,0.16712328767123288,61
0.4383561643835616,0.0,0.4383561643835616,160
0.5068493150684932,0.0821917808219178,0.4246575342465753,155
0.043835616438356165,0.0,0.043835616438356165,16
0.29041095890410956,0.19726027397260273,0.09315068493150686,34
0.1178082191780822,0.09863013698630137,0.019178082191780823,7
0.04657534246575343,0.36164383561643837,-0.3150684931506849,-115
0.8931506849315068,0.09863013698630137,0.7945205479452054,290
0.7863013698630137,0.26301369863013696,0.5232876712328767,191
0.043835616438356165,0.11506849315068493,-0.07123287671232877,-26
0.10684931506849316,0.23013698630136986,-0.1232876712328767,-45
0.6328767123287671,0.2465753424657534,0.3863013698630137,141
0.5671232876712329,0.27945205479452057,0.2876712328767123,105
0.0,0.0,0.0,0
0.14520547945205478,0.049315068493150684,0.0958904109589041,35
0.010958904109589041,0.11506849315068493,-0.10410958904109589,-38
0.038356164383561646,0.09863013698630137,-0.06027397260273973,-22
0.7068493150684931,0.4438356164383562,0.26301369863013696,96
0.5397260273972603,0.07671232876712329,0.46301369863013697,169
0.7506849315068493,0.06575342465753424,0.684931506849315,250
0.8383561643835616,0.6986301369863014,0.13972602739726028,51
0.00821917808219178,0.0,0.00821917808219178,3
0.7972602739726027,0.2136986301369863,0.5835616438356165,213
0.1589041095890411,0.1643835616438356,-0.005479452054794521,-2
0.11506849315068493,0.6986301369863014,-0.5835616438356165,-213
0.9506849315068493,0.049315068493150684,0.9013698630136986,329
0.6027397260273972,0.19726027397260273,0.4054794520547945,148
0.5123287671232877,0.0,0.5123287671232877,187
0.0,0.01643835616438356,-0.01643835616438356,-6
0.14246575342465753,0.26301369863013696,-0.12054794520547946,-44
0.4547945205479452,0.19726027397260273,0.25753424657534246,94
0.07945205479452055,0.6986301369863014,-0.6191780821917808,-226
0.8657534246575342,0.09863013698630137,0.7671232876712328,280
0.8821917808219178,0.26301369863013696,0.6191780821917808,226
0.5150684931506849,0.11506849315068493,0.4,146
0.8547945205479452,0.14794520547945206,0.7068493150684931,258
0.19726027397260273,0.4273972602739726,-0.23013698630136986,-84
0.09041095890410959,0.0,0.09041095890410959,33
0.09315068493150686,0.4767123287671233,-0.3835616438356164,-140
0.32602739726027397,0.2958904109589041,0.030136986301369864,11
0.3863013698630137,0.11506849315068493,0.27123287671232876,99
0.5123287671232877,0.03287671232876712,0.4794520547945205,175
0.35342465753424657,0.01643835616438356,0.336986301369863,123
0.7808219178082192,0.049315068493150684,0.7315068493150685,267
0.5589041095890411,0.0821917808219178,0.4767123287671233,174
0.052054794520547946,0.09863013698630137,-0.04657534246575343,-17
0.0273972602739726,0.3287671232876712,-0.3013698630136986,-110
0.0410958904109589,0.31232876712328766,-0.27123287671232876,-99
0.26301369863013696,0.3287671232876712,-0.06575342465753424,-24
0.20821917808219179,0.5424657534246575,-0.33424657534246577,-122
0.7479452054794521,0.049315068493150684,0.6986301369863014,255
0.4383561643835616,0.27945205479452057,0.1589041095890411,58
0.0,0.06575342465753424,-0.06575342465753424,-24
0.9780821917808219,0.2958904109589041,0.6821917808219178,249
0.5726027397260274,0.5095890410958904,0.06301369863013699,23
0.9287671232876712,0.0,0.9287671232876712,339
0.2136986301369863,0.0821917808219178,0.13150684931506848,48
0.34794520547945207,0.0821917808219178,0.26575342465753427,97
0.6876712328767123,0.09863013698630137,0.589041095890411,215
0.019178082191780823,0.0,0.019178082191780823,7
0.4958904109589041,0.6986301369863014,-0.20273972602739726,-74
0.2602739726027397,0.39452054794520547,-0.13424657534246576,-49
0.726027397260274,0.1643835616438356,0.5616438356164384,205
0.0273972602739726,0.6986301369863014,-0.6712328767123288,-245
0.6794520547945205,0.08767123287671233,0.5917808219178082,216
0.16712328767123288,0.1643835616438356,0.0027397260273972603,1
0.8821917808219178,0.021917808219178082,0.8602739726027397,314
0.0958904109589041,0.03287671232876712,0.06301369863013699,23
0.0684931506849315,0.09863013698630137,-0.030136986301369864,-11
0.8027397260273973,0.19726027397260273,0.6054794520547945,221
0.01643835616438356,0.14794520547945206,-0.13150684931506848,-48
0.3287671232876712,0.2136986301369863,0.11506849315068493,42
0.010958904109589041,0.0,0.010958904109589041,4
0.03287671232876712,0.4931506849315068,-0.4602739726027397,-168
0.8602739726027397,0.18082191780821918,0.6794520547945205,248
0.7534246575342466,0.0,0.7534246575342466,275
0.43561643835616437,0.31232876712328766,0.1232876712328767,45
0.005479452054794521,0.01643835616438356,-0.010958904109589041,-4
0.04657534246575343,0.5753424657534246,-0.5287671232876713,-193
0.19726027397260273,0.14794520547945206,0.049315068493150684,18
0.00821917808219178,0.0821917808219178,-0.07397260273972603,-27
0.0958904109589041,0.049315068493150684,0.04657534246575343,17
0.019178082191780823,0.0,0.019178082191780823,7
0.038356164383561646,0.410958904109589,-0.3726027397260274,-136
0.26301369863013696,0.273972602739726,-0.010958904109589041,-4
0.0027397260273972603,0.01643835616438356,-0.0136986301369863,-5
0.0,0.01643835616438356,-0.01643835616438356,-6
0.8438356164383561,0.01643835616438356,0.8273972602739726,302
0.021917808219178082,0.03287671232876712,-0.010958904109589041,-4
0.673972602739726,0.13150684931506848,0.5424657534246575,198
0.0,0.0,0.0,0
0.0,0.0,0.0,0
0.9424657534246575,0.2136986301369863,0.7287671232876712,266
0.0273972602739726,0.11506849315068493,-0.08767123287671233,-32
0.4054794520547945,0.3452054794520548,0.06027397260273973,22
0.0821917808219178,0.18082191780821918,-0.09863013698630137,-36
0.6027397260273972,0.11506849315068493,0.4876712328767123,178
0.010958904109589041,0.01643835616438356,-0.005479452054794521,-2
0.7561643835616438,0.0,0.7561643835616438,276
0.7945205479452054,0.19726027397260273,0.5972602739726027,218
0.0027397260273972603,0.03287671232876712,-0.030136986301369864,-11
0.7561643835616438,0.0,0.7561643835616438,276
0.00821917808219178,0.01643835616438356,-0.00821917808219178,-3
0.11506849315068493,0.6986301369863014,-0.5835616438356165,-213
0.0027397260273972603,0.11506849315068493,-0.11232876712328767,-41
0.684931506849315,0.3287671232876712,0.3561643835616438,130
0.0136986301369863,0.13150684931506848,-0.1178082191780822,-43
0.11232876712328767,0.6986301369863014,-0.5863013698630137,-214
0.010958904109589041,0.03287671232876712,-0.021917808219178082,-8
0.3095890410958904,0.4438356164383562,-0.13424657534246576,-49
0.0,0.0,0.0,0
0.0,0.0,0.0,0
0.11506849315068493,0.23013698630136986,-0.11506849315068493,-42
0.7643835616438356,0.36164383561643837,0.40273972602739727,147
0.0,0.0,0.0,0
0.28493150684931506,0.0,0.28493150684931506,104
0.5342465753424658,0.6986301369863014,-0.1643835616438356,-60
0.0684931506849315,0.14794520547945206,-0.07945205479452055,-29
0.7534246575342466,0.0,0.7534246575342466,275
0.4958904109589041,0.2136986301369863,0.2821917808219178,103
0.3041095890410959,0.26301369863013696,0.0410958904109589,15
0.6931506849315069,0.2136986301369863,0.4794520547945205,175
0.873972602739726,0.1643835616438356,0.7095890410958904,259
0.0,0.0,0.0,0
0.736986301369863,0.0821917808219178,0.6547945205479452,239
0.2219178082191781,0.0,0.2219178082191781,81
0.03561643835616438,0.0821917808219178,-0.04657534246575343,-17
0.273972602739726,0.4438356164383562,-0.16986301369863013,-62
0.6438356164383562,0.1643835616438356,0.4794520547945205,175
0.23835616438356164,0.0,0.23835616438356164,87
0.5424657534246575,0.0821917808219178,0.4602739726027397,168
0.9671232876712329,0.0,0.9671232876712329,353
0.2684931506849315,0.03287671232876712,0.2356164383561644,86
0.0,0.0,0.0,0
0.0,0.01643835616438356,-0.01643835616438356,-6
0.0,0.0,0.0,0
0.03561643835616438,0.4273972602739726,-0.3917808219178082,-143
0.136986301369863,0.0,0.136986301369863,50
0.5698630136986301,0.0,0.5698630136986301,208
0.27671232876712326,0.0,0.27671232876712326,101
0.2273972602739726,0.0,0.2273972602739726,83
0.6,0.0,0.6,219
0.40821917808219177,0.0,0.40821917808219177,149
0.6684931506849315,0.0,0.6684931506849315,244
0.6438356164383562,0.0,0.6438356164383562,235
0.20273972602739726,0.1643835616438356,0.038356164383561646,14
0.1917808219178082,0.0,0.1917808219178082,70
0.4575342465753425,0.0,0.4575342465753425,167
0.3424657534246575,0.0,0.3424657534246575,125
0.19452054794520549,0.0,0.19452054794520549,71
0.5068493150684932,0.0,0.5068493150684932,185
0.7232876712328767,0.0,0.7232876712328767,264
0.1780821917808219,0.23013698630136986,-0.052054794520547946,-19
0.1780821917808219,0.03287671232876712,0.14520547945205478,53
0.00821917808219178,0.410958904109589,-0.40273972602739727,-147
0.33424657534246577,0.01643835616438356,0.3178082191780822,116
0.9945205479452055,0.09863013698630137,0.8958904109589041,327
0.0136986301369863,0.0,0.0136986301369863,5
0.7013698630136986,0.0,0.7013698630136986,256
0.5780821917808219,0.0,0.5780821917808219,211
0.0547945205479452,0.06575342465753424,-0.010958904109589041,-4
0.0273972602739726,0.06575342465753424,-0.038356164383561646,-14
0.005479452054794521,0.13150684931506848,-0.12602739726027398,-46
1.0,0.39452054794520547,0.6054794520547945,221
0.2191780821917808,0.0,0.2191780821917808,80
0.010958904109589041,0.0,0.010958904109589041,4
0.13150684931506848,0.0821917808219178,0.049315068493150684,18
0.9671232876712329,0.2136986301369863,0.7534246575342466,275
0.3917808219178082,0.3287671232876712,0.06301369863013699,23
0.5534246575342465,0.049315068493150684,0.5041095890410959,184
0.005479452054794521,0.0273972602739726,-0.021917808219178082,-8
0.4904109589041096,0.19726027397260273,0.29315068493150687,107
0.0821917808219178,0.01643835616438356,0.06575342465753424,24
0.37534246575342467,0.0547945205479452,0.32054794520547947,117
0.038356164383561646,0.1643835616438356,-0.12602739726027398,-46
0.7726027397260274,0.03287671232876712,0.7397260273972602,270
0.0273972602739726,0.2465753424657534,-0.2191780821917808,-80
0.5698630136986301,0.5753424657534246,-0.005479452054794521,-2
0.9068493150684932,0.2958904109589041,0.6109589041095891,223
0.0136986301369863,0.6986301369863014,-0.684931506849315,-250
0.07123287671232877,0.2136986301369863,-0.14246575342465753,-52
0.03561643835616438,0.5424657534246575,-0.5068493150684932,-185
0.024657534246575342,0.6246575342465753,-0.6,-219
0.2958904109589041,0.11506849315068493,0.18082191780821918,66
0.019178082191780823,0.6410958904109589,-0.6219178082191781,-227
0.12602739726027398,0.23013698630136986,-0.10410958904109589,-38
0.3917808219178082,0.6986301369863014,-0.30684931506849317,-112
0.3232876712328767,0.6986301369863014,-0.37534246575342467,-137
0.052054794520547946,0.31232876712328766,-0.2602739726027397,-95
0.0,0.0,0.0,0
0.10684931506849316,0.6575342465753424,-0.5506849315068493,-201
0.06575342465753424,0.26301369863013696,-0.19726027397260273,-72
0.8246575342465754,0.0821917808219178,0.7424657534246575,271
0.00821917808219178,0.0,0.00821917808219178,3
0.1095890410958904,0.39452054794520547,-0.28493150684931506,-104
0.0410958904109589,0.2136986301369863,-0.1726027397260274,-63
0.9835616438356164,0.0,0.9835616438356164,359
0.3315068493150685,0.2136986301369863,0.1178082191780822,43
0.9506849315068493,0.0821917808219178,0.8684931506849315,317
0.9506849315068493,0.0,0.9506849315068493,347
0.9643835616438357,0.049315068493150684,0.915068493150685,334
0.1863013698630137,0.11506849315068493,0.07123287671232877,26
0.726027397260274,0.19726027397260273,0.5287671232876713,193
0.09863013698630137,0.0,0.09863013698630137,36
0.4849315068493151,0.06575342465753424,0.4191780821917808,153
0.8931506849315068,0.1643835616438356,0.7287671232876712,266
0.7917808219178082,0.2136986301369863,0.5780821917808219,211
0.7178082191780822,0.5260273972602739,0.1917808219178082,70
0.0,0.049315068493150684,-0.049315068493150684,-18
0.8136986301369863,0.36164383561643837,0.4520547945205479,165
0.5506849315068493,0.2465753424657534,0.3041095890410959,111
0.06301369863013699,0.6986301369863014,-0.6356164383561644,-232
0.8,0.2465753424657534,0.5534246575342465,202
0.7945205479452054,0.13150684931506848,0.663013698630137,242
0.8712328767123287,0.13150684931506848,0.7397260273972602,270
0.41643835616438357,0.6986301369863014,-0.2821917808219178,-103
0.043835616438356165,0.2136986301369863,-0.16986301369863013,-62
0.005479452054794521,0.0,0.005479452054794521,2
0.019178082191780823,0.06575342465753424,-0.04657534246575343,-17
0.16986301369863013,0.14794520547945206,0.021917808219178082,8
0.0,0.13150684931506848,-0.13150684931506848,-48
0.0,0.11506849315068493,-0.11506849315068493,-42
0.7534246575342466,0.01643835616438356,0.736986301369863,269
0.7205479452054795,0.26301369863013696,0.4575342465753425,167
0.8931506849315068,0.09863013698630137,0.7945205479452054,290
0.13150684931506848,0.18082191780821918,-0.049315068493150684,-18
0.11506849315068493,0.3452054794520548,-0.23013698630136986,-84
0.32054794520547947,0.19726027397260273,0.1232876712328767,45
0.0410958904109589,0.11506849315068493,-0.07397260273972603,-27
0.7041095890410959,0.03287671232876712,0.6712328767123288,245
0.7589041095890411,0.4438356164383562,0.3150684931506849,115
0.38082191780821917,0.0,0.38082191780821917,139
0.3232876712328767,0.2465753424657534,0.07671232876712329,28
0.00821917808219178,0.0,0.00821917808219178,3
0.07123287671232877,0.06575342465753424,0.005479452054794521,2
0.09863013698630137,0.0,0.09863013698630137,36
0.06575342465753424,0.0,0.06575342465753424,24
0.07671232876712329,0.0,0.07671232876712329,28
0.06575342465753424,0.0,0.06575342465753424,24
0.06575342465753424,0.0,0.06575342465753424,24
0.019178082191780823,0.0821917808219178,-0.06301369863013699,-23
0.09041095890410959,0.0,0.09041095890410959,33
0.15616438356164383,0.0,0.15616438356164383,57
0.06575342465753424,0.0,0.06575342465753424,24
0.1095890410958904,0.03287671232876712,0.07671232876712329,28
0.04657534246575343,0.410958904109589,-0.3643835616438356,-133
0.16712328767123288,0.3452054794520548,-0.1780821917808219,-65
0.0958904109589041,0.6986301369863014,-0.6027397260273972,-220
0.0,0.0,0.0,0
0.2602739726027397,0.0,0.2602739726027397,95
0.2602739726027397,0.0,0.2602739726027397,95
0.18082191780821918,0.16986301369863013,0.010958904109589041,4
0.2602739726027397,0.01643835616438356,0.24383561643835616,89
0.9452054794520548,0.13150684931506848,0.8136986301369863,297
0.2602739726027397,0.0,0.2602739726027397,95
0.8931506849315068,0.0,0.8931506849315068,326
0.057534246575342465,0.0,0.057534246575342465,21
0.057534246575342465,0.0,0.057534246575342465,21
0.06027397260273973,0.01643835616438356,0.043835616438356165,16
0.9917808219178083,0.0,0.9917808219178083,362
0.07945205479452055,0.0,0.07945205479452055,29
0.06027397260273973,0.0,0.06027397260273973,22
0.8904109589041096,0.0,0.8904109589041096,325
0.7643835616438356,0.4438356164383562,0.32054794520547947,117
0.1506849315068493,0.18082191780821918,-0.030136986301369864,-11
0.6,0.23013698630136986,0.3698630136986301,135
0.019178082191780823,0.0,0.019178082191780823,7
0.1643835616438356,0.03287671232876712,0.13150684931506848,48
0.7534246575342466,0.09863013698630137,0.6547945205479452,239
0.1917808219178082,0.31232876712328766,-0.12054794520547946,-44
0.20821917808219179,0.09863013698630137,0.1095890410958904,40
0.7753424657534247,0.5260273972602739,0.2493150684931507,91
0.9863013698630136,0.6986301369863014,0.2876712328767123,105
0.0,0.01643835616438356,-0.01643835616438356,-6
0.010958904109589041,0.03287671232876712,-0.021917808219178082,-8
0.0,0.0,0.0,0
0.0,0.03287671232876712,-0.03287671232876712,-12
0.0,0.0,0.0,0
0.4684931506849315,0.0,0.4684931506849315,171
0.08493150684931507,0.0821917808219178,0.0027397260273972603,1
0.08767123287671233,0.09863013698630137,-0.010958904109589041,-4
0.7287671232876712,0.6575342465753424,0.07123287671232877,26
0.9726027397260274,0.0,0.9726027397260274,355
0.7424657534246575,0.14794520547945206,0.5945205479452055,217
0.07123287671232877,0.36164383561643837,-0.29041095890410956,-106
0.18356164383561643,0.5095890410958904,-0.32602739726027397,-119
0.11232876712328767,0.4602739726027397,-0.34794520547945207,-127
0.9041095890410958,0.06575342465753424,0.8383561643835616,306
0.6027397260273972,0.06575342465753424,0.536986301369863,196
0.06027397260273973,0.0273972602739726,0.03287671232876712,12
0.5068493150684932,0.09863013698630137,0.40821917808219177,149
0.5205479452054794,0.4931506849315068,0.0273972602739726,10
0.024657534246575342,0.0821917808219178,-0.057534246575342465,-21
0.5315068493150685,0.2958904109589041,0.2356164383561644,86
0.7534246575342466,0.03287671232876712,0.7205479452054795,263
0.29863013698630136,0.4931506849315068,-0.19452054794520549,-71
0.03287671232876712,0.6986301369863014,-0.6657534246575343,-243
0.27123287671232876,0.1917808219178082,0.07945205479452055,29
0.3863013698630137,0.4931506849315068,-0.10684931506849316,-39
0.25205479452054796,0.0,0.25205479452054796,92
0.15616438356164383,0.0,0.15616438356164383,57
0.5808219178082191,0.01643835616438356,0.5643835616438356,206
0.7452054794520548,0.2465753424657534,0.4986301369863014,182
0.9205479452054794,0.0821917808219178,0.8383561643835616,306
0.010958904109589041,0.0,0.010958904109589041,4
0.0821917808219178,0.01643835616438356,0.06575342465753424,24
0.021917808219178082,0.23013698630136986,-0.20821917808219179,-76
0.12876712328767123,0.36164383561643837,-0.2328767123287671,-85
0.04657534246575343,0.01643835616438356,0.030136986301369864,11
0.7534246575342466,0.2136986301369863,0.5397260273972603,197
0.46301369863013697,0.15342465753424658,0.3095890410958904,113
0.5506849315068493,0.1643835616438356,0.3863013698630137,141
0.030136986301369864,0.11506849315068493,-0.08493150684931507,-31
0.33424657534246577,0.049315068493150684,0.28493150684931506,104
0.16164383561643836,0.5753424657534246,-0.4136986301369863,-151
0.04657534246575343,0.11506849315068493,-0.0684931506849315,-25
0.06027397260273973,0.26301369863013696,-0.20273972602739726,-74
0.0,0.0,0.0,0
0.0,0.0,0.0,0
0.0,0.0,0.0,0
0.0,0.0,0.0,0
0.0,0.0,0.0,0
0.0,0.0,0.0,0
0.0136986301369863,0.4602739726027397,-0.4465753424657534,-163
0.043835616438356165,0.3452054794520548,-0.3013698630136986,-110
0.06027397260273973,0.410958904109589,-0.3506849315068493,-128
0.0273972602739726,0.3287671232876712,-0.3013698630136986,-110
0.0547945205479452,0.36164383561643837,-0.30684931506849317,-112
0.019178082191780823,0.27945205479452057,-0.2602739726027397,-95
0.5753424657534246,0.5260273972602739,0.049315068493150684,18
0.07671232876712329,0.26301369863013696,-0.1863013698630137,-68
0.18904109589041096,0.6986301369863014,-0.5095890410958904,-186
0.057534246575342465,0.18082191780821918,-0.1232876712328767,-45
0.1726027397260274,0.4931506849315068,-0.32054794520547947,-117
0.5041095890410959,0.0,0.5041095890410959,184
0.019178082191780823,0.11506849315068493,-0.0958904109589041,-35
0.06027397260273973,0.03287671232876712,0.0273972602739726,10
0.35342465753424657,0.3287671232876712,0.024657534246575342,9
0.8,0.11506849315068493,0.684931506849315,250
0.01643835616438356,0.26301369863013696,-0.2465753424657534,-90
0.0,0.0,0.0,0
0.0,0.049315068493150684,-0.049315068493150684,-18
0.1780821917808219,0.1643835616438356,0.0136986301369863,5
0.0684931506849315,0.13150684931506848,-0.06301369863013699,-23
0.12054794520547946,0.6410958904109589,-0.5205479452054794,-190
0.03287671232876712,0.36164383561643837,-0.3287671232876712,-120
0.3041095890410959,0.30684931506849317,-0.0027397260273972603,-1
0.821917808219178,0.2465753424657534,0.5753424657534246,210
1.0,0.049315068493150684,0.9506849315068493,347
0.7561643835616438,0.01643835616438356,0.7397260273972602,270
0.04657534246575343,0.6246575342465753,-0.5780821917808219,-211
0.5068493150684932,0.049315068493150684,0.4575342465753425,167
0.23013698630136986,0.23013698630136986,0.0,0
0.019178082191780823,0.0,0.019178082191780823,7
0.019178082191780823,0.0,0.019178082191780823,7
0.024657534246575342,0.0,0.024657534246575342,9
0.021917808219178082,0.0,0.021917808219178082,8
0.21643835616438356,0.4931506849315068,-0.27671232876712326,-101
0.8958904109589041,0.09863013698630137,0.7972602739726027,291
0.136986301369863,0.14794520547945206,-0.010958904109589041,-4
0.32054794520547947,0.0821917808219178,0.23835616438356164,87
0.8273972602739726,0.049315068493150684,0.7780821917808219,284
0.8904109589041096,0.1643835616438356,0.726027397260274,265
0.5068493150684932,0.36164383561643837,0.14520547945205478,53
0.13972602739726028,0.14794520547945206,-0.00821917808219178,-3
0.1780821917808219,0.0,0.1780821917808219,65
0.15616438356164383,0.0,0.15616438356164383,57
0.1178082191780822,0.0,0.1178082191780822,43
0.0958904109589041,0.1643835616438356,-0.0684931506849315,-25
0.03287671232876712,0.2136986301369863,-0.18082191780821918,-66
0.049315068493150684,0.18082191780821918,-0.13150684931506848,-48
0.13424657534246576,0.14794520547945206,-0.0136986301369863,-5
0.7835616438356164,0.06575342465753424,0.7178082191780822,262
0.1589041095890411,0.0,0.1589041095890411,58
0.4520547945205479,0.23013698630136986,0.2219178082191781,81
0.21643835616438356,0.3287671232876712,-0.11232876712328767,-41
0.31232876712328766,0.3452054794520548,-0.03287671232876712,-12
0.3178082191780822,0.09863013698630137,0.2191780821917808,80
0.3287671232876712,0.23013698630136986,0.09863013698630137,36
0.8273972602739726,0.0821917808219178,0.7452054794520548,272
0.6082191780821918,0.6136986301369863,-0.005479452054794521,-2
0.0,0.049315068493150684,-0.049315068493150684,-18
0.07671232876712329,0.410958904109589,-0.33424657534246577,-122
0.057534246575342465,0.3287671232876712,-0.27123287671232876,-99
0.13972602739726028,0.0,0.13972602739726028,51
0.005479452054794521,0.0,0.005479452054794521,2
0.0027397260273972603,0.0,0.0027397260273972603,1
0.6575342465753424,0.2136986301369863,0.4438356164383562,162
0.0,0.19726027397260273,-0.19726027397260273,-72
0.07945205479452055,0.18082191780821918,-0.10136986301369863,-37
0.0,0.0,0.0,0
0.052054794520547946,0.27945205479452057,-0.2273972602739726,-83
0.3041095890410959,0.6986301369863014,-0.39452054794520547,-144
0.1917808219178082,0.0,0.1917808219178082,70
0.0958904109589041,0.33972602739726027,-0.24383561643835616,-89
0.8712328767123287,0.0821917808219178,0.7890410958904109,288
0.3424657534246575,0.09863013698630137,0.24383561643835616,89
0.21643835616438356,0.0,0.21643835616438356,79
0.8684931506849315,0.13150684931506848,0.736986301369863,269
0.1863013698630137,0.4931506849315068,-0.30684931506849317,-112
0.10684931506849316,0.2136986301369863,-0.10684931506849316,-39
0.07123287671232877,0.2136986301369863,-0.14246575342465753,-52
0.6273972602739726,0.0547945205479452,0.5726027397260274,209
0.2876712328767123,0.4767123287671233,-0.18904109589041096,-69
0.038356164383561646,0.14794520547945206,-0.1095890410958904,-40
0.5397260273972603,0.01643835616438356,0.5232876712328767,191
0.7643835616438356,0.11506849315068493,0.6493150684931507,237
0.9808219178082191,0.0,0.9808219178082191,358
0.4547945205479452,0.0,0.4547945205479452,166
0.473972602739726,0.410958904109589,0.06301369863013699,23
0.21643835616438356,0.3452054794520548,-0.12876712328767123,-47
0.915068493150685,0.18082191780821918,0.7342465753424657,268
0.4191780821917808,0.4767123287671233,-0.057534246575342465,-21
0.0958904109589041,0.03287671232876712,0.06301369863013699,23
0.07671232876712329,0.03287671232876712,0.043835616438356165,16
0.7232876712328767,0.31232876712328766,0.410958904109589,150
0.32602739726027397,0.4931506849315068,-0.16712328767123288,-61
0.2356164383561644,0.11506849315068493,0.12054794520547946,44
0.5205479452054794,0.13150684931506848,0.38904109589041097,142
0.0273972602739726,0.09863013698630137,-0.07123287671232877,-26
0.5287671232876713,0.13150684931506848,0.3972602739726027,145
0.17534246575342466,0.2136986301369863,-0.038356164383561646,-14
0.410958904109589,0.049315068493150684,0.36164383561643837,132
0.9424657534246575,0.09863013698630137,0.8438356164383561,308
0.5863013698630137,0.23013698630136986,0.3561643835616438,130
0.0,0.03287671232876712,-0.03287671232876712,-12
0.9643835616438357,0.0,0.9643835616438357,352
0.27123287671232876,0.049315068493150684,0.2219178082191781,81
0.0136986301369863,0.27945205479452057,-0.26575342465753427,-97
0.7561643835616438,0.0,0.7561643835616438,276
0.1589041095890411,0.1643835616438356,-0.005479452054794521,-2
0.39452054794520547,0.01643835616438356,0.3780821917808219,138
0.0547945205479452,0.36164383561643837,-0.30684931506849317,-112
0.8,0.1643835616438356,0.6356164383561644,232
0.23013698630136986,0.15342465753424658,0.07671232876712329,28
0.024657534246575342,0.18082191780821918,-0.15616438356164383,-57
0.3315068493150685,0.049315068493150684,0.2821917808219178,103
0.7561643835616438,0.049315068493150684,0.7068493150684931,258
0.5397260273972603,0.03287671232876712,0.5068493150684932,185
0.8246575342465754,0.0,0.8246575342465754,301
0.17534246575342466,0.1643835616438356,0.010958904109589041,4
0.30684931506849317,0.19726027397260273,0.1095890410958904,40
0.08767123287671233,0.36164383561643837,-0.273972602739726,-100
0.2,0.3780821917808219,-0.1780821917808219,-65
0.7643835616438356,0.09863013698630137,0.6657534246575343,243
0.7616438356164383,0.0,0.7616438356164383,278
0.0027397260273972603,0.049315068493150684,-0.04657534246575343,-17
0.7013698630136986,0.2136986301369863,0.4876712328767123,178
0.13150684931506848,0.5753424657534246,-0.4438356164383562,-162
0.0,0.0,0.0,0
0.12054794520547946,0.09863013698630137,0.021917808219178082,8
0.0958904109589041,0.4438356164383562,-0.34794520547945207,-127
0.8986301369863013,0.6986301369863014,0.2,73
0.7589041095890411,0.09863013698630137,0.6602739726027397,241
0.1232876712328767,0.0,0.1232876712328767,45
0.5013698630136987,0.0,0.5013698630136987,183
0.5205479452054794,0.11506849315068493,0.4054794520547945,148
0.005479452054794521,0.0,0.005479452054794521,2
0.0,0.0,0.0,0
0.273972602739726,0.14794520547945206,0.12602739726027398,46
0.0027397260273972603,0.01643835616438356,-0.0136986301369863,-5
0.7616438356164383,0.0,0.7616438356164383,278
0.38904109589041097,0.0,0.38904109589041097,142
0.00821917808219178,0.18082191780821918,-0.1726027397260274,-63
0.0,0.01643835616438356,-0.01643835616438356,-6
0.04657534246575343,0.01643835616438356,0.030136986301369864,11
0.0,0.0,0.0,0
0.03287671232876712,0.049315068493150684,-0.01643835616438356,-6
0.15342465753424658,0.6986301369863014,-0.5452054794520548,-199
0.2821917808219178,0.09863013698630137,0.18356164383561643,67
0.08767123287671233,0.01643835616438356,0.07123287671232877,26
0.5698630136986301,0.11506849315068493,0.4547945205479452,166
0.26575342465753427,0.1643835616438356,0.10136986301369863,37
0.06027397260273973,0.23013698630136986,-0.16986301369863013,-62
0.9835616438356164,0.3287671232876712,0.6547945205479452,239
0.2821917808219178,0.049315068493150684,0.2328767123287671,85
0.1780821917808219,0.23013698630136986,-0.052054794520547946,-19
0.8,0.06575342465753424,0.7342465753424657,268
0.28493150684931506,0.01643835616438356,0.2684931506849315,98
0.2821917808219178,0.06575342465753424,0.21643835616438356,79
0.3726027397260274,0.2465753424657534,0.12602739726027398,46
0.9808219178082191,0.18082191780821918,0.8,292
0.7561643835616438,0.01643835616438356,0.7397260273972602,270
0.5013698630136987,0.15342465753424658,0.34794520547945207,127
0.3287671232876712,0.36164383561643837,-0.03287671232876712,-12
0.5205479452054794,0.0821917808219178,0.4383561643835616,160
0.07945205479452055,0.4438356164383562,-0.3643835616438356,-133
0.547945205479452,0.6986301369863014,-0.1506849315068493,-55
0.11232876712328767,0.1643835616438356,-0.052054794520547946,-19
0.0410958904109589,0.07671232876712329,-0.03561643835616438,-13
0.5287671232876713,0.16986301369863013,0.3589041095890411,131
0.0410958904109589,0.07671232876712329,-0.03561643835616438,-13
0.5287671232876713,0.0,0.5287671232876713,193
0.08767123287671233,0.13150684931506848,-0.043835616438356165,-16
0.0273972602739726,0.14794520547945206,-0.12054794520547946,-44
0.0,0.0,0.0,0
0.0,0.0,0.0,0
0.0,0.0,0.0,0
0.049315068493150684,0.27945205479452057,-0.23013698630136986,-84
0.0,0.19726027397260273,-0.19726027397260273,-72
0.019178082191780823,0.23013698630136986,-0.21095890410958903,-77
0.057534246575342465,0.3780821917808219,-0.32054794520547947,-117
0.7643835616438356,0.0821917808219178,0.6821917808219178,249
0.5753424657534246,0.2136986301369863,0.36164383561643837,132
0.21643835616438356,0.15342465753424658,0.06301369863013699,23
0.44931506849315067,0.4602739726027397,-0.010958904109589041,-4
0.2410958904109589,0.6986301369863014,-0.4575342465753425,-167
0.2356164383561644,0.07671232876712329,0.1589041095890411,58
0.07397260273972603,0.0821917808219178,-0.00821917808219178,-3
0.0027397260273972603,0.09863013698630137,-0.0958904109589041,-35
0.5534246575342465,0.0,0.5534246575342465,202
0.01643835616438356,0.0821917808219178,-0.06575342465753424,-24
0.0,0.0,0.0,0
0.9643835616438357,0.1643835616438356,0.8,292
0.07945205479452055,0.4438356164383562,-0.3643835616438356,-133
0.8575342465753425,0.26301369863013696,0.5945205479452055,217
0.0,0.0,0.0,0
0.04657534246575343,0.14794520547945206,-0.10136986301369863,-37
0.2958904109589041,0.3452054794520548,-0.049315068493150684,-18
0.09863013698630137,0.0,0.09863013698630137,36
0.0684931506849315,0.4438356164383562,-0.37534246575342467,-137
0.37534246575342467,0.0,0.37534246575342467,137
0.07945205479452055,0.1643835616438356,-0.08493150684931507,-31
0.15616438356164383,0.1643835616438356,-0.00821917808219178,-3
0.4986301369863014,0.11506849315068493,0.3835616438356164,140
0.5013698630136987,0.03287671232876712,0.4684931506849315,171
0.5013698630136987,0.06575342465753424,0.43561643835616437,159
0.06301369863013699,0.18082191780821918,-0.1178082191780822,-43
0.00821917808219178,0.0,0.00821917808219178,3
0.7863013698630137,0.3287671232876712,0.4575342465753425,167
0.2493150684931507,0.11506849315068493,0.13424657534246576,49
0.08767123287671233,0.01643835616438356,0.07123287671232877,26
0.0027397260273972603,0.0821917808219178,-0.07945205479452055,-29
0.024657534246575342,0.3287671232876712,-0.3041095890410959,-111
0.7479452054794521,0.14794520547945206,0.6,219
0.11506849315068493,0.14794520547945206,-0.03287671232876712,-12
0.07123287671232877,0.23013698630136986,-0.1589041095890411,-58
0.7698630136986301,0.23013698630136986,0.5397260273972603,197
0.7534246575342466,0.07671232876712329,0.6767123287671233,247
0.13150684931506848,0.0,0.13150684931506848,48
0.13424657534246576,0.27945205479452057,-0.14520547945205478,-53
0.6904109589041096,0.0,0.6904109589041096,252
0.07397260273972603,0.5424657534246575,-0.4684931506849315,-171
0.8849315068493151,0.13150684931506848,0.7534246575342466,275
0.1589041095890411,0.23013698630136986,-0.07123287671232877,-26
0.29041095890410956,0.2465753424657534,0.043835616438356165,16
0.7616438356164383,0.14794520547945206,0.6136986301369863,224
0.5068493150684932,0.06575342465753424,0.4410958904109589,161
0.4767123287671233,0.15342465753424658,0.3232876712328767,118
0.07397260273972603,0.13150684931506848,-0.057534246575342465,-21
0.9753424657534246,0.09863013698630137,0.8767123287671232,320
0.14794520547945206,0.11506849315068493,0.03287671232876712,12
0.4246575342465753,0.2465753424657534,0.1780821917808219,65
0.038356164383561646,0.0,0.038356164383561646,14
0.8904109589041096,0.0,0.8904109589041096,325
0.8136986301369863,0.0,0.8136986301369863,297
0.5342465753424658,0.049315068493150684,0.4849315068493151,177
0.1589041095890411,0.0,0.1589041095890411,58
0.5260273972602739,0.0,0.5260273972602739,192
0.0027397260273972603,0.0,0.0027397260273972603,1
0.7534246575342466,0.5095890410958904,0.24383561643835616,89
0.8301369863013699,0.021917808219178082,0.8082191780821918,295
0.8,0.0821917808219178,0.7178082191780822,262
0.0027397260273972603,0.01643835616438356,-0.0136986301369863,-5
0.38904109589041097,0.18082191780821918,0.20821917808219179,76
0.38904109589041097,0.13150684931506848,0.25753424657534246,94
0.39452054794520547,0.19726027397260273,0.19726027397260273,72
0.043835616438356165,0.03287671232876712,0.010958904109589041,4
0.14520547945205478,0.3287671232876712,-0.18356164383561643,-67
0.00821917808219178,0.3287671232876712,-0.32054794520547947,-117
0.14794520547945206,0.14794520547945206,0.0,0
0.7780821917808219,0.2136986301369863,0.5643835616438356,206
0.13150684931506848,0.0,0.13150684931506848,48
0.052054794520547946,0.23013698630136986,-0.1780821917808219,-65
0.3041095890410959,0.6082191780821918,-0.3041095890410959,-111
0.6904109589041096,0.049315068493150684,0.6410958904109589,234
0.0136986301369863,0.1643835616438356,-0.1506849315068493,-55
0.7342465753424657,0.0,0.7342465753424657,268
0.12054794520547946,0.09863013698630137,0.021917808219178082,8
0.873972602739726,0.14794520547945206,0.726027397260274,265
0.010958904109589041,0.13150684931506848,-0.12054794520547946,-44
0.19452054794520549,0.0,0.19452054794520549,71
0.3041095890410959,0.0821917808219178,0.2219178082191781,81
0.03561643835616438,0.6986301369863014,-0.663013698630137,-242
0.31232876712328766,0.2465753424657534,0.06575342465753424,24
0.021917808219178082,0.18082191780821918,-0.1589041095890411,-58
0.0,0.0,0.0,0
0.989041095890411,0.049315068493150684,0.9397260273972603,343
0.9643835616438357,0.0821917808219178,0.8821917808219178,322
0.01643835616438356,0.13150684931506848,-0.11506849315068493,-42
0.5452054794520548,0.3780821917808219,0.16712328767123288,61
0.43561643835616437,0.1643835616438356,0.27123287671232876,99
0.08493150684931507,0.0,0.08493150684931507,31
0.15616438356164383,0.0,0.15616438356164383,57
0.7917808219178082,0.01643835616438356,0.7753424657534247,283
0.5178082191780822,0.06575342465753424,0.4520547945205479,165
0.08767123287671233,0.01643835616438356,0.07123287671232877,26
0.09041095890410959,0.3452054794520548,-0.2547945205479452,-93
0.3232876712328767,0.06575342465753424,0.25753424657534246,94
0.9205479452054794,0.01643835616438356,0.9041095890410958,330
0.8054794520547945,0.06575342465753424,0.7397260273972602,270
0.0,0.0,0.0,0
0.4328767123287671,0.4767123287671233,-0.043835616438356165,-16
0.8767123287671232,0.049315068493150684,0.8273972602739726,302
0.021917808219178082,0.03287671232876712,-0.010958904109589041,-4
0.6712328767123288,0.4273972602739726,0.24383561643835616,89
0.7178082191780822,0.0,0.7178082191780822,262
0.030136986301369864,0.0,0.030136986301369864,11
0.049315068493150684,0.09863013698630137,-0.049315068493150684,-18
0.1232876712328767,0.0,0.1232876712328767,45
0.0273972602739726,0.0,0.0273972602739726,10
0.336986301369863,0.3452054794520548,-0.00821917808219178,-3
0.19726027397260273,0.0821917808219178,0.11506849315068493,42
0.5260273972602739,0.6575342465753424,-0.13150684931506848,-48
0.5616438356164384,0.0,0.5616438356164384,205
0.09315068493150686,0.0,0.09315068493150686,34
0.8849315068493151,0.3452054794520548,0.5397260273972603,197
0.0,0.0,0.0,0
0.9643835616438357,0.0,0.9643835616438357,352
0.7890410958904109,0.2958904109589041,0.4931506849315068,180
0.0,0.01643835616438356,-0.01643835616438356,-6
0.07123287671232877,0.06575342465753424,0.005479452054794521,2
0.7205479452054795,0.0821917808219178,0.6383561643835617,233
0.7561643835616438,0.0,0.7561643835616438,276
0.915068493150685,0.06575342465753424,0.8493150684931506,310
0.663013698630137,0.0,0.663013698630137,242
0.9835616438356164,0.19726027397260273,0.7863013698630137,287
0.0,0.06575342465753424,-0.06575342465753424,-24
0.11232876712328767,0.18082191780821918,-0.0684931506849315,-25
0.019178082191780823,0.0,0.019178082191780823,7
0.8027397260273973,0.2465753424657534,0.5561643835616439,203
0.13150684931506848,0.1643835616438356,-0.03287671232876712,-12
0.13150684931506848,0.11506849315068493,0.01643835616438356,6
0.00821917808219178,0.14794520547945206,-0.13972602739726028,-51
0.8575342465753425,0.2958904109589041,0.5616438356164384,205
0.0684931506849315,0.09863013698630137,-0.030136986301369864,-11
0.3643835616438356,0.1643835616438356,0.2,73
0.010958904109589041,0.049315068493150684,-0.038356164383561646,-14
0.10684931506849316,0.4438356164383562,-0.336986301369863,-123
0.09041095890410959,0.5260273972602739,-0.43561643835616437,-159
0.14794520547945206,0.2465753424657534,-0.09863013698630137,-36
0.6876712328767123,0.01643835616438356,0.6712328767123288,245
0.0410958904109589,0.6246575342465753,-0.5835616438356165,-213
0.0547945205479452,0.09863013698630137,-0.043835616438356165,-16
0.019178082191780823,0.1643835616438356,-0.14520547945205478,-53
0.1780821917808219,0.1643835616438356,0.0136986301369863,5
0.005479452054794521,0.0,0.005479452054794521,2
0.5534246575342465,0.3287671232876712,0.22465753424657534,82
0.7561643835616438,0.06575342465753424,0.6904109589041096,252
0.5534246575342465,0.11506849315068493,0.4383561643835616,160
0.6958904109589041,0.0,0.6958904109589041,254
0.5698630136986301,0.13150684931506848,0.4383561643835616,160
0.7534246575342466,0.1095890410958904,0.6438356164383562,235
0.005479452054794521,0.11506849315068493,-0.1095890410958904,-40
0.06575342465753424,0.23013698630136986,-0.1643835616438356,-60
0.136986301369863,0.0,0.136986301369863,50
0.32054794520547947,0.1643835616438356,0.15616438356164383,57
0.9232876712328767,0.14794520547945206,0.7753424657534247,283
0.3917808219178082,0.5095890410958904,-0.1178082191780822,-43
0.8082191780821918,0.09863013698630137,0.7095890410958904,259
0.0958904109589041,0.13150684931506848,-0.03561643835616438,-13
0.06027397260273973,0.03287671232876712,0.0273972602739726,10
0.7589041095890411,0.0,0.7589041095890411,277
0.049315068493150684,0.09863013698630137,-0.049315068493150684,-18
0.8164383561643835,0.01643835616438356,0.8,292
0.4,0.06575342465753424,0.33424657534246577,122
0.00821917808219178,0.4602739726027397,-0.4520547945205479,-165
0.9917808219178083,0.0,0.9917808219178083,362
0.5068493150684932,0.14794520547945206,0.3589041095890411,131
0.00821917808219178,0.06575342465753424,-0.057534246575342465,-21
0.0,0.0,0.0,0
0.19726027397260273,0.11506849315068493,0.0821917808219178,30
0.03287671232876712,0.09863013698630137,-0.06575342465753424,-24
0.3095890410958904,0.0,0.3095890410958904,113
0.0136986301369863,0.0,0.0136986301369863,5
0.5287671232876713,0.5753424657534246,-0.04657534246575343,-17
0.0,0.0,0.0,0
0.6328767123287671,0.0,0.6328767123287671,231
0.7863013698630137,0.1643835616438356,0.6219178082191781,227
0.7972602739726027,0.03287671232876712,0.7643835616438356,279
0.8246575342465754,0.09863013698630137,0.726027397260274,265
0.8849315068493151,0.01643835616438356,0.8684931506849315,317
0.06301369863013699,0.09863013698630137,-0.03561643835616438,-13
0.03287671232876712,0.01643835616438356,0.01643835616438356,6
0.09315068493150686,0.0,0.09315068493150686,34
0.136986301369863,0.03287671232876712,0.10410958904109589,38
0.010958904109589041,0.06575342465753424,-0.0547945205479452,-20
0.5863013698630137,0.3452054794520548,0.2410958904109589,88
0.005479452054794521,0.049315068493150684,-0.043835616438356165,-16
0.7150684931506849,0.14794520547945206,0.5671232876712329,207
0.1095890410958904,0.19726027397260273,-0.08767123287671233,-32
0.0,0.049315068493150684,-0.049315068493150684,-18
0.18356164383561643,0.27945205479452057,-0.0958904109589041,-35
0.23835616438356164,0.36164383561643837,-0.1232876712328767,-45
0.5561643835616439,0.14794520547945206,0.40821917808219177,149
0.5808219178082191,0.0,0.5808219178082191,212
0.010958904109589041,0.14794520547945206,-0.136986301369863,-50
0.16164383561643836,0.19726027397260273,-0.03561643835616438,-13
0.7561643835616438,0.038356164383561646,0.7178082191780822,262
0.0,0.14794520547945206,-0.14794520547945206,-54
0.5397260273972603,0.26301369863013696,0.27671232876712326,101
0.7780821917808219,0.18082191780821918,0.5972602739726027,218
0.6246575342465753,0.6986301369863014,-0.07397260273972603,-27
0.4904109589041096,0.06575342465753424,0.4246575342465753,155
0.8849315068493151,0.01643835616438356,0.8684931506849315,317
0.6164383561643836,0.03287671232876712,0.5835616438356165,213
0.0027397260273972603,0.0,0.0027397260273972603,1
0.0958904109589041,0.2136986301369863,-0.1178082191780822,-43
0.010958904109589041,0.27945205479452057,-0.2684931506849315,-98
0.057534246575342465,0.049315068493150684,0.00821917808219178,3
0.06027397260273973,0.01643835616438356,0.043835616438356165,16
0.01643835616438356,0.01643835616438356,0.0,0
0.03287671232876712,0.03287671232876712,0.0,0
0.0136986301369863,0.2465753424657534,-0.2328767123287671,-85
0.3726027397260274,0.01643835616438356,0.3561643835616438,130
0.336986301369863,0.6575342465753424,-0.32054794520547947,-117
0.0027397260273972603,0.03287671232876712,-0.030136986301369864,-11
0.16712328767123288,0.01643835616438356,0.1506849315068493,55
0.3150684931506849,0.4602739726027397,-0.14520547945205478,-53
0.5753424657534246,0.0,0.5753424657534246,210
0.08493150684931507,0.1643835616438356,-0.07945205479452055,-29
0.8356164383561644,0.01643835616438356,0.8191780821917808,299
0.0684931506849315,0.06575342465753424,0.0027397260273972603,1
0.5205479452054794,0.06575342465753424,0.4547945205479452,166
0.07123287671232877,0.11506849315068493,-0.043835616438356165,-16
0.3863013698630137,0.06575342465753424,0.32054794520547947,117
0.8767123287671232,0.09863013698630137,0.7780821917808219,284
0.0,0.0,0.0,0
0.13972602739726028,0.01643835616438356,0.1232876712328767,45
0.13150684931506848,0.6986301369863014,-0.5671232876712329,-207
0.5260273972602739,0.01643835616438356,0.5095890410958904,186
0.8767123287671232,0.03287671232876712,0.8438356164383561,308
0.8794520547945206,0.03287671232876712,0.8465753424657534,309
0.7013698630136986,0.0,0.7013698630136986,256
0.7835616438356164,0.1643835616438356,0.6191780821917808,226
0.0,0.0,0.0,0
0.13972602739726028,0.6986301369863014,-0.5589041095890411,-204
0.7863013698630137,0.13150684931506848,0.6547945205479452,239
0.8,0.049315068493150684,0.7506849315068493,274
0.9397260273972603,0.0821917808219178,0.8575342465753425,313
0.7890410958904109,0.06575342465753424,0.7232876712328767,264
0.27945205479452057,0.01643835616438356,0.26301369863013696,96
0.12876712328767123,0.0821917808219178,0.04657534246575343,17
0.27123287671232876,0.39452054794520547,-0.1232876712328767,-45
0.10136986301369863,0.0,0.10136986301369863,37
0.0,0.03287671232876712,-0.03287671232876712,-12
0.5095890410958904,0.0,0.5095890410958904,186
0.7287671232876712,0.0821917808219178,0.6465753424657534,236
0.0136986301369863,0.26301369863013696,-0.2493150684931507,-91
0.049315068493150684,0.14794520547945206,-0.09863013698630137,-36
0.3698630136986301,0.0,0.3698630136986301,135
0.7232876712328767,0.0821917808219178,0.6410958904109589,234
0.0821917808219178,0.14794520547945206,-0.06575342465753424,-24
0.0958904109589041,0.23013698630136986,-0.13424657534246576,-49
0.09315068493150686,0.11506849315068493,-0.021917808219178082,-8
0.810958904109589,0.13150684931506848,0.6794520547945205,248
0.7561643835616438,0.13150684931506848,0.6246575342465753,228
0.273972602739726,0.01643835616438356,0.25753424657534246,94
0.26301369863013696,0.0,0.26301369863013696,96
0.15342465753424658,0.18082191780821918,-0.0273972602739726,-10
0.0684931506849315,0.1643835616438356,-0.0958904109589041,-35
0.4657534246575342,0.6986301369863014,-0.2328767123287671,-85
0.7753424657534247,0.03287671232876712,0.7424657534246575,271
0.0136986301369863,0.13150684931506848,-0.1178082191780822,-43
0.8,0.19726027397260273,0.6027397260273972,220
0.0410958904109589,0.09863013698630137,-0.057534246575342465,-21
0.10684931506849316,0.0821917808219178,0.024657534246575342,9
0.7698630136986301,0.2465753424657534,0.5232876712328767,191
0.27123287671232876,0.27945205479452057,-0.00821917808219178,-3
0.049315068493150684,0.0821917808219178,-0.03287671232876712,-12
0.5698630136986301,0.14794520547945206,0.42191780821917807,154
0.0547945205479452,0.06575342465753424,-0.010958904109589041,-4
0.0,0.0,0.0,0
0.1506849315068493,0.03287671232876712,0.1178082191780822,43
0.0,0.09863013698630137,-0.09863013698630137,-36
0.0136986301369863,0.09863013698630137,-0.08493150684931507,-31
0.0,0.06575342465753424,-0.06575342465753424,-24
0.01643835616438356,0.0,0.01643835616438356,6
0.03287671232876712,0.23013698630136986,-0.19726027397260273,-72
0.0410958904109589,0.06575342465753424,-0.024657534246575342,-9
0.30684931506849317,0.23013698630136986,0.07671232876712329,28
0.049315068493150684,0.26301369863013696,-0.2136986301369863,-78
0.2,0.0,0.2,73
0.052054794520547946,0.06575342465753424,-0.0136986301369863,-5
0.7534246575342466,0.01643835616438356,0.736986301369863,269
0.049315068493150684,0.09863013698630137,-0.049315068493150684,-18
0.8602739726027397,0.03287671232876712,0.8273972602739726,302
0.7616438356164383,0.01643835616438356,0.7452054794520548,272
0.010958904109589041,0.2958904109589041,-0.28493150684931506,-104
0.0,0.0,0.0,0
0.07945205479452055,0.410958904109589,-0.3315068493150685,-121
0.7534246575342466,0.0,0.7534246575342466,275
0.4273972602739726,0.01643835616438356,0.410958904109589,150
0.873972602739726,0.049315068493150684,0.8246575342465754,301
0.0,0.0,0.0,0
0.7863013698630137,0.049315068493150684,0.736986301369863,269
0.5150684931506849,0.07671232876712329,0.4383561643835616,160
0.7671232876712328,0.049315068493150684,0.7178082191780822,262
0.052054794520547946,0.18082191780821918,-0.12876712328767123,-47
0.32054794520547947,0.13150684931506848,0.18904109589041096,69
0.0136986301369863,0.0,0.0136986301369863,5
0.8273972602739726,0.0,0.8273972602739726,302
0.052054794520547946,0.0821917808219178,-0.030136986301369864,-11
0.049315068493150684,0.23013698630136986,-0.18082191780821918,-66
0.0,0.0,0.0,0
0.273972602739726,0.11506849315068493,0.1589041095890411,58
0.5561643835616439,0.3780821917808219,0.1780821917808219,65
0.7863013698630137,0.01643835616438356,0.7698630136986301,281
0.20273972602739726,0.2958904109589041,-0.09315068493150686,-34
0.547945205479452,0.01643835616438356,0.5315068493150685,194
0.8712328767123287,0.06575342465753424,0.8054794520547945,294
0.07397260273972603,0.36164383561643837,-0.2876712328767123,-105
1.0,0.0,1.0,365
0.8657534246575342,0.038356164383561646,0.8273972602739726,302
0.00821917808219178,0.0,0.00821917808219178,3
0.7863013698630137,0.03287671232876712,0.7534246575342466,275
0.00821917808219178,0.0821917808219178,-0.07397260273972603,-27
0.038356164383561646,0.03287671232876712,0.005479452054794521,2
0.0273972602739726,0.2465753424657534,-0.2191780821917808,-80
0.9260273972602739,0.14794520547945206,0.7780821917808219,284
0.5808219178082191,0.18082191780821918,0.4,146
0.057534246575342465,0.13150684931506848,-0.07397260273972603,-27
0.1178082191780822,0.0821917808219178,0.03561643835616438,13
0.5780821917808219,0.09863013698630137,0.4794520547945205,175
0.010958904109589041,0.14794520547945206,-0.136986301369863,-50
0.021917808219178082,0.11506849315068493,-0.09315068493150686,-34
0.049315068493150684,0.06575342465753424,-0.01643835616438356,-6
0.9643835616438357,0.0,0.9643835616438357,352
0.4547945205479452,0.13150684931506848,0.3232876712328767,118
0.03561643835616438,0.2136986301369863,-0.1780821917808219,-65
0.019178082191780823,0.13150684931506848,-0.11232876712328767,-41
0.4,0.049315068493150684,0.3506849315068493,128
0.9835616438356164,0.03287671232876712,0.9506849315068493,347
0.8931506849315068,0.13150684931506848,0.7616438356164383,278
0.726027397260274,0.0,0.726027397260274,265
0.4383561643835616,0.36164383561643837,0.07671232876712329,28
0.2465753424657534,0.3780821917808219,-0.13150684931506848,-48
0.7698630136986301,0.13150684931506848,0.6383561643835617,233
0.057534246575342465,0.18082191780821918,-0.1232876712328767,-45
0.01643835616438356,0.23013698630136986,-0.2136986301369863,-78
0.13150684931506848,0.0821917808219178,0.049315068493150684,18
0.873972602739726,0.01643835616438356,0.8575342465753425,313
0.8164383561643835,0.049315068493150684,0.7671232876712328,280
0.39452054794520547,0.0,0.39452054794520547,144
0.5123287671232877,0.0,0.5123287671232877,187
0.7397260273972602,0.03287671232876712,0.7068493150684931,258
0.8876712328767123,0.4438356164383562,0.4438356164383562,162
0.0,0.0,0.0,0
0.28493150684931506,0.13150684931506848,0.15342465753424658,56
0.06301369863013699,0.23013698630136986,-0.16712328767123288,-61
0.057534246575342465,0.09863013698630137,-0.0410958904109589,-15
0.5506849315068493,0.03287671232876712,0.5178082191780822,189
0.021917808219178082,0.13150684931506848,-0.1095890410958904,-40
0.8,0.14794520547945206,0.6520547945205479,238
0.0410958904109589,0.4767123287671233,-0.43561643835616437,-159
0.0,0.0821917808219178,-0.0821917808219178,-30
0.7972602739726027,0.13150684931506848,0.6657534246575343,243
0.9260273972602739,0.0,0.9260273972602739,338
0.04657534246575343,0.19726027397260273,-0.1506849315068493,-55
0.0027397260273972603,0.26301369863013696,-0.2602739726027397,-95
0.0,0.03287671232876712,-0.03287671232876712,-12
0.7479452054794521,0.049315068493150684,0.6986301369863014,255
0.1643835616438356,0.6575342465753424,-0.4931506849315068,-180
0.8164383561643835,0.03287671232876712,0.7835616438356164,286
0.7589041095890411,0.01643835616438356,0.7424657534246575,271
0.7534246575342466,0.03287671232876712,0.7205479452054795,263
0.7589041095890411,0.0273972602739726,0.7315068493150685,267
0.7561643835616438,0.01643835616438356,0.7397260273972602,270
0.6383561643835617,0.13150684931506848,0.5068493150684932,185
0.852054794520548,0.01643835616438356,0.8356164383561644,305
0.3095890410958904,0.1643835616438356,0.14520547945205478,53
0.3150684931506849,0.049315068493150684,0.26575342465753427,97
0.336986301369863,0.1643835616438356,0.1726027397260274,63
0.08493150684931507,0.03287671232876712,0.052054794520547946,19
0.09863013698630137,0.01643835616438356,0.0821917808219178,30
0.18082191780821918,0.0,0.18082191780821918,66
0.12602739726027398,0.049315068493150684,0.07671232876712329,28
0.0,0.0,0.0,0
0.08493150684931507,0.6986301369863014,-0.6136986301369863,-224
0.8547945205479452,0.27945205479452057,0.5753424657534246,210
0.06027397260273973,0.18082191780821918,-0.12054794520547946,-44
0.9780821917808219,0.0821917808219178,0.8958904109589041,327
0.18356164383561643,0.049315068493150684,0.13424657534246576,49
0.9945205479452055,0.03287671232876712,0.9616438356164384,351
0.9726027397260274,0.049315068493150684,0.9232876712328767,337
0.9616438356164384,0.049315068493150684,0.9123287671232877,333
0.9671232876712329,0.03287671232876712,0.9342465753424658,341
0.6054794520547945,0.01643835616438356,0.589041095890411,215
0.23013698630136986,0.09863013698630137,0.13150684931506848,48
0.0027397260273972603,0.26301369863013696,-0.2602739726027397,-95
0.019178082191780823,0.13150684931506848,-0.11232876712328767,-41
0.005479452054794521,0.13150684931506848,-0.12602739726027398,-46
0.0,0.09863013698630137,-0.09863013698630137,-36
0.1506849315068493,0.0,0.1506849315068493,55
0.0410958904109589,0.3780821917808219,-0.336986301369863,-123
0.0136986301369863,0.1643835616438356,-0.1506849315068493,-55
0.038356164383561646,0.0,0.038356164383561646,14
0.2876712328767123,0.0821917808219178,0.2054794520547945,75
0.37534246575342467,0.0,0.37534246575342467,137
0.052054794520547946,0.06575342465753424,-0.0136986301369863,-5
0.1232876712328767,0.2465753424657534,-0.1232876712328767,-45
0.07123287671232877,0.15342465753424658,-0.0821917808219178,-30
0.005479452054794521,0.03287671232876712,-0.0273972602739726,-10
0.07945205479452055,0.14794520547945206,-0.0684931506849315,-25
1.0,0.0,1.0,365
0.7479452054794521,0.23013698630136986,0.5178082191780822,189
1.0,0.0,1.0,365
0.0,0.11506849315068493,-0.11506849315068493,-42
0.8712328767123287,0.03287671232876712,0.8383561643835616,306
0.4602739726027397,0.06575342465753424,0.39452054794520547,144
0.0,0.06575342465753424,-0.06575342465753424,-24
0.5041095890410959,0.049315068493150684,0.4547945205479452,166
0.005479452054794521,0.06575342465753424,-0.06027397260273973,-22
0.27945205479452057,0.0,0.27945205479452057,102
0.07123287671232877,0.4931506849315068,-0.42191780821917807,-154
0.09863013698630137,0.2136986301369863,-0.11506849315068493,-42
0.6356164383561644,0.11506849315068493,0.5205479452054794,190
0.6520547945205479,0.19726027397260273,0.4547945205479452,166
0.038356164383561646,0.049315068493150684,-0.010958904109589041,-4
0.0027397260273972603,0.0,0.0027397260273972603,1
0.1780821917808219,0.18082191780821918,-0.0027397260273972603,-1
0.7561643835616438,0.0,0.7561643835616438,276
0.2821917808219178,0.13150684931506848,0.1506849315068493,55
0.030136986301369864,0.11506849315068493,-0.08493150684931507,-31
0.03287671232876712,0.049315068493150684,-0.01643835616438356,-6
0.005479452054794521,0.0,0.005479452054794521,2
0.6438356164383562,0.6986301369863014,-0.0547945205479452,-20
0.15616438356164383,0.16986301369863013,-0.0136986301369863,-5
0.20273972602739726,0.0,0.20273972602739726,74
0.27123287671232876,0.18082191780821918,0.09041095890410959,33
0.3561643835616438,0.0,0.3561643835616438,130
0.736986301369863,0.11506849315068493,0.6219178082191781,227
0.736986301369863,0.049315068493150684,0.6876712328767123,251
0.0958904109589041,0.049315068493150684,0.04657534246575343,17
0.15616438356164383,0.06575342465753424,0.09041095890410959,33
0.00821917808219178,0.0,0.00821917808219178,3
0.7561643835616438,0.23013698630136986,0.5260273972602739,192
0.2876712328767123,0.06575342465753424,0.2219178082191781,81
0.0027397260273972603,0.0,0.0027397260273972603,1
0.7945205479452054,0.0821917808219178,0.7123287671232876,260
0.0027397260273972603,0.0,0.0027397260273972603,1
0.010958904109589041,0.049315068493150684,-0.038356164383561646,-14
0.16164383561643836,0.03287671232876712,0.12876712328767123,47
0.1726027397260274,0.06575342465753424,0.10684931506849316,39
0.15616438356164383,0.049315068493150684,0.10684931506849316,39
0.10684931506849316,0.0821917808219178,0.024657534246575342,9
0.0410958904109589,0.14794520547945206,-0.10684931506849316,-39
0.04657534246575343,0.14794520547945206,-0.10136986301369863,-37
0.947945205479452,0.06575342465753424,0.8821917808219178,322
0.14246575342465753,0.0,0.14246575342465753,52
0.536986301369863,0.1643835616438356,0.3726027397260274,136
0.9205479452054794,0.0,0.9205479452054794,336
0.24383561643835616,0.0,0.24383561643835616,89
0.32602739726027397,0.23013698630136986,0.0958904109589041,35
0.01643835616438356,0.01643835616438356,0.0,0
0.7561643835616438,0.01643835616438356,0.7397260273972602,270
0.7561643835616438,0.03287671232876712,0.7232876712328767,264
0.8712328767123287,0.09863013698630137,0.7726027397260274,282
0.043835616438356165,0.03287671232876712,0.010958904109589041,4
0.3287671232876712,0.410958904109589,-0.0821917808219178,-30
0.030136986301369864,0.0821917808219178,-0.052054794520547946,-19
0.6109589041095891,0.19726027397260273,0.4136986301369863,151
0.0410958904109589,0.18082191780821918,-0.13972602739726028,-51
0.989041095890411,0.0,0.989041095890411,361
0.2958904109589041,0.049315068493150684,0.2465753424657534,90
0.18904109589041096,0.18082191780821918,0.00821917808219178,3
0.7534246575342466,0.0,0.7534246575342466,275
0.2876712328767123,0.0,0.2876712328767123,105
0.7835616438356164,0.0,0.7835616438356164,286
0.8054794520547945,0.13150684931506848,0.673972602739726,246
0.15616438356164383,0.0,0.15616438356164383,57
0.9917808219178083,0.01643835616438356,0.9753424657534246,356
0.9452054794520548,0.0,0.9452054794520548,345
0.8876712328767123,0.01643835616438356,0.8712328767123287,318
0.5095890410958904,0.11506849315068493,0.39452054794520547,144
0.08767123287671233,0.11506849315068493,-0.0273972602739726,-10
0.30684931506849317,0.0821917808219178,0.22465753424657534,82
0.14520547945205478,0.06575342465753424,0.07945205479452055,29
0.3424657534246575,0.23013698630136986,0.11232876712328767,41
0.7506849315068493,0.1643835616438356,0.5863013698630137,214
0.40821917808219177,0.049315068493150684,0.3589041095890411,131
0.23013698630136986,0.36164383561643837,-0.13150684931506848,-48
0.18904109589041096,0.0,0.18904109589041096,69
0.1589041095890411,0.1643835616438356,-0.005479452054794521,-2
0.13972602739726028,0.11506849315068493,0.024657534246575342,9
0.9452054794520548,0.01643835616438356,0.9287671232876712,339
0.8657534246575342,0.01643835616438356,0.8493150684931506,310
0.0136986301369863,0.14794520547945206,-0.13424657534246576,-49
0.0273972602739726,0.0,0.0273972602739726,10
0.9205479452054794,0.27945205479452057,0.6410958904109589,234
0.030136986301369864,0.18082191780821918,-0.1506849315068493,-55
0.06301369863013699,0.06575342465753424,-0.0027397260273972603,-1
0.5506849315068493,0.0,0.5506849315068493,201
0.010958904109589041,0.01643835616438356,-0.005479452054794521,-2
0.052054794520547946,0.0,0.052054794520547946,19
0.057534246575342465,0.03287671232876712,0.024657534246575342,9
0.021917808219178082,0.0,0.021917808219178082,8
0.06027397260273973,0.01643835616438356,0.043835616438356165,16
0.021917808219178082,0.0821917808219178,-0.06027397260273973,-22
0.0,0.0,0.0,0
0.0,0.0,0.0,0
0.0,0.06575342465753424,-0.06575342465753424,-24
0.0547945205479452,0.19726027397260273,-0.14246575342465753,-52
0.1863013698630137,0.0,0.1863013698630137,68
0.09315068493150686,0.049315068493150684,0.043835616438356165,16
0.1232876712328767,0.049315068493150684,0.07397260273972603,27
0.2191780821917808,0.0,0.2191780821917808,80
0.6493150684931507,0.0,0.6493150684931507,237
0.052054794520547946,0.23013698630136986,-0.1780821917808219,-65
0.005479452054794521,0.0,0.005479452054794521,2
0.5835616438356165,0.11506849315068493,0.4684931506849315,171
0.5917808219178082,0.06575342465753424,0.5260273972602739,192
0.07397260273972603,0.31232876712328766,-0.23835616438356164,-87
0.4849315068493151,0.0821917808219178,0.40273972602739727,147
0.043835616438356165,0.06575342465753424,-0.021917808219178082,-8
0.08767123287671233,0.03287671232876712,0.0547945205479452,20
0.021917808219178082,0.27945205479452057,-0.25753424657534246,-94
0.049315068493150684,0.4602739726027397,-0.410958904109589,-150
0.010958904109589041,0.13150684931506848,-0.12054794520547946,-44
0.4876712328767123,0.0,0.4876712328767123,178
0.33424657534246577,0.18082191780821918,0.15342465753424658,56
0.5534246575342465,0.049315068493150684,0.5041095890410959,184
0.7972602739726027,0.0,0.7972602739726027,291
0.7123287671232876,0.0,0.7123287671232876,260
0.7972602739726027,0.18082191780821918,0.6164383561643836,225
0.8246575342465754,0.2465753424657534,0.5780821917808219,211
0.6547945205479452,0.0,0.6547945205479452,239
0.2958904109589041,0.11506849315068493,0.18082191780821918,66
0.12602739726027398,0.19726027397260273,-0.07123287671232877,-26
0.08767123287671233,0.0821917808219178,0.005479452054794521,2
0.9643835616438357,0.0,0.9643835616438357,352
0.4520547945205479,0.0,0.4520547945205479,165
0.19726027397260273,0.11506849315068493,0.0821917808219178,30
0.005479452054794521,0.13150684931506848,-0.12602739726027398,-46
0.5178082191780822,0.01643835616438356,0.5013698630136987,183
0.0,0.15342465753424658,-0.15342465753424658,-56
0.6986301369863014,0.0,0.6986301369863014,255
0.13972602739726028,0.09863013698630137,0.0410958904109589,15
0.6383561643835617,0.0,0.6383561643835617,233
0.08767123287671233,0.36164383561643837,-0.273972602739726,-100
0.7671232876712328,0.11506849315068493,0.6520547945205479,238
0.01643835616438356,0.06575342465753424,-0.049315068493150684,-18
0.2821917808219178,0.0,0.2821917808219178,103
0.915068493150685,0.1643835616438356,0.7506849315068493,274
0.0,0.0821917808219178,-0.0821917808219178,-30
0.2821917808219178,0.0821917808219178,0.2,73
0.08493150684931507,0.09863013698630137,-0.0136986301369863,-5
0.0,0.0,0.0,0
0.4054794520547945,0.0821917808219178,0.3232876712328767,118
0.5123287671232877,0.1643835616438356,0.34794520547945207,127
0.0,0.0,0.0,0
0.8082191780821918,0.09863013698630137,0.7095890410958904,259
0.06301369863013699,0.1643835616438356,-0.10136986301369863,-37
0.136986301369863,0.1643835616438356,-0.0273972602739726,-10
0.021917808219178082,0.0,0.021917808219178082,8
0.04657534246575343,0.11506849315068493,-0.0684931506849315,-25
0.14246575342465753,0.18082191780821918,-0.038356164383561646,-14
0.0,0.0,0.0,0
0.0547945205479452,0.01643835616438356,0.038356164383561646,14
0.3287671232876712,0.19726027397260273,0.13150684931506848,48
0.0,0.0,0.0,0
0.3780821917808219,0.19726027397260273,0.18082191780821918,66
0.08493150684931507,0.13150684931506848,-0.04657534246575343,-17
0.7534246575342466,0.06575342465753424,0.6876712328767123,251
0.5808219178082191,0.11506849315068493,0.4657534246575342,170
0.0,0.0,0.0,0
0.03287671232876712,0.0,0.03287671232876712,12
0.01643835616438356,0.11506849315068493,-0.09863013698630137,-36
0.1589041095890411,0.0,0.1589041095890411,58
0.13150684931506848,0.14794520547945206,-0.01643835616438356,-6
0.0547945205479452,0.2136986301369863,-0.1589041095890411,-58
0.6602739726027397,0.0821917808219178,0.5780821917808219,211
0.005479452054794521,0.03287671232876712,-0.0273972602739726,-10
0.8027397260273973,0.33972602739726027,0.46301369863013697,169
0.6547945205479452,0.1643835616438356,0.4904109589041096,179
0.536986301369863,0.18082191780821918,0.3561643835616438,130
0.8082191780821918,0.0,0.8082191780821918,295
0.15342465753424658,0.03287671232876712,0.12054794520547946,44
0.030136986301369864,0.09863013698630137,-0.0684931506849315,-25
0.021917808219178082,0.01643835616438356,0.005479452054794521,2
0.8082191780821918,0.0,0.8082191780821918,295
0.8136986301369863,0.0,0.8136986301369863,297
0.0273972602739726,0.03287671232876712,-0.005479452054794521,-2
0.5808219178082191,0.03287671232876712,0.547945205479452,200
0.5780821917808219,0.14794520547945206,0.4301369863013699,157
0.6547945205479452,0.0,0.6547945205479452,239
0.6547945205479452,0.2958904109589041,0.3589041095890411,131
0.7287671232876712,0.01643835616438356,0.7123287671232876,260
0.10410958904109589,0.09863013698630137,0.005479452054794521,2
0.057534246575342465,0.3287671232876712,-0.27123287671232876,-99
0.021917808219178082,0.14794520547945206,-0.12602739726027398,-46
0.8082191780821918,0.18082191780821918,0.6273972602739726,229
0.6493150684931507,0.0,0.6493150684931507,237
0.16986301369863013,0.1643835616438356,0.005479452054794521,2
0.4767123287671233,0.0,0.4767123287671233,174
0.5095890410958904,0.0,0.5095890410958904,186
0.7698630136986301,0.30684931506849317,0.46301369863013697,169
0.7726027397260274,0.0,0.7726027397260274,282
0.8027397260273973,0.0,0.8027397260273973,293
0.0027397260273972603,0.0,0.0027397260273972603,1
0.0,0.0,0.0,0
0.0,0.0,0.0,0
0.8164383561643835,0.0,0.8164383561643835,298
0.26575342465753427,0.3452054794520548,-0.07945205479452055,-29
0.4410958904109589,0.06575342465753424,0.37534246575342467,137
0.7616438356164383,0.0,0.7616438356164383,278
0.043835616438356165,0.11506849315068493,-0.07123287671232877,-26
0.1863013698630137,0.06575342465753424,0.12054794520547946,44
0.7013698630136986,0.0,0.7013698630136986,256
0.7534246575342466,0.6986301369863014,0.0547945205479452,20
0.31232876712328766,0.06575342465753424,0.2465753424657534,90
0.0273972602739726,0.0821917808219178,-0.0547945205479452,-20
0.2273972602739726,0.06575342465753424,0.16164383561643836,59
0.8301369863013699,0.19726027397260273,0.6328767123287671,231
0.0,0.01643835616438356,-0.01643835616438356,-6
0.01643835616438356,0.1643835616438356,-0.14794520547945206,-54
0.7726027397260274,0.2136986301369863,0.5589041095890411,204
0.06301369863013699,0.3287671232876712,-0.26575342465753427,-97
0.7589041095890411,0.0,0.7589041095890411,277
0.8136986301369863,0.1643835616438356,0.6493150684931507,237
0.038356164383561646,0.23013698630136986,-0.1917808219178082,-70
0.8904109589041096,0.2136986301369863,0.6767123287671233,247
0.8575342465753425,0.03287671232876712,0.8246575342465754,301
0.8054794520547945,0.049315068493150684,0.7561643835616438,276
0.7506849315068493,0.0,0.7506849315068493,274
0.03287671232876712,0.11506849315068493,-0.0821917808219178,-30
0.7890410958904109,0.06575342465753424,0.7232876712328767,264
0.3643835616438356,0.1643835616438356,0.2,73
0.2054794520547945,0.18082191780821918,0.024657534246575342,9
0.005479452054794521,0.0,0.005479452054794521,2
0.6712328767123288,0.049315068493150684,0.6219178082191781,227
0.1917808219178082,0.11506849315068493,0.07671232876712329,28
0.14794520547945206,0.23013698630136986,-0.0821917808219178,-30
0.5232876712328767,0.0,0.5232876712328767,191
0.28493150684931506,0.06575342465753424,0.2191780821917808,80
0.3041095890410959,0.13150684931506848,0.1726027397260274,63
0.7205479452054795,0.13150684931506848,0.589041095890411,215
0.7972602739726027,0.0,0.7972602739726027,291
0.1726027397260274,0.01643835616438356,0.15616438356164383,57
0.14246575342465753,0.06575342465753424,0.07671232876712329,28
0.7753424657534247,0.14794520547945206,0.6273972602739726,229
0.21095890410958903,0.3780821917808219,-0.16712328767123288,-61
0.2958904109589041,0.06575342465753424,0.23013698630136986,84
0.32602739726027397,0.0821917808219178,0.24383561643835616,89
0.7561643835616438,0.0,0.7561643835616438,276
0.03287671232876712,0.11506849315068493,-0.0821917808219178,-30
0.17534246575342466,0.0,0.17534246575342466,64
0.30684931506849317,0.18082191780821918,0.12602739726027398,46
0.39452054794520547,0.0,0.39452054794520547,144
0.04657534246575343,0.03287671232876712,0.0136986301369863,5
0.25205479452054796,0.0,0.25205479452054796,92
0.08767123287671233,0.01643835616438356,0.07123287671232877,26
0.09041095890410959,0.01643835616438356,0.07397260273972603,27
0.09315068493150686,0.09863013698630137,-0.005479452054794521,-2
0.4383561643835616,0.0,0.4383561643835616,160
0.6520547945205479,0.23013698630136986,0.42191780821917807,154
0.5506849315068493,0.0,0.5506849315068493,201
0.6027397260273972,0.1643835616438356,0.4383561643835616,160
0.26575342465753427,0.23013698630136986,0.03561643835616438,13
0.5863013698630137,0.4931506849315068,0.09315068493150686,34
0.052054794520547946,0.06575342465753424,-0.0136986301369863,-5
0.4684931506849315,0.09863013698630137,0.3698630136986301,135
0.0,0.0,0.0,0
0.01643835616438356,0.0821917808219178,-0.06575342465753424,-24
0.021917808219178082,0.13150684931506848,-0.1095890410958904,-40
0.03561643835616438,0.1643835616438356,-0.12876712328767123,-47
0.7753424657534247,0.06575342465753424,0.7095890410958904,259
0.06575342465753424,0.18082191780821918,-0.11506849315068493,-42
0.5972602739726027,0.0821917808219178,0.5150684931506849,188
0.1095890410958904,0.3452054794520548,-0.2356164383561644,-86
0.3561643835616438,0.2136986301369863,0.14246575342465753,52
0.021917808219178082,0.2136986301369863,-0.1917808219178082,-70
0.3835616438356164,0.0821917808219178,0.3013698630136986,110
0.038356164383561646,0.11506849315068493,-0.07671232876712329,-28
0.9616438356164384,0.14794520547945206,0.8136986301369863,297
0.5068493150684932,0.0,0.5068493150684932,185
0.5068493150684932,0.0,0.5068493150684932,185
0.5123287671232877,0.01643835616438356,0.4958904109589041,181
0.9643835616438357,0.23013698630136986,0.7342465753424657,268
0.7780821917808219,0.19726027397260273,0.5808219178082191,212
0.0027397260273972603,0.0,0.0027397260273972603,1
0.9232876712328767,0.0,0.9232876712328767,337
1.0,0.0,1.0,365
0.038356164383561646,0.0821917808219178,-0.043835616438356165,-16
0.03287671232876712,0.13150684931506848,-0.09863013698630137,-36
0.863013698630137,0.2136986301369863,0.6493150684931507,237
0.0821917808219178,0.06575342465753424,0.01643835616438356,6
0.3863013698630137,0.0,0.3863013698630137,141
0.3452054794520548,0.0,0.3452054794520548,126
0.00821917808219178,0.06575342465753424,-0.057534246575342465,-21
0.5041095890410959,0.0821917808219178,0.42191780821917807,154
0.136986301369863,0.23013698630136986,-0.09315068493150686,-34
0.0,0.0,0.0,0
0.547945205479452,0.06575342465753424,0.4821917808219178,176
0.6547945205479452,0.1095890410958904,0.5452054794520548,199
0.11232876712328767,0.2136986301369863,-0.10136986301369863,-37
0.0,0.0,0.0,0
0.0684931506849315,0.06575342465753424,0.0027397260273972603,1
0.7178082191780822,0.0,0.7178082191780822,262
0.09315068493150686,0.0,0.09315068493150686,34
0.9671232876712329,0.13150684931506848,0.8356164383561644,305
0.0,0.0,0.0,0
0.019178082191780823,0.03287671232876712,-0.0136986301369863,-5
0.14520547945205478,0.2465753424657534,-0.10136986301369863,-37
0.0027397260273972603,0.0,0.0027397260273972603,1
0.11506849315068493,0.049315068493150684,0.06575342465753424,24
0.021917808219178082,0.0,0.021917808219178082,8
0.4986301369863014,0.11506849315068493,0.3835616438356164,140
0.019178082191780823,0.049315068493150684,-0.030136986301369864,-11
0.00821917808219178,0.03287671232876712,-0.024657534246575342,-9
0.9260273972602739,0.0,0.9260273972602739,338
0.26575342465753427,0.0,0.26575342465753427,97
0.35342465753424657,0.06575342465753424,0.2876712328767123,105
0.4575342465753425,0.07671232876712329,0.38082191780821917,139
0.0273972602739726,0.049315068493150684,-0.021917808219178082,-8
0.08493150684931507,0.11506849315068493,-0.030136986301369864,-11
0.08493150684931507,0.11506849315068493,-0.030136986301369864,-11
0.00821917808219178,0.18082191780821918,-0.1726027397260274,-63
0.07945205479452055,0.0,0.07945205479452055,29
0.29315068493150687,0.19726027397260273,0.0958904109589041,35
0.08493150684931507,0.0,0.08493150684931507,31
0.7753424657534247,0.0,0.7753424657534247,283
0.8821917808219178,0.06575342465753424,0.8164383561643835,298
0.9945205479452055,0.01643835616438356,0.9780821917808219,357
0.7589041095890411,0.03287671232876712,0.726027397260274,265
0.0136986301369863,0.09863013698630137,-0.08493150684931507,-31
0.26301369863013696,0.14794520547945206,0.11506849315068493,42
0.589041095890411,0.18082191780821918,0.40821917808219177,149
0.2493150684931507,0.06575342465753424,0.18356164383561643,67
0.16164383561643836,0.11506849315068493,0.04657534246575343,17
0.038356164383561646,0.01643835616438356,0.021917808219178082,8
0.23013698630136986,0.13150684931506848,0.09863013698630137,36
0.07945205479452055,0.1643835616438356,-0.08493150684931507,-31
0.8383561643835616,0.23013698630136986,0.6082191780821918,222
0.11232876712328767,0.0821917808219178,0.030136986301369864,11
0.1095890410958904,0.03287671232876712,0.07671232876712329,28
0.057534246575342465,0.26301369863013696,-0.2054794520547945,-75
0.12876712328767123,0.09863013698630137,0.030136986301369864,11
0.8,0.03287671232876712,0.7671232876712328,280
0.1643835616438356,0.18082191780821918,-0.01643835616438356,-6
0.4,0.09863013698630137,0.3013698630136986,110
0.0,0.0,0.0,0
0.18356164383561643,0.06575342465753424,0.1178082191780822,43
0.06301369863013699,0.01643835616438356,0.04657534246575343,17
0.9178082191780822,0.0,0.9178082191780822,335
0.547945205479452,0.06575342465753424,0.4821917808219178,176
0.7698630136986301,0.021917808219178082,0.7479452054794521,273
0.3424657534246575,0.01643835616438356,0.32602739726027397,119
0.00821917808219178,0.0,0.00821917808219178,3
0.27671232876712326,0.0821917808219178,0.19452054794520549,71
0.0136986301369863,0.01643835616438356,-0.0027397260273972603,-1
0.7534246575342466,0.0,0.7534246575342466,275
0.0,0.01643835616438356,-0.01643835616438356,-6
0.16712328767123288,0.4602739726027397,-0.29315068493150687,-107
0.038356164383561646,0.03287671232876712,0.005479452054794521,2
0.2547945205479452,0.23013698630136986,0.024657534246575342,9
0.8684931506849315,0.06575342465753424,0.8027397260273973,293
0.8164383561643835,0.11506849315068493,0.7013698630136986,256
0.7863013698630137,0.13150684931506848,0.6547945205479452,239
0.7643835616438356,0.01643835616438356,0.7479452054794521,273
0.0027397260273972603,0.03287671232876712,-0.030136986301369864,-11
0.8575342465753425,0.07671232876712329,0.7808219178082192,285
0.052054794520547946,0.049315068493150684,0.0027397260273972603,1
0.5534246575342465,0.01643835616438356,0.536986301369863,196
0.2465753424657534,0.0821917808219178,0.1643835616438356,60
0.052054794520547946,0.01643835616438356,0.03561643835616438,13
0.0684931506849315,0.1643835616438356,-0.0958904109589041,-35
0.5232876712328767,0.01643835616438356,0.5068493150684932,185
0.8465753424657534,0.01643835616438356,0.8301369863013699,303
0.8082191780821918,0.03287671232876712,0.7753424657534247,283
0.0,0.06575342465753424,-0.06575342465753424,-24
0.5780821917808219,0.0,0.5780821917808219,211
0.1726027397260274,0.1643835616438356,0.00821917808219178,3
0.7643835616438356,0.0821917808219178,0.6821917808219178,249
0.09315068493150686,0.01643835616438356,0.07671232876712329,28
0.2684931506849315,0.09863013698630137,0.16986301369863013,62
0.28493150684931506,0.06575342465753424,0.2191780821917808,80
0.038356164383561646,0.0,0.038356164383561646,14
0.36712328767123287,0.1643835616438356,0.20273972602739726,74
0.0410958904109589,0.049315068493150684,-0.00821917808219178,-3
0.005479452054794521,0.0,0.005479452054794521,2
0.5534246575342465,0.0,0.5534246575342465,202
0.5534246575342465,0.0,0.5534246575342465,202
0.5534246575342465,0.0,0.5534246575342465,202
0.2136986301369863,0.19726027397260273,0.01643835616438356,6
0.8438356164383561,0.06575342465753424,0.7780821917808219,284
0.2328767123287671,0.11506849315068493,0.1178082191780822,43
0.2328767123287671,0.0,0.2328767123287671,85
0.2273972602739726,0.0,0.2273972602739726,83
0.0410958904109589,0.03287671232876712,0.00821917808219178,3
0.11506849315068493,0.0821917808219178,0.03287671232876712,12
0.3972602739726027,0.0821917808219178,0.3150684931506849,115
0.12602739726027398,0.0,0.12602739726027398,46
0.8,0.049315068493150684,0.7506849315068493,274
0.019178082191780823,0.049315068493150684,-0.030136986301369864,-11
0.08767123287671233,0.0,0.08767123287671233,32
0.9945205479452055,0.0,0.9945205479452055,363
0.2876712328767123,0.0821917808219178,0.2054794520547945,75
0.5205479452054794,0.15342465753424658,0.36712328767123287,134
0.07671232876712329,0.01643835616438356,0.06027397260273973,22
0.11232876712328767,0.049315068493150684,0.06301369863013699,23
0.8383561643835616,0.06575342465753424,0.7726027397260274,282
0.2602739726027397,0.01643835616438356,0.24383561643835616,89
0.9780821917808219,0.03287671232876712,0.9452054794520548,345
0.1095890410958904,0.049315068493150684,0.06027397260273973,22
0.6547945205479452,0.0821917808219178,0.5726027397260274,209
0.5561643835616439,0.0821917808219178,0.473972602739726,173
0.5808219178082191,0.06575342465753424,0.5150684931506849,188
0.1917808219178082,0.09863013698630137,0.09315068493150686,34
0.12876712328767123,0.06575342465753424,0.06301369863013699,23
0.5397260273972603,0.03287671232876712,0.5068493150684932,185
0.04657534246575343,0.2465753424657534,-0.2,-73
0.19452054794520549,0.13150684931506848,0.06301369863013699,23
0.8465753424657534,0.049315068493150684,0.7972602739726027,291
0.4986301369863014,0.03287671232876712,0.4657534246575342,170
0.052054794520547946,0.13150684931506848,-0.07945205479452055,-29
0.0273972602739726,0.0,0.0273972602739726,10
0.12054794520547946,0.0,0.12054794520547946,44
0.5424657534246575,0.049315068493150684,0.4931506849315068,180
0.06027397260273973,0.36164383561643837,-0.3013698630136986,-110
0.17534246575342466,0.09863013698630137,0.07671232876712329,28
0.1506849315068493,0.3287671232876712,-0.1780821917808219,-65
0.08767123287671233,0.23013698630136986,-0.14246575342465753,-52
0.7863013698630137,0.01643835616438356,0.7698630136986301,281
0.5698630136986301,0.3780821917808219,0.1917808219178082,70
0.6,0.0,0.6,219
0.0410958904109589,0.3452054794520548,-0.3041095890410959,-111
0.936986301369863,0.13150684931506848,0.8054794520547945,294
0.15616438356164383,0.11506849315068493,0.0410958904109589,15
0.3232876712328767,0.0821917808219178,0.2410958904109589,88
0.052054794520547946,0.049315068493150684,0.0027397260273972603,1
0.8,0.11506849315068493,0.684931506849315,250
0.07945205479452055,0.01643835616438356,0.06301369863013699,23
0.030136986301369864,0.14794520547945206,-0.1178082191780822,-43
0.01643835616438356,0.0,0.01643835616438356,6
0.019178082191780823,0.06575342465753424,-0.04657534246575343,-17
0.9205479452054794,0.01643835616438356,0.9041095890410958,330
0.019178082191780823,0.13150684931506848,-0.11232876712328767,-41
0.00821917808219178,0.0,0.00821917808219178,3
0.00821917808219178,0.0,0.00821917808219178,3
0.1232876712328767,0.049315068493150684,0.07397260273972603,27
0.17534246575342466,0.03287671232876712,0.14246575342465753,52
0.29041095890410956,0.14794520547945206,0.14246575342465753,52
0.07123287671232877,0.11506849315068493,-0.043835616438356165,-16
0.4575342465753425,0.09863013698630137,0.3589041095890411,131
0.821917808219178,0.14794520547945206,0.673972602739726,246
0.2328767123287671,0.0,0.2328767123287671,85
0.9534246575342465,0.03287671232876712,0.9205479452054794,336
0.7671232876712328,0.13150684931506848,0.6356164383561644,232
0.3424657534246575,0.11506849315068493,0.2273972602739726,83
0.30684931506849317,0.1643835616438356,0.14246575342465753,52
0.7972602739726027,0.14794520547945206,0.6493150684931507,237
0.0,0.049315068493150684,-0.049315068493150684,-18
0.03287671232876712,0.0,0.03287671232876712,12
0.07397260273972603,0.01643835616438356,0.057534246575342465,21
0.3315068493150685,0.0,0.3315068493150685,121
0.16712328767123288,0.01643835616438356,0.1506849315068493,55
0.25205479452054796,0.0,0.25205479452054796,92
0.5698630136986301,0.049315068493150684,0.5205479452054794,190
0.11506849315068493,0.0821917808219178,0.03287671232876712,12
0.8410958904109589,0.0,0.8410958904109589,307
0.019178082191780823,0.0,0.019178082191780823,7
0.052054794520547946,0.049315068493150684,0.0027397260273972603,1
0.2493150684931507,0.13150684931506848,0.1178082191780822,43
0.13150684931506848,0.049315068493150684,0.0821917808219178,30
0.043835616438356165,0.03287671232876712,0.010958904109589041,4
0.2493150684931507,0.0,0.2493150684931507,91
0.043835616438356165,0.11506849315068493,-0.07123287671232877,-26
0.005479452054794521,0.0,0.005479452054794521,2
0.06575342465753424,0.11506849315068493,-0.049315068493150684,-18
0.7726027397260274,0.01643835616438356,0.7561643835616438,276
0.019178082191780823,0.18082191780821918,-0.16164383561643836,-59
0.043835616438356165,0.01643835616438356,0.0273972602739726,10
0.030136986301369864,0.01643835616438356,0.0136986301369863,5
0.07397260273972603,0.6986301369863014,-0.6246575342465753,-228
0.08767123287671233,0.0,0.08767123287671233,32
0.8986301369863013,0.09863013698630137,0.8,292
0.6219178082191781,0.03287671232876712,0.589041095890411,215
0.8027397260273973,0.03287671232876712,0.7698630136986301,281
0.4684931506849315,0.03287671232876712,0.43561643835616437,159
0.021917808219178082,0.09863013698630137,-0.07671232876712329,-28
0.7972602739726027,0.03287671232876712,0.7643835616438356,279
0.2821917808219178,0.01643835616438356,0.26575342465753427,97
0.6602739726027397,0.049315068493150684,0.6109589041095891,223
0.7041095890410959,0.0,0.7041095890410959,257
0.7698630136986301,0.0547945205479452,0.7150684931506849,261
0.5753424657534246,0.01643835616438356,0.5589041095890411,204
0.021917808219178082,0.049315068493150684,-0.0273972602739726,-10
0.04657534246575343,0.03287671232876712,0.0136986301369863,5
0.28493150684931506,0.01643835616438356,0.2684931506849315,98
0.0,0.0,0.0,0
0.019178082191780823,0.01643835616438356,0.0027397260273972603,1
0.0273972602739726,0.0,0.0273972602739726,10
0.5616438356164384,0.0821917808219178,0.4794520547945205,175
0.29863013698630136,0.18082191780821918,0.1178082191780822,43
0.2958904109589041,0.18082191780821918,0.11506849315068493,42
0.0136986301369863,0.0821917808219178,-0.0684931506849315,-25
0.0,0.0,0.0,0
0.4876712328767123,0.01643835616438356,0.4712328767123288,172
0.10410958904109589,0.3287671232876712,-0.22465753424657534,-82
0.32054794520547947,0.06575342465753424,0.2547945205479452,93
0.4904109589041096,0.14794520547945206,0.3424657534246575,125
0.030136986301369864,0.14794520547945206,-0.1178082191780822,-43
0.07671232876712329,0.1643835616438356,-0.08767123287671233,-32
0.1095890410958904,0.01643835616438356,0.09315068493150686,34
0.03287671232876712,0.03287671232876712,0.0,0
0.0136986301369863,0.01643835616438356,-0.0027397260273972603,-1
0.5671232876712329,0.0821917808219178,0.4849315068493151,177
0.03287671232876712,0.01643835616438356,0.01643835616438356,6
0.13150684931506848,0.1643835616438356,-0.03287671232876712,-12
0.0410958904109589,0.01643835616438356,0.024657534246575342,9
0.1780821917808219,0.0,0.1780821917808219,65
0.5205479452054794,0.1643835616438356,0.3561643835616438,130
0.7561643835616438,0.1643835616438356,0.5917808219178082,216
0.1863013698630137,0.0,0.1863013698630137,68
0.019178082191780823,0.11506849315068493,-0.0958904109589041,-35
0.8383561643835616,0.0821917808219178,0.7561643835616438,276
0.7808219178082192,0.27945205479452057,0.5013698630136987,183
0.3013698630136986,0.0,0.3013698630136986,110
0.5589041095890411,0.14794520547945206,0.410958904109589,150
0.024657534246575342,0.03287671232876712,-0.00821917808219178,-3
0.13424657534246576,0.0,0.13424657534246576,49
0.17534246575342466,0.0,0.17534246575342466,64
0.0273972602739726,0.13150684931506848,-0.10410958904109589,-38
0.08767123287671233,0.0821917808219178,0.005479452054794521,2
0.07945205479452055,0.0821917808219178,-0.0027397260273972603,-1
0.010958904109589041,0.09863013698630137,-0.08767123287671233,-32
0.35342465753424657,0.01643835616438356,0.336986301369863,123
0.7452054794520548,0.0,0.7452054794520548,272
0.019178082191780823,0.13150684931506848,-0.11232876712328767,-41
0.6602739726027397,0.11506849315068493,0.5452054794520548,199
0.8876712328767123,0.03287671232876712,0.8547945205479452,312
0.9726027397260274,0.049315068493150684,0.9232876712328767,337
0.9260273972602739,0.01643835616438356,0.9095890410958904,332
0.18356164383561643,0.0821917808219178,0.10136986301369863,37
0.03561643835616438,0.03287671232876712,0.0027397260273972603,1
0.08493150684931507,0.01643835616438356,0.0684931506849315,25
0.18904109589041096,0.01643835616438356,0.1726027397260274,63
0.8575342465753425,0.0821917808219178,0.7753424657534247,283
0.915068493150685,0.0,0.915068493150685,334
0.2602739726027397,0.0,0.2602739726027397,95
0.0,0.0821917808219178,-0.0821917808219178,-30
0.7917808219178082,0.0,0.7917808219178082,289
0.0136986301369863,0.01643835616438356,-0.0027397260273972603,-1
0.09315068493150686,0.0,0.09315068493150686,34
0.13424657534246576,0.0,0.13424657534246576,49
0.1589041095890411,0.0,0.1589041095890411,58
0.03287671232876712,0.0,0.03287671232876712,12
0.0,0.0,0.0,0
0.03561643835616438,0.19726027397260273,-0.16164383561643836,-59
0.1589041095890411,0.0,0.1589041095890411,58
0.5287671232876713,0.0,0.5287671232876713,193
0.14520547945205478,0.0,0.14520547945205478,53
0.5068493150684932,0.0,0.5068493150684932,185
0.5808219178082191,0.0,0.5808219178082191,212
0.536986301369863,0.06575342465753424,0.4712328767123288,172
0.2219178082191781,0.0,0.2219178082191781,81
0.1095890410958904,0.0,0.1095890410958904,40
0.14520547945205478,0.0,0.14520547945205478,53
0.28493150684931506,0.0,0.28493150684931506,104
0.024657534246575342,0.0821917808219178,-0.057534246575342465,-21
0.34794520547945207,0.0,0.34794520547945207,127
0.057534246575342465,0.13150684931506848,-0.07397260273972603,-27
0.1643835616438356,0.01643835616438356,0.14794520547945206,54
0.7917808219178082,0.06575342465753424,0.726027397260274,265
0.0,0.0,0.0,0
0.0958904109589041,0.0,0.0958904109589041,35
0.0684931506849315,0.01643835616438356,0.052054794520547946,19
0.5013698630136987,0.0,0.5013698630136987,183
0.038356164383561646,0.01643835616438356,0.021917808219178082,8
0.31232876712328766,0.0,0.31232876712328766,114
0.8027397260273973,0.13150684931506848,0.6712328767123288,245
0.6246575342465753,0.03287671232876712,0.5917808219178082,216
0.09041095890410959,0.01643835616438356,0.07397260273972603,27
0.11232876712328767,0.01643835616438356,0.0958904109589041,35
0.06575342465753424,0.0,0.06575342465753424,24
0.6438356164383562,0.0,0.6438356164383562,235
0.8,0.0,0.8,292
0.4794520547945205,0.0821917808219178,0.3972602739726027,145
0.9780821917808219,0.049315068493150684,0.9287671232876712,339
0.06027397260273973,0.14794520547945206,-0.08767123287671233,-32
0.3561643835616438,0.01643835616438356,0.33972602739726027,124
0.10410958904109589,0.0,0.10410958904109589,38
0.21643835616438356,0.09863013698630137,0.1178082191780822,43
0.7589041095890411,0.049315068493150684,0.7095890410958904,259
0.5863013698630137,0.01643835616438356,0.5698630136986301,208
0.8876712328767123,0.049315068493150684,0.8383561643835616,306
0.8465753424657534,0.01643835616438356,0.8301369863013699,303
0.07945205479452055,0.01643835616438356,0.06301369863013699,23
0.0,0.0821917808219178,-0.0821917808219178,-30
0.7589041095890411,0.0821917808219178,0.6767123287671233,247
0.04657534246575343,0.049315068493150684,-0.0027397260273972603,-1
0.0,0.01643835616438356,-0.01643835616438356,-6
0.6191780821917808,0.2136986301369863,0.4054794520547945,148
0.021917808219178082,0.01643835616438356,0.005479452054794521,2
0.00821917808219178,0.0,0.00821917808219178,3
0.049315068493150684,0.01643835616438356,0.03287671232876712,12
0.15616438356164383,0.0,0.15616438356164383,57
0.005479452054794521,0.01643835616438356,-0.010958904109589041,-4
0.03561643835616438,0.01643835616438356,0.019178082191780823,7
0.12054794520547946,0.03287671232876712,0.08767123287671233,32
0.0027397260273972603,0.0,0.0027397260273972603,1
0.005479452054794521,0.06575342465753424,-0.06027397260273973,-22
0.4465753424657534,0.0,0.4465753424657534,163
0.07671232876712329,0.01643835616438356,0.06027397260273973,22
0.6465753424657534,0.0,0.6465753424657534,236
0.42191780821917807,0.049315068493150684,0.3726027397260274,136
0.3589041095890411,0.0,0.3589041095890411,131
0.4821917808219178,0.06575342465753424,0.41643835616438357,152
0.2136986301369863,0.0,0.2136986301369863,78
0.17534246575342466,0.01643835616438356,0.1589041095890411,58
0.1780821917808219,0.13150684931506848,0.04657534246575343,17
0.6904109589041096,0.049315068493150684,0.6410958904109589,234
0.043835616438356165,0.01643835616438356,0.0273972602739726,10
0.010958904109589041,0.0,0.010958904109589041,4
0.43561643835616437,0.03287671232876712,0.40273972602739727,147
0.1863013698630137,0.0,0.1863013698630137,68
0.038356164383561646,0.0,0.038356164383561646,14
0.057534246575342465,0.049315068493150684,0.00821917808219178,3
0.7753424657534247,0.0,0.7753424657534247,283
0.8821917808219178,0.0,0.8821917808219178,322
0.2876712328767123,0.0,0.2876712328767123,105
0.024657534246575342,0.0,0.024657534246575342,9
0.7616438356164383,0.0,0.7616438356164383,278
0.13150684931506848,0.0,0.13150684931506848,48
0.14246575342465753,0.06575342465753424,0.07671232876712329,28
0.1178082191780822,0.0821917808219178,0.03561643835616438,13
0.8054794520547945,0.049315068493150684,0.7561643835616438,276
0.726027397260274,0.0,0.726027397260274,265
0.8958904109589041,0.0,0.8958904109589041,327
0.33972602739726027,0.03287671232876712,0.30684931506849317,112
0.1589041095890411,0.0,0.1589041095890411,58
0.038356164383561646,0.06575342465753424,-0.0273972602739726,-10
0.5013698630136987,0.1643835616438356,0.336986301369863,123
0.3424657534246575,0.06575342465753424,0.27671232876712326,101
0.0,0.0,0.0,0
0.12054794520547946,0.0,0.12054794520547946,44
0.0547945205479452,0.0,0.0547945205479452,20
0.5616438356164384,0.09863013698630137,0.46301369863013697,169
0.030136986301369864,0.01643835616438356,0.0136986301369863,5
0.18082191780821918,0.03287671232876712,0.14794520547945206,54
0.10136986301369863,0.0,0.10136986301369863,37
0.06575342465753424,0.0,0.06575342465753424,24
0.06575342465753424,0.0,0.06575342465753424,24
0.2602739726027397,0.049315068493150684,0.21095890410958903,77
0.06575342465753424,0.0,0.06575342465753424,24
0.06575342465753424,0.0,0.06575342465753424,24
0.06575342465753424,0.0,0.06575342465753424,24
0.2602739726027397,0.0,0.2602739726027397,95
0.4876712328767123,0.0,0.4876712328767123,178
0.2602739726027397,0.01643835616438356,0.24383561643835616,89
0.2602739726027397,0.0,0.2602739726027397,95
0.038356164383561646,0.11506849315068493,-0.07671232876712329,-28
0.010958904109589041,0.049315068493150684,-0.038356164383561646,-14
0.15616438356164383,0.0821917808219178,0.07397260273972603,27
0.04657534246575343,0.1643835616438356,-0.1178082191780822,-43
0.0,0.01643835616438356,-0.01643835616438356,-6
0.07945205479452055,0.01643835616438356,0.06301369863013699,23
0.0821917808219178,0.06575342465753424,0.01643835616438356,6
0.030136986301369864,0.0,0.030136986301369864,11
0.9424657534246575,0.01643835616438356,0.9260273972602739,338
0.06575342465753424,0.0,0.06575342465753424,24
0.06575342465753424,0.0,0.06575342465753424,24
0.9616438356164384,0.11506849315068493,0.8465753424657534,309
0.06575342465753424,0.0,0.06575342465753424,24
0.1095890410958904,0.049315068493150684,0.06027397260273973,22
0.06575342465753424,0.0,0.06575342465753424,24
0.33424657534246577,0.0,0.33424657534246577,122
0.2465753424657534,0.0,0.2465753424657534,90
0.07123287671232877,0.0,0.07123287671232877,26
0.06301369863013699,0.049315068493150684,0.0136986301369863,5
0.057534246575342465,0.0,0.057534246575342465,21
0.057534246575342465,0.0,0.057534246575342465,21
0.7068493150684931,0.06575342465753424,0.6410958904109589,234
0.4684931506849315,0.03287671232876712,0.43561643835616437,159
0.052054794520547946,0.0,0.052054794520547946,19
0.019178082191780823,0.0,0.019178082191780823,7
0.019178082191780823,0.0,0.019178082191780823,7
0.019178082191780823,0.0,0.019178082191780823,7
0.0273972602739726,0.0,0.0273972602739726,10
0.27945205479452057,0.049315068493150684,0.23013698630136986,84
0.7753424657534247,0.049315068493150684,0.726027397260274,265
0.3150684931506849,0.11506849315068493,0.2,73
0.11506849315068493,0.01643835616438356,0.09863013698630137,36
0.8164383561643835,0.0821917808219178,0.7342465753424657,268
0.010958904109589041,0.03287671232876712,-0.021917808219178082,-8
0.12054794520547946,0.14794520547945206,-0.0273972602739726,-10
0.03287671232876712,0.0821917808219178,-0.049315068493150684,-18
0.0684931506849315,0.11506849315068493,-0.04657534246575343,-17
0.06301369863013699,0.01643835616438356,0.04657534246575343,17
0.1178082191780822,0.01643835616438356,0.10136986301369863,37
0.0,0.0,0.0,0
0.2465753424657534,0.3287671232876712,-0.0821917808219178,-30
0.3726027397260274,0.3287671232876712,0.043835616438356165,16
0.22465753424657534,0.3287671232876712,-0.10410958904109589,-38
0.043835616438356165,0.0,0.043835616438356165,16
0.8191780821917808,0.06575342465753424,0.7534246575342466,275
0.0547945205479452,0.0821917808219178,-0.0273972602739726,-10
0.0,0.0,0.0,0
0.989041095890411,0.13150684931506848,0.8575342465753425,313
0.00821917808219178,0.01643835616438356,-0.00821917808219178,-3
0.057534246575342465,0.0,0.057534246575342465,21
0.057534246575342465,0.0,0.057534246575342465,21
0.057534246575342465,0.0,0.057534246575342465,21
0.057534246575342465,0.0,0.057534246575342465,21
0.17534246575342466,0.0,0.17534246575342466,64
0.06027397260273973,0.0,0.06027397260273973,22
0.7863013698630137,0.0821917808219178,0.7041095890410959,257
0.7808219178082192,0.0,0.7808219178082192,285
0.27945205479452057,0.0,0.27945205479452057,102
0.2602739726027397,0.0,0.2602739726027397,95
0.7589041095890411,0.049315068493150684,0.7095890410958904,259
0.2602739726027397,0.0,0.2602739726027397,95
0.2602739726027397,0.0,0.2602739726027397,95
0.2602739726027397,0.0,0.2602739726027397,95
0.052054794520547946,0.0,0.052054794520547946,19
0.40821917808219177,0.0,0.40821917808219177,149
0.0,0.0,0.0,0
0.5616438356164384,0.03287671232876712,0.5287671232876713,193
0.019178082191780823,0.03287671232876712,-0.0136986301369863,-5
0.7890410958904109,0.01643835616438356,0.7726027397260274,282
0.19452054794520549,0.0,0.19452054794520549,71
0.024657534246575342,0.01643835616438356,0.00821917808219178,3
0.8575342465753425,0.01643835616438356,0.8410958904109589,307
0.3726027397260274,0.049315068493150684,0.3232876712328767,118
0.7561643835616438,0.0,0.7561643835616438,276
0.1178082191780822,0.0821917808219178,0.03561643835616438,13
0.5260273972602739,0.0,0.5260273972602739,192
0.005479452054794521,0.0,0.005479452054794521,2
0.29315068493150687,0.03287671232876712,0.2602739726027397,95
0.021917808219178082,0.03287671232876712,-0.010958904109589041,-4
0.7342465753424657,0.0,0.7342465753424657,268
0.7452054794520548,0.0,0.7452054794520548,272
0.5342465753424658,0.01643835616438356,0.5178082191780822,189
0.12602739726027398,0.19726027397260273,-0.07123287671232877,-26
0.005479452054794521,0.0,0.005479452054794521,2
0.09315068493150686,0.0,0.09315068493150686,34
0.038356164383561646,0.049315068493150684,-0.010958904109589041,-4
0.13150684931506848,0.0,0.13150684931506848,48
0.024657534246575342,0.049315068493150684,-0.024657534246575342,-9
0.0027397260273972603,0.0,0.0027397260273972603,1
0.9506849315068493,0.0821917808219178,0.8684931506849315,317
0.7561643835616438,0.0,0.7561643835616438,276
0.06301369863013699,0.0821917808219178,-0.019178082191780823,-7
0.547945205479452,0.0,0.547945205479452,200
0.5835616438356165,0.0,0.5835616438356165,213
0.5561643835616439,0.0,0.5561643835616439,203
0.5452054794520548,0.0,0.5452054794520548,199
0.5452054794520548,0.0,0.5452054794520548,199
0.5452054794520548,0.0,0.5452054794520548,199
0.5452054794520548,0.0,0.5452054794520548,199
0.5780821917808219,0.0,0.5780821917808219,211
0.5945205479452055,0.0,0.5945205479452055,217
0.1178082191780822,0.049315068493150684,0.0684931506849315,25
0.3835616438356164,0.0,0.3835616438356164,140
0.07945205479452055,0.0,0.07945205479452055,29
0.00821917808219178,0.049315068493150684,-0.0410958904109589,-15
0.6986301369863014,0.021917808219178082,0.6767123287671233,247
0.10136986301369863,0.049315068493150684,0.052054794520547946,19
0.0,0.01643835616438356,-0.01643835616438356,-6
0.1095890410958904,0.03287671232876712,0.07671232876712329,28
0.11506849315068493,0.14794520547945206,-0.03287671232876712,-12
0.11232876712328767,0.03287671232876712,0.07945205479452055,29
0.049315068493150684,0.0,0.049315068493150684,18
0.043835616438356165,0.1643835616438356,-0.12054794520547946,-44
0.7890410958904109,0.01643835616438356,0.7726027397260274,282
0.5287671232876713,0.01643835616438356,0.5123287671232877,187
0.18082191780821918,0.11506849315068493,0.06575342465753424,24
0.0547945205479452,0.09863013698630137,-0.043835616438356165,-16
0.0410958904109589,0.06575342465753424,-0.024657534246575342,-9
0.0273972602739726,0.03287671232876712,-0.005479452054794521,-2
0.2684931506849315,0.14794520547945206,0.12054794520547946,44
0.5616438356164384,0.0,0.5616438356164384,205
0.0410958904109589,0.01643835616438356,0.024657534246575342,9
0.7287671232876712,0.03287671232876712,0.6958904109589041,254
0.6794520547945205,0.0,0.6794520547945205,248
0.7561643835616438,0.0,0.7561643835616438,276
0.0410958904109589,0.0,0.0410958904109589,15
0.1780821917808219,0.0,0.1780821917808219,65
0.021917808219178082,0.0,0.021917808219178082,8
0.7972602739726027,0.13150684931506848,0.6657534246575343,243
0.057534246575342465,0.0,0.057534246575342465,21
0.2602739726027397,0.0,0.2602739726027397,95
0.8821917808219178,0.01643835616438356,0.8657534246575342,316
0.13424657534246576,0.0,0.13424657534246576,49
0.7534246575342466,0.0,0.7534246575342466,275
0.0958904109589041,0.01643835616438356,0.07945205479452055,29
0.049315068493150684,0.0,0.049315068493150684,18
0.08767123287671233,0.01643835616438356,0.07123287671232877,26
0.0547945205479452,0.0,0.0547945205479452,20
0.2876712328767123,0.0,0.2876712328767123,105
0.03287671232876712,0.0,0.03287671232876712,12
0.2821917808219178,0.11506849315068493,0.16712328767123288,61
0.6547945205479452,0.0,0.6547945205479452,239
0.2602739726027397,0.0,0.2602739726027397,95
0.6794520547945205,0.0,0.6794520547945205,248
0.5945205479452055,0.0,0.5945205479452055,217
0.5315068493150685,0.03287671232876712,0.4986301369863014,182
0.07671232876712329,0.03287671232876712,0.043835616438356165,16
0.021917808219178082,0.0,0.021917808219178082,8
0.06301369863013699,0.0,0.06301369863013699,23
0.06301369863013699,0.0,0.06301369863013699,23
0.1095890410958904,0.0,0.1095890410958904,40
0.06301369863013699,0.01643835616438356,0.04657534246575343,17
0.1095890410958904,0.0,0.1095890410958904,40
0.4547945205479452,0.03287671232876712,0.42191780821917807,154
0.06301369863013699,0.01643835616438356,0.04657534246575343,17
0.1095890410958904,0.01643835616438356,0.09315068493150686,34
0.1095890410958904,0.03287671232876712,0.07671232876712329,28
0.09315068493150686,0.06575342465753424,0.0273972602739726,10
0.043835616438356165,0.09863013698630137,-0.0547945205479452,-20
0.8931506849315068,0.01643835616438356,0.8767123287671232,320
0.5068493150684932,0.0,0.5068493150684932,185
0.2821917808219178,0.0,0.2821917808219178,103
0.18904109589041096,0.0,0.18904109589041096,69
0.01643835616438356,0.0,0.01643835616438356,6
0.010958904109589041,0.0,0.010958904109589041,4
0.09315068493150686,0.0,0.09315068493150686,34
0.09315068493150686,0.0,0.09315068493150686,34
0.09315068493150686,0.01643835616438356,0.07671232876712329,28
0.07671232876712329,0.01643835616438356,0.06027397260273973,22
0.07671232876712329,0.01643835616438356,0.06027397260273973,22
0.07671232876712329,0.01643835616438356,0.06027397260273973,22
0.07671232876712329,0.0,0.07671232876712329,28
0.010958904109589041,0.0,0.010958904109589041,4
0.021917808219178082,0.0,0.021917808219178082,8
0.1589041095890411,0.0,0.1589041095890411,58
0.7534246575342466,0.0,0.7534246575342466,275
0.049315068493150684,0.0,0.049315068493150684,18
0.01643835616438356,0.0,0.01643835616438356,6
0.019178082191780823,0.0,0.019178082191780823,7
0.0547945205479452,0.03287671232876712,0.021917808219178082,8
0.0,0.0,0.0,0
0.005479452054794521,0.0,0.005479452054794521,2
0.2602739726027397,0.0,0.2602739726027397,95
0.03287671232876712,0.03287671232876712,0.0,0
0.019178082191780823,0.049315068493150684,-0.030136986301369864,-11
0.0958904109589041,0.0,0.0958904109589041,35
0.04657534246575343,0.01643835616438356,0.030136986301369864,11
0.057534246575342465,0.03287671232876712,0.024657534246575342,9
0.2191780821917808,0.01643835616438356,0.20273972602739726,74
0.2191780821917808,0.0,0.2191780821917808,80
0.3863013698630137,0.0,0.3863013698630137,141
0.136986301369863,0.0,0.136986301369863,50
0.2876712328767123,0.03287671232876712,0.2547945205479452,93
0.5561643835616439,0.06575342465753424,0.4904109589041096,179
0.010958904109589041,0.0,0.010958904109589041,4
0.00821917808219178,0.0,0.00821917808219178,3
0.30684931506849317,0.049315068493150684,0.25753424657534246,94
0.019178082191780823,0.0,0.019178082191780823,7
0.005479452054794521,0.01643835616438356,-0.010958904109589041,-4
0.0273972602739726,0.01643835616438356,0.010958904109589041,4
0.10684931506849316,0.01643835616438356,0.09041095890410959,33
0.0,0.0,0.0,0
0.8657534246575342,0.0,0.8657534246575342,316
0.9616438356164384,0.0,0.9616438356164384,351
0.6958904109589041,0.0,0.6958904109589041,254
0.7972602739726027,0.01643835616438356,0.7808219178082192,285
0.33424657534246577,0.0,0.33424657534246577,122
0.005479452054794521,0.049315068493150684,-0.043835616438356165,-16
0.23835616438356164,0.0,0.23835616438356164,87
0.10684931506849316,0.0,0.10684931506849316,39
0.021917808219178082,0.01643835616438356,0.005479452054794521,2
0.0547945205479452,0.0,0.0547945205479452,20
0.06301369863013699,0.049315068493150684,0.0136986301369863,5
0.2602739726027397,0.0,0.2602739726027397,95
0.00821917808219178,0.0,0.00821917808219178,3
0.021917808219178082,0.06575342465753424,-0.043835616438356165,-16
0.2958904109589041,0.0273972602739726,0.2684931506849315,98
0.5260273972602739,0.0,0.5260273972602739,192
0.5260273972602739,0.0,0.5260273972602739,192
0.5260273972602739,0.0,0.5260273972602739,192
0.5260273972602739,0.0,0.5260273972602739,192
0.024657534246575342,0.03287671232876712,-0.00821917808219178,-3
0.2191780821917808,0.0,0.2191780821917808,80
0.0684931506849315,0.0,0.0684931506849315,25
0.049315068493150684,0.0,0.049315068493150684,18
0.8767123287671232,0.0,0.8767123287671232,320
0.5095890410958904,0.1643835616438356,0.3452054794520548,126
0.038356164383561646,0.01643835616438356,0.021917808219178082,8
0.06575342465753424,0.03287671232876712,0.03287671232876712,12
0.8931506849315068,0.01643835616438356,0.8767123287671232,320
0.08767123287671233,0.049315068493150684,0.038356164383561646,14
0.04657534246575343,0.0,0.04657534246575343,17
0.06301369863013699,0.06575342465753424,-0.0027397260273972603,-1
0.5260273972602739,0.0,0.5260273972602739,192
0.915068493150685,0.0,0.915068493150685,334
0.03561643835616438,0.049315068493150684,-0.0136986301369863,-5
0.5260273972602739,0.0,0.5260273972602739,192
0.0,0.0,0.0,0
0.057534246575342465,0.0,0.057534246575342465,21
0.7561643835616438,0.0,0.7561643835616438,276
0.7780821917808219,0.0,0.7780821917808219,284
0.3013698630136986,0.0,0.3013698630136986,110
0.019178082191780823,0.03287671232876712,-0.0136986301369863,-5
0.0136986301369863,0.0,0.0136986301369863,5
0.7616438356164383,0.0,0.7616438356164383,278
0.019178082191780823,0.0,0.019178082191780823,7
0.3506849315068493,0.01643835616438356,0.33424657534246577,122
0.0958904109589041,0.01643835616438356,0.07945205479452055,29
0.0273972602739726,0.0,0.0273972602739726,10
0.021917808219178082,0.0,0.021917808219178082,8
0.0273972602739726,0.01643835616438356,0.010958904109589041,4
0.3150684931506849,0.021917808219178082,0.29315068493150687,107
0.3095890410958904,0.021917808219178082,0.2876712328767123,105
0.03287671232876712,0.01643835616438356,0.01643835616438356,6
0.0,0.0,0.0,0
0.052054794520547946,0.03287671232876712,0.019178082191780823,7
0.4767123287671233,0.03287671232876712,0.4438356164383562,162
0.13424657534246576,0.0,0.13424657534246576,49
0.0,0.0,0.0,0
0.06027397260273973,0.13150684931506848,-0.07123287671232877,-26
0.5424657534246575,0.13150684931506848,0.410958904109589,150
0.5561643835616439,0.06575342465753424,0.4904109589041096,179
0.7095890410958904,0.01643835616438356,0.6931506849315069,253
0.13424657534246576,0.0,0.13424657534246576,49
0.0136986301369863,0.0,0.0136986301369863,5
0.8054794520547945,0.06575342465753424,0.7397260273972602,270
0.052054794520547946,0.049315068493150684,0.0027397260273972603,1
0.5095890410958904,0.049315068493150684,0.4602739726027397,168
0.049315068493150684,0.0,0.049315068493150684,18
0.038356164383561646,0.0,0.038356164383561646,14
0.0958904109589041,0.0,0.0958904109589041,35
0.5342465753424658,0.06575342465753424,0.4684931506849315,171
0.11506849315068493,0.0,0.11506849315068493,42
0.6986301369863014,0.0,0.6986301369863014,255
0.7205479452054795,0.0,0.7205479452054795,263
0.536986301369863,0.01643835616438356,0.5205479452054794,190
0.5232876712328767,0.01643835616438356,0.5068493150684932,185
0.0,0.0,0.0,0
0.0,0.0,0.0,0
0.0821917808219178,0.0,0.0821917808219178,30
0.09315068493150686,0.049315068493150684,0.043835616438356165,16
0.0821917808219178,0.0,0.0821917808219178,30
0.0,0.0,0.0,0
0.0547945205479452,0.0821917808219178,-0.0273972602739726,-10
0.07123287671232877,0.0,0.07123287671232877,26
0.16712328767123288,0.0,0.16712328767123288,61
0.1780821917808219,0.0,0.1780821917808219,65
0.1589041095890411,0.0,0.1589041095890411,58
0.29863013698630136,0.0,0.29863013698630136,109
0.8821917808219178,0.19726027397260273,0.684931506849315,250
0.0,0.0,0.0,0
0.0,0.0,0.0,0
0.3287671232876712,0.01643835616438356,0.31232876712328766,114
0.03561643835616438,0.03287671232876712,0.0027397260273972603,1
0.31232876712328766,0.0,0.31232876712328766,114
0.00821917808219178,0.0,0.00821917808219178,3
0.1178082191780822,0.03287671232876712,0.08493150684931507,31
0.31232876712328766,0.0,0.31232876712328766,114
0.07397260273972603,0.06575342465753424,0.00821917808219178,3
0.021917808219178082,0.0,0.021917808219178082,8
0.07123287671232877,0.049315068493150684,0.021917808219178082,8
0.0,0.0,0.0,0
0.00821917808219178,0.0,0.00821917808219178,3
0.16164383561643836,0.0,0.16164383561643836,59
0.9260273972602739,0.0,0.9260273972602739,338
0.0684931506849315,0.01643835616438356,0.052054794520547946,19
0.5808219178082191,0.0,0.5808219178082191,212
0.5287671232876713,0.0,0.5287671232876713,193
0.5150684931506849,0.0,0.5150684931506849,188
0.09315068493150686,0.0,0.09315068493150686,34
0.10136986301369863,0.0,0.10136986301369863,37
0.9698630136986301,0.0,0.9698630136986301,354
0.8575342465753425,0.0,0.8575342465753425,313
0.2821917808219178,0.0821917808219178,0.2,73
0.3561643835616438,0.0,0.3561643835616438,130
0.0,0.03287671232876712,-0.03287671232876712,-12
0.6027397260273972,0.049315068493150684,0.5534246575342465,202
0.0,0.0,0.0,0
0.5726027397260274,0.01643835616438356,0.5561643835616439,203
0.0136986301369863,0.0,0.0136986301369863,5
0.8027397260273973,0.0,0.8027397260273973,293
0.7863013698630137,0.0,0.7863013698630137,287
0.5260273972602739,0.0,0.5260273972602739,192
0.8082191780821918,0.0,0.8082191780821918,295
0.2684931506849315,0.0,0.2684931506849315,98
0.021917808219178082,0.0,0.021917808219178082,8
0.736986301369863,0.0,0.736986301369863,269
0.4438356164383562,0.0,0.4438356164383562,162
0.0684931506849315,0.01643835616438356,0.052054794520547946,19
0.9232876712328767,0.0,0.9232876712328767,337
0.2684931506849315,0.01643835616438356,0.25205479452054796,92
0.6575342465753424,0.0,0.6575342465753424,240
0.5150684931506849,0.0,0.5150684931506849,188
0.663013698630137,0.03287671232876712,0.6301369863013698,230
0.0821917808219178,0.0,0.0821917808219178,30
0.5643835616438356,0.049315068493150684,0.5150684931506849,188
0.5424657534246575,0.0,0.5424657534246575,198
0.06575342465753424,0.03287671232876712,0.03287671232876712,12
0.2410958904109589,0.01643835616438356,0.22465753424657534,82
0.0,0.0,0.0,0
0.9835616438356164,0.0,0.9835616438356164,359
0.36164383561643837,0.0,0.36164383561643837,132
0.7863013698630137,0.0,0.7863013698630137,287
0.10410958904109589,0.0,0.10410958904109589,38
0.2219178082191781,0.0,0.2219178082191781,81
0.1506849315068493,0.0,0.1506849315068493,55
0.00821917808219178,0.0,0.00821917808219178,3
0.06575342465753424,0.01643835616438356,0.049315068493150684,18
0.030136986301369864,0.0,0.030136986301369864,11
0.04657534246575343,0.0,0.04657534246575343,17
0.1178082191780822,0.0,0.1178082191780822,43
0.0821917808219178,0.01643835616438356,0.06575342465753424,24
0.0547945205479452,0.0,0.0547945205479452,20
0.07397260273972603,0.01643835616438356,0.057534246575342465,21
0.7452054794520548,0.03287671232876712,0.7123287671232876,260
0.26575342465753427,0.0,0.26575342465753427,97
0.00821917808219178,0.0,0.00821917808219178,3
0.6438356164383562,0.0,0.6438356164383562,235
0.6767123287671233,0.0,0.6767123287671233,247
0.6602739726027397,0.0,0.6602739726027397,241
0.005479452054794521,0.049315068493150684,-0.043835616438356165,-16
0.021917808219178082,0.01643835616438356,0.005479452054794521,2
0.1232876712328767,0.01643835616438356,0.10684931506849316,39
0.5972602739726027,0.01643835616438356,0.5808219178082191,212
0.04657534246575343,0.049315068493150684,-0.0027397260273972603,-1
0.7561643835616438,0.0,0.7561643835616438,276
0.3013698630136986,0.01643835616438356,0.28493150684931506,104
0.3150684931506849,0.01643835616438356,0.29863013698630136,109
0.043835616438356165,0.0821917808219178,-0.038356164383561646,-14
0.04657534246575343,0.049315068493150684,-0.0027397260273972603,-1
0.0027397260273972603,0.0,0.0027397260273972603,1
0.005479452054794521,0.0,0.005479452054794521,2
0.005479452054794521,0.0,0.005479452054794521,2
0.07123287671232877,0.0,0.07123287671232877,26
0.07945205479452055,0.0,0.07945205479452055,29
0.24383561643835616,0.049315068493150684,0.19452054794520549,71
0.19452054794520549,0.0,0.19452054794520549,71
0.7643835616438356,0.0,0.7643835616438356,279
0.005479452054794521,0.0,0.005479452054794521,2
0.010958904109589041,0.0,0.010958904109589041,4
0.09315068493150686,0.049315068493150684,0.043835616438356165,16
0.0,0.0,0.0,0
0.4876712328767123,0.0,0.4876712328767123,178
0.11506849315068493,0.0,0.11506849315068493,42
0.17534246575342466,0.0,0.17534246575342466,64
0.7890410958904109,0.0,0.7890410958904109,288
0.5232876712328767,0.0,0.5232876712328767,191
0.08493150684931507,0.0,0.08493150684931507,31
0.3013698630136986,0.0,0.3013698630136986,110
0.0136986301369863,0.0,0.0136986301369863,5
1.0,0.0,1.0,365
0.9041095890410958,0.0,0.9041095890410958,330
0.1095890410958904,0.0,0.1095890410958904,40
0.0821917808219178,0.0,0.0821917808219178,30
0.9205479452054794,0.0,0.9205479452054794,336
0.08767123287671233,0.0,0.08767123287671233,32
0.0,0.0,0.0,0
0.024657534246575342,0.0,0.024657534246575342,9
0.5232876712328767,0.0,0.5232876712328767,191
0.043835616438356165,0.01643835616438356,0.0273972602739726,10
0.5287671232876713,0.0,0.5287671232876713,193
0.5643835616438356,0.0,0.5643835616438356,206
0.27123287671232876,0.0,0.27123287671232876,99
0.9726027397260274,0.0,0.9726027397260274,355
0.22465753424657534,0.0,0.22465753424657534,82
0.22465753424657534,0.0,0.22465753424657534,82
0.0547945205479452,0.01643835616438356,0.038356164383561646,14
0.09315068493150686,0.0,0.09315068493150686,34
0.038356164383561646,0.0,0.038356164383561646,14
0.7945205479452054,0.0,0.7945205479452054,290
0.2684931506849315,0.0,0.2684931506849315,98
0.6410958904109589,0.0,0.6410958904109589,234
0.0,0.0,0.0,0
0.2821917808219178,0.0,0.2821917808219178,103
0.06575342465753424,0.0,0.06575342465753424,24
0.43561643835616437,0.0,0.43561643835616437,159
0.5616438356164384,0.0,0.5616438356164384,205
0.043835616438356165,0.01643835616438356,0.0273972602739726,10
0.09041095890410959,0.0,0.09041095890410959,33
0.03287671232876712,0.0,0.03287671232876712,12
0.0684931506849315,0.0,0.0684931506849315,25
0.06301369863013699,0.0,0.06301369863013699,23
0.5123287671232877,0.0,0.5123287671232877,187
0.01643835616438356,0.01643835616438356,0.0,0
0.04657534246575343,0.01643835616438356,0.030136986301369864,11
0.5561643835616439,0.0,0.5561643835616439,203
0.7589041095890411,0.0,0.7589041095890411,277
0.0027397260273972603,0.0,0.0027397260273972603,1
0.03287671232876712,0.0,0.03287671232876712,12
0.07671232876712329,0.0,0.07671232876712329,28
0.11506849315068493,0.0,0.11506849315068493,42
0.09315068493150686,0.0,0.09315068493150686,34
0.1095890410958904,0.0,0.1095890410958904,40
0.1095890410958904,0.0,0.1095890410958904,40
0.1095890410958904,0.0,0.1095890410958904,40
0.7780821917808219,0.0,0.7780821917808219,284
0.0,0.0,0.0,0
0.8410958904109589,0.0,0.8410958904109589,307
0.0547945205479452,0.0,0.0547945205479452,20
0.19726027397260273,0.0,0.19726027397260273,72
0.7972602739726027,0.0,0.7972602739726027,291
0.27945205479452057,0.0,0.27945205479452057,102
0.7534246575342466,0.0,0.7534246575342466,275
0.136986301369863,0.0,0.136986301369863,50
0.5561643835616439,0.01643835616438356,0.5397260273972603,197
0.536986301369863,0.01643835616438356,0.5205479452054794,190
0.14520547945205478,0.0,0.14520547945205478,53
0.5561643835616439,0.038356164383561646,0.5178082191780822,189
0.0,0.0,0.0,0
0.8767123287671232,0.0,0.8767123287671232,320
0.03287671232876712,0.0,0.03287671232876712,12
0.005479452054794521,0.0,0.005479452054794521,2
0.0,0.0,0.0,0
0.0027397260273972603,0.0,0.0027397260273972603,1
0.0027397260273972603,0.0,0.0027397260273972603,1
0.5260273972602739,0.0,0.5260273972602739,192
0.030136986301369864,0.0,0.030136986301369864,11
0.0,0.0,0.0,0
0.0410958904109589,0.0,0.0410958904109589,15
0.8301369863013699,0.0,0.8301369863013699,303
0.8,0.0,0.8,292
0.03287671232876712,0.0,0.03287671232876712,12
0.0,0.0,0.0,0
0.5424657534246575,0.01643835616438356,0.5260273972602739,192
1.0,0.0,1.0,365
0.5068493150684932,0.0,0.5068493150684932,185
0.03561643835616438,0.0,0.03561643835616438,13
0.010958904109589041,0.0,0.010958904109589041,4
0.5260273972602739,0.0,0.5260273972602739,192
0.03561643835616438,0.0,0.03561643835616438,13
0.0,0.0,0.0,0
0.0,0.0,0.0,0
0.0,0.0,0.0,0
0.0,0.0,0.0,0
0.0,0.0,0.0,0
0.0,0.0,0.0,0
0.8986301369863013,0.0,0.8986301369863013,328
0.0136986301369863,0.01643835616438356,-0.0027397260273972603,-1
0.1095890410958904,0.0,0.1095890410958904,40
0.08767123287671233,0.0,0.08767123287671233,32
0.32602739726027397,0.0,0.32602739726027397,119
0.40821917808219177,0.0,0.40821917808219177,149
0.04657534246575343,0.038356164383561646,0.00821917808219178,3
0.01643835616438356,0.01643835616438356,0.0,0
0.10684931506849316,0.03287671232876712,0.07397260273972603,27
0.9452054794520548,0.0,0.9452054794520548,345
0.0821917808219178,0.0,0.0821917808219178,30
0.0136986301369863,0.0,0.0136986301369863,5
0.057534246575342465,0.0,0.057534246575342465,21
0.2602739726027397,0.0,0.2602739726027397,95
0.0027397260273972603,0.0,0.0027397260273972603,1
0.057534246575342465,0.0,0.057534246575342465,21
0.0,0.0,0.0,0
0.8657534246575342,0.0,0.8657534246575342,316
0.6410958904109589,0.0,0.6410958904109589,234
0.6109589041095891,0.0,0.6109589041095891,223
0.5808219178082191,0.0,0.5808219178082191,212
0.5232876712328767,0.0,0.5232876712328767,191
0.8383561643835616,0.0,0.8383561643835616,306
0.04657534246575343,0.0,0.04657534246575343,17
0.03287671232876712,0.0,0.03287671232876712,12
0.03287671232876712,0.0,0.03287671232876712,12
0.00821917808219178,0.0,0.00821917808219178,3
0.863013698630137,0.0,0.863013698630137,315
0.06575342465753424,0.0,0.06575342465753424,24
0.0273972602739726,0.0,0.0273972602739726,10
0.6109589041095891,0.0,0.6109589041095891,223
0.7561643835616438,0.0,0.7561643835616438,276
0.07945205479452055,0.0,0.07945205479452055,29
0.0,0.0,0.0,0
0.736986301369863,0.0,0.736986301369863,269
0.9780821917808219,0.0,0.9780821917808219,357
0.7726027397260274,0.0,0.7726027397260274,282
0.00821917808219178,0.0,0.00821917808219178,3
0.038356164383561646,0.01643835616438356,0.021917808219178082,8
0.9287671232876712,0.0,0.9287671232876712,339
0.049315068493150684,0.0,0.049315068493150684,18
0.0,0.0,0.0,0
0.0,0.0,0.0,0
0.005479452054794521,0.0,0.005479452054794521,2
0.0,0.0,0.0,0
0.0027397260273972603,0.0,0.0027397260273972603,1
0.5753424657534246,0.0,0.5753424657534246,210
0.7616438356164383,0.0,0.7616438356164383,278
0.4246575342465753,0.0,0.4246575342465753,155
0.00821917808219178,0.0,0.00821917808219178,3
0.5260273972602739,0.0,0.5260273972602739,192
0.16164383561643836,0.0,0.16164383561643836,59
0.049315068493150684,0.0,0.049315068493150684,18
0.06575342465753424,0.0,0.06575342465753424,24
0.9178082191780822,0.0,0.9178082191780822,335
0.19726027397260273,0.0,0.19726027397260273,72
0.6027397260273972,0.0,0.6027397260273972,220
0.27123287671232876,0.0,0.27123287671232876,99
0.13424657534246576,0.0,0.13424657534246576,49
0.9205479452054794,0.0,0.9205479452054794,336
0.010958904109589041,0.0,0.010958904109589041,4
0.0,0.0,0.0,0
0.2684931506849315,0.0,0.2684931506849315,98
0.00821917808219178,0.0,0.00821917808219178,3
0.0027397260273972603,0.0,0.0027397260273972603,1
0.005479452054794521,0.0,0.005479452054794521,2
0.6109589041095891,0.0,0.6109589041095891,223
0.6602739726027397,0.0,0.6602739726027397,241
0.01643835616438356,0.0,0.01643835616438356,6
0.06027397260273973,0.0,0.06027397260273973,22
0.0,0.0,0.0,0
0.0,0.0,0.0,0
0.29315068493150687,0.0,0.29315068493150687,107
0.0027397260273972603,0.0,0.0027397260273972603,1
0.5808219178082191,0.0,0.5808219178082191,212
0.0,0.0,0.0,0
0.0273972602739726,0.0,0.0273972602739726,10
0.9068493150684932,0.0,0.9068493150684932,331
0.057534246575342465,0.0,0.057534246575342465,21
0.057534246575342465,0.0,0.057534246575342465,21
0.057534246575342465,0.0,0.057534246575342465,21
0.057534246575342465,0.0,0.057534246575342465,21
0.057534246575342465,0.0,0.057534246575342465,21
0.057534246575342465,0.0,0.057534246575342465,21
0.057534246575342465,0.0,0.057534246575342465,21
0.2602739726027397,0.0,0.2602739726027397,95
0.2602739726027397,0.0,0.2602739726027397,95
0.09315068493150686,0.0,0.09315068493150686,34
0.2602739726027397,0.0,0.2602739726027397,95
0.25753424657534246,0.0,0.25753424657534246,94
0.2602739726027397,0.0,0.2602739726027397,95
0.043835616438356165,0.0,0.043835616438356165,16
0.25753424657534246,0.0,0.25753424657534246,94
0.2602739726027397,0.0,0.2602739726027397,95
0.2602739726027397,0.0,0.2602739726027397,95
0.2602739726027397,0.0,0.2602739726027397,95
0.06575342465753424,0.0,0.06575342465753424,24
0.06575342465753424,0.0,0.06575342465753424,24
0.7835616438356164,0.0,0.7835616438356164,286
0.06575342465753424,0.0,0.06575342465753424,24
0.06575342465753424,0.0,0.06575342465753424,24
0.06575342465753424,0.0,0.06575342465753424,24
0.06575342465753424,0.0,0.06575342465753424,24
0.06575342465753424,0.0,0.06575342465753424,24
0.8438356164383561,0.0,0.8438356164383561,308
0.5671232876712329,0.0,0.5671232876712329,207
0.7479452054794521,0.0,0.7479452054794521,273
0.43561643835616437,0.0,0.43561643835616437,159
0.010958904109589041,0.0,0.010958904109589041,4
