,id,scrape_id,host_id,host_listings_count,host_total_listings_count,latitude,longitude,accommodates,bathrooms,bedrooms,beds,minimum_nights,maximum_nights,minimum_minimum_nights,maximum_minimum_nights,minimum_maximum_nights,maximum_maximum_nights,minimum_nights_avg_ntm,maximum_nights_avg_ntm,calendar_updated,availability_30,availability_60,availability_90,availability_365,number_of_reviews,number_of_reviews_ltm,number_of_reviews_l30d,availability_eoy,number_of_reviews_ly,estimated_occupancy_l365d,estimated_revenue_l365d,review_scores_rating,review_scores_accuracy,review_scores_cleanliness,review_scores_checkin,review_scores_communication,review_scores_location,review_scores_value,calculated_host_listings_count,calculated_host_listings_count_entire_homes,calculated_host_listings_count_private_rooms,calculated_host_listings_count_shared_rooms,reviews_per_month,price_clean,log_price,price_per_accommodates,log_price_per_accommodates,log_reviews,log_accommodates,log_beds,price_zscore,price_percentile,log_price_zscore,reviews_zscore,reviews_percentile,reviews_per_month_zscore,occupancy_rate,occupancy_rate_booked,occupancy_is_capped,est_annual_revenue,est_annual_revenue_booked,revenue_per_accommodates,revenue_per_bedroom,log_est_revenue,host_listings_in_city,host_is_professional,pct_professional_hosts,pct_large_operators,median_host_listings,gini_host_concentration,market_professionalization_score,purchase_price,monthly_payment,zori_rent,annual_cash_flow,cash_on_cash_roi,cap_rate,price_to_rent_ratio,revenue_yield,annual_cash_flow_booked,cash_on_cash_roi_booked,cap_rate_booked,revenue_yield_booked
id,1.0,,0.3733739610587708,0.10304995545558013,0.07603005777398568,-0.014745279088072293,0.0037503989516593852,0.09869732641324827,0.13079251135188433,0.1286652854400169,0.0779750378269046,-0.08605425012348221,-0.10143470779958441,-0.08289364045836882,0.03205544813004849,-0.24837850440895115,-0.2365154628304978,-0.0802140632663451,-0.2441142200448535,,0.0885666327196209,0.0865726566581549,0.07356129440578814,0.03960872622472832,-0.492193579406177,-0.1094820615285216,0.0018604300398101386,0.07364311901597541,-0.24955802575849942,-0.18471980909478222,-0.08291152264374764,-0.03238507978296125,-0.07091869188573928,-0.017701999149216392,-0.06976958430257707,-0.04020642996698996,-0.07692729640011871,-0.05562160417176846,0.07405794790545117,0.05817289579320912,0.11139971006378231,0.05471990271968731,0.10811152103320743,0.0331496613474198,0.07624480740199825,0.02497000712951914,-0.01640719218619293,-0.5428757443624487,0.08873397315841443,0.07359115876048679,0.033149661347419694,0.10762129753376837,0.07624480740200411,-0.4921935794061753,-0.567571113844717,0.10811152103320602,-0.03960872622472514,-0.18471980909478297,-0.13344907742841944,0.03476583354553188,-0.08291152264374764,0.021657090712074577,0.02227004137077226,-0.0339768740700393,0.07405794790545117,0.15114933596564945,,,,,,,,,0.034765833545532074,0.034765833545531255,0.03476583354553188,0.07785966811786384,0.03476583354553188,-0.08291152264374507,-0.08291152264374746,-0.08291152264374625,-0.08291152264374625
scrape_id,,,,,,,,,,,,,,,,,,,,,,,,,,,,,,,,,,,,,,,,,,,,,,,,,,,,,,,,,,,,,,,,,,,,,,,,,,,,,,,,,,,
host_id,0.3733739610587708,,1.0,0.03337850246310565,-0.0156332752331354,-0.01353457068793151,-0.004117745921515799,0.06845127497758259,0.07511799751981753,0.06650806760919278,0.06220640479512241,-0.08202467833321923,-0.09858433987569602,-0.08743781267265059,-0.09034384376235459,-0.14295918190618395,-0.11795292071622791,-0.0906143719558785,-0.12892970301263812,,0.12265071873876982,0.12467523298199444,0.10434782757183368,0.009867857393561752,-0.20714474279481573,-0.013554527411884983,-0.023339126849304618,0.10184742288832839,-0.05194501538589942,-0.04930724501301952,-0.014082227818845673,-0.09487914417741987,-0.11007005791426552,-0.0684381458873075,-0.09682430819400961,-0.0797581208750178,-0.0768653043106876,-0.10193840745652448,-0.04206935739885781,-0.07911417472412403,0.2528084523983959,-0.014791872861327965,0.07176125848595585,-0.02138906388331082,0.034970454509681066,-0.027873886083252888,-0.036943971519679084,-0.20675646427717537,0.058432271676359636,0.060304024373555545,-0.021389063883310896,0.05851177292135706,0.03497045450968238,-0.20714474279481582,-0.21247924263927442,0.07176125848595537,-0.009867857393560444,-0.04930724501301966,-0.030097860117519498,-0.0006334443037277274,-0.014082227818845673,-0.024003591041121392,-0.023655298710429012,-0.008452602189277065,-0.04206935739885781,0.08723586346541183,,,,,,,,,-0.0006334443037276097,-0.0006334443037279294,-0.0006334443037277462,0.035715055559908906,-0.0006334443037277462,-0.014082227818845054,-0.014082227818845909,-0.014082227818845132,-0.014082227818845132
host_listings_count,0.10304995545558013,,0.03337850246310565,1.0,0.8188165675046087,0.005970862295585892,-0.021932217315615076,0.017602982077002807,-0.002929340631895545,0.007368784374771257,0.0119587408477197,-0.025828595203022324,0.17693210981056975,-0.021529809841535994,-0.0252601411918507,-0.012216307046744935,0.0631593549502977,-0.025417741087684517,0.020828001731204193,,0.07851718715139622,0.08442261934937116,0.0831540412228532,0.10132885828275515,-0.1008538940632121,-0.08607919148262842,-0.08713625489578067,0.08679328819246722,-0.07962834038392708,-0.10624436867849851,-0.026469594152523982,-0.14320402786349995,-0.12069446826044711,-0.08723918047339484,-0.14572514362523029,-0.17217166642298085,-0.09101197022518392,-0.14957311281240465,0.3676392214230164,0.34638444112144284,0.18834056392800574,-0.00713010585245968,-0.08498021455948984,0.3002775922318763,0.14442098020349384,0.29627365519775173,0.16051526366445984,-0.12191142309640725,0.022604974961823968,0.010695517315143375,0.30027759223187644,0.05553342935402933,0.14442098020349367,-0.10085389406321153,-0.12464422399334768,-0.08498021455949038,-0.1013288582827553,-0.10624436867849857,-0.06216681118406437,0.22601227835857923,-0.026469594152523982,0.29030950949031675,0.31009123465567673,-0.02343788936506128,0.3676392214230164,0.20886507288997483,,,,,,,,,0.22601227835857926,0.22601227835857843,0.22601227835857915,0.004972982189599526,0.22601227835857915,-0.026469594152524,-0.026469594152524256,-0.026469594152523885,-0.026469594152523885
host_total_listings_count,0.07603005777398568,,-0.0156332752331354,0.8188165675046087,1.0,-0.006800404226534144,-0.014869719970023532,0.005233213974024369,-0.0054239226601976095,0.00013519585765923677,-0.004651544284066402,-0.020990718372814684,0.15579500680014746,-0.018910223422967352,-0.022395839701064794,-0.021702232137638066,0.0605665882608943,-0.021948039754656392,-0.00023568002902923585,,0.0423634306493961,0.04564958489874214,0.049170642195312066,0.07560361497366931,-0.07382306287556789,-0.0700885153302463,-0.0668177799228227,0.05257733338486998,-0.06256235361274151,-0.08924200457505317,0.08829284516220127,-0.08789574477714691,-0.07558423307893736,-0.05637390632349325,-0.1019540693572632,-0.14292866994437692,-0.056578736519226805,-0.09744111781083373,0.1873703542368115,0.18560100685941305,0.07158867700403211,-0.007340417023357095,-0.07456335297183775,0.7684750009845641,0.2726696931340196,0.7588470065429457,0.33255178811027336,-0.10439729745091593,0.008811366642009485,-0.010499507943324897,0.7684750009845633,0.07302862035116717,0.27266969313401873,-0.07382306287556759,-0.10339751190957633,-0.0745633529718381,-0.07560361497366923,-0.08924200457505252,-0.045129634439426414,0.5621524735633906,0.08829284516220127,0.7052534836365346,0.7287542831104992,0.06251447266138956,0.1873703542368115,0.13307464874378216,,,,,,,,,0.5621524735633906,0.5621524735633874,0.5621524735633885,-0.0035269182362888665,0.5621524735633885,0.08829284516220134,0.08829284516220118,0.0882928451622015,0.0882928451622015
latitude,-0.014745279088072293,,-0.01353457068793151,0.005970862295585892,-0.006800404226534144,1.0,-0.13449116647829704,-0.038233943602683784,-0.031651653276541666,-0.018802643313619163,-0.03329948140960094,0.021710205489770543,-0.0022637775658343943,0.029266337635900655,-0.027494672970026394,-0.01710057681593193,-0.019253892840252553,0.02190683512727087,-0.020187858295064122,,-0.0018683101645197008,-0.00822712332925493,-0.01357543907875493,-0.02522843551444178,-0.00239482604397593,-0.04028002278511268,-0.04181982784411594,-0.017566941841705548,-0.02487540607456158,-0.04626782624502158,-0.04328923359135567,-0.039994039526620485,-0.05280987988532097,-0.018522487600571406,-0.020792794699222752,-0.032436024460994875,0.04240866745260955,-0.05488046100042547,-0.0017157425676632989,-0.00879351927201367,0.045215369214300555,0.08464484666939821,-0.0649381015123368,-0.007609630777863832,-0.02759298570322192,-0.008843819951013333,0.024527719130880796,-0.01007211890910375,-0.043343836421169596,-0.026533380784665918,-0.00760963077786388,-0.031063922458838253,-0.02759298570322214,-0.0023948260439759722,-0.013422123755550406,-0.06493810151233667,0.025228435514441476,-0.04626782624502128,-0.031852869795031775,0.005684682406928244,-0.04328923359135567,-0.0034849189771461835,-0.0036484294197463214,0.011564737470665765,-0.0017157425676632989,0.020559641419123077,,,,,,,,,0.005684682406928234,0.005684682406928264,0.0056846824069282315,0.029204648899434478,0.0056846824069282315,-0.04328923359135555,-0.04328923359135566,-0.04328923359135546,-0.04328923359135546
longitude,0.0037503989516593852,,-0.004117745921515799,-0.021932217315615076,-0.014869719970023532,-0.13449116647829704,1.0,0.012490461874301395,0.012826673135070294,0.019248829157880735,0.014869727214866145,0.0340374315849834,0.05020667024630002,0.04600913908812888,0.030299718718160944,0.03545674658916051,0.029550349689323165,0.04309832774727075,0.0337407335463094,,0.03367620159480876,0.0224095296462904,0.029797262329764214,0.01786366698850932,-0.061259732345915884,-0.06356739478785435,-0.05159598760247586,0.03386936429401537,-0.0597076496272951,-0.0482610891750648,-0.0693747970147314,-0.07159081689045389,-0.0661330175618693,-0.07983346599197516,-0.033366594328119836,-0.03416512582653832,-0.12902531071781145,-0.066793768388278,0.03872744786582659,0.03829457231557942,0.005542141245852635,-0.002293985739829074,-0.04889732156233367,-0.0052452697411234555,-0.06263409177027078,-0.0021634943960473934,-0.05631695330717594,-0.06334320028173927,-0.011743673026005283,-0.0024514271961579726,-0.005245269741123463,-0.06838214518016002,-0.06263409177027034,-0.061259732345915974,-0.06240152065384807,-0.04889732156233339,-0.017863666988509302,-0.04826108917506504,-0.04271287113322386,-0.019146679111342824,-0.0693747970147314,-0.012248565594461027,-0.01365878703049103,-0.045574568166261896,0.03872744786582659,0.03813371967788729,,,,,,,,,-0.019146679111342785,-0.019146679111342723,-0.01914667911134268,0.021431158682439798,-0.01914667911134268,-0.06937479701473152,-0.06937479701473141,-0.06937479701473151,-0.06937479701473151
accommodates,0.09869732641324827,,0.06845127497758259,0.017602982077002807,0.005233213974024369,-0.038233943602683784,0.012490461874301395,1.0,0.5762353577663097,0.8554697050935129,0.8944846133778667,-0.14386698435545464,-0.03605592015598638,-0.16430949670842127,-0.1723254465884852,0.013177341119499772,0.008536996758590773,-0.156122059543542,0.011335615240025012,,0.06670398777130314,0.07294322525711618,0.06605157534920929,0.0426656088865002,-0.05483796089819883,0.04145092446055995,0.022601390197574567,0.06457909812728034,0.013623995361854099,0.03690171434851496,0.345392470892489,0.10090272961906621,0.05771340014440406,0.07221225099934646,0.07805633041392522,0.07095798294056545,0.05059703139981883,0.08464959134553353,-0.1578214942732471,-0.13659555103697874,-0.15285620733952668,-0.07076837001290538,0.011550229724177147,0.033832433858001006,0.6018900233897129,-0.03598655229249063,-0.3551985325310542,0.0586322453703695,0.9339634145949162,0.859688590126216,0.03383243385800106,0.6330633018924448,0.6018900233897154,-0.054837960898198874,0.04331451843489801,0.011550229724176977,-0.042665608886500006,0.03690171434851469,-0.0044659565071422675,0.10010632713550954,0.345392470892489,-0.0531815389457744,-0.0368272967489439,0.20834131284085275,-0.1578214942732471,-0.012478758047331492,,,,,,,,,0.1001063271355097,0.1001063271355097,0.1001063271355103,-0.08792090600605235,0.1001063271355103,0.3453924708924895,0.3453924708924896,0.3453924708924896,0.3453924708924896
bathrooms,0.13079251135188433,,0.07511799751981753,-0.002929340631895545,-0.0054239226601976095,-0.031651653276541666,0.012826673135070294,0.5762353577663097,1.0,0.6297636312377749,0.590272326426915,-0.07913253860652354,-0.06731620220285298,-0.0969250754600014,-0.10612572659483292,-0.0603726704913911,-0.06651153040138592,-0.08948039276327222,-0.06554464594083258,,0.049831439438258844,0.06086172269078517,0.04684256158527947,0.033219396055271355,-0.10225239705261897,-0.025212270984215728,-0.020610218219928575,0.043183501228253464,-0.050158209690741674,-0.029472061192529545,0.21724000125251397,0.04877142079735438,0.022256906682006413,-0.0010547213917484173,0.043655824178871955,0.034796492789891324,-0.0010694469168262414,0.045109508349271896,-0.08076091070873617,-0.08780261573189244,0.03657396831603564,0.076226227961525,-0.02316289457439896,0.02318454860651867,0.34741760104568653,-0.022662705414466855,-0.13233635124454707,-0.033187282366480594,0.4754945639344112,0.5511782853699434,0.023184548606518838,0.3780095098744276,0.34741760104568636,-0.10225239705261861,-0.049702360775402674,-0.023162894574398685,-0.03321939605527106,-0.029472061192529812,-0.05369352102910545,0.062121568198854865,0.21724000125251397,-0.03255936870709554,-0.043195817503798035,0.10252094268355416,-0.08076091070873617,0.04617282870183753,,,,,,,,,0.06212156819885489,0.06212156819885444,0.06212156819885479,-0.022760762171528167,0.06212156819885479,0.21724000125251458,0.21724000125251394,0.21724000125251366,0.21724000125251366
bedrooms,0.1286652854400169,,0.06650806760919278,0.007368784374771257,0.00013519585765923677,-0.018802643313619163,0.019248829157880735,0.8554697050935129,0.6297636312377749,1.0,0.83101377239354,-0.0837939815563701,-0.07592776235595282,-0.10028373057320727,-0.15152763105629521,-0.05397103447876505,-0.06603380247104612,-0.09512738194672254,-0.0610401902656218,,0.051652512611460796,0.04637822130274649,0.03185250694996653,-0.006194429739023113,-0.13069291749888093,-0.041997031784644145,-0.04373322320720489,0.02747983011273848,-0.06067044505816933,-0.0480932103775299,0.2720993314719647,0.09592427017639156,0.049192828782185886,0.053549884058340505,0.09668940383328549,0.07981913179254842,0.043039385353748544,0.08551476839557023,-0.1553744688806545,-0.14345865609789543,-0.09015517600646487,-0.035779300461992694,-0.07011831844903124,0.03772820202660181,0.5562096207654426,-0.025048118441578608,-0.23124123016618475,-0.03056677141065533,0.777582390361472,0.7965468857487304,0.03772820202660198,0.5896470076601973,0.5562096207654447,-0.13069291749888143,-0.04976613822940087,-0.07011831844903098,0.006194429739023133,-0.04809321037752952,-0.05717322952163068,0.10516313570545449,0.2720993314719647,-0.033328505171830364,-0.04723939247640202,0.20561905007160564,-0.1553744688806545,-0.017673794623308536,,,,,,,,,0.10516313570545453,0.10516313570545434,0.10516313570545453,-0.06145390418152293,0.10516313570545453,0.2720993314719657,0.27209933147196513,0.2720993314719636,0.2720993314719636
beds,0.0779750378269046,,0.06220640479512241,0.0119587408477197,-0.004651544284066402,-0.03329948140960094,0.014869727214866145,0.8944846133778667,0.590272326426915,0.83101377239354,1.0,-0.12089763313636367,-0.05315579566019309,-0.14383878852088622,-0.16735324009143066,-0.003533071934986553,-0.008001080180890248,-0.13547186218537982,-0.006461757052796653,,0.06870623257899194,0.07661726744563316,0.0732386770862097,0.041515928150600574,-0.057063087868172956,0.01384472133607369,0.002505226363338815,0.07237823360171948,-0.004189107191500838,0.016589694064190797,0.3111719480643076,0.08396326305195405,0.03886851874118127,0.05013185805251776,0.07235131582377152,0.05933284122453011,0.04496788991327888,0.0658802049653398,-0.15463640043090596,-0.13605034711744526,-0.1288641538207215,-0.03163687032738997,-0.013667476995111765,0.02319256113373243,0.5401001069062954,-0.03739979252771205,-0.2861035004641364,0.04285800062664698,0.8052785757434403,0.9561006244990635,0.02319256113373259,0.5701181177860177,0.5401001069062934,-0.05706308786817302,0.0289982351315105,-0.013667476995111515,-0.0415159281506003,0.016589694064190686,-0.02138865805089669,0.07838837983283951,0.3111719480643076,-0.05220983730386162,-0.046215934610077336,0.191969723136493,-0.15463640043090596,-0.004929657973856147,,,,,,,,,0.07838837983283954,0.07838837983283954,0.0783883798328396,-0.07706060378584231,0.0783883798328396,0.31117194806430754,0.31117194806430687,0.31117194806430587,0.31117194806430587
minimum_nights,-0.08605425012348221,,-0.08202467833321923,-0.025828595203022324,-0.020990718372814684,0.021710205489770543,0.0340374315849834,-0.14386698435545464,-0.07913253860652354,-0.0837939815563701,-0.12089763313636367,1.0,0.2360760583107927,0.9434362995475095,0.4585173256875493,0.07047189459935026,0.04530216541224368,0.9518393407719725,0.05850607026542245,,-0.00812919416189965,-0.05213034592516348,-0.04248607072564187,0.10867508430374569,-0.22431968639084784,-0.34541191492051504,-0.3205389148838647,-0.03389416643222205,-0.27386171720495156,-0.22472606601066702,-0.18662994736470298,-0.10310211823162427,-0.08030420198916446,-0.12352188892707944,-0.05754024751742179,-0.09785930221283726,-0.05224880242796237,-0.1047855266242085,0.23609419139632454,0.24548719788988102,-0.048229580728240865,-0.025556857989685614,-0.35111628476813134,-0.014245522642691986,-0.04602299893747934,-0.00568114132620999,0.15845797154084407,-0.37052836715101756,-0.17080283572277996,-0.13498805790261123,-0.014245522642691959,-0.06482383723059229,-0.046022998937479874,-0.2243196863908468,-0.35369591448212856,-0.35111628476813095,-0.10867508430374578,-0.2247260660106661,-0.04468443538845143,-0.047131281013750755,-0.18662994736470298,-0.024278798706356144,-0.033331120943388644,-0.10188689779413564,0.23609419139632454,0.018224323390311725,,,,,,,,,-0.047131281013750796,-0.04713128101375081,-0.0471312810137508,0.09069660410957603,-0.0471312810137508,-0.18662994736470317,-0.18662994736470254,-0.18662994736470293,-0.18662994736470293
maximum_nights,-0.10143470779958441,,-0.09858433987569602,0.17693210981056975,0.15579500680014746,-0.0022637775658343943,0.05020667024630002,-0.03605592015598638,-0.06731620220285298,-0.07592776235595282,-0.05315579566019309,0.2360760583107927,1.0,0.24456235483745395,0.4057782061792472,0.44179047739304633,0.4967643611029865,0.26588105861431116,0.46446608357145264,,-0.013732518136042099,-0.03280662351856663,-0.015493049553016062,0.19714088992868367,-0.09275299424827768,-0.16922115560779363,-0.1655491783240597,-0.003269278968852398,-0.13230082252305264,-0.18199060376516335,-0.11929623962941753,-0.13942854991839132,-0.1072082208492249,-0.12102084571062093,-0.09901473193544695,-0.15377409215184468,-0.08099270533174895,-0.15451554415005636,0.4124619205480171,0.4220728876896786,-0.03898855851614022,-0.03280102888045531,-0.15148018562081883,0.055876049414795445,0.06623207633288648,0.06006042293597431,0.12263171607790675,-0.187246725980829,-0.035371209702586615,-0.06184250064700703,0.05587604941479533,0.06115113481434724,0.06623207633288583,-0.09275299424827682,-0.17090836873379261,-0.1514801856208181,-0.19714088992868462,-0.1819906037651633,-0.05927885976983207,-0.0027299926298113017,-0.11929623962941753,0.02883728922320193,0.03574380511707103,-0.07832358797000555,0.4124619205480171,0.13999596454645322,,,,,,,,,-0.0027299926298113065,-0.0027299926298111604,-0.0027299926298111747,0.015298773116832637,-0.0027299926298111747,-0.11929623962941784,-0.11929623962941809,-0.11929623962941813,-0.11929623962941813
minimum_minimum_nights,-0.08289364045836882,,-0.08743781267265059,-0.021529809841535994,-0.018910223422967352,0.029266337635900655,0.04600913908812888,-0.16430949670842127,-0.0969250754600014,-0.10028373057320727,-0.14383878852088622,0.9434362995475095,0.24456235483745395,1.0,0.4633747952702551,0.06608232848526656,0.03945261666236524,0.9519028699271261,0.05331207662483773,,-0.0015134088298955919,-0.05219974664646152,-0.04404240566239801,0.11319235543043593,-0.23182201695473212,-0.3586908616696276,-0.3343327464499122,-0.035384692856698555,-0.285590864584988,-0.266811770975983,-0.248850105945423,-0.12313335329721882,-0.09849237140538458,-0.14246172474674015,-0.06990988749969715,-0.11376539894701979,-0.0669938661262419,-0.12255330645769233,0.2476981247668646,0.255517104016341,-0.0367357200325628,-0.024566552929996124,-0.36758978069428805,-0.015398656761069576,-0.06491889195209007,-0.005196544570572265,0.1686939917811228,-0.38944074878427754,-0.1939776528345616,-0.1596951700177242,-0.015398656761069586,-0.0838531893481456,-0.06491889195209077,-0.23182201695473356,-0.37087334946249156,-0.36758978069428966,-0.1131923554304364,-0.2668117709759849,-0.09350496678974106,-0.050681046389831036,-0.248850105945423,-0.025947756443509152,-0.03526073904627947,-0.11874658206135541,0.2476981247668646,0.022890778162172686,,,,,,,,,-0.050681046389831036,-0.05068104638983111,-0.05068104638983093,0.1049832136307439,-0.05068104638983093,-0.24885010594542276,-0.24885010594542367,-0.24885010594542362,-0.24885010594542362
maximum_minimum_nights,0.03205544813004849,,-0.09034384376235459,-0.0252601411918507,-0.022395839701064794,-0.027494672970026394,0.030299718718160944,-0.1723254465884852,-0.10612572659483292,-0.15152763105629521,-0.16735324009143066,0.4585173256875493,0.4057782061792472,0.4633747952702551,1.0,0.2130222035736885,0.19725276951683726,0.5458805820716753,0.20731438333862443,,-0.17495994446110782,-0.21488298375736414,-0.20296396697196942,0.10704080650655833,-0.1877977346497689,-0.2442740015278395,-0.22593252138403516,-0.1922032771489917,-0.20350657069449282,-0.2770789446283219,-0.21389547238958898,-0.10206760805476488,-0.04180835895166009,-0.05770909745800874,-0.09628382354980211,-0.16067348052218605,-0.12976306584116468,-0.15471484017133227,0.877651014404818,0.8963514154633538,-0.07149677901154737,-0.021190910388360382,-0.2361658680296486,-0.010876202828379328,0.047003011645303065,0.0008518825100682273,0.2789726080171804,-0.41596550892764744,-0.18874664765974966,-0.19171290728310342,-0.010876202828379299,0.07717558778140397,0.047003011645304085,-0.18779773464976876,-0.3738943370182185,-0.23616586802964834,-0.1070408065065577,-0.27707894462832233,-0.10045819138009693,-0.02900867815240767,-0.21389547238958898,-0.0029865489769268475,-0.010428706113922987,-0.00879941931855777,0.877651014404818,0.16897055473581027,,,,,,,,,-0.029008678152407662,-0.029008678152407832,-0.02900867815240772,-0.00963411400463496,-0.02900867815240772,-0.21389547238958917,-0.2138954723895898,-0.2138954723895879,-0.2138954723895879
minimum_maximum_nights,-0.24837850440895115,,-0.14295918190618395,-0.012216307046744935,-0.021702232137638066,-0.01710057681593193,0.03545674658916051,0.013177341119499772,-0.0603726704913911,-0.05397103447876505,-0.003533071934986553,0.07047189459935026,0.44179047739304633,0.06608232848526656,0.2130222035736885,1.0,0.9360449300176956,0.08742364045296687,0.9787402607102615,,-0.08795961649272695,-0.07725309608207893,-0.055191577394043664,0.14159414453527677,0.16091727019506485,0.06508784519929674,0.025557253925661935,-0.044075258635022846,0.11256849006720109,0.10577395357233495,0.07107094521961482,-0.0005082594675361112,0.015128375161200651,-0.006944205828965663,0.024489254275439624,-0.009952175336766586,-0.005349939562550438,-0.010995128260557787,0.20705921201723837,0.22969969827986778,-0.13933986065268306,-0.06307383078271712,0.0324080362256783,-0.04794720534430262,-0.0031164803495987744,-0.04522853627050703,-0.027754354499322124,0.13489238179033508,0.02434594087155415,0.00014076404906069315,-0.047947205344302433,0.009960160739100783,-0.003116480349599842,0.16091727019506472,0.15795061619827785,0.03240803622567809,-0.1415941445352758,0.10577395357233482,0.09716683147416556,-0.06397023820900061,0.07107094521961482,-0.06665398190864079,-0.06549616732798728,-0.056029848187054074,0.20705921201723837,0.050651885029970145,,,,,,,,,-0.06397023820900063,-0.0639702382090007,-0.0639702382090006,-0.037948924542067844,-0.0639702382090006,0.07107094521961553,0.07107094521961428,0.07107094521961464,0.07107094521961464
maximum_maximum_nights,-0.2365154628304978,,-0.11795292071622791,0.0631593549502977,0.0605665882608943,-0.019253892840252553,0.029550349689323165,0.008536996758590773,-0.06651153040138592,-0.06603380247104612,-0.008001080180890248,0.04530216541224368,0.4967643611029865,0.03945261666236524,0.19725276951683726,0.9360449300176956,1.0,0.061668257731307234,0.974504957663825,,-0.048002153613389,-0.0407610044301025,-0.01806088461932331,0.1596009011014117,0.16308015906482207,0.08379455569238077,0.022702238579825923,-0.0058784539810667535,0.13107508728600545,0.09682691166995674,0.09336504661886919,-0.019861217464305574,-0.003029252840977227,-0.01444727180104255,-0.008258851717732317,-0.04313147991443897,-0.015061651248713571,-0.0374900592681122,0.19643564163301144,0.21956045212646474,-0.14408703023945418,-0.06511638518940217,0.04429656392627376,0.02902835293589801,0.050824593049783054,0.030648683398350356,0.029475021180928058,0.13371309276155285,0.02610376908634841,-0.002149818147271602,0.029028352935898012,0.04668519417496729,0.05082459304978173,0.1630801590648214,0.15647394641761947,0.0442965639262736,-0.15960090110141226,0.09682691166995681,0.10117523983330914,-0.00703679809832287,0.09336504661886919,0.008067536150828109,0.014764863834380894,-0.05325412856301054,0.19643564163301144,0.08853844900161105,,,,,,,,,-0.007036798098322876,-0.007036798098322751,-0.007036798098322824,-0.03857979160435516,-0.007036798098322824,0.09336504661886978,0.09336504661886827,0.09336504661886885,0.09336504661886885
minimum_nights_avg_ntm,-0.0802140632663451,,-0.0906143719558785,-0.025417741087684517,-0.021948039754656392,0.02190683512727087,0.04309832774727075,-0.156122059543542,-0.08948039276327222,-0.09512738194672254,-0.13547186218537982,0.9518393407719725,0.26588105861431116,0.9519028699271261,0.5458805820716753,0.08742364045296687,0.061668257731307234,1.0,0.07507335446583474,,-0.016956323875197393,-0.06392016156400274,-0.05251965410681635,0.11566201111726944,-0.23304766666825513,-0.3544571773264497,-0.3292756740385027,-0.043400200004885606,-0.2821271680049532,-0.2598200487269963,-0.21961498625514653,-0.10944533265981521,-0.08398953145026437,-0.1257431863196763,-0.062310960369080334,-0.10479129643019493,-0.06384361965838929,-0.11529829210121584,0.3045235331269653,0.31499997398454865,-0.051193613805251156,-0.027897373228298987,-0.3565062023455047,-0.016248331119307177,-0.04356399310262918,-0.006565199591893185,0.17952545908974388,-0.39021813483097684,-0.1829727900873547,-0.14996415770613838,-0.016248331119307114,-0.05769524917924575,-0.043563993102629775,-0.2330476666682543,-0.370438704553186,-0.3565062023455045,-0.11566201111726955,-0.2598200487269961,-0.08400225204093965,-0.05165521855049459,-0.21961498625514653,-0.02693266159106806,-0.03664219650061425,-0.10298681670720826,0.3045235331269653,0.04563083997470751,,,,,,,,,-0.05165521855049459,-0.051655218550494514,-0.05165521855049468,0.08716959521925494,-0.05165521855049468,-0.21961498625514697,-0.2196149862551473,-0.2196149862551474,-0.2196149862551474
maximum_nights_avg_ntm,-0.2441142200448535,,-0.12892970301263812,0.020828001731204193,-0.00023568002902923585,-0.020187858295064122,0.0337407335463094,0.011335615240025012,-0.06554464594083258,-0.0610401902656218,-0.006461757052796653,0.05850607026542245,0.46446608357145264,0.05331207662483773,0.20731438333862443,0.9787402607102615,0.974504957663825,0.07507335446583474,1.0,,-0.07376550419017458,-0.06446604389594031,-0.04207651330610517,0.1389288338096828,0.1653572587187039,0.0734688143281089,0.027366953373508484,-0.03052052292141522,0.12007007248488383,0.10522833091115054,0.08126450671342428,-0.0038989349291730434,0.012158751550284692,-0.006773283000196226,0.01663127084792025,-0.017411764550330423,-0.0098389458398386,-0.019031957223046406,0.20231717025845955,0.22531386285436544,-0.14213114740552585,-0.06453476885051472,0.03961980705945334,-0.03533637490356016,0.01633352008445172,-0.03269683191337816,-0.00877745539461898,0.13452385308300585,0.02577047886662945,-0.0016715913582195084,-0.03533637490356005,0.024907481432658047,0.016333520084450128,0.16535725871870402,0.1587601234508362,0.039619807059453824,-0.138928833809684,0.10522833091115057,0.10041437743476296,-0.05019442525720941,0.08126450671342428,-0.04854801077224614,-0.04576647442686239,-0.049010005984358854,0.20231717025845955,0.06578331062543599,,,,,,,,,-0.05019442525720948,-0.050194425257209165,-0.05019442525720947,-0.04066590645526501,-0.05019442525720947,0.08126450671342322,0.08126450671342386,0.0812645067134239,0.0812645067134239
calendar_updated,,,,,,,,,,,,,,,,,,,,,,,,,,,,,,,,,,,,,,,,,,,,,,,,,,,,,,,,,,,,,,,,,,,,,,,,,,,,,,,,,,,
availability_30,0.0885666327196209,,0.12265071873876982,0.07851718715139622,0.0423634306493961,-0.0018683101645197008,0.03367620159480876,0.06670398777130314,0.049831439438258844,0.051652512611460796,0.06870623257899194,-0.00812919416189965,-0.013732518136042099,-0.0015134088298955919,-0.17495994446110782,-0.08795961649272695,-0.048002153613389,-0.016956323875197393,-0.07376550419017458,,1.0,0.9146456592722502,0.8317953992097592,0.37124809360569766,-0.09551311043833385,-0.04975384079022049,-0.039369863019364015,0.8118097094568691,-0.060615275504445884,-0.09225577885945525,-0.08108195273166345,-0.17348633804759367,-0.1673659449939476,-0.15066659144112754,-0.12049176685914371,-0.13416405862848824,-0.10773138191064534,-0.1696624794049347,-0.1255115299676397,-0.1472103353421225,0.13934006103079308,0.04019982481690575,-0.03140597434261661,0.015362410361487291,0.06023363257755422,0.008379586605113716,0.01871928255056251,-0.06636933870055071,0.04890804889433353,0.06661588348471442,0.015362410361487276,0.06142595513610768,0.060233632577554715,-0.09551311043833378,-0.07098693214739045,-0.03140597434261666,-0.3712480936056976,-0.09225577885945532,-0.10358276896362718,-0.03991342154456152,-0.08108195273166345,-0.03481486415697058,-0.03356672079525529,-0.26648245492695294,-0.1255115299676397,0.1231870203680671,,,,,,,,,-0.0399134215445615,-0.039913421544561435,-0.03991342154456138,0.25503908951617454,-0.03991342154456138,-0.08108195273166334,-0.08108195273166334,-0.08108195273166353,-0.08108195273166353
availability_60,0.0865726566581549,,0.12467523298199444,0.08442261934937116,0.04564958489874214,-0.00822712332925493,0.0224095296462904,0.07294322525711618,0.06086172269078517,0.04637822130274649,0.07661726744563316,-0.05213034592516348,-0.03280662351856663,-0.05219974664646152,-0.21488298375736414,-0.07725309608207893,-0.0407610044301025,-0.06392016156400274,-0.06446604389594031,,0.9146456592722502,1.0,0.9639110145562965,0.4751471858865809,-0.03729028455660478,0.02871802667000811,0.03912897633753934,0.9483407088047541,-0.0019606632704827955,-0.005207666807576777,-0.022127560660493928,-0.13475357887944747,-0.12946214104274903,-0.11122618026040033,-0.09685308107132475,-0.09934780392318822,-0.08320368773583305,-0.13413661107909147,-0.14974896266188303,-0.1728795748798633,0.14735725003463365,0.04650141125241149,0.040692350653206776,0.011183738906421305,0.04254524020036475,0.006970808692521332,-0.01685597676946035,0.0008031203266485756,0.05730148501435659,0.07723832902946891,0.011183738906421296,0.04880691048932558,0.04254524020036527,-0.03729028455660474,-0.002968328604147769,0.04069235065320673,-0.47514718588657906,-0.005207666807576964,-0.049365833762864623,-0.07637683531253833,-0.022127560660493928,-0.05455553469895886,-0.05543616753794127,-0.33169574590904327,-0.14974896266188303,0.1233992211636751,,,,,,,,,-0.07637683531253825,-0.07637683531253818,-0.07637683531253815,0.22893070510813102,-0.07637683531253815,-0.02212756066049367,-0.02212756066049396,-0.022127560660493834,-0.022127560660493834
availability_90,0.07356129440578814,,0.10434782757183368,0.0831540412228532,0.049170642195312066,-0.01357543907875493,0.029797262329764214,0.06605157534920929,0.04684256158527947,0.03185250694996653,0.0732386770862097,-0.04248607072564187,-0.015493049553016062,-0.04404240566239801,-0.20296396697196942,-0.055191577394043664,-0.01806088461932331,-0.05251965410681635,-0.04207651330610517,,0.8317953992097592,0.9639110145562965,1.0,0.5526452947247185,-0.015707966319272886,0.05017229390897567,0.05863309692263273,0.9962714676645313,0.0163746691697934,0.025468841455684576,-0.003732613497229962,-0.11578895780679001,-0.11568391713147708,-0.09829054803609232,-0.08422795588960737,-0.08448694452101047,-0.06887233999136833,-0.12073160085480891,-0.14413111128779,-0.1593818931925057,0.09349107935236471,0.04673242382561916,0.058787531193129745,0.014923355364131249,0.03675089362820017,0.01302853136862616,-0.01982262878332614,0.01400557637830041,0.05154691333583063,0.07470008840723018,0.014923355364131155,0.0396820326794746,0.036750893628200505,-0.015707966319272865,0.01276055835891654,0.05878753119312924,-0.552645294724715,0.025468841455684618,-0.02090373067289518,-0.09402801481799379,-0.003732613497229962,-0.061269677202944614,-0.06245377193391712,-0.38229173824938156,-0.14413111128779,0.13012749536354626,,,,,,,,,-0.09402801481799387,-0.09402801481799368,-0.09402801481799371,0.22261386562752403,-0.09402801481799371,-0.0037326134972297856,-0.003732613497230041,-0.0037326134972299327,-0.0037326134972299327
availability_365,0.03960872622472832,,0.009867857393561752,0.10132885828275515,0.07560361497366931,-0.02522843551444178,0.01786366698850932,0.0426656088865002,0.033219396055271355,-0.006194429739023113,0.041515928150600574,0.10867508430374569,0.19714088992868367,0.11319235543043593,0.10704080650655833,0.14159414453527677,0.1596009011014117,0.11566201111726944,0.1389288338096828,,0.37124809360569766,0.4751471858865809,0.5526452947247185,1.0,-0.02877819613395724,-0.007760012664942616,-0.009194426142933206,0.5850463070299607,-0.01734800410510381,-0.0019335879571992897,-0.01259777198769956,-0.08307976517866267,-0.07454142169767222,-0.07703487642765759,-0.07821438951646063,-0.08209977345448619,-0.034168828604207634,-0.09548436911120024,0.12764343897507466,0.12706046766034684,0.013384870190944517,-0.0381672710611524,0.010913607098812042,0.02718339343701329,0.0723111966341333,0.026598865332018294,0.05029036041828203,-0.08997521291080683,0.028562425708276717,0.03249560430975335,0.027183393437013207,0.06931674779637224,0.07231119663413312,-0.028778196133957296,-0.07405973483440383,0.010913607098811966,-1.0000000000000033,-0.0019335879571993006,-0.004820205329391748,-0.1912807642333217,-0.01259777198769956,-0.12593679051178905,-0.12605959707967576,-0.7651090654123087,0.12764343897507466,0.15726583597027802,,,,,,,,,-0.19128076423332166,-0.19128076423332196,-0.19128076423332194,0.28282776753365,-0.19128076423332194,-0.012597771987699687,-0.012597771987699577,-0.012597771987699548,-0.012597771987699548
number_of_reviews,-0.492193579406177,,-0.20714474279481573,-0.1008538940632121,-0.07382306287556789,-0.00239482604397593,-0.061259732345915884,-0.05483796089819883,-0.10225239705261897,-0.13069291749888093,-0.057063087868172956,-0.22431968639084784,-0.09275299424827768,-0.23182201695473212,-0.1877977346497689,0.16091727019506485,0.16308015906482207,-0.23304766666825513,0.1653572587187039,,-0.09551311043833385,-0.03729028455660478,-0.015707966319272886,-0.02877819613395724,1.0,0.6316429839786806,0.4484345841285996,-0.01745908894712148,0.695629701800768,0.5373736479777238,0.3016292246028006,0.13013667696225262,0.1405648730548427,0.12659730353092205,0.12168460431880519,0.12508100195670208,0.10844857410842325,0.1574008715163684,-0.18598427497902145,-0.17377458797981937,-0.09512504894617235,-0.010775359564355037,0.5517708900390776,-0.03535646787901339,-0.10335818145859661,-0.027047382548351272,-0.09372378877765432,0.7207483894687949,-0.023393885633714535,-0.04885794350388078,-0.03535646787901359,-0.12549626214901266,-0.10335818145859897,1.000000000000004,0.7567007311575099,0.5517708900390773,0.028778196133955533,0.5373736479777231,0.4562920730180994,-0.038215020235354294,0.3016292246028006,-0.024986399229520794,-0.0204404246200566,0.028143150573713825,-0.18598427497902145,-0.13232142767892763,,,,,,,,,-0.03821502023535447,-0.03821502023535393,-0.03821502023535418,-0.07590120315189959,-0.03821502023535418,0.30162922460279995,0.3016292246028017,0.3016292246028017,0.3016292246028017
number_of_reviews_ltm,-0.1094820615285216,,-0.013554527411884983,-0.08607919148262842,-0.0700885153302463,-0.04028002278511268,-0.06356739478785435,0.04145092446055995,-0.025212270984215728,-0.041997031784644145,0.01384472133607369,-0.34541191492051504,-0.16922115560779363,-0.3586908616696276,-0.2442740015278395,0.06508784519929674,0.08379455569238077,-0.3544571773264497,0.0734688143281089,,-0.04975384079022049,0.02871802667000811,0.05017229390897567,-0.007760012664942616,0.6316429839786806,1.0,0.743578944836135,0.048444085976868785,0.8596796629371531,0.7632228585098899,0.5138008618387496,0.15961887967736088,0.15314243084295204,0.1551951284083616,0.11158717545810098,0.1468685504925841,0.09909661110857815,0.1730104406139625,-0.19890939071385144,-0.1932043894052819,-0.05223062982828252,0.014516361127924595,0.8515690291677354,-0.03792915587171476,-0.05264365638169712,-0.03425929352082224,-0.15485615336822683,0.6287814417046537,0.08121736079541332,0.032351019863219754,-0.03792915587171455,-0.043720619552924646,-0.05264365638169876,0.6316429839786813,0.6414216091061826,0.851569029167734,0.007760012664942347,0.7632228585098876,0.6390431463214984,-0.036985871256258164,0.5138008618387496,-0.03628241387379793,-0.03105108842999559,0.05809180940027328,-0.19890939071385144,-0.09314460195175196,,,,,,,,,-0.03698587125625814,-0.03698587125625799,-0.03698587125625808,-0.10516298439195657,-0.03698587125625808,0.5138008618387492,0.5138008618387505,0.5138008618387494,0.5138008618387494
number_of_reviews_l30d,0.0018604300398101386,,-0.023339126849304618,-0.08713625489578067,-0.0668177799228227,-0.04181982784411594,-0.05159598760247586,0.022601390197574567,-0.020610218219928575,-0.04373322320720489,0.002505226363338815,-0.3205389148838647,-0.1655491783240597,-0.3343327464499122,-0.22593252138403516,0.025557253925661935,0.022702238579825923,-0.3292756740385027,0.027366953373508484,,-0.039369863019364015,0.03912897633753934,0.05863309692263273,-0.009194426142933206,0.4484345841285996,0.743578944836135,1.0,0.055929195874187605,0.5542243913691538,0.5860993304934785,0.3682536055202537,0.1684688241439414,0.15847216868811562,0.15430481538863786,0.12369041422423578,0.14817951898671913,0.11360770588443231,0.1814699931663473,-0.19414623093081945,-0.18386585830761268,-0.0849087367908723,0.052219777644968365,0.7256509471470122,-0.037318422845728366,-0.07223539011974772,-0.03254451146116372,-0.14492985976342854,0.47274356935911305,0.05555924169412366,0.016643667987230888,-0.03731842284572819,-0.06917051462501435,-0.0722353901197471,0.4484345841285992,0.4666936748838168,0.7256509471470087,0.009194426142933209,0.5860993304934728,0.4545082845971937,-0.03471483900708302,0.3682536055202537,-0.03244393914934996,-0.026928894968463426,0.056716443695059696,-0.19414623093081945,-0.13739801857242556,,,,,,,,,-0.03471483900708304,-0.034714839007083165,-0.03471483900708316,-0.09434150091863679,-0.03471483900708316,0.36825360552025393,0.3682536055202553,0.3682536055202556,0.3682536055202556
availability_eoy,0.07364311901597541,,0.10184742288832839,0.08679328819246722,0.05257733338486998,-0.017566941841705548,0.03386936429401537,0.06457909812728034,0.043183501228253464,0.02747983011273848,0.07237823360171948,-0.03389416643222205,-0.003269278968852398,-0.035384692856698555,-0.1922032771489917,-0.044075258635022846,-0.0058784539810667535,-0.043400200004885606,-0.03052052292141522,,0.8118097094568691,0.9483407088047541,0.9962714676645313,0.5850463070299607,-0.01745908894712148,0.048444085976868785,0.055929195874187605,1.0,0.015311729336168185,0.02610868723367844,-0.0038283100832513747,-0.11614084204312465,-0.11609691315695081,-0.09909071718010451,-0.08470594708390965,-0.08578603729643296,-0.06813887444719752,-0.12296804337498382,-0.13426664584724732,-0.14795992887530185,0.08374983915013598,0.038073095227442795,0.05747842846508013,0.0167115395708038,0.03989852033290227,0.01512213204475022,-0.016170962282805505,0.008302701561226485,0.05107100087433355,0.07404010657994461,0.016711539570803693,0.04126352322341153,0.03989852033290249,-0.01745908894712143,0.007599280042994958,0.05747842846508019,-0.5850463070299552,0.026108687233678422,-0.01810923793358352,-0.10009730110808943,-0.0038283100832513747,-0.06487464579714787,-0.06568882540562339,-0.4079956879886868,-0.13426664584724732,0.13861400683070743,,,,,,,,,-0.10009730110808943,-0.10009730110808916,-0.1000973011080896,0.22776852600544473,-0.1000973011080896,-0.0038283100832512294,-0.003828310083251408,-0.0038283100832513244,-0.0038283100832513244
number_of_reviews_ly,-0.24955802575849942,,-0.05194501538589942,-0.07962834038392708,-0.06256235361274151,-0.02487540607456158,-0.0597076496272951,0.013623995361854099,-0.050158209690741674,-0.06067044505816933,-0.004189107191500838,-0.27386171720495156,-0.13230082252305264,-0.285590864584988,-0.20350657069449282,0.11256849006720109,0.13107508728600545,-0.2821271680049532,0.12007007248488383,,-0.060615275504445884,-0.0019606632704827955,0.0163746691697934,-0.01734800410510381,0.695629701800768,0.8596796629371531,0.5542243913691538,0.015311729336168185,1.0,0.6304173827500399,0.42243690403729656,0.13395668651582393,0.12993389611980294,0.12880403315519706,0.10100368356716627,0.12243346646892952,0.08984659348743448,0.14415224552228115,-0.17524900669529675,-0.1677375686392265,-0.06208315424051596,-0.012449308248244811,0.7401588447260291,-0.032365740422868564,-0.04859512646328628,-0.028121891353320518,-0.11405582371636129,0.6315777971768165,0.050916728990795385,0.012070794790362032,-0.032365740422868494,-0.049823440191503164,-0.04859512646328968,0.6956297018007652,0.6627695725364182,0.7401588447260246,0.017348004105102982,0.6304173827500387,0.5479942430398393,-0.03190866176870653,0.42243690403729656,-0.028284114614227487,-0.022796390236347785,0.044676381252306004,-0.17524900669529675,-0.09791307549433145,,,,,,,,,-0.03190866176870655,-0.031908661768706305,-0.031908661768706374,-0.08517211944090874,-0.031908661768706374,0.42243690403729556,0.42243690403729645,0.4224369040372957,0.4224369040372957
estimated_occupancy_l365d,-0.18471980909478222,,-0.04930724501301952,-0.10624436867849851,-0.08924200457505317,-0.04626782624502158,-0.0482610891750648,0.03690171434851496,-0.029472061192529545,-0.0480932103775299,0.016589694064190797,-0.22472606601066702,-0.18199060376516335,-0.266811770975983,-0.2770789446283219,0.10577395357233495,0.09682691166995674,-0.2598200487269963,0.10522833091115054,,-0.09225577885945525,-0.005207666807576777,0.025468841455684576,-0.0019335879571992897,0.5373736479777238,0.7632228585098899,0.5860993304934785,0.02610868723367844,0.6304173827500399,1.0,0.6706864195940966,0.1936618146484348,0.18540954259532103,0.17258323090776553,0.13958005625466513,0.18019574700708793,0.1220825645792294,0.20779416828359312,-0.26683088948283906,-0.2592668120020868,-0.06937254307108548,0.01829479655529372,0.5973552697716588,-0.05709385367476215,-0.12452464556792137,-0.05049678935795415,-0.23335876844871173,0.701714860860423,0.07565543672440117,0.03501032200319061,-0.0570938536747623,-0.1150548699284575,-0.12452464556792459,0.5373736479777216,0.7018093428465934,0.5973552697716554,0.001933587957198816,0.9999999999999949,0.6470053596623005,-0.061336608421400395,0.6706864195940966,-0.05670315062808529,-0.0534901780628185,0.04038835661210675,-0.26683088948283906,-0.11958869826097646,,,,,,,,,-0.06133660842140049,-0.061336608421400395,-0.061336608421400846,-0.12391795896758963,-0.061336608421400846,0.6706864195940967,0.6706864195940967,0.6706864195940987,0.6706864195940987
estimated_revenue_l365d,-0.08291152264374764,,-0.014082227818845673,-0.026469594152523982,0.08829284516220127,-0.04328923359135567,-0.0693747970147314,0.345392470892489,0.21724000125251397,0.2720993314719647,0.3111719480643076,-0.18662994736470298,-0.11929623962941753,-0.248850105945423,-0.21389547238958898,0.07107094521961482,0.09336504661886919,-0.21961498625514653,0.08126450671342428,,-0.08108195273166345,-0.022127560660493928,-0.003732613497229962,-0.01259777198769956,0.3016292246028006,0.5138008618387496,0.3682536055202537,-0.0038283100832513747,0.42243690403729656,0.6706864195940966,1.0,0.1935321842589994,0.16423357222260695,0.17739888418675123,0.10214654724467853,0.14344857900104788,0.14137725008166604,0.17556563320429447,-0.21208520821506618,-0.1923531822495032,-0.14233515178806308,-0.04474746045023912,0.3609013756511056,0.19469654728540073,0.3530508589128026,0.1558655426739717,0.01187091522082182,0.4785145552150421,0.3550658320342987,0.31325395994729444,0.19469654728540198,0.33307254017239957,0.35305085891280236,0.30162922460280217,0.47323221388027775,0.36090137565110475,0.012597771987699626,0.6706864195940953,0.4208916606161372,0.13999953916291416,1.0,0.10986065407515888,0.13136385456098337,0.19521230891792873,-0.21208520821506618,-0.09711973611785954,,,,,,,,,0.1399995391629142,0.13999953916291458,0.13999953916291472,-0.11952215824830847,0.13999953916291472,0.9999999999999998,1.0000000000000018,1.0000000000000033,1.0000000000000033
review_scores_rating,-0.03238507978296125,,-0.09487914417741987,-0.14320402786349995,-0.08789574477714691,-0.039994039526620485,-0.07159081689045389,0.10090272961906621,0.04877142079735438,0.09592427017639156,0.08396326305195405,-0.10310211823162427,-0.13942854991839132,-0.12313335329721882,-0.10206760805476488,-0.0005082594675361112,-0.019861217464305574,-0.10944533265981521,-0.0038989349291730434,,-0.17348633804759367,-0.13475357887944747,-0.11578895780679001,-0.08307976517866267,0.13013667696225262,0.15961887967736088,0.1684688241439414,-0.11614084204312465,0.13395668651582393,0.1936618146484348,0.1935321842589994,1.0,0.8522376835603713,0.8150356882945514,0.628240434703875,0.7913796855165288,0.6339610214749833,0.8788163948573524,-0.23757849832959965,-0.18540932711209762,-0.26180248095456765,-0.017857490606849553,0.16512475006094018,-0.003402076295799251,0.161831187372629,-0.014609658684242209,0.03648460160893122,0.2226393072615814,0.12595956227041416,0.10109234159491887,-0.003402076295799264,0.16612043165087978,0.1618311873726287,0.13013667696225256,0.21036979444343815,0.16512475006093963,0.08307976517866279,0.19366181464843477,0.09653610898261064,0.009039161744945108,0.19353218425899932,0.004649745469120459,0.004644645488820546,0.15915850359409991,-0.23757849832959965,-0.19433988632001137,,,,,,,,,0.009039161744945115,0.009039161744945122,0.009039161744945191,-0.18755071449544278,0.009039161744945191,0.1935321842589993,0.19353218425899957,0.1935321842589994,0.1935321842589994
review_scores_accuracy,-0.07091869188573928,,-0.11007005791426552,-0.12069446826044711,-0.07558423307893736,-0.05280987988532097,-0.0661330175618693,0.05771340014440406,0.022256906682006413,0.049192828782185886,0.03886851874118127,-0.08030420198916446,-0.1072082208492249,-0.09849237140538458,-0.04180835895166009,0.015128375161200651,-0.003029252840977227,-0.08398953145026437,0.012158751550284692,,-0.1673659449939476,-0.12946214104274903,-0.11568391713147708,-0.07454142169767222,0.1405648730548427,0.15314243084295204,0.15847216868811562,-0.11609691315695081,0.12993389611980294,0.18540954259532103,0.16423357222260695,0.8522376835603713,1.0,0.7399914302327771,0.5898034520126881,0.6852958996987376,0.6151080922840164,0.7913798994483091,-0.15030451236277736,-0.10313617206421079,-0.2243396095218564,-0.028402312846579087,0.15676128480803747,-0.01221108099558982,0.12379157384733262,-0.017991812858848103,0.0467936261103332,0.23100043721805494,0.0829319363180362,0.050858978234049765,-0.012211080995589782,0.1235365271727479,0.12379157384733164,0.14056487305484308,0.21995681862829386,0.15676128480803742,0.07454142169767236,0.18540954259532147,0.09204027845544706,-0.008740768660394574,0.1642335722226069,0.0040874156584706015,0.002961727936338933,0.14345014825169727,-0.15030451236277736,-0.1890599613685543,,,,,,,,,-0.008740768660394567,-0.008740768660394546,-0.008740768660394499,-0.19330918937433697,-0.008740768660394499,0.16423357222260682,0.16423357222260676,0.16423357222260632,0.16423357222260632
review_scores_cleanliness,-0.017701999149216392,,-0.0684381458873075,-0.08723918047339484,-0.05637390632349325,-0.018522487600571406,-0.07983346599197516,0.07221225099934646,-0.0010547213917484173,0.053549884058340505,0.05013185805251776,-0.12352188892707944,-0.12102084571062093,-0.14246172474674015,-0.05770909745800874,-0.006944205828965663,-0.01444727180104255,-0.1257431863196763,-0.006773283000196226,,-0.15066659144112754,-0.11122618026040033,-0.09829054803609232,-0.07703487642765759,0.12659730353092205,0.1551951284083616,0.15430481538863786,-0.09909071718010451,0.12880403315519706,0.17258323090776553,0.17739888418675123,0.8150356882945514,0.7399914302327771,1.0,0.5624153002664444,0.6135320337053619,0.5061407074659345,0.7384047208657816,-0.14337596909199743,-0.10346415926257967,-0.19252780089668312,-0.03057794958261874,0.16612630494800792,-0.0011763763011118369,0.17288528562750796,0.0032666471167369787,0.06590304698621194,0.2239473616774392,0.11186303432922914,0.0703414313570708,-0.001176376301111843,0.16743235150829072,0.17288528562750757,0.12659730353092216,0.2106424836940961,0.1661263049480076,0.07703487642765795,0.17258323090776534,0.0863791267244524,0.0017926597246838538,0.17739888418675107,0.024099613774408262,0.018245344863242943,0.1378987765071255,-0.14337596909199743,-0.1555970112301178,,,,,,,,,0.0017926597246838499,0.0017926597246837894,0.0017926597246837673,-0.18837484972900098,0.0017926597246837673,0.17739888418675104,0.17739888418675118,0.17739888418675068,0.17739888418675068
review_scores_checkin,-0.06976958430257707,,-0.09682430819400961,-0.14572514362523029,-0.1019540693572632,-0.020792794699222752,-0.033366594328119836,0.07805633041392522,0.043655824178871955,0.09668940383328549,0.07235131582377152,-0.05754024751742179,-0.09901473193544695,-0.06990988749969715,-0.09628382354980211,0.024489254275439624,-0.008258851717732317,-0.062310960369080334,0.01663127084792025,,-0.12049176685914371,-0.09685308107132475,-0.08422795588960737,-0.07821438951646063,0.12168460431880519,0.11158717545810098,0.12369041422423578,-0.08470594708390965,0.10100368356716627,0.13958005625466513,0.10214654724467853,0.628240434703875,0.5898034520126881,0.5624153002664444,1.0,0.6343566030181405,0.5112098599471275,0.601001111222997,-0.21073441915185992,-0.17944288574419398,-0.16835030726985353,-0.03665694483380868,0.11850657139159483,-0.018114134810791258,0.08416964984833537,-0.02829251308703243,-0.0046596918348891765,0.18509288898228074,0.08629399497946337,0.07700510546682515,-0.018114134810791233,0.0772154484679366,0.08416964984833485,0.12168460431880468,0.17711806901889982,0.1185065713915951,0.07821438951646062,0.1395800562546654,0.07349155395844735,0.0077480084775810405,0.10214654724467855,-0.005422626566691994,-0.007555736083033824,0.13038608490849082,-0.21073441915185992,-0.15381678671296511,,,,,,,,,0.007748008477581045,0.007748008477581022,0.007748008477581126,-0.15525081351154238,0.007748008477581126,0.10214654724467852,0.10214654724467857,0.10214654724467871,0.10214654724467871
review_scores_communication,-0.04020642996698996,,-0.0797581208750178,-0.17217166642298085,-0.14292866994437692,-0.032436024460994875,-0.03416512582653832,0.07095798294056545,0.034796492789891324,0.07981913179254842,0.05933284122453011,-0.09785930221283726,-0.15377409215184468,-0.11376539894701979,-0.16067348052218605,-0.009952175336766586,-0.04313147991443897,-0.10479129643019493,-0.017411764550330423,,-0.13416405862848824,-0.09934780392318822,-0.08448694452101047,-0.08209977345448619,0.12508100195670208,0.1468685504925841,0.14817951898671913,-0.08578603729643296,0.12243346646892952,0.18019574700708793,0.14344857900104788,0.7913796855165288,0.6852958996987376,0.6135320337053619,0.6343566030181405,1.0,0.5268258552964238,0.7321179790327118,-0.25308555462776816,-0.22605773070884583,-0.1592916465328226,-0.0036856351387333066,0.15383870957890863,-0.06665421578546164,0.06029505007182153,-0.07801348770594987,-0.030406750943645703,0.2209459278908921,0.08494366561381185,0.06761099671907181,-0.06665421578546171,0.07846668817817815,0.060295050071821364,0.1250810019567025,0.20698038330738197,0.1538387095789082,0.08209977345448644,0.18019574700708868,0.08505768037446089,-0.0509776461625794,0.14344857900104782,-0.06701812031096531,-0.07296776937970612,0.09941981968907679,-0.25308555462776816,-0.1583038234358741,,,,,,,,,-0.050977646162579424,-0.05097764616257962,-0.05097764616257944,-0.16397902104662834,-0.05097764616257944,0.14344857900104765,0.1434485790010481,0.14344857900104757,0.14344857900104757
review_scores_location,-0.07692729640011871,,-0.0768653043106876,-0.09101197022518392,-0.056578736519226805,0.04240866745260955,-0.12902531071781145,0.05059703139981883,-0.0010694469168262414,0.043039385353748544,0.04496788991327888,-0.05224880242796237,-0.08099270533174895,-0.0669938661262419,-0.12976306584116468,-0.005349939562550438,-0.015061651248713571,-0.06384361965838929,-0.0098389458398386,,-0.10773138191064534,-0.08320368773583305,-0.06887233999136833,-0.034168828604207634,0.10844857410842325,0.09909661110857815,0.11360770588443231,-0.06813887444719752,0.08984659348743448,0.1220825645792294,0.14137725008166604,0.6339610214749833,0.6151080922840164,0.5061407074659345,0.5112098599471275,0.5268258552964238,1.0,0.6210240364886983,-0.20578622137309943,-0.17325763706516703,-0.17164951050467048,-0.06392180099596156,0.09596533759864377,0.004998832406501661,0.15273444058617278,-0.0011757363528052515,0.09731179301583583,0.16424201973029967,0.07573825449643093,0.05732635167919297,0.00499883240650168,0.14606397755481978,0.15273444058617172,0.10844857410842351,0.15603871721886772,0.09596533759864358,0.03416882860420783,0.12208256457922914,0.0614704726725527,-0.0021001339496546085,0.14137725008166604,0.00912278465974213,0.012739077932471412,0.1221687969537698,-0.20578622137309943,-0.14568937415207622,,,,,,,,,-0.002100133949654608,-0.0021001339496545357,-0.0021001339496545587,-0.16367824583716292,-0.0021001339496545587,0.14137725008166602,0.1413772500816658,0.14137725008166566,0.14137725008166566
review_scores_value,-0.05562160417176846,,-0.10193840745652448,-0.14957311281240465,-0.09744111781083373,-0.05488046100042547,-0.066793768388278,0.08464959134553353,0.045109508349271896,0.08551476839557023,0.0658802049653398,-0.1047855266242085,-0.15451554415005636,-0.12255330645769233,-0.15471484017133227,-0.010995128260557787,-0.0374900592681122,-0.11529829210121584,-0.019031957223046406,,-0.1696624794049347,-0.13413661107909147,-0.12073160085480891,-0.09548436911120024,0.1574008715163684,0.1730104406139625,0.1814699931663473,-0.12296804337498382,0.14415224552228115,0.20779416828359312,0.17556563320429447,0.8788163948573524,0.7913798994483091,0.7384047208657816,0.601001111222997,0.7321179790327118,0.6210240364886983,1.0,-0.28087837048183684,-0.24120240270796145,-0.21770391108687415,-0.006769440139443282,0.17900043465079876,-0.014023666730334538,0.0987893951616976,-0.023205168690049818,-0.001561857212432899,0.25708630206008437,0.10171080677771904,0.07848204449088246,-0.014023666730334486,0.10380260024496157,0.09878939516169705,0.15740087151636864,0.24235058221788605,0.17900043465079885,0.09548436911120019,0.20779416828359346,0.10777316187897752,-0.0016723367334811868,0.17556563320429455,-0.0026314207176298897,-0.0019490926432649417,0.14774173276345287,-0.28087837048183684,-0.22003318293048055,,,,,,,,,-0.001672336733481191,-0.001672336733481233,-0.0016723367334812401,-0.17119118916461365,-0.0016723367334812401,0.17556563320429444,0.17556563320429375,0.1755656332042938,0.1755656332042938
calculated_host_listings_count,0.07405794790545117,,-0.04206935739885781,0.3676392214230164,0.1873703542368115,-0.0017157425676632989,0.03872744786582659,-0.1578214942732471,-0.08076091070873617,-0.1553744688806545,-0.15463640043090596,0.23609419139632454,0.4124619205480171,0.2476981247668646,0.877651014404818,0.20705921201723837,0.19643564163301144,0.3045235331269653,0.20231717025845955,,-0.1255115299676397,-0.14974896266188303,-0.14413111128779,0.12764343897507466,-0.18598427497902145,-0.19890939071385144,-0.19414623093081945,-0.13426664584724732,-0.17524900669529675,-0.26683088948283906,-0.21208520821506618,-0.23757849832959965,-0.15030451236277736,-0.14337596909199743,-0.21073441915185992,-0.25308555462776816,-0.20578622137309943,-0.28087837048183684,1.0,0.989533920628661,0.13657588198400494,-0.015773865991383914,-0.16231988117099386,-0.010245900800377988,0.024460040753455422,0.0010814010784371746,0.22617847446065845,-0.3835294881785489,-0.17340229934924073,-0.18130869773947406,-0.010245900800378011,0.05687043034202545,0.024460040753455276,-0.18598427497902092,-0.3477454860403446,-0.1623198811709934,-0.1276434389750745,-0.2668308894828378,-0.11862040620965186,-0.02839158649518222,-0.21208520821506613,-0.0028471151933903427,-0.008870888917797136,-0.023880281556199614,1.0,0.2930424889243004,,,,,,,,,-0.028391586495182176,-0.028391586495182208,-0.028391586495182294,-0.02357431627397588,-0.028391586495182294,-0.2120852082150667,-0.21208520821506693,-0.21208520821506682,-0.21208520821506682
calculated_host_listings_count_entire_homes,0.05817289579320912,,-0.07911417472412403,0.34638444112144284,0.18560100685941305,-0.00879351927201367,0.03829457231557942,-0.13659555103697874,-0.08780261573189244,-0.14345865609789543,-0.13605034711744526,0.24548719788988102,0.4220728876896786,0.255517104016341,0.8963514154633538,0.22969969827986778,0.21956045212646474,0.31499997398454865,0.22531386285436544,,-0.1472103353421225,-0.1728795748798633,-0.1593818931925057,0.12706046766034684,-0.17377458797981937,-0.1932043894052819,-0.18386585830761268,-0.14795992887530185,-0.1677375686392265,-0.2592668120020868,-0.1923531822495032,-0.18540932711209762,-0.10313617206421079,-0.10346415926257967,-0.17944288574419398,-0.22605773070884583,-0.17325763706516703,-0.24120240270796145,0.989533920628661,1.0,-0.007673714318552993,-0.022348226024862052,-0.16200239373486458,-0.00876652710374876,0.062183854265527666,0.0010074366974554597,0.23257952628112433,-0.37386328218954196,-0.14329363938263093,-0.15731250976678987,-0.008766527103748744,0.09573361032008418,0.062183854265527264,-0.1737745879798191,-0.33678938672862935,-0.1620023937348639,-0.12706046766034693,-0.2592668120020846,-0.10986616803598027,-0.024431429886369937,-0.1923531822495032,-0.0020249202378875794,-0.006518209994208994,-0.005662582904493979,0.9895339206286612,0.263515189392296,,,,,,,,,-0.02443142988636988,-0.024431429886370037,-0.024431429886369982,-0.031393785379486505,-0.024431429886369982,-0.19235318224950332,-0.19235318224950276,-0.19235318224950312,-0.19235318224950312
calculated_host_listings_count_private_rooms,0.11139971006378231,,0.2528084523983959,0.18834056392800574,0.07158867700403211,0.045215369214300555,0.005542141245852635,-0.15285620733952668,0.03657396831603564,-0.09015517600646487,-0.1288641538207215,-0.048229580728240865,-0.03898855851614022,-0.0367357200325628,-0.07149677901154737,-0.13933986065268306,-0.14408703023945418,-0.051193613805251156,-0.14213114740552585,,0.13934006103079308,0.14735725003463365,0.09349107935236471,0.013384870190944517,-0.09512504894617235,-0.05223062982828252,-0.0849087367908723,0.08374983915013598,-0.06208315424051596,-0.06937254307108548,-0.14233515178806308,-0.26180248095456765,-0.2243396095218564,-0.19252780089668312,-0.16835030726985353,-0.1592916465328226,-0.17164951050467048,-0.21770391108687415,0.13657588198400494,-0.007673714318552993,1.0,0.003804490372295885,-0.03223387956078665,-0.02138284237635067,-0.23687424149789657,-0.01063572515630039,-0.026340207614839312,-0.0902533535835794,-0.2129956305699865,-0.1650176220948601,-0.021382842376350568,-0.24159360902327892,-0.2368742414978966,-0.09512504894617212,-0.09678334687779235,-0.032233879560786806,-0.013384870190943745,-0.06937254307108537,-0.06697701646554118,-0.03531289521795285,-0.1423351517880631,-0.015777645648658904,-0.025036588582183602,-0.11983323690276997,0.13657588198400492,0.2192593003984101,,,,,,,,,-0.03531289521795283,-0.035312895217952986,-0.03531289521795291,0.048870951682804774,-0.03531289521795291,-0.14233515178806283,-0.14233515178806305,-0.14233515178806347,-0.14233515178806347
calculated_host_listings_count_shared_rooms,0.05471990271968731,,-0.014791872861327965,-0.00713010585245968,-0.007340417023357095,0.08464484666939821,-0.002293985739829074,-0.07076837001290538,0.076226227961525,-0.035779300461992694,-0.03163687032738997,-0.025556857989685614,-0.03280102888045531,-0.024566552929996124,-0.021190910388360382,-0.06307383078271712,-0.06511638518940217,-0.027897373228298987,-0.06453476885051472,,0.04019982481690575,0.04650141125241149,0.04673242382561916,-0.0381672710611524,-0.010775359564355037,0.014516361127924595,0.052219777644968365,0.038073095227442795,-0.012449308248244811,0.01829479655529372,-0.04474746045023912,-0.017857490606849553,-0.028402312846579087,-0.03057794958261874,-0.03665694483380868,-0.0036856351387333066,-0.06392180099596156,-0.006769440139443282,-0.015773865991383914,-0.022348226024862052,0.003804490372295885,1.0,0.031635906653853775,-0.009020850190943674,-0.17983580165989685,-0.004352741345080848,-0.07118711877059195,-0.0033654199803622273,-0.11750578985518895,-0.04142050658135679,-0.009020850190943707,-0.11247245647916426,-0.17983580165989627,-0.010775359564355021,-0.0059954767199519605,0.03163590665385359,0.038167271061152565,0.018294796555293792,-0.015338681295896231,-0.01470078544901548,-0.04474746045023911,-0.00485637571155275,-0.00988218009943059,-0.04259543070260696,-0.01577386599138391,0.05198621263455081,,,,,,,,,-0.014700785449015479,-0.014700785449015496,-0.014700785449015484,0.004214689069043804,-0.014700785449015484,-0.044747460450238793,-0.04474746045023905,-0.0447474604502392,-0.0447474604502392
reviews_per_month,0.10811152103320743,,0.07176125848595585,-0.08498021455948984,-0.07456335297183775,-0.0649381015123368,-0.04889732156233367,0.011550229724177147,-0.02316289457439896,-0.07011831844903124,-0.013667476995111765,-0.35111628476813134,-0.15148018562081883,-0.36758978069428805,-0.2361658680296486,0.0324080362256783,0.04429656392627376,-0.3565062023455047,0.03961980705945334,,-0.03140597434261661,0.040692350653206776,0.058787531193129745,0.010913607098812042,0.5517708900390776,0.8515690291677354,0.7256509471470122,0.05747842846508013,0.7401588447260291,0.5973552697716588,0.3609013756511056,0.16512475006094018,0.15676128480803747,0.16612630494800792,0.11850657139159483,0.15383870957890863,0.09596533759864377,0.17900043465079876,-0.16231988117099386,-0.16200239373486458,-0.03223387956078665,0.031635906653853775,1.0,-0.035500659147058605,-0.04092477846454563,-0.0287387119205681,-0.11502333785980597,0.5380863936577748,0.04903268431989395,-0.0009885746031086174,-0.035500659147058786,-0.03254110708496935,-0.04092477846454485,0.5517708900390766,0.5273114556663729,0.9999999999999979,-0.01091360709881219,0.5973552697716604,0.47676412298884,-0.03792737438655181,0.36090137565110536,-0.02912604649032534,-0.01676651259920401,0.03833594326648991,-0.16231988117099386,-0.056659699824622656,,,,,,,,,-0.03792737438655182,-0.037927374386551985,-0.037927374386552,-0.08443092359614218,-0.037927374386552,0.3609013756511058,0.3609013756511038,0.36090137565110403,0.36090137565110403
price_clean,0.0331496613474198,,-0.02138906388331082,0.3002775922318763,0.7684750009845641,-0.007609630777863832,-0.0052452697411234555,0.033832433858001006,0.02318454860651867,0.03772820202660181,0.02319256113373243,-0.014245522642691986,0.055876049414795445,-0.015398656761069576,-0.010876202828379328,-0.04794720534430262,0.02902835293589801,-0.016248331119307177,-0.03533637490356016,,0.015362410361487291,0.011183738906421305,0.014923355364131249,0.02718339343701329,-0.03535646787901339,-0.03792915587171476,-0.037318422845728366,0.0167115395708038,-0.032365740422868564,-0.05709385367476215,0.19469654728540073,-0.003402076295799251,-0.01221108099558982,-0.0011763763011118369,-0.018114134810791258,-0.06665421578546164,0.004998832406501661,-0.014023666730334538,-0.010245900800377988,-0.00876652710374876,-0.02138284237635067,-0.009020850190943674,-0.035500659147058605,1.0,0.3976890122925202,0.9788833868473428,0.43962765784605373,-0.06799342456632948,0.027666313301821913,0.011453516091187046,1.0000000000000004,0.13007581560797252,0.3976890122925196,-0.03535646787901331,-0.06240153718214146,-0.03550065914705858,-0.02718339343701323,-0.05709385367476202,-0.022225923623492128,0.8040747338951928,0.19469654728540073,0.9297169821029632,0.9391684773368629,0.16183486736415004,-0.010245900800377988,0.026196675700944822,,,,,,,,,0.8040747338951928,0.8040747338951895,0.8040747338951901,-0.01771700530063086,0.8040747338951901,0.1946965472854009,0.19469654728540167,0.19469654728540198,0.19469654728540198
log_price,0.07624480740199825,,0.034970454509681066,0.14442098020349384,0.2726696931340196,-0.02759298570322192,-0.06263409177027078,0.6018900233897129,0.34741760104568653,0.5562096207654426,0.5401001069062954,-0.04602299893747934,0.06623207633288648,-0.06491889195209007,0.047003011645303065,-0.0031164803495987744,0.050824593049783054,-0.04356399310262918,0.01633352008445172,,0.06023363257755422,0.04254524020036475,0.03675089362820017,0.0723111966341333,-0.10335818145859661,-0.05264365638169712,-0.07223539011974772,0.03989852033290227,-0.04859512646328628,-0.12452464556792137,0.3530508589128026,0.161831187372629,0.12379157384733262,0.17288528562750796,0.08416964984833537,0.06029505007182153,0.15273444058617278,0.0987893951616976,0.024460040753455422,0.062183854265527666,-0.23687424149789657,-0.17983580165989685,-0.04092477846454563,0.3976890122925202,1.0,0.32507450560708506,0.46138070106762047,-0.10310083284517181,0.6321038592285708,0.5469413988281185,0.3976890122925207,0.9143996688970514,0.9999999999999998,-0.10335818145859761,-0.10014660100603387,-0.04092477846454555,-0.0723111966341331,-0.1245246455679213,-0.05430496086340565,0.44750773846240277,0.3530508589128026,0.3479860780908618,0.3746703351331698,0.3872457268744445,0.024460040753455398,-0.0330840474499815,,,,,,,,,0.4475077384624028,0.44750773846240366,0.44750773846240616,-0.144280776275187,0.44750773846240616,0.35305085891280347,0.3530508589128032,0.35305085891280424,0.35305085891280424
price_per_accommodates,0.02497000712951914,,-0.027873886083252888,0.29627365519775173,0.7588470065429457,-0.008843819951013333,-0.0021634943960473934,-0.03598655229249063,-0.022662705414466855,-0.025048118441578608,-0.03739979252771205,-0.00568114132620999,0.06006042293597431,-0.005196544570572265,0.0008518825100682273,-0.04522853627050703,0.030648683398350356,-0.006565199591893185,-0.03269683191337816,,0.008379586605113716,0.006970808692521332,0.01302853136862616,0.026598865332018294,-0.027047382548351272,-0.03425929352082224,-0.03254451146116372,0.01512213204475022,-0.028121891353320518,-0.05049678935795415,0.1558655426739717,-0.014609658684242209,-0.017991812858848103,0.0032666471167369787,-0.02829251308703243,-0.07801348770594987,-0.0011757363528052515,-0.023205168690049818,0.0010814010784371746,0.0010074366974554597,-0.01063572515630039,-0.004352741345080848,-0.0287387119205681,0.9788833868473428,0.32507450560708506,1.0,0.43104289411298224,-0.06382807854673744,-0.03999715911787806,-0.04791742621976907,0.9788833868473455,0.07260719491823868,0.32507450560708384,-0.027047382548351297,-0.057419070884906706,-0.028738711920568087,-0.026598865332018294,-0.05049678935795391,-0.017872276552178205,0.750469688782359,0.15586554267397168,0.9460275094759516,0.9302325583882796,0.13332616703579392,0.0010814010784371746,0.026620839020034884,,,,,,,,,0.750469688782359,0.7504696887823598,0.7504696887823625,-0.010414901081356415,0.7504696887823625,0.15586554267397168,0.15586554267397143,0.15586554267397185,0.15586554267397185
log_price_per_accommodates,-0.01640719218619293,,-0.036943971519679084,0.16051526366445984,0.33255178811027336,0.024527719130880796,-0.05631695330717594,-0.3551985325310542,-0.13233635124454707,-0.23124123016618475,-0.2861035004641364,0.15845797154084407,0.12263171607790675,0.1686939917811228,0.2789726080171804,-0.027754354499322124,0.029475021180928058,0.17952545908974388,-0.00877745539461898,,0.01871928255056251,-0.01685597676946035,-0.01982262878332614,0.05029036041828203,-0.09372378877765432,-0.15485615336822683,-0.14492985976342854,-0.016170962282805505,-0.11405582371636129,-0.23335876844871173,0.01187091522082182,0.03648460160893122,0.0467936261103332,0.06590304698621194,-0.0046596918348891765,-0.030406750943645703,0.09731179301583583,-0.001561857212432899,0.22617847446065845,0.23257952628112433,-0.026340207614839312,-0.07118711877059195,-0.11502333785980597,0.43962765784605373,0.46138070106762047,0.43104289411298224,1.0,-0.24352694538047107,-0.3958380261206255,-0.31905458840773265,0.43962765784605196,0.3114682258816699,0.46138070106761986,-0.09372378877765503,-0.2220639858757453,-0.11502333785980658,-0.05029036041828187,-0.2333587684487102,-0.08072285358065381,0.42791092179630413,0.01187091522082182,0.4816500210405283,0.48917537210803597,0.19492433148386532,0.22617847446065842,0.022240131239316972,,,,,,,,,0.427910921796304,0.4279109217963038,0.4279109217963062,-0.05170212812070316,0.4279109217963062,0.011870915220821513,0.011870915220821596,0.011870915220821857,0.011870915220821857
log_reviews,-0.5428757443624487,,-0.20675646427717537,-0.12191142309640725,-0.10439729745091593,-0.01007211890910375,-0.06334320028173927,0.0586322453703695,-0.033187282366480594,-0.03056677141065533,0.04285800062664698,-0.37052836715101756,-0.187246725980829,-0.38944074878427754,-0.41596550892764744,0.13489238179033508,0.13371309276155285,-0.39021813483097684,0.13452385308300585,,-0.06636933870055071,0.0008031203266485756,0.01400557637830041,-0.08997521291080683,0.7207483894687949,0.6287814417046537,0.47274356935911305,0.008302701561226485,0.6315777971768165,0.701714860860423,0.4785145552150421,0.2226393072615814,0.23100043721805494,0.2239473616774392,0.18509288898228074,0.2209459278908921,0.16424201973029967,0.25708630206008437,-0.3835294881785489,-0.37386328218954196,-0.0902533535835794,-0.0033654199803622273,0.5380863936577748,-0.06799342456632948,-0.10310083284517181,-0.06382807854673744,-0.24352694538047107,1.0,0.10542661727494441,0.07075738949079893,-0.06799342456632926,-0.10186321585813621,-0.10310083284517588,0.7207483894687974,0.9876739218748511,0.5380863936577747,0.08997521291080507,0.7017148608604237,0.39335792082538257,-0.061374976555991376,0.47851455521504205,-0.06396067499122314,-0.06137451086012633,0.06449507750254756,-0.3835294881785489,-0.21083503666847941,,,,,,,,,-0.06137497655599153,-0.061374976555991105,-0.06137497655599155,-0.14924556532477617,-0.06137497655599155,0.47851455521504127,0.4785145552150412,0.47851455521503994,0.47851455521503994
log_accommodates,0.08873397315841443,,0.058432271676359636,0.022604974961823968,0.008811366642009485,-0.043343836421169596,-0.011743673026005283,0.9339634145949162,0.4754945639344112,0.777582390361472,0.8052785757434403,-0.17080283572277996,-0.035371209702586615,-0.1939776528345616,-0.18874664765974966,0.02434594087155415,0.02610376908634841,-0.1829727900873547,0.02577047886662945,,0.04890804889433353,0.05730148501435659,0.05154691333583063,0.028562425708276717,-0.023393885633714535,0.08121736079541332,0.05555924169412366,0.05107100087433355,0.050916728990795385,0.07565543672440117,0.3550658320342987,0.12595956227041416,0.0829319363180362,0.11186303432922914,0.08629399497946337,0.08494366561381185,0.07573825449643093,0.10171080677771904,-0.17340229934924073,-0.14329363938263093,-0.2129956305699865,-0.11750578985518895,0.04903268431989395,0.027666313301821913,0.6321038592285708,-0.03999715911787806,-0.3958380261206255,0.10542661727494441,1.0,0.8407031456928692,0.027666313301821906,0.6744349103564035,0.6321038592285705,-0.023393885633714508,0.08928060508925001,0.04903268431989372,-0.028562425708276478,0.07565543672440127,0.019889071194179438,0.08946581478476899,0.35506583203429865,-0.060482311393816816,-0.03383770458335062,0.2310550099816095,-0.17340229934924078,-0.06169908126131795,,,,,,,,,0.08946581478476909,0.08946581478476892,0.08946581478476884,-0.10440550369867996,0.08946581478476884,0.3550658320342991,0.35506583203429964,0.35506583203429914,0.35506583203429914
log_beds,0.07359115876048679,,0.060304024373555545,0.010695517315143375,-0.010499507943324897,-0.026533380784665918,-0.0024514271961579726,0.859688590126216,0.5511782853699434,0.7965468857487304,0.9561006244990635,-0.13498805790261123,-0.06184250064700703,-0.1596951700177242,-0.19171290728310342,0.00014076404906069315,-0.002149818147271602,-0.14996415770613838,-0.0016715913582195084,,0.06661588348471442,0.07723832902946891,0.07470008840723018,0.03249560430975335,-0.04885794350388078,0.032351019863219754,0.016643667987230888,0.07404010657994461,0.012070794790362032,0.03501032200319061,0.31325395994729444,0.10109234159491887,0.050858978234049765,0.0703414313570708,0.07700510546682515,0.06761099671907181,0.05732635167919297,0.07848204449088246,-0.18130869773947406,-0.15731250976678987,-0.1650176220948601,-0.04142050658135679,-0.0009885746031086174,0.011453516091187046,0.5469413988281185,-0.04791742621976907,-0.31905458840773265,0.07075738949079893,0.8407031456928692,1.0,0.01145351609118705,0.597716252543674,0.5469413988281177,-0.048857943503880695,0.05486308229414297,-0.000988574603108326,-0.03249560430975302,0.035010322003190424,-0.01718832751548106,0.06895642705809076,0.3132539599472945,-0.06407959019914086,-0.05577899978187072,0.20040824076625996,-0.18130869773947408,-0.026768193189987983,,,,,,,,,0.06895642705809077,0.06895642705809109,0.06895642705809095,-0.08469104818890909,0.06895642705809095,0.31325395994729444,0.3132539599472951,0.3132539599472953,0.3132539599472953
price_zscore,0.033149661347419694,,-0.021389063883310896,0.30027759223187644,0.7684750009845633,-0.00760963077786388,-0.005245269741123463,0.03383243385800106,0.023184548606518838,0.03772820202660198,0.02319256113373259,-0.014245522642691959,0.05587604941479533,-0.015398656761069586,-0.010876202828379299,-0.047947205344302433,0.029028352935898012,-0.016248331119307114,-0.03533637490356005,,0.015362410361487276,0.011183738906421296,0.014923355364131155,0.027183393437013207,-0.03535646787901359,-0.03792915587171455,-0.03731842284572819,0.016711539570803693,-0.032365740422868494,-0.0570938536747623,0.19469654728540198,-0.003402076295799264,-0.012211080995589782,-0.001176376301111843,-0.018114134810791233,-0.06665421578546171,0.00499883240650168,-0.014023666730334486,-0.010245900800378011,-0.008766527103748744,-0.021382842376350568,-0.009020850190943707,-0.035500659147058786,1.0000000000000004,0.3976890122925207,0.9788833868473455,0.43962765784605196,-0.06799342456632926,0.027666313301821906,0.01145351609118705,1.0,0.13007581560797224,0.3976890122925183,-0.03535646787901347,-0.062401537182141496,-0.03550065914705858,-0.027183393437013325,-0.05709385367476191,-0.022225923623492145,0.8040747338951891,0.19469654728540195,0.9297169821029652,0.939168477336864,0.16183486736415034,-0.01024590080037801,0.02619667570094482,,,,,,,,,0.8040747338951891,0.8040747338951901,0.804074733895191,-0.01771700530063085,0.804074733895191,0.19469654728540206,0.19469654728540173,0.19469654728540192,0.19469654728540192
price_percentile,0.10762129753376837,,0.05851177292135706,0.05553342935402933,0.07302862035116717,-0.031063922458838253,-0.06838214518016002,0.6330633018924448,0.3780095098744276,0.5896470076601973,0.5701181177860177,-0.06482383723059229,0.06115113481434724,-0.0838531893481456,0.07717558778140397,0.009960160739100783,0.04668519417496729,-0.05769524917924575,0.024907481432658047,,0.06142595513610768,0.04880691048932558,0.0396820326794746,0.06931674779637224,-0.12549626214901266,-0.043720619552924646,-0.06917051462501435,0.04126352322341153,-0.049823440191503164,-0.1150548699284575,0.33307254017239957,0.16612043165087978,0.1235365271727479,0.16743235150829072,0.0772154484679366,0.07846668817817815,0.14606397755481978,0.10380260024496157,0.05687043034202545,0.09573361032008418,-0.24159360902327892,-0.11247245647916426,-0.03254110708496935,0.13007581560797252,0.9143996688970514,0.07260719491823868,0.3114682258816699,-0.10186321585813621,0.6744349103564035,0.597716252543674,0.13007581560797224,1.0,0.9143996688970533,-0.1254962621490126,-0.1015839407768402,-0.032541107084969066,-0.06931674779637226,-0.11505486992845648,-0.0585406040042272,0.19083221545099252,0.3330725401723995,0.09053907714704813,0.10532136961775936,0.34674675690492707,0.056870430342025456,-0.015635568859608828,,,,,,,,,0.19083221545099255,0.19083221545099327,0.19083221545099308,-0.14200902380157032,0.19083221545099308,0.3330725401724002,0.3330725401723987,0.3330725401723991,0.3330725401723991
log_price_zscore,0.07624480740200411,,0.03497045450968238,0.14442098020349367,0.27266969313401873,-0.02759298570322214,-0.06263409177027034,0.6018900233897154,0.34741760104568636,0.5562096207654447,0.5401001069062934,-0.046022998937479874,0.06623207633288583,-0.06491889195209077,0.047003011645304085,-0.003116480349599842,0.05082459304978173,-0.043563993102629775,0.016333520084450128,,0.060233632577554715,0.04254524020036527,0.036750893628200505,0.07231119663413312,-0.10335818145859897,-0.05264365638169876,-0.0722353901197471,0.03989852033290249,-0.04859512646328968,-0.12452464556792459,0.35305085891280236,0.1618311873726287,0.12379157384733164,0.17288528562750757,0.08416964984833485,0.060295050071821364,0.15273444058617172,0.09878939516169705,0.024460040753455276,0.062183854265527264,-0.2368742414978966,-0.17983580165989627,-0.04092477846454485,0.3976890122925196,0.9999999999999998,0.32507450560708384,0.46138070106761986,-0.10310083284517588,0.6321038592285705,0.5469413988281177,0.3976890122925183,0.9143996688970533,1.0,-0.10335818145859905,-0.10014660100603731,-0.040924778464544447,-0.07231119663413332,-0.12452464556792364,-0.054304960863407456,0.44750773846240566,0.35305085891280236,0.34798607809086096,0.3746703351331676,0.38724572687444536,0.024460040753455273,-0.033084047449981446,,,,,,,,,0.4475077384624057,0.4475077384624048,0.44750773846240577,-0.14428077627518632,0.44750773846240577,0.35305085891280247,0.353050858912803,0.3530508589128024,0.3530508589128024
reviews_zscore,-0.4921935794061753,,-0.20714474279481582,-0.10085389406321153,-0.07382306287556759,-0.0023948260439759722,-0.061259732345915974,-0.054837960898198874,-0.10225239705261861,-0.13069291749888143,-0.05706308786817302,-0.2243196863908468,-0.09275299424827682,-0.23182201695473356,-0.18779773464976876,0.16091727019506472,0.1630801590648214,-0.2330476666682543,0.16535725871870402,,-0.09551311043833378,-0.03729028455660474,-0.015707966319272865,-0.028778196133957296,1.000000000000004,0.6316429839786813,0.4484345841285992,-0.01745908894712143,0.6956297018007652,0.5373736479777216,0.30162922460280217,0.13013667696225256,0.14056487305484308,0.12659730353092216,0.12168460431880468,0.1250810019567025,0.10844857410842351,0.15740087151636864,-0.18598427497902092,-0.1737745879798191,-0.09512504894617212,-0.010775359564355021,0.5517708900390766,-0.03535646787901331,-0.10335818145859761,-0.027047382548351297,-0.09372378877765503,0.7207483894687974,-0.023393885633714508,-0.048857943503880695,-0.03535646787901347,-0.1254962621490126,-0.10335818145859905,1.0,0.7567007311575098,0.5517708900390774,0.028778196133955533,0.5373736479777198,0.456292073018096,-0.03821502023535422,0.30162922460280217,-0.02498639922952069,-0.020440424620056564,0.0281431505737138,-0.18598427497902092,-0.13232142767892752,,,,,,,,,-0.03821502023535439,-0.03821502023535403,-0.03821502023535418,-0.07590120315189908,-0.03821502023535418,0.30162922460280134,0.3016292246028029,0.30162922460279984,0.30162922460279984
reviews_percentile,-0.567571113844717,,-0.21247924263927442,-0.12464422399334768,-0.10339751190957633,-0.013422123755550406,-0.06240152065384807,0.04331451843489801,-0.049702360775402674,-0.04976613822940087,0.0289982351315105,-0.35369591448212856,-0.17090836873379261,-0.37087334946249156,-0.3738943370182185,0.15795061619827785,0.15647394641761947,-0.370438704553186,0.1587601234508362,,-0.07098693214739045,-0.002968328604147769,0.01276055835891654,-0.07405973483440383,0.7567007311575099,0.6414216091061826,0.4666936748838168,0.007599280042994958,0.6627695725364182,0.7018093428465934,0.47323221388027775,0.21036979444343815,0.21995681862829386,0.2106424836940961,0.17711806901889982,0.20698038330738197,0.15603871721886772,0.24235058221788605,-0.3477454860403446,-0.33678938672862935,-0.09678334687779235,-0.0059954767199519605,0.5273114556663729,-0.06240153718214146,-0.10014660100603387,-0.057419070884906706,-0.2220639858757453,0.9876739218748511,0.08928060508925001,0.05486308229414297,-0.062401537182141496,-0.1015839407768402,-0.10014660100603731,0.7567007311575098,1.0,0.5273114556663742,0.07405973483440222,0.7018093428465929,0.4131495658865776,-0.05855645681590067,0.47323221388027775,-0.05748209175642761,-0.05381093551510007,0.058686673777035465,-0.3477454860403446,-0.205045549838584,,,,,,,,,-0.058556456815900826,-0.05855645681590026,-0.05855645681590095,-0.13731530274223638,-0.05855645681590095,0.47323221388027653,0.47323221388027825,0.47323221388027825,0.47323221388027825
reviews_per_month_zscore,0.10811152103320602,,0.07176125848595537,-0.08498021455949038,-0.0745633529718381,-0.06493810151233667,-0.04889732156233339,0.011550229724176977,-0.023162894574398685,-0.07011831844903098,-0.013667476995111515,-0.35111628476813095,-0.1514801856208181,-0.36758978069428966,-0.23616586802964834,0.03240803622567809,0.0442965639262736,-0.3565062023455045,0.039619807059453824,,-0.03140597434261666,0.04069235065320673,0.05878753119312924,0.010913607098811966,0.5517708900390773,0.851569029167734,0.7256509471470087,0.05747842846508019,0.7401588447260246,0.5973552697716554,0.36090137565110475,0.16512475006093963,0.15676128480803742,0.1661263049480076,0.1185065713915951,0.1538387095789082,0.09596533759864358,0.17900043465079885,-0.1623198811709934,-0.1620023937348639,-0.032233879560786806,0.03163590665385359,0.9999999999999979,-0.03550065914705858,-0.04092477846454555,-0.028738711920568087,-0.11502333785980658,0.5380863936577747,0.04903268431989372,-0.000988574603108326,-0.03550065914705858,-0.032541107084969066,-0.040924778464544447,0.5517708900390774,0.5273114556663742,1.0,-0.010913607098812157,0.5973552697716581,0.4767641229888355,-0.03792737438655175,0.36090137565110486,-0.029126046490325318,-0.016766512599204014,0.03833594326648989,-0.1623198811709934,-0.0566596998246227,,,,,,,,,-0.03792737438655176,-0.03792737438655183,-0.03792737438655182,-0.08443092359614247,-0.03792737438655182,0.36090137565110486,0.3609013756511044,0.3609013756511035,0.3609013756511035
occupancy_rate,-0.03960872622472514,,-0.009867857393560444,-0.1013288582827553,-0.07560361497366923,0.025228435514441476,-0.017863666988509302,-0.042665608886500006,-0.03321939605527106,0.006194429739023133,-0.0415159281506003,-0.10867508430374578,-0.19714088992868462,-0.1131923554304364,-0.1070408065065577,-0.1415941445352758,-0.15960090110141226,-0.11566201111726955,-0.138928833809684,,-0.3712480936056976,-0.47514718588657906,-0.552645294724715,-1.0000000000000033,0.028778196133955533,0.007760012664942347,0.009194426142933209,-0.5850463070299552,0.017348004105102982,0.001933587957198816,0.012597771987699626,0.08307976517866279,0.07454142169767236,0.07703487642765795,0.07821438951646062,0.08209977345448644,0.03416882860420783,0.09548436911120019,-0.1276434389750745,-0.12706046766034693,-0.013384870190943745,0.038167271061152565,-0.01091360709881219,-0.02718339343701323,-0.0723111966341331,-0.026598865332018294,-0.05029036041828187,0.08997521291080507,-0.028562425708276478,-0.03249560430975302,-0.027183393437013325,-0.06931674779637226,-0.07231119663413332,0.028778196133955533,0.07405973483440222,-0.010913607098812157,1.0,0.0019335879571988526,0.00482020532939137,0.1912807642333221,0.012597771987699626,0.12593679051178852,0.12605959707967612,0.7651090654123089,-0.1276434389750745,-0.15726583597027727,,,,,,,,,0.1912807642333222,0.191280764233322,0.19128076423332252,-0.2828277675336498,0.19128076423332252,0.01259777198769968,0.012597771987699595,0.012597771987699569,0.012597771987699569
occupancy_rate_booked,-0.18471980909478297,,-0.04930724501301966,-0.10624436867849857,-0.08924200457505252,-0.04626782624502128,-0.04826108917506504,0.03690171434851469,-0.029472061192529812,-0.04809321037752952,0.016589694064190686,-0.2247260660106661,-0.1819906037651633,-0.2668117709759849,-0.27707894462832233,0.10577395357233482,0.09682691166995681,-0.2598200487269961,0.10522833091115057,,-0.09225577885945532,-0.005207666807576964,0.025468841455684618,-0.0019335879571993006,0.5373736479777231,0.7632228585098876,0.5860993304934728,0.026108687233678422,0.6304173827500387,0.9999999999999949,0.6706864195940953,0.19366181464843477,0.18540954259532147,0.17258323090776534,0.1395800562546654,0.18019574700708868,0.12208256457922914,0.20779416828359346,-0.2668308894828378,-0.2592668120020846,-0.06937254307108537,0.018294796555293792,0.5973552697716604,-0.05709385367476202,-0.1245246455679213,-0.05049678935795391,-0.2333587684487102,0.7017148608604237,0.07565543672440127,0.035010322003190424,-0.05709385367476191,-0.11505486992845648,-0.12452464556792364,0.5373736479777198,0.7018093428465929,0.5973552697716581,0.0019335879571988526,1.0,0.6470053596623002,-0.061336608421400186,0.6706864195940951,-0.05670315062808512,-0.05349017806281872,0.040388356612106595,-0.2668308894828378,-0.11958869826097644,,,,,,,,,-0.06133660842140023,-0.0613366084214003,-0.0613366084214008,-0.12391795896758907,-0.0613366084214008,0.6706864195940935,0.6706864195940953,0.6706864195940965,0.6706864195940965
occupancy_is_capped,-0.13344907742841944,,-0.030097860117519498,-0.06216681118406437,-0.045129634439426414,-0.031852869795031775,-0.04271287113322386,-0.0044659565071422675,-0.05369352102910545,-0.05717322952163068,-0.02138865805089669,-0.04468443538845143,-0.05927885976983207,-0.09350496678974106,-0.10045819138009693,0.09716683147416556,0.10117523983330914,-0.08400225204093965,0.10041437743476296,,-0.10358276896362718,-0.049365833762864623,-0.02090373067289518,-0.004820205329391748,0.4562920730180994,0.6390431463214984,0.4545082845971937,-0.01810923793358352,0.5479942430398393,0.6470053596623005,0.4208916606161372,0.09653610898261064,0.09204027845544706,0.0863791267244524,0.07349155395844735,0.08505768037446089,0.0614704726725527,0.10777316187897752,-0.11862040620965186,-0.10986616803598027,-0.06697701646554118,-0.015338681295896231,0.47676412298884,-0.022225923623492128,-0.05430496086340565,-0.017872276552178205,-0.08072285358065381,0.39335792082538257,0.019889071194179438,-0.01718832751548106,-0.022225923623492145,-0.0585406040042272,-0.054304960863407456,0.456292073018096,0.4131495658865776,0.4767641229888355,0.00482020532939137,0.6470053596623002,1.0,-0.02459414847147366,0.4208916606161371,-0.019049894093498543,-0.015231727773432336,0.039137662649789774,-0.11862040620965186,-0.07292004599336187,,,,,,,,,-0.024594148471473686,-0.024594148471473676,-0.024594148471473745,-0.06403044251240922,-0.024594148471473745,0.42089166061613725,0.4208916606161422,0.42089166061613853,0.42089166061613853
est_annual_revenue,0.03476583354553188,,-0.0006334443037277274,0.22601227835857923,0.5621524735633906,0.005684682406928244,-0.019146679111342824,0.10010632713550954,0.062121568198854865,0.10516313570545449,0.07838837983283951,-0.047131281013750755,-0.0027299926298113017,-0.050681046389831036,-0.02900867815240767,-0.06397023820900061,-0.00703679809832287,-0.05165521855049459,-0.05019442525720941,,-0.03991342154456152,-0.07637683531253833,-0.09402801481799379,-0.1912807642333217,-0.038215020235354294,-0.036985871256258164,-0.03471483900708302,-0.10009730110808943,-0.03190866176870653,-0.061336608421400395,0.13999953916291416,0.009039161744945108,-0.008740768660394574,0.0017926597246838538,0.0077480084775810405,-0.0509776461625794,-0.0021001339496546085,-0.0016723367334811868,-0.02839158649518222,-0.024431429886369937,-0.03531289521795285,-0.01470078544901548,-0.03792737438655181,0.8040747338951928,0.44750773846240277,0.750469688782359,0.42791092179630413,-0.061374976555991376,0.08946581478476899,0.06895642705809076,0.8040747338951891,0.19083221545099252,0.44750773846240566,-0.03821502023535422,-0.05855645681590067,-0.03792737438655175,0.1912807642333221,-0.061336608421400186,-0.02459414847147366,1.0,0.13999953916291416,0.8629268095239422,0.8934335425241361,0.3515176894018109,-0.028391586495182215,0.001675293721460403,,,,,,,,,1.0,0.9999999999999988,1.000000000000002,-0.064685927519007,1.000000000000002,0.1399995391629143,0.13999953916291474,0.1399995391629148,0.1399995391629148
est_annual_revenue_booked,-0.08291152264374764,,-0.014082227818845673,-0.026469594152523982,0.08829284516220127,-0.04328923359135567,-0.0693747970147314,0.345392470892489,0.21724000125251397,0.2720993314719647,0.3111719480643076,-0.18662994736470298,-0.11929623962941753,-0.248850105945423,-0.21389547238958898,0.07107094521961482,0.09336504661886919,-0.21961498625514653,0.08126450671342428,,-0.08108195273166345,-0.022127560660493928,-0.003732613497229962,-0.01259777198769956,0.3016292246028006,0.5138008618387496,0.3682536055202537,-0.0038283100832513747,0.42243690403729656,0.6706864195940966,1.0,0.19353218425899932,0.1642335722226069,0.17739888418675107,0.10214654724467855,0.14344857900104782,0.14137725008166604,0.17556563320429455,-0.21208520821506613,-0.1923531822495032,-0.1423351517880631,-0.04474746045023911,0.36090137565110536,0.19469654728540073,0.3530508589128026,0.15586554267397168,0.01187091522082182,0.47851455521504205,0.35506583203429865,0.3132539599472945,0.19469654728540195,0.3330725401723995,0.35305085891280236,0.30162922460280217,0.47323221388027775,0.36090137565110486,0.012597771987699626,0.6706864195940951,0.4208916606161371,0.13999953916291416,1.0,0.10986065407515888,0.13136385456098337,0.19521230891792873,-0.21208520821506618,-0.09711973611785954,,,,,,,,,0.1399995391629142,0.13999953916291458,0.13999953916291472,-0.11952215824830847,0.13999953916291472,0.9999999999999998,1.0000000000000018,1.0000000000000033,1.0000000000000033
revenue_per_accommodates,0.021657090712074577,,-0.024003591041121392,0.29030950949031675,0.7052534836365346,-0.0034849189771461835,-0.012248565594461027,-0.0531815389457744,-0.03255936870709554,-0.033328505171830364,-0.05220983730386162,-0.024278798706356144,0.02883728922320193,-0.025947756443509152,-0.0029865489769268475,-0.06665398190864079,0.008067536150828109,-0.02693266159106806,-0.04854801077224614,,-0.03481486415697058,-0.05455553469895886,-0.061269677202944614,-0.12593679051178905,-0.024986399229520794,-0.03628241387379793,-0.03244393914934996,-0.06487464579714787,-0.028284114614227487,-0.05670315062808529,0.10986065407515888,0.004649745469120459,0.0040874156584706015,0.024099613774408262,-0.005422626566691994,-0.06701812031096531,0.00912278465974213,-0.0026314207176298897,-0.0028471151933903427,-0.0020249202378875794,-0.015777645648658904,-0.00485637571155275,-0.02912604649032534,0.9297169821029632,0.3479860780908618,0.9460275094759516,0.4816500210405283,-0.06396067499122314,-0.060482311393816816,-0.06407959019914086,0.9297169821029652,0.09053907714704813,0.34798607809086096,-0.02498639922952069,-0.05748209175642761,-0.029126046490325318,0.12593679051178852,-0.05670315062808512,-0.019049894093498543,0.8629268095239422,0.10986065407515888,1.0,0.9868547414044275,0.2598835933500114,-0.0028471151933903423,0.009273841335024423,,,,,,,,,0.8629268095239419,0.8629268095239422,0.8629268095239407,-0.0486197886539957,0.8629268095239407,0.10986065407515896,0.10986065407515895,0.1098606540751591,0.1098606540751591
revenue_per_bedroom,0.02227004137077226,,-0.023655298710429012,0.31009123465567673,0.7287542831104992,-0.0036484294197463214,-0.01365878703049103,-0.0368272967489439,-0.043195817503798035,-0.04723939247640202,-0.046215934610077336,-0.033331120943388644,0.03574380511707103,-0.03526073904627947,-0.010428706113922987,-0.06549616732798728,0.014764863834380894,-0.03664219650061425,-0.04576647442686239,,-0.03356672079525529,-0.05543616753794127,-0.06245377193391712,-0.12605959707967576,-0.0204404246200566,-0.03105108842999559,-0.026928894968463426,-0.06568882540562339,-0.022796390236347785,-0.0534901780628185,0.13136385456098337,0.004644645488820546,0.002961727936338933,0.018245344863242943,-0.007555736083033824,-0.07296776937970612,0.012739077932471412,-0.0019490926432649417,-0.008870888917797136,-0.006518209994208994,-0.025036588582183602,-0.00988218009943059,-0.01676651259920401,0.9391684773368629,0.3746703351331698,0.9302325583882796,0.48917537210803597,-0.06137451086012633,-0.03383770458335062,-0.05577899978187072,0.939168477336864,0.10532136961775936,0.3746703351331676,-0.020440424620056564,-0.05381093551510007,-0.016766512599204014,0.12605959707967612,-0.05349017806281872,-0.015231727773432336,0.8934335425241361,0.13136385456098337,0.9868547414044275,1.0,0.2755171779177422,-0.008870888917797134,0.009278649585457542,,,,,,,,,0.8934335425241361,0.8934335425241341,0.8934335425241395,-0.04965859794383378,0.8934335425241395,0.13136385456098326,0.13136385456098415,0.1313638545609839,0.1313638545609839
log_est_revenue,-0.0339768740700393,,-0.008452602189277065,-0.02343788936506128,0.06251447266138956,0.011564737470665765,-0.045574568166261896,0.20834131284085275,0.10252094268355416,0.20561905007160564,0.191969723136493,-0.10188689779413564,-0.07832358797000555,-0.11874658206135541,-0.00879941931855777,-0.056029848187054074,-0.05325412856301054,-0.10298681670720826,-0.049010005984358854,,-0.26648245492695294,-0.33169574590904327,-0.38229173824938156,-0.7651090654123087,0.028143150573713825,0.05809180940027328,0.056716443695059696,-0.4079956879886868,0.044676381252306004,0.04038835661210675,0.19521230891792873,0.15915850359409991,0.14345014825169727,0.1378987765071255,0.13038608490849082,0.09941981968907679,0.1221687969537698,0.14774173276345287,-0.023880281556199614,-0.005662582904493979,-0.11983323690276997,-0.04259543070260696,0.03833594326648991,0.16183486736415004,0.3872457268744445,0.13332616703579392,0.19492433148386532,0.06449507750254756,0.2310550099816095,0.20040824076625996,0.16183486736415034,0.34674675690492707,0.38724572687444536,0.0281431505737138,0.058686673777035465,0.03833594326648989,0.7651090654123089,0.040388356612106595,0.039137662649789774,0.3515176894018109,0.19521230891792873,0.2598835933500114,0.2755171779177422,1.0,-0.023880281556199614,-0.1305008372668797,,,,,,,,,0.3515176894018109,0.351517689401811,0.3515176894018122,-0.571832495211666,0.3515176894018122,0.19521230891792885,0.1952123089179273,0.19521230891792773,0.19521230891792773
host_listings_in_city,0.07405794790545117,,-0.04206935739885781,0.3676392214230164,0.1873703542368115,-0.0017157425676632989,0.03872744786582659,-0.1578214942732471,-0.08076091070873617,-0.1553744688806545,-0.15463640043090596,0.23609419139632454,0.4124619205480171,0.2476981247668646,0.877651014404818,0.20705921201723837,0.19643564163301144,0.3045235331269653,0.20231717025845955,,-0.1255115299676397,-0.14974896266188303,-0.14413111128779,0.12764343897507466,-0.18598427497902145,-0.19890939071385144,-0.19414623093081945,-0.13426664584724732,-0.17524900669529675,-0.26683088948283906,-0.21208520821506618,-0.23757849832959965,-0.15030451236277736,-0.14337596909199743,-0.21073441915185992,-0.25308555462776816,-0.20578622137309943,-0.28087837048183684,1.0,0.9895339206286612,0.13657588198400492,-0.01577386599138391,-0.16231988117099386,-0.010245900800377988,0.024460040753455398,0.0010814010784371746,0.22617847446065842,-0.3835294881785489,-0.17340229934924078,-0.18130869773947408,-0.01024590080037801,0.056870430342025456,0.024460040753455273,-0.18598427497902092,-0.3477454860403446,-0.1623198811709934,-0.1276434389750745,-0.2668308894828378,-0.11862040620965186,-0.028391586495182215,-0.21208520821506618,-0.0028471151933903423,-0.008870888917797134,-0.023880281556199614,1.0,0.2930424889243004,,,,,,,,,-0.028391586495182176,-0.028391586495182208,-0.028391586495182294,-0.02357431627397588,-0.028391586495182294,-0.2120852082150667,-0.21208520821506693,-0.21208520821506682,-0.21208520821506682
host_is_professional,0.15114933596564945,,0.08723586346541183,0.20886507288997483,0.13307464874378216,0.020559641419123077,0.03813371967788729,-0.012478758047331492,0.04617282870183753,-0.017673794623308536,-0.004929657973856147,0.018224323390311725,0.13999596454645322,0.022890778162172686,0.16897055473581027,0.050651885029970145,0.08853844900161105,0.04563083997470751,0.06578331062543599,,0.1231870203680671,0.1233992211636751,0.13012749536354626,0.15726583597027802,-0.13232142767892763,-0.09314460195175196,-0.13739801857242556,0.13861400683070743,-0.09791307549433145,-0.11958869826097646,-0.09711973611785954,-0.19433988632001137,-0.1890599613685543,-0.1555970112301178,-0.15381678671296511,-0.1583038234358741,-0.14568937415207622,-0.22003318293048055,0.2930424889243004,0.263515189392296,0.2192593003984101,0.05198621263455081,-0.056659699824622656,0.026196675700944822,-0.0330840474499815,0.026620839020034884,0.022240131239316972,-0.21083503666847941,-0.06169908126131795,-0.026768193189987983,0.02619667570094482,-0.015635568859608828,-0.033084047449981446,-0.13232142767892752,-0.205045549838584,-0.0566596998246227,-0.15726583597027727,-0.11958869826097644,-0.07292004599336187,0.001675293721460403,-0.09711973611785954,0.009273841335024423,0.009278649585457542,-0.1305008372668797,0.2930424889243004,1.0,,,,,,,,,0.0016752937214604767,0.0016752937214603077,0.001675293721460371,0.07357979184479198,0.001675293721460371,-0.09711973611785961,-0.09711973611786008,-0.09711973611786014,-0.09711973611786014
pct_professional_hosts,,,,,,,,,,,,,,,,,,,,,,,,,,,,,,,,,,,,,,,,,,,,,,,,,,,,,,,,,,,,,,,,,,,,,,,,,,,,,,,,,,,
pct_large_operators,,,,,,,,,,,,,,,,,,,,,,,,,,,,,,,,,,,,,,,,,,,,,,,,,,,,,,,,,,,,,,,,,,,,,,,,,,,,,,,,,,,
median_host_listings,,,,,,,,,,,,,,,,,,,,,,,,,,,,,,,,,,,,,,,,,,,,,,,,,,,,,,,,,,,,,,,,,,,,,,,,,,,,,,,,,,,
gini_host_concentration,,,,,,,,,,,,,,,,,,,,,,,,,,,,,,,,,,,,,,,,,,,,,,,,,,,,,,,,,,,,,,,,,,,,,,,,,,,,,,,,,,,
market_professionalization_score,,,,,,,,,,,,,,,,,,,,,,,,,,,,,,,,,,,,,,,,,,,,,,,,,,,,,,,,,,,,,,,,,,,,,,,,,,,,,,,,,,,
purchase_price,,,,,,,,,,,,,,,,,,,,,,,,,,,,,,,,,,,,,,,,,,,,,,,,,,,,,,,,,,,,,,,,,,,,,,,,,,,,,,,,,,,
monthly_payment,,,,,,,,,,,,,,,,,,,,,,,,,,,,,,,,,,,,,,,,,,,,,,,,,,,,,,,,,,,,,,,,,,,,,,,,,,,,,,,,,,,
zori_rent,,,,,,,,,,,,,,,,,,,,,,,,,,,,,,,,,,,,,,,,,,,,,,,,,,,,,,,,,,,,,,,,,,,,,,,,,,,,,,,,,,,
annual_cash_flow,0.034765833545532074,,-0.0006334443037276097,0.22601227835857926,0.5621524735633906,0.005684682406928234,-0.019146679111342785,0.1001063271355097,0.06212156819885489,0.10516313570545453,0.07838837983283954,-0.047131281013750796,-0.0027299926298113065,-0.050681046389831036,-0.029008678152407662,-0.06397023820900063,-0.007036798098322876,-0.05165521855049459,-0.05019442525720948,,-0.0399134215445615,-0.07637683531253825,-0.09402801481799387,-0.19128076423332166,-0.03821502023535447,-0.03698587125625814,-0.03471483900708304,-0.10009730110808943,-0.03190866176870655,-0.06133660842140049,0.1399995391629142,0.009039161744945115,-0.008740768660394567,0.0017926597246838499,0.007748008477581045,-0.050977646162579424,-0.002100133949654608,-0.001672336733481191,-0.028391586495182176,-0.02443142988636988,-0.03531289521795283,-0.014700785449015479,-0.03792737438655182,0.8040747338951928,0.4475077384624028,0.750469688782359,0.427910921796304,-0.06137497655599153,0.08946581478476909,0.06895642705809077,0.8040747338951891,0.19083221545099255,0.4475077384624057,-0.03821502023535439,-0.058556456815900826,-0.03792737438655176,0.1912807642333222,-0.06133660842140023,-0.024594148471473686,1.0,0.1399995391629142,0.8629268095239419,0.8934335425241361,0.3515176894018109,-0.028391586495182176,0.0016752937214604767,,,,,,,,,1.0,0.999999999999999,1.000000000000002,-0.064685927519007,1.000000000000002,0.1399995391629143,0.13999953916291477,0.1399995391629148,0.1399995391629148
cash_on_cash_roi,0.034765833545531255,,-0.0006334443037279294,0.22601227835857843,0.5621524735633874,0.005684682406928264,-0.019146679111342723,0.1001063271355097,0.06212156819885444,0.10516313570545434,0.07838837983283954,-0.04713128101375081,-0.0027299926298111604,-0.05068104638983111,-0.029008678152407832,-0.0639702382090007,-0.007036798098322751,-0.051655218550494514,-0.050194425257209165,,-0.039913421544561435,-0.07637683531253818,-0.09402801481799368,-0.19128076423332196,-0.03821502023535393,-0.03698587125625799,-0.034714839007083165,-0.10009730110808916,-0.031908661768706305,-0.061336608421400395,0.13999953916291458,0.009039161744945122,-0.008740768660394546,0.0017926597246837894,0.007748008477581022,-0.05097764616257962,-0.0021001339496545357,-0.001672336733481233,-0.028391586495182208,-0.024431429886370037,-0.035312895217952986,-0.014700785449015496,-0.037927374386551985,0.8040747338951895,0.44750773846240366,0.7504696887823598,0.4279109217963038,-0.061374976555991105,0.08946581478476892,0.06895642705809109,0.8040747338951901,0.19083221545099327,0.4475077384624048,-0.03821502023535403,-0.05855645681590026,-0.03792737438655183,0.191280764233322,-0.0613366084214003,-0.024594148471473676,0.9999999999999988,0.13999953916291458,0.8629268095239422,0.8934335425241341,0.351517689401811,-0.028391586495182208,0.0016752937214603077,,,,,,,,,0.999999999999999,1.0,1.0000000000000024,-0.06468592751900695,1.0000000000000024,0.13999953916291452,0.13999953916291438,0.13999953916291472,0.13999953916291472
cap_rate,0.03476583354553188,,-0.0006334443037277462,0.22601227835857915,0.5621524735633885,0.0056846824069282315,-0.01914667911134268,0.1001063271355103,0.06212156819885479,0.10516313570545453,0.0783883798328396,-0.0471312810137508,-0.0027299926298111747,-0.05068104638983093,-0.02900867815240772,-0.0639702382090006,-0.007036798098322824,-0.05165521855049468,-0.05019442525720947,,-0.03991342154456138,-0.07637683531253815,-0.09402801481799371,-0.19128076423332194,-0.03821502023535418,-0.03698587125625808,-0.03471483900708316,-0.1000973011080896,-0.031908661768706374,-0.061336608421400846,0.13999953916291472,0.009039161744945191,-0.008740768660394499,0.0017926597246837673,0.007748008477581126,-0.05097764616257944,-0.0021001339496545587,-0.0016723367334812401,-0.028391586495182294,-0.024431429886369982,-0.03531289521795291,-0.014700785449015484,-0.037927374386552,0.8040747338951901,0.44750773846240616,0.7504696887823625,0.4279109217963062,-0.06137497655599155,0.08946581478476884,0.06895642705809095,0.804074733895191,0.19083221545099308,0.44750773846240577,-0.03821502023535418,-0.05855645681590095,-0.03792737438655182,0.19128076423332252,-0.0613366084214008,-0.024594148471473745,1.000000000000002,0.13999953916291472,0.8629268095239407,0.8934335425241395,0.3515176894018122,-0.028391586495182294,0.001675293721460371,,,,,,,,,1.000000000000002,1.0000000000000024,1.0,-0.064685927519007,1.0,0.13999953916291463,0.1399995391629145,0.13999953916291485,0.13999953916291485
price_to_rent_ratio,0.07785966811786384,,0.035715055559908906,0.004972982189599526,-0.0035269182362888665,0.029204648899434478,0.021431158682439798,-0.08792090600605235,-0.022760762171528167,-0.06145390418152293,-0.07706060378584231,0.09069660410957603,0.015298773116832637,0.1049832136307439,-0.00963411400463496,-0.037948924542067844,-0.03857979160435516,0.08716959521925494,-0.04066590645526501,,0.25503908951617454,0.22893070510813102,0.22261386562752403,0.28282776753365,-0.07590120315189959,-0.10516298439195657,-0.09434150091863679,0.22776852600544473,-0.08517211944090874,-0.12391795896758963,-0.11952215824830847,-0.18755071449544278,-0.19330918937433697,-0.18837484972900098,-0.15525081351154238,-0.16397902104662834,-0.16367824583716292,-0.17119118916461365,-0.02357431627397588,-0.031393785379486505,0.048870951682804774,0.004214689069043804,-0.08443092359614218,-0.01771700530063086,-0.144280776275187,-0.010414901081356415,-0.05170212812070316,-0.14924556532477617,-0.10440550369867996,-0.08469104818890909,-0.01771700530063085,-0.14200902380157032,-0.14428077627518632,-0.07590120315189908,-0.13731530274223638,-0.08443092359614247,-0.2828277675336498,-0.12391795896758907,-0.06403044251240922,-0.064685927519007,-0.11952215824830847,-0.0486197886539957,-0.04965859794383378,-0.571832495211666,-0.02357431627397588,0.07357979184479198,,,,,,,,,-0.064685927519007,-0.06468592751900695,-0.064685927519007,1.0,-0.06468592751900701,-0.1195221582483082,-0.11952215824830813,-0.1195221582483081,-0.1195221582483081
revenue_yield,0.03476583354553188,,-0.0006334443037277462,0.22601227835857915,0.5621524735633885,0.0056846824069282315,-0.01914667911134268,0.1001063271355103,0.06212156819885479,0.10516313570545453,0.0783883798328396,-0.0471312810137508,-0.0027299926298111747,-0.05068104638983093,-0.02900867815240772,-0.0639702382090006,-0.007036798098322824,-0.05165521855049468,-0.05019442525720947,,-0.03991342154456138,-0.07637683531253815,-0.09402801481799371,-0.19128076423332194,-0.03821502023535418,-0.03698587125625808,-0.03471483900708316,-0.1000973011080896,-0.031908661768706374,-0.061336608421400846,0.13999953916291472,0.009039161744945191,-0.008740768660394499,0.0017926597246837673,0.007748008477581126,-0.05097764616257944,-0.0021001339496545587,-0.0016723367334812401,-0.028391586495182294,-0.024431429886369982,-0.03531289521795291,-0.014700785449015484,-0.037927374386552,0.8040747338951901,0.44750773846240616,0.7504696887823625,0.4279109217963062,-0.06137497655599155,0.08946581478476884,0.06895642705809095,0.804074733895191,0.19083221545099308,0.44750773846240577,-0.03821502023535418,-0.05855645681590095,-0.03792737438655182,0.19128076423332252,-0.0613366084214008,-0.024594148471473745,1.000000000000002,0.13999953916291472,0.8629268095239407,0.8934335425241395,0.3515176894018122,-0.028391586495182294,0.001675293721460371,,,,,,,,,1.000000000000002,1.0000000000000024,1.0,-0.06468592751900701,1.0,0.13999953916291463,0.1399995391629145,0.13999953916291485,0.13999953916291485
annual_cash_flow_booked,-0.08291152264374507,,-0.014082227818845054,-0.026469594152524,0.08829284516220134,-0.04328923359135555,-0.06937479701473152,0.3453924708924895,0.21724000125251458,0.2720993314719657,0.31117194806430754,-0.18662994736470317,-0.11929623962941784,-0.24885010594542276,-0.21389547238958917,0.07107094521961553,0.09336504661886978,-0.21961498625514697,0.08126450671342322,,-0.08108195273166334,-0.02212756066049367,-0.0037326134972297856,-0.012597771987699687,0.30162922460279995,0.5138008618387492,0.36825360552025393,-0.0038283100832512294,0.42243690403729556,0.6706864195940967,0.9999999999999998,0.1935321842589993,0.16423357222260682,0.17739888418675104,0.10214654724467852,0.14344857900104765,0.14137725008166602,0.17556563320429444,-0.2120852082150667,-0.19235318224950332,-0.14233515178806283,-0.044747460450238793,0.3609013756511058,0.1946965472854009,0.35305085891280347,0.15586554267397168,0.011870915220821513,0.47851455521504127,0.3550658320342991,0.31325395994729444,0.19469654728540206,0.3330725401724002,0.35305085891280247,0.30162922460280134,0.47323221388027653,0.36090137565110486,0.01259777198769968,0.6706864195940935,0.42089166061613725,0.1399995391629143,0.9999999999999998,0.10986065407515896,0.13136385456098326,0.19521230891792885,-0.2120852082150667,-0.09711973611785961,,,,,,,,,0.1399995391629143,0.13999953916291452,0.13999953916291463,-0.1195221582483082,0.13999953916291463,1.0,1.0000000000000016,1.0000000000000027,1.0000000000000027
cash_on_cash_roi_booked,-0.08291152264374746,,-0.014082227818845909,-0.026469594152524256,0.08829284516220118,-0.04328923359135566,-0.06937479701473141,0.3453924708924896,0.21724000125251394,0.27209933147196513,0.31117194806430687,-0.18662994736470254,-0.11929623962941809,-0.24885010594542367,-0.2138954723895898,0.07107094521961428,0.09336504661886827,-0.2196149862551473,0.08126450671342386,,-0.08108195273166334,-0.02212756066049396,-0.003732613497230041,-0.012597771987699577,0.3016292246028017,0.5138008618387505,0.3682536055202553,-0.003828310083251408,0.42243690403729645,0.6706864195940967,1.0000000000000018,0.19353218425899957,0.16423357222260676,0.17739888418675118,0.10214654724467857,0.1434485790010481,0.1413772500816658,0.17556563320429375,-0.21208520821506693,-0.19235318224950276,-0.14233515178806305,-0.04474746045023905,0.3609013756511038,0.19469654728540167,0.3530508589128032,0.15586554267397143,0.011870915220821596,0.4785145552150412,0.35506583203429964,0.3132539599472951,0.19469654728540173,0.3330725401723987,0.353050858912803,0.3016292246028029,0.47323221388027825,0.3609013756511044,0.012597771987699595,0.6706864195940953,0.4208916606161422,0.13999953916291474,1.0000000000000018,0.10986065407515895,0.13136385456098415,0.1952123089179273,-0.21208520821506693,-0.09711973611786008,,,,,,,,,0.13999953916291477,0.13999953916291438,0.1399995391629145,-0.11952215824830813,0.1399995391629145,1.0000000000000016,1.0,1.0000000000000016,1.0000000000000016
cap_rate_booked,-0.08291152264374625,,-0.014082227818845132,-0.026469594152523885,0.0882928451622015,-0.04328923359135546,-0.06937479701473151,0.3453924708924896,0.21724000125251366,0.2720993314719636,0.31117194806430587,-0.18662994736470293,-0.11929623962941813,-0.24885010594542362,-0.2138954723895879,0.07107094521961464,0.09336504661886885,-0.2196149862551474,0.0812645067134239,,-0.08108195273166353,-0.022127560660493834,-0.0037326134972299327,-0.012597771987699548,0.3016292246028017,0.5138008618387494,0.3682536055202556,-0.0038283100832513244,0.4224369040372957,0.6706864195940987,1.0000000000000033,0.1935321842589994,0.16423357222260632,0.17739888418675068,0.10214654724467871,0.14344857900104757,0.14137725008166566,0.1755656332042938,-0.21208520821506682,-0.19235318224950312,-0.14233515178806347,-0.0447474604502392,0.36090137565110403,0.19469654728540198,0.35305085891280424,0.15586554267397185,0.011870915220821857,0.47851455521503994,0.35506583203429914,0.3132539599472953,0.19469654728540192,0.3330725401723991,0.3530508589128024,0.30162922460279984,0.47323221388027825,0.3609013756511035,0.012597771987699569,0.6706864195940965,0.42089166061613853,0.1399995391629148,1.0000000000000033,0.1098606540751591,0.1313638545609839,0.19521230891792773,-0.21208520821506682,-0.09711973611786014,,,,,,,,,0.1399995391629148,0.13999953916291472,0.13999953916291485,-0.1195221582483081,0.13999953916291485,1.0000000000000027,1.0000000000000016,1.0,1.0
revenue_yield_booked,-0.08291152264374625,,-0.014082227818845132,-0.026469594152523885,0.0882928451622015,-0.04328923359135546,-0.06937479701473151,0.3453924708924896,0.21724000125251366,0.2720993314719636,0.31117194806430587,-0.18662994736470293,-0.11929623962941813,-0.24885010594542362,-0.2138954723895879,0.07107094521961464,0.09336504661886885,-0.2196149862551474,0.0812645067134239,,-0.08108195273166353,-0.022127560660493834,-0.0037326134972299327,-0.012597771987699548,0.3016292246028017,0.5138008618387494,0.3682536055202556,-0.0038283100832513244,0.4224369040372957,0.6706864195940987,1.0000000000000033,0.1935321842589994,0.16423357222260632,0.17739888418675068,0.10214654724467871,0.14344857900104757,0.14137725008166566,0.1755656332042938,-0.21208520821506682,-0.19235318224950312,-0.14233515178806347,-0.0447474604502392,0.36090137565110403,0.19469654728540198,0.35305085891280424,0.15586554267397185,0.011870915220821857,0.47851455521503994,0.35506583203429914,0.3132539599472953,0.19469654728540192,0.3330725401723991,0.3530508589128024,0.30162922460279984,0.47323221388027825,0.3609013756511035,0.012597771987699569,0.6706864195940965,0.42089166061613853,0.1399995391629148,1.0000000000000033,0.1098606540751591,0.1313638545609839,0.19521230891792773,-0.21208520821506682,-0.09711973611786014,,,,,,,,,0.1399995391629148,0.13999953916291472,0.13999953916291485,-0.1195221582483081,0.13999953916291485,1.0000000000000027,1.0000000000000016,1.0,1.0
