,id,scrape_id,host_id,host_listings_count,host_total_listings_count,latitude,longitude,accommodates,bathrooms,bedrooms,beds,minimum_nights,maximum_nights,minimum_minimum_nights,maximum_minimum_nights,minimum_maximum_nights,maximum_maximum_nights,minimum_nights_avg_ntm,maximum_nights_avg_ntm,calendar_updated,availability_30,availability_60,availability_90,availability_365,number_of_reviews,number_of_reviews_ltm,number_of_reviews_l30d,availability_eoy,number_of_reviews_ly,estimated_occupancy_l365d,estimated_revenue_l365d,review_scores_rating,review_scores_accuracy,review_scores_cleanliness,review_scores_checkin,review_scores_communication,review_scores_location,review_scores_value,calculated_host_listings_count,calculated_host_listings_count_entire_homes,calculated_host_listings_count_private_rooms,calculated_host_listings_count_shared_rooms,reviews_per_month,price_clean,log_price,price_per_accommodates,log_price_per_accommodates,log_reviews,log_accommodates,log_beds,price_zscore,price_percentile,log_price_zscore,reviews_zscore,reviews_percentile,reviews_per_month_zscore,occupancy_rate,occupancy_rate_booked,occupancy_is_capped,est_annual_revenue,est_annual_revenue_booked,revenue_per_accommodates,revenue_per_bedroom,log_est_revenue,host_listings_in_city,host_is_professional,pct_professional_hosts,pct_large_operators,median_host_listings,gini_host_concentration,market_professionalization_score,purchase_price,monthly_payment,zori_rent,annual_cash_flow,cash_on_cash_roi,cap_rate,price_to_rent_ratio,revenue_yield,annual_cash_flow_booked,cash_on_cash_roi_booked,cap_rate_booked,revenue_yield_booked
id,1.0,,0.49100122773719723,0.17129198594814746,0.18404687391644042,-0.0022669001978616985,0.019368265667831164,0.03674800092639904,0.03487746086656241,0.05874687300688582,-0.0666383595107449,-0.07902679430809811,-0.0045100031034906295,-0.08491626047395516,0.07839487690185971,-0.010065258803219615,-0.012464189080424527,-0.06654471732839254,-0.01144610313439034,,0.2535835064568005,0.3066273194368685,0.33704821527486833,0.4009947326751493,-0.17697419387963104,0.08016858788134276,0.10974939589059944,0.3381635638453742,0.03677674949298726,0.10864941057857967,-0.0010110103591329147,-0.05717967707173468,-0.08694256539606407,0.00627365813882517,-0.060773243218224464,-0.08185979103447917,-0.0678385901900157,-0.11614993681682209,0.20576104982348004,0.1813288477982154,0.09120796887635373,0.08407064801777536,0.2036370212615715,0.028119669848510075,0.04217744629582027,0.022709802018665366,0.06408980634724061,-0.32417684408813785,0.020953798154430922,-0.07992158717032247,0.02811966984851005,0.03336805780249776,0.04217744629579701,-0.17697419387962707,-0.3401818875989198,0.20363702126157107,-0.400994732675141,0.10864941057858217,0.07983573163414869,0.008107748340260701,-0.0010110103591329147,0.004595366680314413,0.00702888636163066,-0.03588299421188785,0.20576104982348004,0.328145184347895,,,,,,,,,0.008107748340261362,0.008107748340261392,0.008107748340261211,0.04065730823763403,0.008107748340261211,-0.001011010359131618,-0.0010110103591334542,-0.0010110103591328792,-0.0010110103591328792
scrape_id,,,,,,,,,,,,,,,,,,,,,,,,,,,,,,,,,,,,,,,,,,,,,,,,,,,,,,,,,,,,,,,,,,,,,,,,,,,,,,,,,,,
host_id,0.49100122773719723,,1.0,0.14078463587150433,0.12063353271920302,-0.006473481787213448,0.10243508572054671,0.0627647815233949,-0.033092439701796005,-0.0033928985099932257,-0.005676899064310706,-0.10862464157097998,-0.004236532257331115,-0.1112023101842819,-0.10322961286602171,0.0027180345716616475,0.008650510580626687,-0.11244236291830095,0.007509064623438514,,0.24263756566809544,0.2747451032370939,0.2837654970738938,0.2483542055522124,-0.0369667457439552,0.12708664576944603,0.14318170509806744,0.2843045203375101,0.08867045235786995,0.12647853450000177,0.04524689728694106,-0.10809104933038588,-0.12132626629312622,-0.022022533932370088,-0.0995637711649936,-0.11932155371699144,-0.08840466309208701,-0.129655924238095,-0.06598884376672327,-0.049152149772227795,-0.053770769595052025,0.0524172461220045,0.24488763433958774,0.01862533453840368,0.013663042121119752,0.01464035444135532,-0.013569309175445885,-0.0651926079481307,0.047026179055963985,-0.02151190702615537,0.018625334538403794,-0.004926626562535323,0.013663042121109876,-0.036966745743953415,-0.07731576834697072,0.24488763433958796,-0.24835420555220622,0.12647853450000385,0.1306222119877419,0.0009161094417359266,0.04524689728694106,-0.0026566610613220605,0.00016506464766008534,-0.07216231579511662,-0.06598884376672327,0.2315682291205199,,,,,,,,,0.0009161094417361483,0.000916109441736157,0.0009161094417361264,0.07029703134914472,0.0009161094417361264,0.045246897286941666,0.0452468972869406,0.0452468972869409,0.0452468972869409
host_listings_count,0.17129198594814746,,0.14078463587150433,1.0,0.9662141430804562,0.04606319939464301,-0.0836409914964419,-0.041518509374385844,-0.044472491526453634,-0.013154577044385635,-0.07028678321279858,-0.00309426489126837,-0.0009251002380660435,-0.0021841151788907047,0.0010380179051563323,0.0030623140971176373,-0.0006250545567261874,0.0015372256685034188,0.0003814126625871244,,0.17181186268945978,0.1629315541319265,0.15480108435763512,0.1646897212584605,-0.06355857111997798,-0.03146750290717776,-0.03344978163857205,0.1544647843305374,-0.0285129126958882,-0.07623787474237197,-0.009609209012606569,-0.14616733261154194,-0.16000123647495507,-0.1322009371768391,-0.11661842436721397,-0.18896173942982747,-0.07986273844881206,-0.20165893200189877,0.4711091621523864,0.6791496750143977,0.13720460516198618,-0.008321751983396367,-0.06475686564426614,0.1082556913975232,0.2194737680395097,0.11326795448371614,0.30600472659092526,-0.16204711651514778,-0.03948646940226079,-0.0730491063197107,0.10825569139752228,0.18667768208128904,0.21947376803950783,-0.06355857111997792,-0.18176997862973446,-0.0647568656442663,-0.16468972125846087,-0.07623787474237252,-0.04837510584520936,0.02969116019060593,-0.009609209012606569,0.0270418796104183,0.030665403834653587,-0.12385987311243855,0.4711091621523864,0.17692495869218805,,,,,,,,,0.029691160190605997,0.029691160190605786,0.029691160190606424,-0.0018260902409196283,0.029691160190606424,-0.009609209012607195,-0.009609209012606642,-0.009609209012606446,-0.009609209012606446
host_total_listings_count,0.18404687391644042,,0.12063353271920302,0.9662141430804562,1.0,0.04194757920887753,-0.08846903026860177,-0.04975502674389793,-0.04116223358528597,0.03198614062948852,-0.08836593186287889,-0.010458954965179703,-0.0011085507891038628,-0.009244990296484852,0.003554259746227366,0.002677381512993452,-0.0013567817779906474,0.0021636871827499533,-0.0002961312317683451,,0.18923686592840808,0.18291774799577912,0.17700863416772955,0.19053873413073016,-0.07149840416305721,-0.03192825858565828,-0.03842649224442891,0.1766915604565792,-0.028374021939443685,-0.08664547097018924,0.006088546391742405,-0.12854462628196422,-0.14785580938285894,-0.10881657871282337,-0.11395522486420981,-0.1651216250350199,-0.07558439999968196,-0.17658868896212027,0.573110014463258,0.6499582270389203,0.26967345544901444,-0.011151698032051507,-0.03436227543389447,0.18032164195606115,0.20403721734787236,0.1710531773548868,0.31316549140536204,-0.18635381316381286,-0.062289500142920964,-0.0964336740980562,0.18032164195606049,0.1587253583934058,0.2040372173478718,-0.07149840416305712,-0.20836009015173232,-0.0343622754338946,-0.19053873413072958,-0.08664547097018957,-0.05453163381669703,0.07750531374774822,0.006088546391742405,0.07161851046148922,0.07754131932528212,-0.1149369051510948,0.573110014463258,0.21099878929800256,,,,,,,,,0.07750531374774834,0.0775053137477481,0.07750531374774806,0.004570807378415811,0.07750531374774806,0.006088546391741805,0.006088546391742396,0.006088546391742708,0.006088546391742708
latitude,-0.0022669001978616985,,-0.006473481787213448,0.04606319939464301,0.04194757920887753,1.0,0.04320217535869349,-0.021802276519400126,-0.043606066409435346,-0.09073025860522746,-0.05994916896399295,0.02532792033372722,0.00596184285076791,0.02327001374290332,0.042491437204019426,0.006538217324399035,0.008606640850252832,0.009555534860002726,0.008115181630250481,,-0.052618825093576946,-0.05859474678011306,-0.062269126336724566,-0.034230817465719376,-0.05069080193550201,-0.029909745063759232,-0.04102808455668073,-0.06370506279209676,-0.028805417593925662,-0.0414875314635767,0.00034316363982658105,-0.05249083210971001,-0.04541185345368196,-0.053981826687101206,-0.04072942911827579,-0.04886432874118399,0.01551514152972791,-0.060147404815828524,0.06012496671494927,0.07613188091846539,-0.03299056183206991,-0.013039806609493814,-0.0420589396746547,0.02302643676959422,0.08070970940605836,0.019687212947467697,0.1016028552132734,-0.07274702692234813,-0.0146259859285418,-0.06023870735492117,0.023026436769594236,0.07704302907768174,0.08070970940605761,-0.0506908019355013,-0.0682477625997582,-0.04205893967465465,0.0342308174657196,-0.041487531463576505,-0.05011671646796397,0.010935892275524904,0.00034316363982658105,0.009221022453506526,0.010913295469433102,0.05256095442460198,0.06012496671494927,0.057373761904214386,,,,,,,,,0.010935892275524885,0.01093589227552494,0.01093589227552491,-0.0494661149400679,0.01093589227552491,0.0003431636398265944,0.0003431636398265881,0.0003431636398265674,0.0003431636398265674
longitude,0.019368265667831164,,0.10243508572054671,-0.0836409914964419,-0.08846903026860177,0.04320217535869349,1.0,-0.018070220685462296,0.004663404189124397,0.0614397672251969,0.04228762389263274,-0.010135802588573018,-0.0029784538471897336,-0.0076170200111870074,-0.09580308097421002,-0.00612388654343593,-0.013670140473076397,-0.012067478822161543,-0.01187862590491089,,0.15709136191114656,0.15307571162734904,0.13857283113291044,0.0863728638630595,0.036218412607425546,0.006831490600719397,0.02941773516969971,0.13922966812903337,0.011722321715348412,0.03844078176112971,-0.040102779474850046,0.0049996553208458295,0.003176860068122095,0.023368536741887103,0.011975221611721962,0.01312090685580156,-0.13679874174193643,0.030948901879105564,-0.1174920414288399,-0.14962403654987488,0.06675962159804509,0.018239377400983844,0.02412626988999632,-0.06489795784931195,-0.30501211401736006,-0.05796966635652443,-0.33159084910067477,0.08662201931187469,-0.048987567746121743,0.03528346417684356,-0.06489795784931172,-0.31747795333016027,-0.30501211401735845,0.036218412607425726,0.08600696158172329,0.02412626988999621,-0.08637286386305869,0.038440781761130104,0.02936723774063628,-0.04418141398713457,-0.040102779474850046,-0.03585857795637281,-0.03878634646708604,-0.20425193393693125,-0.1174920414288399,-0.010742271388445072,,,,,,,,,-0.044181413987134585,-0.044181413987135015,-0.0441814139871344,0.10932731008981665,-0.0441814139871344,-0.0401027794748502,-0.04010277947485041,-0.040102779474850185,-0.040102779474850185
accommodates,0.03674800092639904,,0.0627647815233949,-0.041518509374385844,-0.04975502674389793,-0.021802276519400126,-0.018070220685462296,1.0,0.3730213437206832,0.513508717029399,0.7150412464542938,-0.027052798157551815,-0.004933760452401302,-0.028210991994675885,-0.023544593729604275,-0.0007677371024876311,-0.003239204740680851,-0.037879592083654025,-0.002224257825979541,,0.043212324442334187,0.05036390699858507,0.04993758768958887,0.09082056612168242,0.022510150457264833,0.01564460409898942,0.008941008568412538,0.050110328016199815,0.008022510532656898,0.024708783479351133,0.09012333055920518,0.007791813485299822,-0.004225078013709111,0.0328440798824771,-0.001399152310434083,0.013098267986290612,-0.0007443427832988954,-0.006172343530475478,-0.06075181664035009,-0.00044219526428367734,-0.16404057691170615,-0.05397846709541538,0.036559773070447735,0.11004182089134237,0.4967191356577492,-0.016358377622396503,-0.16775756240247341,0.07303349858624433,0.9177301983682942,0.6728813051859621,0.11004182089134185,0.4899872729309058,0.49671913565774906,0.022510150457264764,0.07321460488583857,0.03655977307044731,-0.09082056612168342,0.02470878347935113,0.027402446909894615,0.03227082060500045,0.09012333055920518,-0.01609115794329163,-0.002539163517145299,0.21455903461991158,-0.06075181664035009,-0.002715980947836585,,,,,,,,,0.03227082060500041,0.032270820605000555,0.0322708206050005,-0.09760712700098396,0.0322708206050005,0.09012333055920518,0.09012333055920467,0.09012333055920399,0.09012333055920399
bathrooms,0.03487746086656241,,-0.033092439701796005,-0.044472491526453634,-0.04116223358528597,-0.043606066409435346,0.004663404189124397,0.3730213437206832,1.0,0.467471966593315,0.39495431607112746,0.034120675622622935,0.01846858539555032,0.0324884309971418,0.021532284349368158,-0.0023886434027691203,-0.004144898411782613,0.04306476061546411,-0.003125515929367632,,0.0425706321225871,0.03850075559953455,0.035036663514323,0.0776075340289856,-0.05047117881172713,-0.030563558985420715,-0.03182773882713148,0.03493856425794768,-0.029136580911062887,-0.06252445961167911,0.03765617823432619,0.02660128264498405,0.008924272340889362,0.013776428164045555,0.013484525557421323,0.014640159653504414,-0.00021755278833004041,0.02327748565900015,0.01784839306279491,-0.00936822512902871,0.08486629917711899,0.07828161685250182,-0.03859944285179104,0.07139086208952458,0.187609622799516,-0.0063143408387974906,-0.0009862897340399415,-0.06612737969989921,0.27173661825678086,0.3029017882083032,0.07139086208952353,0.14406077098374484,0.18760962279951435,-0.0504711788117268,-0.06460596176044944,-0.03859944285179082,-0.07760753402898475,-0.06252445961167903,-0.0354020507951415,0.01969633023177759,0.03765617823432619,-0.012372225485710955,-0.01212363144975737,0.05703793671954829,0.01784839306279491,0.016108783980971816,,,,,,,,,0.019696330231777585,0.019696330231777585,0.019696330231777515,0.027230943836853636,0.019696330231777515,0.03765617823432617,0.03765617823432634,0.03765617823432636,0.03765617823432636
bedrooms,0.05874687300688582,,-0.0033928985099932257,-0.013154577044385635,0.03198614062948852,-0.09073025860522746,0.0614397672251969,0.513508717029399,0.467471966593315,1.0,0.5867015629951783,0.02189694559289548,-0.010607593046577643,0.022558871419116167,-0.0181377113157968,-0.004719454737147978,-0.007560574538170366,0.017421601653168757,-0.006906006683987525,,0.04265683491177535,0.02370227834883236,0.015506740246869828,0.017933679015035793,-0.052278153138792256,-0.03896043665991769,-0.03059261628398931,0.015714811553174352,-0.04032822608103767,-0.08811263848493137,0.039332302787091426,0.020534486126738943,0.005598166772685142,0.011837889066032288,0.006089806321195622,0.015604366892236335,-0.03546930840405065,0.0320896329235728,0.043503539503847326,-0.051419827349840665,0.2664654021283482,-0.023558504153968457,-0.02885137018236318,0.0420404274165626,0.17253574966863552,-0.020656991661441214,-0.11809684865273329,-0.070768491155643,0.39650821379622525,0.5301312840975875,0.04204042741656315,0.1583359748822534,0.17253574966863472,-0.05227815313879189,-0.07445720918529156,-0.028851370182363105,-0.017933679015035547,-0.08811263848493224,-0.04776068233639633,0.012210774022083405,0.039332302787091426,-0.015756067888108467,-0.022329112283246227,0.08128086016405991,0.043503539503847326,-0.015410993441115276,,,,,,,,,0.01221077402208341,0.012210774022083391,0.012210774022083478,0.007594809783382793,0.012210774022083478,0.039332302787091426,0.03933230278709166,0.03933230278709146,0.03933230278709146
beds,-0.0666383595107449,,-0.005676899064310706,-0.07028678321279858,-0.08836593186287889,-0.05994916896399295,0.04228762389263274,0.7150412464542938,0.39495431607112746,0.5867015629951783,1.0,-0.018859226788843383,0.015055032345230162,-0.019798844081060273,-0.0552139026096783,-0.0035895584180807836,-0.006788549271584562,-0.025939552225011334,-0.007096944338861889,,0.006021431872714844,0.0025573560363351157,-0.007502361893423596,0.027683050046611722,0.0491985991496937,0.013242492804030828,0.008989991922723758,-0.0072484041469806785,0.009595757511978196,0.03789896907118144,0.08303200621296844,0.02683108527572777,0.017602081689881713,0.030005703401368978,0.02581159822374372,0.03789172679998884,-0.007806556755840673,0.03155633923677974,-0.09121647416543958,-0.06473573846396777,-0.09009926561203685,-0.03165695081028655,0.014082875534410922,0.01601442898436759,0.3342660920275664,-0.04523156793245378,-0.12436222619033763,0.12620353492449402,0.6325868825689273,0.9341754091694995,0.016014428984367616,0.3426207807135426,0.3342660920275658,0.04919859914969351,0.12805602874390218,0.014082875534410906,-0.02768305004661222,0.03789896907118124,0.04336018450510916,0.003935281676459841,0.08303200621296844,-0.028172866680321762,-0.02607557338868631,0.15944969959618546,-0.09121647416543958,-0.08300391165940776,,,,,,,,,0.003935281676459853,0.003935281676459855,0.003935281676459925,-0.07903171712784816,0.003935281676459925,0.08303200621296855,0.08303200621296844,0.08303200621296877,0.08303200621296877
minimum_nights,-0.07902679430809811,,-0.10862464157097998,-0.00309426489126837,-0.010458954965179703,0.02532792033372722,-0.010135802588573018,-0.027052798157551815,0.034120675622622935,0.02189694559289548,-0.018859226788843383,1.0,0.0002094526701837421,0.9818539390067106,0.4627623158704377,-0.0018907093144418078,-0.013633488515477677,0.8516985512474233,-0.010830342461548077,,0.00996609307922824,-0.01802123560321518,-0.018681781605338142,-0.016061894649824354,-0.12101420508030002,-0.16533305125477885,-0.17329483696795162,-0.018451014858679716,-0.14665043096077418,-0.2000661198688438,-0.11848337846162982,-0.0003557698720939336,0.005496381088419687,-0.04869707165344316,0.0057866417249811,0.0021139713379334946,0.003496015724670319,0.010544762628385265,0.01849874348893881,0.020435375624633063,-0.0021565861496955544,0.00811252763183988,-0.19578794526696466,-0.048432998753881074,-0.10086156321874176,-0.04105133027518757,-0.09029109360008289,-0.14646096671798958,-0.031358765561164445,-0.016722106974792195,-0.04843299875388074,-0.0980106126835175,-0.10086156321874082,-0.12101420508029896,-0.13649564120056043,-0.19578794526696464,0.016061894649823973,-0.20006611986884318,-0.18889722938836834,-0.04232130470997514,-0.11848337846162982,-0.0345257720940809,-0.04059196715621225,-0.15435658349500841,0.01849874348893881,-0.06626338431860339,,,,,,,,,-0.04232130470997517,-0.04232130470997552,-0.04232130470997549,0.08452751652317511,-0.04232130470997549,-0.1184833784616298,-0.1184833784616297,-0.11848337846162946,-0.11848337846162946
maximum_nights,-0.0045100031034906295,,-0.004236532257331115,-0.0009251002380660435,-0.0011085507891038628,0.00596184285076791,-0.0029784538471897336,-0.004933760452401302,0.01846858539555032,-0.010607593046577643,0.015055032345230162,0.0002094526701837421,1.0,0.00024932728329229927,-0.0007438310784975921,0.4471885661264398,0.24994782399741874,4.692399468795115e-05,0.31564052083538985,,-0.0037753915211235145,-0.004575565277930584,-0.005038706297524497,-0.00579457065841116,-0.0018450079854635745,-0.0010894366717628104,-0.0011057093106436574,-0.00505074782145687,-0.0009926670526895266,-0.002943472986553388,-0.02603884207120786,-0.014489168124597343,-0.015551019959822906,-0.012257405938083133,-0.01930060080128492,-0.017216835820931795,-0.006571774867516457,-0.012216151383189976,-0.0016115380046754539,-0.0012302611538221864,-0.0012061243893738323,-0.00036077589976867274,-0.0026573288665303475,0.061115804648584994,0.11201688941944749,0.051969433597904964,0.07903700335239508,-0.0013638945357668526,-0.007856758428110866,0.022437768980559703,0.06111580464858501,0.11133981795209474,0.11201688941945064,-0.0018450079854635717,-0.0002836361778817251,-0.0026573288665303263,0.005794570658411083,-0.0029434729865534335,-0.0016504611052281606,0.03798872837114684,-0.02603884207120786,0.03373795439429478,0.03554982225798505,0.047316255579553726,-0.0016115380046754539,-0.005284114821347295,,,,,,,,,0.03798872837114683,0.03798872837114737,0.037988728371147105,-0.018328136956144544,0.037988728371147105,-0.026038842071208147,-0.026038842071207907,-0.026038842071207654,-0.026038842071207654
minimum_minimum_nights,-0.08491626047395516,,-0.1112023101842819,-0.0021841151788907047,-0.009244990296484852,0.02327001374290332,-0.0076170200111870074,-0.028210991994675885,0.0324884309971418,0.022558871419116167,-0.019798844081060273,0.9818539390067106,0.00024932728329229927,1.0,0.45942492036970495,-0.008680560683042276,-0.01874831507208443,0.8572207394371071,-0.016873552510514207,,0.01206551362377282,-0.016658248128711906,-0.017805826733012474,-0.016856317813377476,-0.1226696394219145,-0.16886824729244845,-0.17799350300626218,-0.017558858593544252,-0.15002557138880024,-0.20802078730611392,-0.12424482093326092,0.004064564874401893,0.009932070395601551,-0.046253422187645304,0.010636428827381203,0.007612576184316374,0.008888944316477175,0.014952277002730587,0.011050137758369799,0.011720831303306744,6.801851858462504e-05,0.008643794847613675,-0.19883147208469498,-0.049816749142462965,-0.11009675483500639,-0.04209880437484315,-0.09894145973796276,-0.14792969038522133,-0.033353422017833145,-0.01778265909984372,-0.04981674914246269,-0.1076615131650187,-0.11009675483500511,-0.12266963942191418,-0.13737055582929306,-0.19883147208469484,0.016856317813377406,-0.20802078730611395,-0.19863468424455857,-0.0443182307894873,-0.12424482093326092,-0.03594172126933142,-0.04220733557414807,-0.16982737840381174,0.011050137758369799,-0.0712838152015975,,,,,,,,,-0.0443182307894873,-0.04431823078948795,-0.044318230789487316,0.08745913964101229,-0.044318230789487316,-0.12424482093326103,-0.12424482093326063,-0.12424482093326049,-0.12424482093326049
maximum_minimum_nights,0.07839487690185971,,-0.10322961286602171,0.0010380179051563323,0.003554259746227366,0.042491437204019426,-0.09580308097421002,-0.023544593729604275,0.021532284349368158,-0.0181377113157968,-0.0552139026096783,0.4627623158704377,-0.0007438310784975921,0.45942492036970495,1.0,-0.005768010168000154,-0.011238073921139442,0.6136108454532122,-0.010229679956949178,,-0.05136083151589465,-0.06679080001027857,-0.0578211441151113,0.07586894684245805,-0.10834530133310304,-0.09700781992976248,-0.10171960085723462,-0.057176820487774886,-0.08762452036675449,-0.1612898384309008,-0.07405328102183545,-0.03774160529934932,-0.02231756512475705,-0.041503418322439416,-0.030433075797569806,-0.05694108669228545,-0.015345968396207724,-0.05821023605705553,0.7140532288915691,0.7530482434736124,-0.0004635546928543447,-0.007155605936568446,-0.12723040685678413,0.004080037586853254,0.1937055196548868,0.009059068689701374,0.23198323713711566,-0.2073679176017428,-0.005489009210288696,-0.044447036454019366,0.004080037586853273,0.21742192196467094,0.19370551965488503,-0.108345301333104,-0.2181917209609537,-0.12723040685678375,-0.07586894684245757,-0.1612898384309003,-0.12863165559300416,0.001278627204819905,-0.07405328102183545,0.001589755924619664,-0.0015815207155384058,0.12397218240244726,0.7140532288915691,0.12449565106659116,,,,,,,,,0.0012786272048198768,0.0012786272048198818,0.0012786272048198515,-0.03599905362284352,0.0012786272048198515,-0.07405328102183543,-0.07405328102183537,-0.07405328102183548,-0.07405328102183548
minimum_maximum_nights,-0.010065258803219615,,0.0027180345716616475,0.0030623140971176373,0.002677381512993452,0.006538217324399035,-0.00612388654343593,-0.0007677371024876311,-0.0023886434027691203,-0.004719454737147978,-0.0035895584180807836,-0.0018907093144418078,0.4471885661264398,-0.008680560683042276,-0.005768010168000154,1.0,0.5589310459431733,-0.007825352784969002,0.7058324034767625,,-0.0021786722216595267,-0.002790633593075649,-0.004013201832049524,-0.006711649922584649,0.004437391344016201,0.003026418701214909,0.0008147179950031003,-0.00406141709279011,0.0015140957600923777,0.01633595216193086,0.00799428656768799,-0.016461933871467077,-0.01728131781836651,-0.005153373189910412,-0.013064087050142864,-0.020656216643306094,-0.004595868691145548,-0.014019437787008386,-0.00345585971211945,-0.0028131699218932366,-0.0021329723392227453,-0.0008055554738708343,0.0012520035775863611,0.00045544949452260854,0.007305543100021577,0.0009826556615704588,0.010361469934487496,0.006984745531102551,-4.774446405476147e-06,-0.0038686980968489393,0.0004554494945226055,0.00856936398975851,0.007305543100021671,0.004437391344016177,0.007494076338244996,0.001252003577586322,0.00671164992258466,0.01633595216193075,0.02137731895100276,-0.0006926384959422882,0.00799428656768799,-0.0005618611587969409,-0.0005643252848609618,-0.008030094825887037,-0.00345585971211945,0.007110374493758681,,,,,,,,,-0.0006926384959422868,-0.0006926384959422959,-0.0006926384959422801,-0.0003238528576447267,-0.0006926384959422801,0.007994286567687992,0.007994286567688032,0.007994286567688,0.007994286567688
maximum_maximum_nights,-0.012464189080424527,,0.008650510580626687,-0.0006250545567261874,-0.0013567817779906474,0.008606640850252832,-0.013670140473076397,-0.003239204740680851,-0.004144898411782613,-0.007560574538170366,-0.006788549271584562,-0.013633488515477677,0.24994782399741874,-0.01874831507208443,-0.011238073921139442,0.5589310459431733,1.0,-0.016475390778940852,0.9262498070354802,,0.015947285933490908,0.01624107580039606,0.014762298758320615,0.01110078176410309,0.017152076591295237,0.02933054850923123,0.0029324636074406297,0.014731174369821071,0.014933481986120217,0.02640654342211912,0.016667515442937524,-0.022740746656724264,-0.024892697062937067,-0.009921088420884898,-0.017513736140140047,-0.030281184303382253,-0.0023182681399368777,-0.021096303693048695,-0.005868479555171728,-0.005050935648762223,-0.0029119242821612763,-0.0014406413880891688,0.021568031213790587,0.001761717213225284,0.02512845571941106,0.0028176486666303706,0.031363226780592494,0.018943987065369518,-0.00033665875682306173,-0.005851181848793528,0.0017617172132252566,0.02884382680777201,0.02512845571941128,0.017152076591295196,0.016936256455574412,0.02156803121379039,-0.01110078176410317,0.026406543422119223,0.030778940709074935,-0.0007541519750330585,0.016667515442937524,-0.0005370814897357535,-0.0005413296647181321,-0.009283510872054264,-0.005868479555171728,0.018543431964286664,,,,,,,,,-0.0007541519750330572,-0.0007541519750330505,-0.0007541519750330528,-0.0026200926029571695,-0.0007541519750330528,0.016667515442937517,0.01666751544293738,0.0166675154429374,0.0166675154429374
minimum_nights_avg_ntm,-0.06654471732839254,,-0.11244236291830095,0.0015372256685034188,0.0021636871827499533,0.009555534860002726,-0.012067478822161543,-0.037879592083654025,0.04306476061546411,0.017421601653168757,-0.025939552225011334,0.8516985512474233,4.692399468795115e-05,0.8572207394371071,0.6136108454532122,-0.007825352784969002,-0.016475390778940852,1.0,-0.01482786391544452,,0.024839983754294224,0.0017806078460917514,0.0016224165187274538,0.008003301042397886,-0.11044096910807344,-0.14531809727564143,-0.15290022967192726,0.0018228016737314211,-0.12900802003562553,-0.17619716412585731,-0.09623779239263616,-0.0009382999392124547,0.005590873075152462,-0.04145818949500794,0.00397537900297796,-0.00015953922369040668,-0.0019434942489377947,0.0030650331104355843,0.057451080749934394,0.04329724606504339,0.044944103276866286,0.005298236709574588,-0.16522788591529258,-0.03934744909738404,-0.08005568337910372,-0.031719906177508424,-0.05256213068393711,-0.13556965728037743,-0.04901143676868757,-0.025542553468419618,-0.0393474490973841,-0.07721532679943331,-0.08005568337910396,-0.1104409691080736,-0.12665558361097387,-0.16522788591529253,-0.008003301042398252,-0.17619716412585854,-0.17100756179653098,-0.03455370603968107,-0.09623779239263616,-0.02787133911136164,-0.031700539436862275,-0.1169891829169373,0.057451080749934394,-0.035114903799596704,,,,,,,,,-0.0345537060396811,-0.034553706039681324,-0.03455370603968107,0.059406197282231205,-0.03455370603968107,-0.09623779239263612,-0.09623779239263651,-0.09623779239263612,-0.09623779239263612
maximum_nights_avg_ntm,-0.01144610313439034,,0.007509064623438514,0.0003814126625871244,-0.0002961312317683451,0.008115181630250481,-0.01187862590491089,-0.002224257825979541,-0.003125515929367632,-0.006906006683987525,-0.007096944338861889,-0.010830342461548077,0.31564052083538985,-0.016873552510514207,-0.010229679956949178,0.7058324034767625,0.9262498070354802,-0.01482786391544452,1.0,,0.011207473053358827,0.011412919685926172,0.010307505001630806,0.009160813635664334,0.01609592226235698,0.028383676287983377,0.003368218649836725,0.010270436595622767,0.013920810630445946,0.028261286935212005,0.01875958640763511,-0.022447663403059634,-0.02437296370932317,-0.009799115246079026,-0.016171671936574435,-0.0294600256843107,-0.002709031564601443,-0.020566032100145598,-0.005415883820276515,-0.004674115410241283,-0.0026544171117251695,-0.0013340360760684983,0.018966721589109798,0.001581758732067133,0.022611781365219234,0.0024105216372461115,0.02757533449390883,0.018391476949878412,0.0002973735027498516,-0.006612058286937768,0.001581758732067135,0.025973231884017484,0.022611781365219703,0.016095922262357,0.016964534059722303,0.0189667215891096,-0.009160813635664376,0.028261286935212192,0.03361254953391685,-0.0015202918961375069,0.01875958640763511,-0.0013783468345668253,-0.001375302714011483,-0.016080308018083835,-0.005415883820276515,0.016283883343489812,,,,,,,,,-0.0015202918961375108,-0.001520291896137523,-0.0015202918961375186,-0.0014993252588361282,-0.0015202918961375186,0.018759586407635108,0.01875958640763513,0.018759586407634924,0.018759586407634924
calendar_updated,,,,,,,,,,,,,,,,,,,,,,,,,,,,,,,,,,,,,,,,,,,,,,,,,,,,,,,,,,,,,,,,,,,,,,,,,,,,,,,,,,,
availability_30,0.2535835064568005,,0.24263756566809544,0.17181186268945978,0.18923686592840808,-0.052618825093576946,0.15709136191114656,0.043212324442334187,0.0425706321225871,0.04265683491177535,0.006021431872714844,0.00996609307922824,-0.0037753915211235145,0.01206551362377282,-0.05136083151589465,-0.0021786722216595267,0.015947285933490908,0.024839983754294224,0.011207473053358827,,1.0,0.9344875760645742,0.8763176513806946,0.5888581355086837,0.024008809777253056,0.03190662631130818,0.03153140378212769,0.8747024192820684,0.03036096368037917,-0.03563425777405013,-0.06017069043455307,-0.09945266250018048,-0.11363655612421887,-0.034678949746219025,-0.09271278402723812,-0.10939536999363082,-0.11282493818105246,-0.11904960033574606,-0.006593106880526163,-0.07328343757289033,0.17113085717753437,0.021679043544547333,0.11086126869656648,0.01104527231521128,-0.0012915086860945833,0.007872653712966847,0.013239562985062072,-0.018390807305920926,0.004366458749214475,-0.01618776572329479,0.011045272315211262,-0.022805619133459673,-0.0012915086860944805,0.024008809777252605,-0.0384306815408239,0.11086126869656558,-0.5888581355086835,-0.035634257774049084,-0.016216142028865822,-0.038222719995809756,-0.06017069043455307,-0.03279055984211296,-0.0319215628643753,-0.3905849832430781,-0.006593106880526163,0.18032676365490527,,,,,,,,,-0.03822271999580976,-0.03822271999581048,-0.03822271999581011,0.3630828173356408,-0.03822271999581011,-0.06017069043455311,-0.0601706904345532,-0.06017069043455332,-0.06017069043455332
availability_60,0.3066273194368685,,0.2747451032370939,0.1629315541319265,0.18291774799577912,-0.05859474678011306,0.15307571162734904,0.05036390699858507,0.03850075559953455,0.02370227834883236,0.0025573560363351157,-0.01802123560321518,-0.004575565277930584,-0.016658248128711906,-0.06679080001027857,-0.002790633593075649,0.01624107580039606,0.0017806078460917514,0.011412919685926172,,0.9344875760645742,1.0,0.9748975035946464,0.6911719009468751,0.060703795470988635,0.0671170875785578,0.07227306193908545,0.9736857140955808,0.06173203672161566,0.05888498336197344,-0.04665443265334644,-0.09223666606486766,-0.1124863139402812,-0.018380049147778146,-0.08439459014409537,-0.10829853586054586,-0.11015875757437106,-0.12679652495681148,-0.013331598503043928,-0.07175469586767855,0.148605417802863,0.03570538347684536,0.15266352501554675,0.008172359127509774,-0.014795458477678033,0.003178019706374911,-0.002389540246599535,0.031124176602226904,0.01357094672392696,-0.018806742982448627,0.008172359127509698,-0.03443248577807309,-0.014795458477677943,0.06070379547098949,0.00796225892675809,0.1526635250155456,-0.6911719009468785,0.05888498336197439,0.0464407033331763,-0.04966783276159127,-0.04665443265334644,-0.042706504465307604,-0.041253834979138156,-0.43544865307561975,-0.013331598503043928,0.2271221972878071,,,,,,,,,-0.049667832761591264,-0.04966783276159139,-0.0496678327615911,0.32922345877682807,-0.0496678327615911,-0.04665443265334646,-0.046654432653346414,-0.04665443265334612,-0.04665443265334612
availability_90,0.33704821527486833,,0.2837654970738938,0.15480108435763512,0.17700863416772955,-0.062269126336724566,0.13857283113291044,0.04993758768958887,0.035036663514323,0.015506740246869828,-0.007502361893423596,-0.018681781605338142,-0.005038706297524497,-0.017805826733012474,-0.0578211441151113,-0.004013201832049524,0.014762298758320615,0.0016224165187274538,0.010307505001630806,,0.8763176513806946,0.9748975035946464,1.0,0.7537425827974278,0.06841989914959155,0.06819717064296733,0.07351513563180229,0.9999399149960473,0.06253024484333997,0.0975343455864198,-0.05206751200356515,-0.0799368301420478,-0.10492926899400971,-0.005294671926409578,-0.07521583160223275,-0.10134145524028755,-0.10010043323127665,-0.12339126302528998,-0.004629074628252856,-0.05457573089496867,0.1278538254418344,0.04388442234501218,0.15319105428480093,-0.0002463037050327839,-0.028950709640635487,-0.0028446642998167836,-0.012614549549177177,0.045088192350727474,0.015197809957835961,-0.0273333486428802,-0.0002463037050328132,-0.04650557443714988,-0.028950709640635952,0.0684198991495927,0.021953871853922047,0.15319105428480065,-0.7537425827974266,0.09753434558642275,0.0568568566599924,-0.06034379639273326,-0.05206751200356515,-0.0510548147775041,-0.049828070387775536,-0.4660856410348832,-0.004629074628252856,0.25238688911615154,,,,,,,,,-0.060343796392733316,-0.06034379639273349,-0.06034379639273336,0.3108001882358868,-0.06034379639273336,-0.05206751200356514,-0.05206751200356518,-0.05206751200356559,-0.05206751200356559
availability_365,0.4009947326751493,,0.2483542055522124,0.1646897212584605,0.19053873413073016,-0.034230817465719376,0.0863728638630595,0.09082056612168242,0.0776075340289856,0.017933679015035793,0.027683050046611722,-0.016061894649824354,-0.00579457065841116,-0.016856317813377476,0.07586894684245805,-0.006711649922584649,0.01110078176410309,0.008003301042397886,0.009160813635664334,,0.5888581355086837,0.6911719009468751,0.7537425827974278,1.0,0.0830993417865538,0.07518002966738414,0.07812077106082581,0.7567186636962567,0.06886913158982204,0.1983251807901126,-0.04538542051177313,-0.055956167812786346,-0.0888793890121256,0.0131795204130337,-0.053682176978470934,-0.0858127078139846,-0.08425133119569293,-0.12373093449924566,0.1537433654506381,0.13022869971482745,0.08129974701499301,0.06567682565629494,0.1483160687475892,-0.00042237443841652416,0.024888173866125345,-0.01460577735600613,-0.006009154604530625,0.05200699234867616,0.06437799024041496,0.019497647940459696,-0.0004223744384164119,0.02080290878987145,0.024888173866122933,0.08309934178655495,0.02649592863417177,0.14831606874758863,-1.0000000000000049,0.1983251807901136,0.09959572713865586,-0.1149262631647612,-0.04538542051177313,-0.10127039982984294,-0.09621441081254314,-0.7084349593461727,0.1537433654506381,0.3557363722487445,,,,,,,,,-0.11492626316476125,-0.1149262631647615,-0.11492626316476123,0.31917552969937885,-0.11492626316476123,-0.04538542051177301,-0.045385420511772814,-0.04538542051177284,-0.04538542051177284
number_of_reviews,-0.17697419387963104,,-0.0369667457439552,-0.06355857111997798,-0.07149840416305721,-0.05069080193550201,0.036218412607425546,0.022510150457264833,-0.05047117881172713,-0.052278153138792256,0.0491985991496937,-0.12101420508030002,-0.0018450079854635745,-0.1226696394219145,-0.10834530133310304,0.004437391344016201,0.017152076591295237,-0.11044096910807344,0.01609592226235698,,0.024008809777253056,0.060703795470988635,0.06841989914959155,0.0830993417865538,1.0,0.6446529427210396,0.47520770528210926,0.06820085852027716,0.6822707077026261,0.40139824304367777,0.1128377666874792,0.05668687002672063,0.06188392951603382,0.09347873312968988,0.053535115338710894,0.05654899333820566,0.01831555831980588,0.0769979367413851,-0.10924829202143681,-0.08663436215941812,-0.07350759122664824,-0.01997121034277419,0.7298199744867424,-0.021815182867045983,0.0033791576868199853,-0.01753459595582645,-0.011969322226777485,0.6537020175076106,0.03876369882702785,0.06427067374378861,-0.021815182867045913,0.014406470095730761,0.0033791576868276853,0.9999999999999937,0.5499587588023572,0.7298199744867357,-0.08309934178655828,0.4013982430436735,0.4110735143033129,-0.008183386396601476,0.1128377666874792,-0.006574162426365056,-0.007756296217035316,0.06922703756881986,-0.10924829202143681,-0.023018247874206373,,,,,,,,,-0.008183386396601648,-0.008183386396601731,-0.008183386396601723,-0.0677925030894597,-0.008183386396601723,0.1128377666874789,0.11283776668747963,0.11283776668747791,0.11283776668747791
number_of_reviews_ltm,0.08016858788134276,,0.12708664576944603,-0.03146750290717776,-0.03192825858565828,-0.029909745063759232,0.006831490600719397,0.01564460409898942,-0.030563558985420715,-0.03896043665991769,0.013242492804030828,-0.16533305125477885,-0.0010894366717628104,-0.16886824729244845,-0.09700781992976248,0.003026418701214909,0.02933054850923123,-0.14531809727564143,0.028383676287983377,,0.03190662631130818,0.0671170875785578,0.06819717064296733,0.07518002966738414,0.6446529427210396,1.0,0.7906780818835228,0.06765808534725963,0.9199100928378168,0.4574553879097942,0.15918513147626717,0.025214420170201396,0.017618138241862962,0.05187723476781832,0.0175523787052435,0.016296564124046425,0.013308021517304727,0.018858298493617653,-0.053523031656917186,-0.04266913192056778,-0.03543721327044532,-0.009973005433673472,0.8887677987235686,-0.005956964378360528,0.06573586320497116,-0.004409579730306382,0.06784078176850751,0.33210129131803734,0.02225354058726508,0.019646921421493664,-0.005956964378360588,0.07995562707372351,0.06573586320497282,0.6446529427210317,0.27863677363809236,0.8887677987235649,-0.07518002966738321,0.4574553879097934,0.5305223325208589,0.0019271039859301868,0.15918513147626717,0.0006124402577272321,0.0008758871146916696,0.08541625462716744,-0.053523031656917186,0.03641333653092257,,,,,,,,,0.001927103985930182,0.001927103985930201,0.0019271039859301837,-0.05759143059596032,0.0019271039859301837,0.15918513147626723,0.1591851314762671,0.1591851314762665,0.1591851314762665
number_of_reviews_l30d,0.10974939589059944,,0.14318170509806744,-0.03344978163857205,-0.03842649224442891,-0.04102808455668073,0.02941773516969971,0.008941008568412538,-0.03182773882713148,-0.03059261628398931,0.008989991922723758,-0.17329483696795162,-0.0011057093106436574,-0.17799350300626218,-0.10171960085723462,0.0008147179950031003,0.0029324636074406297,-0.15290022967192726,0.003368218649836725,,0.03153140378212769,0.07227306193908545,0.07351513563180229,0.07812077106082581,0.47520770528210926,0.7906780818835228,1.0,0.07299773727745172,0.6332064782677924,0.4467944082794148,0.14270692672993093,0.03400761907160559,0.025868691924202884,0.06243279170295859,0.02274054342247048,0.024095730230586886,0.01710543124545809,0.029546979915265805,-0.057778737284643646,-0.04529552732737826,-0.04020295445169481,-0.009823389245925287,0.7495685720380739,-0.00908236539310818,0.05479701512351431,-0.0070273833732037005,0.0615899065556976,0.3062910393106326,0.016435388894030106,0.01601931922534321,-0.00908236539310819,0.06846421918215298,0.054797015123514106,0.475207705282114,0.2660612077275935,0.7495685720380747,-0.07812077106082405,0.44679440827941447,0.5015112120507033,0.0003233874361780021,0.14270692672993093,-4.19064916016066e-05,8.181939981711633e-05,0.08252714001129118,-0.057778737284643646,0.021037623371177497,,,,,,,,,0.0003233874361780304,0.000323387436178043,0.0003233874361780232,-0.06012495343231383,0.0003233874361780232,0.14270692672993104,0.14270692672993163,0.14270692672993118,0.14270692672993118
availability_eoy,0.3381635638453742,,0.2843045203375101,0.1544647843305374,0.1766915604565792,-0.06370506279209676,0.13922966812903337,0.050110328016199815,0.03493856425794768,0.015714811553174352,-0.0072484041469806785,-0.018451014858679716,-0.00505074782145687,-0.017558858593544252,-0.057176820487774886,-0.00406141709279011,0.014731174369821071,0.0018228016737314211,0.010270436595622767,,0.8747024192820684,0.9736857140955808,0.9999399149960473,0.7567186636962567,0.06820085852027716,0.06765808534725963,0.07299773727745172,1.0,0.06202362395726029,0.09817435313882528,-0.05271472436284913,-0.07951876645221291,-0.10462844196913569,-0.004847179948233332,-0.07490010654755846,-0.10096771530015286,-0.09991114642689167,-0.12318404218409672,-0.00401204139982019,-0.053738836686759064,0.12737409036691558,0.04411981266880699,0.152632500828388,-0.0009864153178233404,-0.030413668950069375,-0.0034568413080592864,-0.014382268115128568,0.04508561402152685,0.01542807786601541,-0.02700283446710679,-0.0009864153178233215,-0.04789427183923981,-0.03041366895006988,0.06820085852027853,0.022004136188315367,0.15263250082838847,-0.7567186636962533,0.09817435313882615,0.0563947074095132,-0.06102685728776014,-0.05271472436284913,-0.051626290237374695,-0.05038480009910661,-0.4696793771253092,-0.00401204139982019,0.25327460562447135,,,,,,,,,-0.061026857287760285,-0.0610268572877606,-0.061026857287760174,0.3118893445177748,-0.061026857287760174,-0.05271472436284911,-0.05271472436284921,-0.05271472436284898,-0.05271472436284898
number_of_reviews_ly,0.03677674949298726,,0.08867045235786995,-0.0285129126958882,-0.028374021939443685,-0.028805417593925662,0.011722321715348412,0.008022510532656898,-0.029136580911062887,-0.04032822608103767,0.009595757511978196,-0.14665043096077418,-0.0009926670526895266,-0.15002557138880024,-0.08762452036675449,0.0015140957600923777,0.014933481986120217,-0.12900802003562553,0.013920810630445946,,0.03036096368037917,0.06173203672161566,0.06253024484333997,0.06886913158982204,0.6822707077026261,0.9199100928378168,0.6332064782677924,0.06202362395726029,1.0,0.3996268142404941,0.13541652341173238,0.02177120206177782,0.015422633087618027,0.04574651569542393,0.015147378520176969,0.01405586173583194,0.007617546784352601,0.015044609469441084,-0.04845161398360772,-0.03886508893111581,-0.03146940258807375,-0.00878912102990045,0.8232917820319827,-0.006114199225669983,0.05530342951119555,-0.003996944493443302,0.06126465167497234,0.322773386646184,0.014495552641025537,0.015373667476124349,-0.006114199225670025,0.06786801676655112,0.05530342951119769,0.6822707077026237,0.2649533639269226,0.8232917820319852,-0.06886913158982098,0.3996268142404969,0.466062853332037,0.0010256881578473425,0.13541652341173238,0.00012056956196658964,-0.00013806014171504488,0.07252162105572726,-0.04845161398360772,0.033564288111215375,,,,,,,,,0.0010256881578473045,0.001025688157847307,0.0010256881578473045,-0.05076330206116147,0.0010256881578473045,0.13541652341173221,0.1354165234117319,0.1354165234117331,0.1354165234117331
estimated_occupancy_l365d,0.10864941057857967,,0.12647853450000177,-0.07623787474237197,-0.08664547097018924,-0.0414875314635767,0.03844078176112971,0.024708783479351133,-0.06252445961167911,-0.08811263848493137,0.03789896907118144,-0.2000661198688438,-0.002943472986553388,-0.20802078730611392,-0.1612898384309008,0.01633595216193086,0.02640654342211912,-0.17619716412585731,0.028261286935212005,,-0.03563425777405013,0.05888498336197344,0.0975343455864198,0.1983251807901126,0.40139824304367777,0.4574553879097942,0.4467944082794148,0.09817435313882528,0.3996268142404941,1.0,0.28935280532245894,0.08524319009496145,0.06318122830056855,0.12554847285004755,0.06161872229555727,0.05097402565524343,0.02714868005516887,0.04582649837989289,-0.12223477138456273,-0.09566040661884093,-0.08555801012329353,-0.023428975131079097,0.4383455718462594,-0.038494294108175994,-0.017085346467191124,-0.033896178455407516,-0.02748407740192128,0.5586664774807476,0.03276297732704913,0.05437388183463631,-0.03849429410817608,0.00241541631744299,-0.01708534646718608,0.4013982430436776,0.5398303206917745,0.43834557184626,-0.1983251807901114,0.9999999999999958,0.7570017425985021,-0.010330412759930753,0.28935280532245894,-0.009470862680225603,-0.010603556685305212,0.15025656768287224,-0.12223477138456273,0.10297861785590626,,,,,,,,,-0.010330412759930819,-0.01033041275993093,-0.010330412759930662,-0.14840625082651815,-0.010330412759930662,0.28935280532245894,0.2893528053224609,0.28935280532245894,0.28935280532245894
estimated_revenue_l365d,-0.0010110103591329147,,0.04524689728694106,-0.009609209012606569,0.006088546391742405,0.00034316363982658105,-0.040102779474850046,0.09012333055920518,0.03765617823432619,0.039332302787091426,0.08303200621296844,-0.11848337846162982,-0.02603884207120786,-0.12424482093326092,-0.07405328102183545,0.00799428656768799,0.016667515442937524,-0.09623779239263616,0.01875958640763511,,-0.06017069043455307,-0.04665443265334644,-0.05206751200356515,-0.04538542051177313,0.1128377666874792,0.15918513147626717,0.14270692672993093,-0.05271472436284913,0.13541652341173238,0.28935280532245894,1.0,0.026876433520780684,0.02366604151068284,0.04116854807557652,0.0139388517123926,0.017853506596999514,0.038245463091691495,0.021618983325515925,-0.05677237841230582,-0.05033065223518533,-0.037086475996488635,-0.014834818389431001,0.13586440514024584,0.2125448039896037,0.16415575236474192,0.25473413468269546,0.11967503037811839,0.18190246313910777,0.0913218816476803,0.07606878219182264,0.21254480398960288,0.1351067300774171,0.16415575236474242,0.11283776668747918,0.18044964057760635,0.13586440514024564,0.04538542051177343,0.289352805322459,0.2367671748487768,0.12742108962640755,1.0,0.12075521488494026,0.12201949360902639,0.12857883065109563,-0.05677237841230582,-0.022682238992236536,,,,,,,,,0.12742108962640758,0.12742108962640822,0.1274210896264076,-0.050211065594458225,0.1274210896264076,0.9999999999999999,1.00000000000001,0.9999999999999919,0.9999999999999919
review_scores_rating,-0.05717967707173468,,-0.10809104933038588,-0.14616733261154194,-0.12854462628196422,-0.05249083210971001,0.0049996553208458295,0.007791813485299822,0.02660128264498405,0.020534486126738943,0.02683108527572777,-0.0003557698720939336,-0.014489168124597343,0.004064564874401893,-0.03774160529934932,-0.016461933871467077,-0.022740746656724264,-0.0009382999392124547,-0.022447663403059634,,-0.09945266250018048,-0.09223666606486766,-0.0799368301420478,-0.055956167812786346,0.05668687002672063,0.025214420170201396,0.03400761907160559,-0.07951876645221291,0.02177120206177782,0.08524319009496145,0.026876433520780684,1.0,0.7978618782398345,0.7253702151314914,0.6666620456781527,0.7469573303236692,0.5794116033676587,0.8107785002583032,-0.14628350506142362,-0.09718057621559649,-0.13057605575498865,-0.017187697378366156,0.03573174389146139,0.015693833342637006,0.059424639716576126,0.010877468958460272,0.07723292912317291,0.1252685291523476,0.009743548330914217,0.03220594528070855,0.015693833342636885,0.05668477829401865,0.05942463971657585,0.056686870026721,0.13258673704726454,0.035731743891461554,0.055956167812786554,0.08524319009496148,0.0656824006299093,0.016985224310917105,0.02687643352078069,0.015091107932512147,0.012512615013953014,0.08425231848186447,-0.14628350506142362,-0.1349426816300079,,,,,,,,,0.016985224310917077,0.01698522431091694,0.016985224310917056,-0.06260730705977775,0.016985224310917056,0.026876433520780705,0.0268764335207807,0.026876433520780712,0.026876433520780712
review_scores_accuracy,-0.08694256539606407,,-0.12132626629312622,-0.16000123647495507,-0.14785580938285894,-0.04541185345368196,0.003176860068122095,-0.004225078013709111,0.008924272340889362,0.005598166772685142,0.017602081689881713,0.005496381088419687,-0.015551019959822906,0.009932070395601551,-0.02231756512475705,-0.01728131781836651,-0.024892697062937067,0.005590873075152462,-0.02437296370932317,,-0.11363655612421887,-0.1124863139402812,-0.10492926899400971,-0.0888793890121256,0.06188392951603382,0.017618138241862962,0.025868691924202884,-0.10462844196913569,0.015422633087618027,0.06318122830056855,0.02366604151068284,0.7978618782398345,1.0,0.6823034110141902,0.6704007966720293,0.7057310916598516,0.548764620625902,0.7736353320312012,-0.1329780973721076,-0.07947601979981338,-0.13665638378733594,-0.020904329356162783,0.02924055075868958,0.003142777903569243,0.0438100633607219,0.006429735774839812,0.05903994165849197,0.13159649256038522,0.003653232896645603,0.02596745453985927,0.003142777903569254,0.04273679464105877,0.043810063360721456,0.06188392951603451,0.13877483384337147,0.0292405507586894,0.08887938901212504,0.06318122830056806,0.05356005386874457,0.013596354523635246,0.023666041510682835,0.01308533524977625,0.01059041805981007,0.07936426519436343,-0.1329780973721076,-0.14997202703845375,,,,,,,,,0.013596354523635248,0.013596354523635204,0.013596354523635175,-0.07032453222346985,0.013596354523635175,0.023666041510682852,0.023666041510683015,0.023666041510682904,0.023666041510682904
review_scores_cleanliness,0.00627365813882517,,-0.022022533932370088,-0.1322009371768391,-0.10881657871282337,-0.053981826687101206,0.023368536741887103,0.0328440798824771,0.013776428164045555,0.011837889066032288,0.030005703401368978,-0.04869707165344316,-0.012257405938083133,-0.046253422187645304,-0.041503418322439416,-0.005153373189910412,-0.009921088420884898,-0.04145818949500794,-0.009799115246079026,,-0.034678949746219025,-0.018380049147778146,-0.005294671926409578,0.0131795204130337,0.09347873312968988,0.05187723476781832,0.06243279170295859,-0.004847179948233332,0.04574651569542393,0.12554847285004755,0.04116854807557652,0.7253702151314914,0.6823034110141902,1.0,0.5441207114550871,0.5575478757424462,0.4763823726516088,0.6641694139537342,-0.09783672138522106,-0.03479773487976527,-0.14873902355355495,-0.021333699586774918,0.0795552887068345,0.025970361938161147,0.10790057896764126,0.018255171270628874,0.11191872045814502,0.17537947224175557,0.037891972374798834,0.03628023442185587,0.025970361938161126,0.10621591698549811,0.10790057896764135,0.09347873312968843,0.18055077723552862,0.07955528870683413,-0.013179520413033514,0.12554847285004747,0.09484136873562786,0.02177010471125435,0.04116854807557654,0.01908793124549562,0.01722821027293599,0.0947249656412142,-0.09783672138522106,-0.06981011215526271,,,,,,,,,0.02177010471125438,0.02177010471125427,0.021770104711254346,-0.06717630830098553,0.021770104711254346,0.04116854807557655,0.04116854807557661,0.041168548075576586,0.041168548075576586
review_scores_checkin,-0.060773243218224464,,-0.0995637711649936,-0.11661842436721397,-0.11395522486420981,-0.04072942911827579,0.011975221611721962,-0.001399152310434083,0.013484525557421323,0.006089806321195622,0.02581159822374372,0.0057866417249811,-0.01930060080128492,0.010636428827381203,-0.030433075797569806,-0.013064087050142864,-0.017513736140140047,0.00397537900297796,-0.016171671936574435,,-0.09271278402723812,-0.08439459014409537,-0.07521583160223275,-0.053682176978470934,0.053535115338710894,0.0175523787052435,0.02274054342247048,-0.07490010654755846,0.015147378520176969,0.06161872229555727,0.0139388517123926,0.6666620456781527,0.6704007966720293,0.5441207114550871,1.0,0.6879908850806505,0.5056510645096216,0.6120625977490874,-0.11898351287921048,-0.07997112518078808,-0.10443713240602626,-0.014198849404218524,0.0262109341222005,0.007161805809834239,0.03050641364317138,0.004296552050383193,0.03549357554649577,0.10446314455503419,0.003841840299628694,0.03083523256024222,0.0071618058098342026,0.028361506951953743,0.030506413643171297,0.05353511533871047,0.10916269768405473,0.02621093412220078,0.05368217697847109,0.061618722295557316,0.046554960177853696,0.01000077330978167,0.01393885171239261,0.009161611174127803,0.00745205071017917,0.052394200843930955,-0.11898351287921048,-0.10173492153015788,,,,,,,,,0.01000077330978168,0.010000773309781693,0.01000077330978171,-0.05714096277679638,0.01000077330978171,0.013938851712392635,0.013938851712392631,0.013938851712392593,0.013938851712392593
review_scores_communication,-0.08185979103447917,,-0.11932155371699144,-0.18896173942982747,-0.1651216250350199,-0.04886432874118399,0.01312090685580156,0.013098267986290612,0.014640159653504414,0.015604366892236335,0.03789172679998884,0.0021139713379334946,-0.017216835820931795,0.007612576184316374,-0.05694108669228545,-0.020656216643306094,-0.030281184303382253,-0.00015953922369040668,-0.0294600256843107,,-0.10939536999363082,-0.10829853586054586,-0.10134145524028755,-0.0858127078139846,0.05654899333820566,0.016296564124046425,0.024095730230586886,-0.10096771530015286,0.01405586173583194,0.05097402565524343,0.017853506596999514,0.7469573303236692,0.7057310916598516,0.5575478757424462,0.6879908850806505,1.0,0.5193556384286804,0.689610198404408,-0.20831579706371794,-0.14714932983119902,-0.1681436492868958,-0.023387602872881406,0.02785040924193183,0.007977732853163588,0.027987060610459396,0.003793322664604607,0.02473280218289074,0.1265994816457538,0.016927927163892006,0.0442511339246392,0.007977732853163572,0.024219831434886267,0.027987060610459122,0.056548993338205615,0.1344647531718531,0.027850409241931884,0.08581270781398413,0.05097402565524361,0.04605495016047262,0.010702900200173046,0.017853506596999514,0.008981903644757927,0.007339173792134064,0.06676798452366746,-0.20831579706371794,-0.15607066277158657,,,,,,,,,0.010702900200173044,0.010702900200172932,0.01070290020017307,-0.06736534369249422,0.01070290020017307,0.01785350659699952,0.017853506596999497,0.017853506596999583,0.017853506596999583
review_scores_location,-0.0678385901900157,,-0.08840466309208701,-0.07986273844881206,-0.07558439999968196,0.01551514152972791,-0.13679874174193643,-0.0007443427832988954,-0.00021755278833004041,-0.03546930840405065,-0.007806556755840673,0.003496015724670319,-0.006571774867516457,0.008888944316477175,-0.015345968396207724,-0.004595868691145548,-0.0023182681399368777,-0.0019434942489377947,-0.002709031564601443,,-0.11282493818105246,-0.11015875757437106,-0.10010043323127665,-0.08425133119569293,0.01831555831980588,0.013308021517304727,0.01710543124545809,-0.09991114642689167,0.007617546784352601,0.02714868005516887,0.038245463091691495,0.5794116033676587,0.548764620625902,0.4763823726516088,0.5056510645096216,0.5193556384286804,1.0,0.5738950549985401,-0.06561258504013913,-0.02045930869011525,-0.10572599284558605,-0.02816904013505057,0.01420357134285797,0.03679564719733648,0.15716094268940617,0.03012798613222608,0.18255731282142323,0.04126034058080019,0.009434290371060096,0.002730378690522209,0.036795647197336474,0.1596423148340457,0.15716094268940614,0.018315558319806188,0.0459752055518779,0.014203571342857971,0.08425133119569332,0.027148680055168895,0.02062103588863434,0.02612575967580627,0.0382454630916915,0.022761311123621026,0.02269371538540397,0.13087327715319833,-0.06561258504013913,-0.0971469363076413,,,,,,,,,0.026125759675806312,0.026125759675806437,0.02612575967580623,-0.07852295561032119,0.02612575967580623,0.03824546309169149,0.03824546309169164,0.038245463091691495,0.038245463091691495
review_scores_value,-0.11614993681682209,,-0.129655924238095,-0.20165893200189877,-0.17658868896212027,-0.060147404815828524,0.030948901879105564,-0.006172343530475478,0.02327748565900015,0.0320896329235728,0.03155633923677974,0.010544762628385265,-0.012216151383189976,0.014952277002730587,-0.05821023605705553,-0.014019437787008386,-0.021096303693048695,0.0030650331104355843,-0.020566032100145598,,-0.11904960033574606,-0.12679652495681148,-0.12339126302528998,-0.12373093449924566,0.0769979367413851,0.018858298493617653,0.029546979915265805,-0.12318404218409672,0.015044609469441084,0.04582649837989289,0.021618983325515925,0.8107785002583032,0.7736353320312012,0.6641694139537342,0.6120625977490874,0.689610198404408,0.5738950549985401,1.0,-0.21585573450399617,-0.16898511149209686,-0.14066878150299414,-0.025302391343669784,0.03694088946699612,0.007765480729463164,-0.001773348158922363,0.005457190352350262,0.013734313532481295,0.15478295683202542,-0.007611823992128136,0.038973963995908745,0.007765480729463128,-0.008772043361743278,-0.0017733481589229207,0.0769979367413854,0.1613483598757641,0.036940889466996335,0.12373093449924638,0.045826498379893034,0.05463859105727866,0.014605740167357955,0.02161898332551592,0.01436496798302266,0.01139877408823492,0.0589226748167255,-0.21585573450399617,-0.19641571678571396,,,,,,,,,0.014605740167357972,0.014605740167357958,0.014605740167357956,-0.04982846367999566,0.014605740167357956,0.02161898332551589,0.021618983325515987,0.021618983325515907,0.021618983325515907
calculated_host_listings_count,0.20576104982348004,,-0.06598884376672327,0.4711091621523864,0.573110014463258,0.06012496671494927,-0.1174920414288399,-0.06075181664035009,0.01784839306279491,0.043503539503847326,-0.09121647416543958,0.01849874348893881,-0.0016115380046754539,0.011050137758369799,0.7140532288915691,-0.00345585971211945,-0.005868479555171728,0.057451080749934394,-0.005415883820276515,,-0.006593106880526163,-0.013331598503043928,-0.004629074628252856,0.1537433654506381,-0.10924829202143681,-0.053523031656917186,-0.057778737284643646,-0.00401204139982019,-0.04845161398360772,-0.12223477138456273,-0.05677237841230582,-0.14628350506142362,-0.1329780973721076,-0.09783672138522106,-0.11898351287921048,-0.20831579706371794,-0.06561258504013913,-0.21585573450399617,1.0,0.9305802259812842,0.32002244497830756,-0.013044215219044577,-0.06303309692496721,0.02269015307325462,0.21548032203697737,0.02960442684082934,0.3001922368062695,-0.2616906464410651,-0.05411735715074484,-0.08134695310248823,0.022690153073254754,0.23642439146092004,0.21548032203697437,-0.10924829202143664,-0.2849802698839774,-0.06303309692496734,-0.15374336545063927,-0.12223477138456276,-0.08296290450061508,0.014535728538366308,-0.05677237841230582,0.013434274098081126,0.01111518101968084,0.14572971257677914,1.0,0.3066196810761078,,,,,,,,,0.014535728538366408,0.014535728538366571,0.014535728538366436,-0.04683675345300573,0.014535728538366436,-0.05677237841230557,-0.05677237841230622,-0.05677237841230551,-0.05677237841230551
calculated_host_listings_count_entire_homes,0.1813288477982154,,-0.049152149772227795,0.6791496750143977,0.6499582270389203,0.07613188091846539,-0.14962403654987488,-0.00044219526428367734,-0.00936822512902871,-0.051419827349840665,-0.06473573846396777,0.020435375624633063,-0.0012302611538221864,0.011720831303306744,0.7530482434736124,-0.0028131699218932366,-0.005050935648762223,0.04329724606504339,-0.004674115410241283,,-0.07328343757289033,-0.07175469586767855,-0.05457573089496867,0.13022869971482745,-0.08663436215941812,-0.04266913192056778,-0.04529552732737826,-0.053738836686759064,-0.03886508893111581,-0.09566040661884093,-0.05033065223518533,-0.09718057621559649,-0.07947601979981338,-0.03479773487976527,-0.07997112518078808,-0.14714932983119902,-0.02045930869011525,-0.16898511149209686,0.9305802259812842,1.0,-0.04891781307822412,-0.01625605147659865,-0.0472096445071897,0.027628712068045246,0.308259697663015,0.03129561364080323,0.3409931624199122,-0.2098178464926759,0.037601485437967014,-0.050510646640296926,0.027628712068045385,0.33540344583449017,0.3082596976630113,-0.08663436215941828,-0.22979826143974746,-0.04720964450718971,-0.13022869971482656,-0.09566040661884068,-0.06425127255619753,0.016178121404058218,-0.05033065223518533,0.013287703256348607,0.011926938589344441,0.17009865681208175,0.930580225981284,0.23650145045782123,,,,,,,,,0.016178121404058336,0.016178121404058363,0.016178121404058277,-0.07417761521850873,0.016178121404058277,-0.05033065223518517,-0.05033065223518533,-0.05033065223518542,-0.05033065223518542
calculated_host_listings_count_private_rooms,0.09120796887635373,,-0.053770769595052025,0.13720460516198618,0.26967345544901444,-0.03299056183206991,0.06675962159804509,-0.16404057691170615,0.08486629917711899,0.2664654021283482,-0.09009926561203685,-0.0021565861496955544,-0.0012061243893738323,6.801851858462504e-05,-0.0004635546928543447,-0.0021329723392227453,-0.0029119242821612763,0.044944103276866286,-0.0026544171117251695,,0.17113085717753437,0.148605417802863,0.1278538254418344,0.08129974701499301,-0.07350759122664824,-0.03543721327044532,-0.04020295445169481,0.12737409036691558,-0.03146940258807375,-0.08555801012329353,-0.037086475996488635,-0.13057605575498865,-0.13665638378733594,-0.14873902355355495,-0.10443713240602626,-0.1681436492868958,-0.10572599284558605,-0.14066878150299414,0.32002244497830756,-0.04891781307822412,1.0,-0.003293075144607787,-0.04527046732498785,-0.018751061432181908,-0.2642784944160704,-0.008399519299804793,-0.09698578064569983,-0.17027250935181176,-0.2440659618932838,-0.10233679042658493,-0.018751061432181918,-0.2804032712790418,-0.26427849441607104,-0.07350759122664778,-0.18207221409926855,-0.04527046732498817,-0.081299747014992,-0.08555801012329309,-0.05974530959210585,-0.007291778764413396,-0.03708647599648863,-0.0017455240304844871,-0.004809835672402455,-0.0879633652610602,0.3200224449783075,0.22329825743477288,,,,,,,,,-0.007291778764413361,-0.007291778764413396,-0.007291778764413334,0.1061714646863615,-0.007291778764413334,-0.03708647599648865,-0.03708647599648907,-0.03708647599648856,-0.03708647599648856
calculated_host_listings_count_shared_rooms,0.08407064801777536,,0.0524172461220045,-0.008321751983396367,-0.011151698032051507,-0.013039806609493814,0.018239377400983844,-0.05397846709541538,0.07828161685250182,-0.023558504153968457,-0.03165695081028655,0.00811252763183988,-0.00036077589976867274,0.008643794847613675,-0.007155605936568446,-0.0008055554738708343,-0.0014406413880891688,0.005298236709574588,-0.0013340360760684983,,0.021679043544547333,0.03570538347684536,0.04388442234501218,0.06567682565629494,-0.01997121034277419,-0.009973005433673472,-0.009823389245925287,0.04411981266880699,-0.00878912102990045,-0.023428975131079097,-0.014834818389431001,-0.017187697378366156,-0.020904329356162783,-0.021333699586774918,-0.014198849404218524,-0.023387602872881406,-0.02816904013505057,-0.025302391343669784,-0.013044215219044577,-0.01625605147659865,-0.003293075144607787,1.0,-0.007196899982382844,-0.01215830210588677,-0.11572330435944826,-0.007951202342397221,-0.05140187338819401,-0.04963654841801273,-0.08315592997582182,-0.035218888181959784,-0.012158302105886766,-0.11280349454197855,-0.11572330435945181,-0.019971210342773844,-0.054479128973241434,-0.007196899982382875,-0.06567682565629429,-0.023428975131078816,-0.014695771666794435,-0.007813367779895898,-0.014834818389431001,-0.005882357004700029,-0.005573694438705104,-0.09096913065003003,-0.01304421521904458,0.05939601143059691,,,,,,,,,-0.007813367779895835,-0.007813367779895901,-0.007813367779895847,0.04113510577409548,-0.007813367779895847,-0.014834818389430807,-0.014834818389430989,-0.014834818389431004,-0.014834818389431004
reviews_per_month,0.2036370212615715,,0.24488763433958774,-0.06475686564426614,-0.03436227543389447,-0.0420589396746547,0.02412626988999632,0.036559773070447735,-0.03859944285179104,-0.02885137018236318,0.014082875534410922,-0.19578794526696466,-0.0026573288665303475,-0.19883147208469498,-0.12723040685678413,0.0012520035775863611,0.021568031213790587,-0.16522788591529258,0.018966721589109798,,0.11086126869656648,0.15266352501554675,0.15319105428480093,0.1483160687475892,0.7298199744867424,0.8887677987235686,0.7495685720380739,0.152632500828388,0.8232917820319827,0.4383455718462594,0.13586440514024584,0.03573174389146139,0.02924055075868958,0.0795552887068345,0.0262109341222005,0.02785040924193183,0.01420357134285797,0.03694088946699612,-0.06303309692496721,-0.0472096445071897,-0.04527046732498785,-0.007196899982382844,1.0,0.006643376104470165,0.11298660496774336,0.005673969014348497,0.10722218474147678,0.4815574603716774,0.043955497171447325,0.021456328807133666,0.006643376104470203,0.12174610979676807,0.11298660496774336,0.7298199744867486,0.428251183394028,1.0000000000000002,-0.14831606874758946,0.4383455718462605,0.4846812734386546,0.003400440619651643,0.13586440514024584,0.0008462401501135923,0.0019007698545392307,0.09223577523811119,-0.06303309692496721,0.062047443931582076,,,,,,,,,0.003400440619651628,0.0034004406196517204,0.0034004406196516523,-0.06693555931160806,0.0034004406196516523,0.1358644051402459,0.13586440514024598,0.13586440514024622,0.13586440514024622
price_clean,0.028119669848510075,,0.01862533453840368,0.1082556913975232,0.18032164195606115,0.02302643676959422,-0.06489795784931195,0.11004182089134237,0.07139086208952458,0.0420404274165626,0.01601442898436759,-0.048432998753881074,0.061115804648584994,-0.049816749142462965,0.004080037586853254,0.00045544949452260854,0.001761717213225284,-0.03934744909738404,0.001581758732067133,,0.01104527231521128,0.008172359127509774,-0.0002463037050327839,-0.00042237443841652416,-0.021815182867045983,-0.005956964378360528,-0.00908236539310818,-0.0009864153178233404,-0.006114199225669983,-0.038494294108175994,0.2125448039896037,0.015693833342637006,0.003142777903569243,0.025970361938161147,0.007161805809834239,0.007977732853163588,0.03679564719733648,0.007765480729463164,0.02269015307325462,0.027628712068045246,-0.018751061432181908,-0.01215830210588677,0.006643376104470165,1.0,0.3835513117614645,0.8841454118615855,0.3770122722100013,-0.05364052210980505,0.09535733680315961,-0.018399416657422202,0.9999999999999968,0.18471226821496597,0.383551311761464,-0.021815182867045774,-0.058968668229573244,0.006643376104470181,0.00042237443841649727,-0.03849429410817587,-0.016017692893103168,0.6955020635684348,0.21254480398960368,0.6466535293686975,0.6698133268638553,0.17297303674822165,0.022690153073254612,0.03374100959145679,,,,,,,,,0.6955020635684348,0.6955020635684442,0.6955020635684385,-0.030763015922207773,0.6955020635684385,0.2125448039896037,0.21254480398960468,0.2125448039896036,0.2125448039896036
log_price,0.04217744629582027,,0.013663042121119752,0.2194737680395097,0.20403721734787236,0.08070970940605836,-0.30501211401736006,0.4967191356577492,0.187609622799516,0.17253574966863552,0.3342660920275664,-0.10086156321874176,0.11201688941944749,-0.11009675483500639,0.1937055196548868,0.007305543100021577,0.02512845571941106,-0.08005568337910372,0.022611781365219234,,-0.0012915086860945833,-0.014795458477678033,-0.028950709640635487,0.024888173866125345,0.0033791576868199853,0.06573586320497116,0.05479701512351431,-0.030413668950069375,0.05530342951119555,-0.017085346467191124,0.16415575236474192,0.059424639716576126,0.0438100633607219,0.10790057896764126,0.03050641364317138,0.027987060610459396,0.15716094268940617,-0.001773348158922363,0.21548032203697737,0.308259697663015,-0.2642784944160704,-0.11572330435944826,0.11298660496774336,0.3835513117614645,1.0,0.3095744250595829,0.728306025448213,-0.03702765963714054,0.5571938629923547,0.34108253526874005,0.3835513117614697,0.9584121765549196,0.9999999999999986,0.003379157686820009,-0.05087791238428738,0.1129866049677433,-0.02488817386612537,-0.01708534646719107,0.05882708478131062,0.23311629530452802,0.16415575236474184,0.18717804659599133,0.20349315283034855,0.4450839009276195,0.21548032203697728,-0.019026939678842107,,,,,,,,,0.2331162953045281,0.23311629530453076,0.23311629530453024,-0.2085905205294735,0.23311629530453024,0.16415575236474206,0.16415575236474197,0.16415575236474142,0.16415575236474142
price_per_accommodates,0.022709802018665366,,0.01464035444135532,0.11326795448371614,0.1710531773548868,0.019687212947467697,-0.05796966635652443,-0.016358377622396503,-0.0063143408387974906,-0.020656991661441214,-0.04523156793245378,-0.04105133027518757,0.051969433597904964,-0.04209880437484315,0.009059068689701374,0.0009826556615704588,0.0028176486666303706,-0.031719906177508424,0.0024105216372461115,,0.007872653712966847,0.003178019706374911,-0.0028446642998167836,-0.01460577735600613,-0.01753459595582645,-0.004409579730306382,-0.0070273833732037005,-0.0034568413080592864,-0.003996944493443302,-0.033896178455407516,0.25473413468269546,0.010877468958460272,0.006429735774839812,0.018255171270628874,0.004296552050383193,0.003793322664604607,0.03012798613222608,0.005457190352350262,0.02960442684082934,0.03129561364080323,-0.008399519299804793,-0.007951202342397221,0.005673969014348497,0.8841454118615855,0.3095744250595829,1.0,0.37881446482882125,-0.049191379218959504,-0.013334676308845592,-0.07041910440480495,0.8841454118615806,0.1366195608519475,0.30957442505958155,-0.01753459595582647,-0.05415576773408341,0.005673969014348475,0.014605777356006096,-0.033896178455407565,-0.015264761937688236,0.8049208165245203,0.25473413468269546,0.7994590260547276,0.8055384691475967,0.14531176787673578,0.029604426840829336,0.0298714249066621,,,,,,,,,0.8049208165245203,0.8049208165245336,0.8049208165245274,-0.02286452895460386,0.8049208165245274,0.2547341346826954,0.2547341346826929,0.2547341346826936,0.2547341346826936
log_price_per_accommodates,0.06408980634724061,,-0.013569309175445885,0.30600472659092526,0.31316549140536204,0.1016028552132734,-0.33159084910067477,-0.16775756240247341,-0.0009862897340399415,-0.11809684865273329,-0.12436222619033763,-0.09029109360008289,0.07903700335239508,-0.09894145973796276,0.23198323713711566,0.010361469934487496,0.031363226780592494,-0.05256213068393711,0.02757533449390883,,0.013239562985062072,-0.002389540246599535,-0.012614549549177177,-0.006009154604530625,-0.011969322226777485,0.06784078176850751,0.0615899065556976,-0.014382268115128568,0.06126465167497234,-0.02748407740192128,0.11967503037811839,0.07723292912317291,0.05903994165849197,0.11191872045814502,0.03549357554649577,0.02473280218289074,0.18255731282142323,0.013734313532481295,0.3001922368062695,0.3409931624199122,-0.09698578064569983,-0.05140187338819401,0.10722218474147678,0.3770122722100013,0.728306025448213,0.37881446482882125,1.0,-0.10800900162855694,-0.1632135990488935,-0.12594311498998095,0.3770122722100019,0.6637860536917315,0.7283060254482134,-0.01196932222677743,-0.1263755219879577,0.10722218474147653,0.006009154604530646,-0.02748407740192108,0.05067682360766106,0.24889185433197408,0.11967503037811836,0.23263499773710114,0.23992958676464263,0.3242427042569789,0.30019223680626944,0.028474452537594334,,,,,,,,,0.24889185433197397,0.2488918543319764,0.24889185433197444,-0.1448357402964198,0.24889185433197444,0.11967503037811847,0.11967503037811854,0.11967503037811766,0.11967503037811766
log_reviews,-0.32417684408813785,,-0.0651926079481307,-0.16204711651514778,-0.18635381316381286,-0.07274702692234813,0.08662201931187469,0.07303349858624433,-0.06612737969989921,-0.070768491155643,0.12620353492449402,-0.14646096671798958,-0.0013638945357668526,-0.14792969038522133,-0.2073679176017428,0.006984745531102551,0.018943987065369518,-0.13556965728037743,0.018391476949878412,,-0.018390807305920926,0.031124176602226904,0.045088192350727474,0.05200699234867616,0.6537020175076106,0.33210129131803734,0.3062910393106326,0.04508561402152685,0.322773386646184,0.5586664774807476,0.18190246313910777,0.1252685291523476,0.13159649256038522,0.17537947224175557,0.10446314455503419,0.1265994816457538,0.04126034058080019,0.15478295683202542,-0.2616906464410651,-0.2098178464926759,-0.17027250935181176,-0.04963654841801273,0.4815574603716774,-0.05364052210980505,-0.03702765963714054,-0.049191379218959504,-0.10800900162855694,1.0,0.1014198674362993,0.14775874743375622,-0.053640522109805605,-0.018964737236317645,-0.03702765963712585,0.6537020175076123,0.9835682378134686,0.48155746037167557,-0.052006992348675035,0.5586664774807443,0.44897743720041616,-0.01989629402428355,0.1819024631391078,-0.018621281902743037,-0.020266817596669394,0.11403566536217252,-0.2616906464410651,-0.0637675694119088,,,,,,,,,-0.01989629402428397,-0.019896294024283886,-0.019896294024283848,-0.1185186704746285,-0.019896294024283848,0.18190246313910718,0.18190246313910866,0.18190246313910857,0.18190246313910857
log_accommodates,0.020953798154430922,,0.047026179055963985,-0.03948646940226079,-0.062289500142920964,-0.0146259859285418,-0.048987567746121743,0.9177301983682942,0.27173661825678086,0.39650821379622525,0.6325868825689273,-0.031358765561164445,-0.007856758428110866,-0.033353422017833145,-0.005489009210288696,-4.774446405476147e-06,-0.00033665875682306173,-0.04901143676868757,0.0002973735027498516,,0.004366458749214475,0.01357094672392696,0.015197809957835961,0.06437799024041496,0.03876369882702785,0.02225354058726508,0.016435388894030106,0.01542807786601541,0.014495552641025537,0.03276297732704913,0.0913218816476803,0.009743548330914217,0.003653232896645603,0.037891972374798834,0.003841840299628694,0.016927927163892006,0.009434290371060096,-0.007611823992128136,-0.05411735715074484,0.037601485437967014,-0.2440659618932838,-0.08315592997582182,0.043955497171447325,0.09535733680315961,0.5571938629923547,-0.013334676308845592,-0.1632135990488935,0.1014198674362993,1.0,0.6442502098954264,0.09535733680316047,0.5755025860180994,0.557193862992356,0.03876369882702711,0.10262727257801063,0.04395549717144743,-0.06437799024041463,0.03276297732704944,0.03549348588003455,0.03402391496308591,0.0913218816476803,-0.012415704728965159,0.004729038805585151,0.24747982881237782,-0.054117357150744845,-0.04090245446193007,,,,,,,,,0.03402391496308587,0.03402391496308595,0.03402391496308604,-0.12476940174140756,0.03402391496308604,0.09132188164768022,0.09132188164767986,0.09132188164768013,0.09132188164768013
log_beds,-0.07992158717032247,,-0.02151190702615537,-0.0730491063197107,-0.0964336740980562,-0.06023870735492117,0.03528346417684356,0.6728813051859621,0.3029017882083032,0.5301312840975875,0.9341754091694995,-0.016722106974792195,0.022437768980559703,-0.01778265909984372,-0.044447036454019366,-0.0038686980968489393,-0.005851181848793528,-0.025542553468419618,-0.006612058286937768,,-0.01618776572329479,-0.018806742982448627,-0.0273333486428802,0.019497647940459696,0.06427067374378861,0.019646921421493664,0.01601931922534321,-0.02700283446710679,0.015373667476124349,0.05437388183463631,0.07606878219182264,0.03220594528070855,0.02596745453985927,0.03628023442185587,0.03083523256024222,0.0442511339246392,0.002730378690522209,0.038973963995908745,-0.08134695310248823,-0.050510646640296926,-0.10233679042658493,-0.035218888181959784,0.021456328807133666,-0.018399416657422202,0.34108253526874005,-0.07041910440480495,-0.12594311498998095,0.14775874743375622,0.6442502098954264,1.0,-0.01839941665742206,0.3656612919992055,0.3410825352687401,0.06427067374378889,0.14883718804939633,0.021456328807133718,-0.0194976479404599,0.05437388183463632,0.052534690586185706,-0.015256572703351077,0.07606878219182264,-0.044035745789787716,-0.04249130616371537,0.1725198902718701,-0.08134695310248821,-0.09479424430404303,,,,,,,,,-0.015256572703351078,-0.015256572703350927,-0.01525657270335096,-0.09829039632752042,-0.01525657270335096,0.07606878219182278,0.07606878219182288,0.0760687821918227,0.0760687821918227
price_zscore,0.02811966984851005,,0.018625334538403794,0.10825569139752228,0.18032164195606049,0.023026436769594236,-0.06489795784931172,0.11004182089134185,0.07139086208952353,0.04204042741656315,0.016014428984367616,-0.04843299875388074,0.06111580464858501,-0.04981674914246269,0.004080037586853273,0.0004554494945226055,0.0017617172132252566,-0.0393474490973841,0.001581758732067135,,0.011045272315211262,0.008172359127509698,-0.0002463037050328132,-0.0004223744384164119,-0.021815182867045913,-0.005956964378360588,-0.00908236539310819,-0.0009864153178233215,-0.006114199225670025,-0.03849429410817608,0.21254480398960288,0.015693833342636885,0.003142777903569254,0.025970361938161126,0.0071618058098342026,0.007977732853163572,0.036795647197336474,0.007765480729463128,0.022690153073254754,0.027628712068045385,-0.018751061432181918,-0.012158302105886766,0.006643376104470203,0.9999999999999968,0.3835513117614697,0.8841454118615806,0.3770122722100019,-0.053640522109805605,0.09535733680316047,-0.01839941665742206,1.0,0.18471226821496453,0.3835513117614651,-0.021815182867045983,-0.05896866822957351,0.006643376104470148,0.0004223744384165278,-0.03849429410817606,-0.016017692893103248,0.6955020635684321,0.21254480398960282,0.6466535293686941,0.6698133268638463,0.17297303674821926,0.022690153073254754,0.03374100959145726,,,,,,,,,0.6955020635684321,0.6955020635684416,0.6955020635684328,-0.030763015922207718,0.6955020635684328,0.21254480398960288,0.2125448039896049,0.2125448039896037,0.2125448039896037
price_percentile,0.03336805780249776,,-0.004926626562535323,0.18667768208128904,0.1587253583934058,0.07704302907768174,-0.31747795333016027,0.4899872729309058,0.14406077098374484,0.1583359748822534,0.3426207807135426,-0.0980106126835175,0.11133981795209474,-0.1076615131650187,0.21742192196467094,0.00856936398975851,0.02884382680777201,-0.07721532679943331,0.025973231884017484,,-0.022805619133459673,-0.03443248577807309,-0.04650557443714988,0.02080290878987145,0.014406470095730761,0.07995562707372351,0.06846421918215298,-0.04789427183923981,0.06786801676655112,0.00241541631744299,0.1351067300774171,0.05668477829401865,0.04273679464105877,0.10621591698549811,0.028361506951953743,0.024219831434886267,0.1596423148340457,-0.008772043361743278,0.23642439146092004,0.33540344583449017,-0.2804032712790418,-0.11280349454197855,0.12174610979676807,0.18471226821496597,0.9584121765549196,0.1366195608519475,0.6637860536917315,-0.018964737236317645,0.5755025860180994,0.3656612919992055,0.18471226821496453,1.0,0.9584121765549243,0.01440647009573074,-0.031918497401766784,0.12174610979676816,-0.02080290878987139,0.0024154163174429427,0.07597870735018421,0.10426092805535238,0.13510673007741705,0.07096045936500066,0.07998884108710558,0.4375628179252809,0.23642439146092004,-0.0302881935475933,,,,,,,,,0.10426092805535245,0.1042609280553518,0.10426092805535168,-0.22190650446096027,0.10426092805535168,0.135106730077417,0.13510673007741722,0.13510673007741747,0.13510673007741747
log_price_zscore,0.04217744629579701,,0.013663042121109876,0.21947376803950783,0.2040372173478718,0.08070970940605761,-0.30501211401735845,0.49671913565774906,0.18760962279951435,0.17253574966863472,0.3342660920275658,-0.10086156321874082,0.11201688941945064,-0.11009675483500511,0.19370551965488503,0.007305543100021671,0.02512845571941128,-0.08005568337910396,0.022611781365219703,,-0.0012915086860944805,-0.014795458477677943,-0.028950709640635952,0.024888173866122933,0.0033791576868276853,0.06573586320497282,0.054797015123514106,-0.03041366895006988,0.05530342951119769,-0.01708534646718608,0.16415575236474242,0.05942463971657585,0.043810063360721456,0.10790057896764135,0.030506413643171297,0.027987060610459122,0.15716094268940614,-0.0017733481589229207,0.21548032203697437,0.3082596976630113,-0.26427849441607104,-0.11572330435945181,0.11298660496774336,0.383551311761464,0.9999999999999986,0.30957442505958155,0.7283060254482134,-0.03702765963712585,0.557193862992356,0.3410825352687401,0.3835513117614651,0.9584121765549243,1.0,0.0033791576868277247,-0.050877912384272375,0.11298660496774321,-0.024888173866122958,-0.01708534646718607,0.0588270847813137,0.2331162953045283,0.16415575236474242,0.18717804659599172,0.20349315283034988,0.44508390092761335,0.21548032203697431,-0.01902693967884606,,,,,,,,,0.23311629530452818,0.23311629530453098,0.23311629530453074,-0.20859052052947188,0.23311629530453074,0.1641557523647424,0.16415575236474342,0.1641557523647423,0.1641557523647423
reviews_zscore,-0.17697419387962707,,-0.036966745743953415,-0.06355857111997792,-0.07149840416305712,-0.0506908019355013,0.036218412607425726,0.022510150457264764,-0.0504711788117268,-0.05227815313879189,0.04919859914969351,-0.12101420508029896,-0.0018450079854635717,-0.12266963942191418,-0.108345301333104,0.004437391344016177,0.017152076591295196,-0.1104409691080736,0.016095922262357,,0.024008809777252605,0.06070379547098949,0.0684198991495927,0.08309934178655495,0.9999999999999937,0.6446529427210317,0.475207705282114,0.06820085852027853,0.6822707077026237,0.4013982430436776,0.11283776668747918,0.056686870026721,0.06188392951603451,0.09347873312968843,0.05353511533871047,0.056548993338205615,0.018315558319806188,0.0769979367413854,-0.10924829202143664,-0.08663436215941828,-0.07350759122664778,-0.019971210342773844,0.7298199744867486,-0.021815182867045774,0.003379157686820009,-0.01753459595582647,-0.01196932222677743,0.6537020175076123,0.03876369882702711,0.06427067374378889,-0.021815182867045983,0.01440647009573074,0.0033791576868277247,1.0,0.5499587588023559,0.7298199744867443,-0.08309934178655734,0.4013982430436797,0.41107351430331374,-0.008183386396601463,0.1128377666874792,-0.006574162426365019,-0.007756296217035215,0.06922703756882038,-0.10924829202143661,-0.023018247874204683,,,,,,,,,-0.008183386396601653,-0.008183386396601721,-0.008183386396601657,-0.0677925030894601,-0.008183386396601657,0.11283776668747893,0.11283776668747958,0.11283776668747841,0.11283776668747841
reviews_percentile,-0.3401818875989198,,-0.07731576834697072,-0.18176997862973446,-0.20836009015173232,-0.0682477625997582,0.08600696158172329,0.07321460488583857,-0.06460596176044944,-0.07445720918529156,0.12805602874390218,-0.13649564120056043,-0.0002836361778817251,-0.13737055582929306,-0.2181917209609537,0.007494076338244996,0.016936256455574412,-0.12665558361097387,0.016964534059722303,,-0.0384306815408239,0.00796225892675809,0.021953871853922047,0.02649592863417177,0.5499587588023572,0.27863677363809236,0.2660612077275935,0.022004136188315367,0.2649533639269226,0.5398303206917745,0.18044964057760635,0.13258673704726454,0.13877483384337147,0.18055077723552862,0.10916269768405473,0.1344647531718531,0.0459752055518779,0.1613483598757641,-0.2849802698839774,-0.22979826143974746,-0.18207221409926855,-0.054479128973241434,0.428251183394028,-0.058968668229573244,-0.05087791238428738,-0.05415576773408341,-0.1263755219879577,0.9835682378134686,0.10262727257801063,0.14883718804939633,-0.05896866822957351,-0.031918497401766784,-0.050877912384272375,0.5499587588023559,1.0,0.4282511833940254,-0.02649592863417554,0.5398303206917691,0.40501638709995674,-0.021301250612779914,0.18044964057760635,-0.019815080487801937,-0.02143995784182793,0.11097937277691478,-0.2849802698839774,-0.0701783848209039,,,,,,,,,-0.021301250612780237,-0.021301250612780424,-0.02130125061277993,-0.11961472833145942,-0.02130125061277993,0.18044964057760568,0.18044964057760612,0.18044964057760637,0.18044964057760637
reviews_per_month_zscore,0.20363702126157107,,0.24488763433958796,-0.0647568656442663,-0.0343622754338946,-0.04205893967465465,0.02412626988999621,0.03655977307044731,-0.03859944285179082,-0.028851370182363105,0.014082875534410906,-0.19578794526696464,-0.0026573288665303263,-0.19883147208469484,-0.12723040685678375,0.001252003577586322,0.02156803121379039,-0.16522788591529253,0.0189667215891096,,0.11086126869656558,0.1526635250155456,0.15319105428480065,0.14831606874758863,0.7298199744867357,0.8887677987235649,0.7495685720380747,0.15263250082838847,0.8232917820319852,0.43834557184626,0.13586440514024564,0.035731743891461554,0.0292405507586894,0.07955528870683413,0.02621093412220078,0.027850409241931884,0.014203571342857971,0.036940889466996335,-0.06303309692496734,-0.04720964450718971,-0.04527046732498817,-0.007196899982382875,1.0000000000000002,0.006643376104470181,0.1129866049677433,0.005673969014348475,0.10722218474147653,0.48155746037167557,0.04395549717144743,0.021456328807133718,0.006643376104470148,0.12174610979676816,0.11298660496774321,0.7298199744867443,0.4282511833940254,1.0,-0.14831606874758993,0.43834557184625905,0.48468127343865486,0.003400440619651636,0.13586440514024567,0.0008462401501135686,0.0019007698545392532,0.09223577523811093,-0.06303309692496734,0.062047443931581736,,,,,,,,,0.0034004406196516167,0.0034004406196517134,0.003400440619651658,-0.06693555931160779,0.003400440619651658,0.13586440514024561,0.1358644051402456,0.13586440514024603,0.13586440514024603
occupancy_rate,-0.400994732675141,,-0.24835420555220622,-0.16468972125846087,-0.19053873413072958,0.0342308174657196,-0.08637286386305869,-0.09082056612168342,-0.07760753402898475,-0.017933679015035547,-0.02768305004661222,0.016061894649823973,0.005794570658411083,0.016856317813377406,-0.07586894684245757,0.00671164992258466,-0.01110078176410317,-0.008003301042398252,-0.009160813635664376,,-0.5888581355086835,-0.6911719009468785,-0.7537425827974266,-1.0000000000000049,-0.08309934178655828,-0.07518002966738321,-0.07812077106082405,-0.7567186636962533,-0.06886913158982098,-0.1983251807901114,0.04538542051177343,0.055956167812786554,0.08887938901212504,-0.013179520413033514,0.05368217697847109,0.08581270781398413,0.08425133119569332,0.12373093449924638,-0.15374336545063927,-0.13022869971482656,-0.081299747014992,-0.06567682565629429,-0.14831606874758946,0.00042237443841649727,-0.02488817386612537,0.014605777356006096,0.006009154604530646,-0.052006992348675035,-0.06437799024041463,-0.0194976479404599,0.0004223744384165278,-0.02080290878987139,-0.024888173866122958,-0.08309934178655734,-0.02649592863417554,-0.14831606874758993,1.0,-0.19832518079011116,-0.09959572713865543,0.11492626316476036,0.04538542051177343,0.10127039982984344,0.09621441081254355,0.7084349593461724,-0.15374336545063927,-0.35573637224874194,,,,,,,,,0.11492626316476033,0.11492626316476107,0.11492626316476202,-0.3191755296993789,0.11492626316476202,0.045385420511773404,0.04538542051177321,0.04538542051177329,0.04538542051177329
occupancy_rate_booked,0.10864941057858217,,0.12647853450000385,-0.07623787474237252,-0.08664547097018957,-0.041487531463576505,0.038440781761130104,0.02470878347935113,-0.06252445961167903,-0.08811263848493224,0.03789896907118124,-0.20006611986884318,-0.0029434729865534335,-0.20802078730611395,-0.1612898384309003,0.01633595216193075,0.026406543422119223,-0.17619716412585854,0.028261286935212192,,-0.035634257774049084,0.05888498336197439,0.09753434558642275,0.1983251807901136,0.4013982430436735,0.4574553879097934,0.44679440827941447,0.09817435313882615,0.3996268142404969,0.9999999999999958,0.289352805322459,0.08524319009496148,0.06318122830056806,0.12554847285004747,0.061618722295557316,0.05097402565524361,0.027148680055168895,0.045826498379893034,-0.12223477138456276,-0.09566040661884068,-0.08555801012329309,-0.023428975131078816,0.4383455718462605,-0.03849429410817587,-0.01708534646719107,-0.033896178455407565,-0.02748407740192108,0.5586664774807443,0.03276297732704944,0.05437388183463632,-0.03849429410817606,0.0024154163174429427,-0.01708534646718607,0.4013982430436797,0.5398303206917691,0.43834557184625905,-0.19832518079011116,1.0,0.7570017425984995,-0.010330412759930768,0.289352805322459,-0.009470862680225681,-0.01060355668530525,0.1502565676828713,-0.12223477138456276,0.10297861785590678,,,,,,,,,-0.010330412759930848,-0.010330412759930862,-0.010330412759930862,-0.14840625082651854,-0.010330412759930862,0.2893528053224588,0.2893528053224589,0.2893528053224595,0.2893528053224595
occupancy_is_capped,0.07983573163414869,,0.1306222119877419,-0.04837510584520936,-0.05453163381669703,-0.05011671646796397,0.02936723774063628,0.027402446909894615,-0.0354020507951415,-0.04776068233639633,0.04336018450510916,-0.18889722938836834,-0.0016504611052281606,-0.19863468424455857,-0.12863165559300416,0.02137731895100276,0.030778940709074935,-0.17100756179653098,0.03361254953391685,,-0.016216142028865822,0.0464407033331763,0.0568568566599924,0.09959572713865586,0.4110735143033129,0.5305223325208589,0.5015112120507033,0.0563947074095132,0.466062853332037,0.7570017425985021,0.2367671748487768,0.0656824006299093,0.05356005386874457,0.09484136873562786,0.046554960177853696,0.04605495016047262,0.02062103588863434,0.05463859105727866,-0.08296290450061508,-0.06425127255619753,-0.05974530959210585,-0.014695771666794435,0.4846812734386546,-0.016017692893103168,0.05882708478131062,-0.015264761937688236,0.05067682360766106,0.44897743720041616,0.03549348588003455,0.052534690586185706,-0.016017692893103248,0.07597870735018421,0.0588270847813137,0.41107351430331374,0.40501638709995674,0.48468127343865486,-0.09959572713865543,0.7570017425984995,1.0,4.035854596996442e-05,0.2367671748487768,-0.0011769844258860006,-0.001942590629628394,0.14136174331867724,-0.08296290450061508,0.02608785455553892,,,,,,,,,4.035854596996126e-05,4.0358545969936946e-05,4.0358545969940755e-05,-0.09778506985521629,4.0358545969940755e-05,0.23676717484877682,0.23676717484877738,0.23676717484877743,0.23676717484877743
est_annual_revenue,0.008107748340260701,,0.0009161094417359266,0.02969116019060593,0.07750531374774822,0.010935892275524904,-0.04418141398713457,0.03227082060500045,0.01969633023177759,0.012210774022083405,0.003935281676459841,-0.04232130470997514,0.03798872837114684,-0.0443182307894873,0.001278627204819905,-0.0006926384959422882,-0.0007541519750330585,-0.03455370603968107,-0.0015202918961375069,,-0.038222719995809756,-0.04966783276159127,-0.06034379639273326,-0.1149262631647612,-0.008183386396601476,0.0019271039859301868,0.0003233874361780021,-0.06102685728776014,0.0010256881578473425,-0.010330412759930753,0.12742108962640755,0.016985224310917105,0.013596354523635246,0.02177010471125435,0.01000077330978167,0.010702900200173046,0.02612575967580627,0.014605740167357955,0.014535728538366308,0.016178121404058218,-0.007291778764413396,-0.007813367779895898,0.003400440619651643,0.6955020635684348,0.23311629530452802,0.8049208165245203,0.24889185433197408,-0.01989629402428355,0.03402391496308591,-0.015256572703351077,0.6955020635684321,0.10426092805535238,0.2331162953045283,-0.008183386396601463,-0.021301250612779914,0.003400440619651636,0.11492626316476036,-0.010330412759930768,4.035854596996442e-05,1.0,0.12742108962640755,0.9900883699867906,0.9946725665353922,0.18896314309460854,0.014535728538366308,0.015185814099076983,,,,,,,,,1.0,1.0000000000000044,0.9999999999999951,-0.030916450796396086,0.9999999999999951,0.12742108962640755,0.12742108962640722,0.1274210896264069,0.1274210896264069
est_annual_revenue_booked,-0.0010110103591329147,,0.04524689728694106,-0.009609209012606569,0.006088546391742405,0.00034316363982658105,-0.040102779474850046,0.09012333055920518,0.03765617823432619,0.039332302787091426,0.08303200621296844,-0.11848337846162982,-0.02603884207120786,-0.12424482093326092,-0.07405328102183545,0.00799428656768799,0.016667515442937524,-0.09623779239263616,0.01875958640763511,,-0.06017069043455307,-0.04665443265334644,-0.05206751200356515,-0.04538542051177313,0.1128377666874792,0.15918513147626717,0.14270692672993093,-0.05271472436284913,0.13541652341173238,0.28935280532245894,1.0,0.02687643352078069,0.023666041510682835,0.04116854807557654,0.01393885171239261,0.017853506596999514,0.0382454630916915,0.02161898332551592,-0.05677237841230582,-0.05033065223518533,-0.03708647599648863,-0.014834818389431001,0.13586440514024584,0.21254480398960368,0.16415575236474184,0.25473413468269546,0.11967503037811836,0.1819024631391078,0.0913218816476803,0.07606878219182264,0.21254480398960282,0.13510673007741705,0.16415575236474242,0.1128377666874792,0.18044964057760635,0.13586440514024567,0.04538542051177343,0.289352805322459,0.2367671748487768,0.12742108962640755,1.0,0.12075521488494026,0.12201949360902639,0.12857883065109563,-0.05677237841230582,-0.022682238992236536,,,,,,,,,0.12742108962640758,0.12742108962640822,0.1274210896264076,-0.050211065594458225,0.1274210896264076,0.9999999999999999,1.00000000000001,0.9999999999999919,0.9999999999999919
revenue_per_accommodates,0.004595366680314413,,-0.0026566610613220605,0.0270418796104183,0.07161851046148922,0.009221022453506526,-0.03585857795637281,-0.01609115794329163,-0.012372225485710955,-0.015756067888108467,-0.028172866680321762,-0.0345257720940809,0.03373795439429478,-0.03594172126933142,0.001589755924619664,-0.0005618611587969409,-0.0005370814897357535,-0.02787133911136164,-0.0013783468345668253,,-0.03279055984211296,-0.042706504465307604,-0.0510548147775041,-0.10127039982984294,-0.006574162426365056,0.0006124402577272321,-4.19064916016066e-05,-0.051626290237374695,0.00012056956196658964,-0.009470862680225603,0.12075521488494026,0.015091107932512147,0.01308533524977625,0.01908793124549562,0.009161611174127803,0.008981903644757927,0.022761311123621026,0.01436496798302266,0.013434274098081126,0.013287703256348607,-0.0017455240304844871,-0.005882357004700029,0.0008462401501135923,0.6466535293686975,0.18717804659599133,0.7994590260547276,0.23263499773710114,-0.018621281902743037,-0.012415704728965159,-0.044035745789787716,0.6466535293686941,0.07096045936500066,0.18717804659599172,-0.006574162426365019,-0.019815080487801937,0.0008462401501135686,0.10127039982984344,-0.009470862680225681,-0.0011769844258860006,0.9900883699867906,0.12075521488494026,1.0,0.9964953217833034,0.1557577395142475,0.013434274098081131,0.014648343628249308,,,,,,,,,0.9900883699867906,0.99008836998679,0.9900883699867923,-0.025168018174128223,0.9900883699867923,0.12075521488494019,0.12075521488493936,0.12075521488493982,0.12075521488493982
revenue_per_bedroom,0.00702888636163066,,0.00016506464766008534,0.030665403834653587,0.07754131932528212,0.010913295469433102,-0.03878634646708604,-0.002539163517145299,-0.01212363144975737,-0.022329112283246227,-0.02607557338868631,-0.04059196715621225,0.03554982225798505,-0.04220733557414807,-0.0015815207155384058,-0.0005643252848609618,-0.0005413296647181321,-0.031700539436862275,-0.001375302714011483,,-0.0319215628643753,-0.041253834979138156,-0.049828070387775536,-0.09621441081254314,-0.007756296217035316,0.0008758871146916696,8.181939981711633e-05,-0.05038480009910661,-0.00013806014171504488,-0.010603556685305212,0.12201949360902639,0.012512615013953014,0.01059041805981007,0.01722821027293599,0.00745205071017917,0.007339173792134064,0.02269371538540397,0.01139877408823492,0.01111518101968084,0.011926938589344441,-0.004809835672402455,-0.005573694438705104,0.0019007698545392307,0.6698133268638553,0.20349315283034855,0.8055384691475967,0.23992958676464263,-0.020266817596669394,0.004729038805585151,-0.04249130616371537,0.6698133268638463,0.07998884108710558,0.20349315283034988,-0.007756296217035215,-0.02143995784182793,0.0019007698545392532,0.09621441081254355,-0.01060355668530525,-0.001942590629628394,0.9946725665353922,0.12201949360902639,0.9964953217833034,1.0,0.16138817659383914,0.011115181019680846,0.01803755262199388,,,,,,,,,0.9946725665353923,0.9946725665353943,0.994672566535389,-0.024701343101742036,0.994672566535389,0.12201949360902638,0.12201949360902657,0.12201949360902624,0.12201949360902624
log_est_revenue,-0.03588299421188785,,-0.07216231579511662,-0.12385987311243855,-0.1149369051510948,0.05256095442460198,-0.20425193393693125,0.21455903461991158,0.05703793671954829,0.08128086016405991,0.15944969959618546,-0.15435658349500841,0.047316255579553726,-0.16982737840381174,0.12397218240244726,-0.008030094825887037,-0.009283510872054264,-0.1169891829169373,-0.016080308018083835,,-0.3905849832430781,-0.43544865307561975,-0.4660856410348832,-0.7084349593461727,0.06922703756881986,0.08541625462716744,0.08252714001129118,-0.4696793771253092,0.07252162105572726,0.15025656768287224,0.12857883065109563,0.08425231848186447,0.07936426519436343,0.0947249656412142,0.052394200843930955,0.06676798452366746,0.13087327715319833,0.0589226748167255,0.14572971257677914,0.17009865681208175,-0.0879633652610602,-0.09096913065003003,0.09223577523811119,0.17297303674822165,0.4450839009276195,0.14531176787673578,0.3242427042569789,0.11403566536217252,0.24747982881237782,0.1725198902718701,0.17297303674821926,0.4375628179252809,0.44508390092761335,0.06922703756882038,0.11097937277691478,0.09223577523811093,0.7084349593461724,0.1502565676828713,0.14136174331867724,0.18896314309460854,0.12857883065109563,0.1557577395142475,0.16138817659383914,1.0,0.1457297125767791,-0.05465599105173274,,,,,,,,,0.18896314309460852,0.1889631430946096,0.1889631430946093,-0.6647866366071177,0.1889631430946093,0.12857883065109546,0.1285788306510961,0.12857883065109568,0.12857883065109568
host_listings_in_city,0.20576104982348004,,-0.06598884376672327,0.4711091621523864,0.573110014463258,0.06012496671494927,-0.1174920414288399,-0.06075181664035009,0.01784839306279491,0.043503539503847326,-0.09121647416543958,0.01849874348893881,-0.0016115380046754539,0.011050137758369799,0.7140532288915691,-0.00345585971211945,-0.005868479555171728,0.057451080749934394,-0.005415883820276515,,-0.006593106880526163,-0.013331598503043928,-0.004629074628252856,0.1537433654506381,-0.10924829202143681,-0.053523031656917186,-0.057778737284643646,-0.00401204139982019,-0.04845161398360772,-0.12223477138456273,-0.05677237841230582,-0.14628350506142362,-0.1329780973721076,-0.09783672138522106,-0.11898351287921048,-0.20831579706371794,-0.06561258504013913,-0.21585573450399617,1.0,0.930580225981284,0.3200224449783075,-0.01304421521904458,-0.06303309692496721,0.022690153073254612,0.21548032203697728,0.029604426840829336,0.30019223680626944,-0.2616906464410651,-0.054117357150744845,-0.08134695310248821,0.022690153073254754,0.23642439146092004,0.21548032203697431,-0.10924829202143661,-0.2849802698839774,-0.06303309692496734,-0.15374336545063927,-0.12223477138456276,-0.08296290450061508,0.014535728538366308,-0.05677237841230582,0.013434274098081131,0.011115181019680846,0.1457297125767791,1.0,0.3066196810761078,,,,,,,,,0.014535728538366408,0.014535728538366571,0.014535728538366436,-0.04683675345300573,0.014535728538366436,-0.05677237841230557,-0.05677237841230622,-0.05677237841230551,-0.05677237841230551
host_is_professional,0.328145184347895,,0.2315682291205199,0.17692495869218805,0.21099878929800256,0.057373761904214386,-0.010742271388445072,-0.002715980947836585,0.016108783980971816,-0.015410993441115276,-0.08300391165940776,-0.06626338431860339,-0.005284114821347295,-0.0712838152015975,0.12449565106659116,0.007110374493758681,0.018543431964286664,-0.035114903799596704,0.016283883343489812,,0.18032676365490527,0.2271221972878071,0.25238688911615154,0.3557363722487445,-0.023018247874206373,0.03641333653092257,0.021037623371177497,0.25327460562447135,0.033564288111215375,0.10297861785590626,-0.022682238992236536,-0.1349426816300079,-0.14997202703845375,-0.06981011215526271,-0.10173492153015788,-0.15607066277158657,-0.0971469363076413,-0.19641571678571396,0.3066196810761078,0.23650145045782123,0.22329825743477288,0.05939601143059691,0.062047443931582076,0.03374100959145679,-0.019026939678842107,0.0298714249066621,0.028474452537594334,-0.0637675694119088,-0.04090245446193007,-0.09479424430404303,0.03374100959145726,-0.0302881935475933,-0.01902693967884606,-0.023018247874204683,-0.0701783848209039,0.062047443931581736,-0.35573637224874194,0.10297861785590678,0.02608785455553892,0.015185814099076983,-0.022682238992236536,0.014648343628249308,0.01803755262199388,-0.05465599105173274,0.3066196810761078,1.0,,,,,,,,,0.015185814099077103,0.015185814099077181,0.01518581409907704,0.017064249588036054,0.01518581409907704,-0.02268223899223633,-0.022682238992236897,-0.022682238992236495,-0.022682238992236495
pct_professional_hosts,,,,,,,,,,,,,,,,,,,,,,,,,,,,,,,,,,,,,,,,,,,,,,,,,,,,,,,,,,,,,,,,,,,,,,,,,,,,,,,,,,,
pct_large_operators,,,,,,,,,,,,,,,,,,,,,,,,,,,,,,,,,,,,,,,,,,,,,,,,,,,,,,,,,,,,,,,,,,,,,,,,,,,,,,,,,,,
median_host_listings,,,,,,,,,,,,,,,,,,,,,,,,,,,,,,,,,,,,,,,,,,,,,,,,,,,,,,,,,,,,,,,,,,,,,,,,,,,,,,,,,,,
gini_host_concentration,,,,,,,,,,,,,,,,,,,,,,,,,,,,,,,,,,,,,,,,,,,,,,,,,,,,,,,,,,,,,,,,,,,,,,,,,,,,,,,,,,,
market_professionalization_score,,,,,,,,,,,,,,,,,,,,,,,,,,,,,,,,,,,,,,,,,,,,,,,,,,,,,,,,,,,,,,,,,,,,,,,,,,,,,,,,,,,
purchase_price,,,,,,,,,,,,,,,,,,,,,,,,,,,,,,,,,,,,,,,,,,,,,,,,,,,,,,,,,,,,,,,,,,,,,,,,,,,,,,,,,,,
monthly_payment,,,,,,,,,,,,,,,,,,,,,,,,,,,,,,,,,,,,,,,,,,,,,,,,,,,,,,,,,,,,,,,,,,,,,,,,,,,,,,,,,,,
zori_rent,,,,,,,,,,,,,,,,,,,,,,,,,,,,,,,,,,,,,,,,,,,,,,,,,,,,,,,,,,,,,,,,,,,,,,,,,,,,,,,,,,,
annual_cash_flow,0.008107748340261362,,0.0009161094417361483,0.029691160190605997,0.07750531374774834,0.010935892275524885,-0.044181413987134585,0.03227082060500041,0.019696330231777585,0.01221077402208341,0.003935281676459853,-0.04232130470997517,0.03798872837114683,-0.0443182307894873,0.0012786272048198768,-0.0006926384959422868,-0.0007541519750330572,-0.0345537060396811,-0.0015202918961375108,,-0.03822271999580976,-0.049667832761591264,-0.060343796392733316,-0.11492626316476125,-0.008183386396601648,0.001927103985930182,0.0003233874361780304,-0.061026857287760285,0.0010256881578473045,-0.010330412759930819,0.12742108962640758,0.016985224310917077,0.013596354523635248,0.02177010471125438,0.01000077330978168,0.010702900200173044,0.026125759675806312,0.014605740167357972,0.014535728538366408,0.016178121404058336,-0.007291778764413361,-0.007813367779895835,0.003400440619651628,0.6955020635684348,0.2331162953045281,0.8049208165245203,0.24889185433197397,-0.01989629402428397,0.03402391496308587,-0.015256572703351078,0.6955020635684321,0.10426092805535245,0.23311629530452818,-0.008183386396601653,-0.021301250612780237,0.0034004406196516167,0.11492626316476033,-0.010330412759930848,4.035854596996126e-05,1.0,0.12742108962640758,0.9900883699867906,0.9946725665353923,0.18896314309460852,0.014535728538366408,0.015185814099077103,,,,,,,,,1.0,1.0000000000000044,0.9999999999999951,-0.03091645079639609,0.9999999999999951,0.1274210896264076,0.12742108962640725,0.12742108962640689,0.12742108962640689
cash_on_cash_roi,0.008107748340261392,,0.000916109441736157,0.029691160190605786,0.0775053137477481,0.01093589227552494,-0.044181413987135015,0.032270820605000555,0.019696330231777585,0.012210774022083391,0.003935281676459855,-0.04232130470997552,0.03798872837114737,-0.04431823078948795,0.0012786272048198818,-0.0006926384959422959,-0.0007541519750330505,-0.034553706039681324,-0.001520291896137523,,-0.03822271999581048,-0.04966783276159139,-0.06034379639273349,-0.1149262631647615,-0.008183386396601731,0.001927103985930201,0.000323387436178043,-0.0610268572877606,0.001025688157847307,-0.01033041275993093,0.12742108962640822,0.01698522431091694,0.013596354523635204,0.02177010471125427,0.010000773309781693,0.010702900200172932,0.026125759675806437,0.014605740167357958,0.014535728538366571,0.016178121404058363,-0.007291778764413396,-0.007813367779895901,0.0034004406196517204,0.6955020635684442,0.23311629530453076,0.8049208165245336,0.2488918543319764,-0.019896294024283886,0.03402391496308595,-0.015256572703350927,0.6955020635684416,0.1042609280553518,0.23311629530453098,-0.008183386396601721,-0.021301250612780424,0.0034004406196517134,0.11492626316476107,-0.010330412759930862,4.0358545969936946e-05,1.0000000000000044,0.12742108962640822,0.99008836998679,0.9946725665353943,0.1889631430946096,0.014535728538366571,0.015185814099077181,,,,,,,,,1.0000000000000044,1.0,1.0000000000000069,-0.0309164507963964,1.0000000000000069,0.12742108962640822,0.1274210896264075,0.12742108962640766,0.12742108962640766
cap_rate,0.008107748340261211,,0.0009161094417361264,0.029691160190606424,0.07750531374774806,0.01093589227552491,-0.0441814139871344,0.0322708206050005,0.019696330231777515,0.012210774022083478,0.003935281676459925,-0.04232130470997549,0.037988728371147105,-0.044318230789487316,0.0012786272048198515,-0.0006926384959422801,-0.0007541519750330528,-0.03455370603968107,-0.0015202918961375186,,-0.03822271999581011,-0.0496678327615911,-0.06034379639273336,-0.11492626316476123,-0.008183386396601723,0.0019271039859301837,0.0003233874361780232,-0.061026857287760174,0.0010256881578473045,-0.010330412759930662,0.1274210896264076,0.016985224310917056,0.013596354523635175,0.021770104711254346,0.01000077330978171,0.01070290020017307,0.02612575967580623,0.014605740167357956,0.014535728538366436,0.016178121404058277,-0.007291778764413334,-0.007813367779895847,0.0034004406196516523,0.6955020635684385,0.23311629530453024,0.8049208165245274,0.24889185433197444,-0.019896294024283848,0.03402391496308604,-0.01525657270335096,0.6955020635684328,0.10426092805535168,0.23311629530453074,-0.008183386396601657,-0.02130125061277993,0.003400440619651658,0.11492626316476202,-0.010330412759930862,4.0358545969940755e-05,0.9999999999999951,0.1274210896264076,0.9900883699867923,0.994672566535389,0.1889631430946093,0.014535728538366436,0.01518581409907704,,,,,,,,,0.9999999999999951,1.0000000000000069,1.0,-0.0309164507963966,1.0,0.12742108962640755,0.12742108962640744,0.12742108962640744,0.12742108962640744
price_to_rent_ratio,0.04065730823763403,,0.07029703134914472,-0.0018260902409196283,0.004570807378415811,-0.0494661149400679,0.10932731008981665,-0.09760712700098396,0.027230943836853636,0.007594809783382793,-0.07903171712784816,0.08452751652317511,-0.018328136956144544,0.08745913964101229,-0.03599905362284352,-0.0003238528576447267,-0.0026200926029571695,0.059406197282231205,-0.0014993252588361282,,0.3630828173356408,0.32922345877682807,0.3108001882358868,0.31917552969937885,-0.0677925030894597,-0.05759143059596032,-0.06012495343231383,0.3118893445177748,-0.05076330206116147,-0.14840625082651815,-0.050211065594458225,-0.06260730705977775,-0.07032453222346985,-0.06717630830098553,-0.05714096277679638,-0.06736534369249422,-0.07852295561032119,-0.04982846367999566,-0.04683675345300573,-0.07417761521850873,0.1061714646863615,0.04113510577409548,-0.06693555931160806,-0.030763015922207773,-0.2085905205294735,-0.02286452895460386,-0.1448357402964198,-0.1185186704746285,-0.12476940174140756,-0.09829039632752042,-0.030763015922207718,-0.22190650446096027,-0.20859052052947188,-0.0677925030894601,-0.11961472833145942,-0.06693555931160779,-0.3191755296993789,-0.14840625082651854,-0.09778506985521629,-0.030916450796396086,-0.050211065594458225,-0.025168018174128223,-0.024701343101742036,-0.6647866366071177,-0.04683675345300573,0.017064249588036054,,,,,,,,,-0.03091645079639609,-0.0309164507963964,-0.0309164507963966,1.0,-0.0309164507963966,-0.05021106559445826,-0.05021106559445871,-0.050211065594458634,-0.050211065594458634
revenue_yield,0.008107748340261211,,0.0009161094417361264,0.029691160190606424,0.07750531374774806,0.01093589227552491,-0.0441814139871344,0.0322708206050005,0.019696330231777515,0.012210774022083478,0.003935281676459925,-0.04232130470997549,0.037988728371147105,-0.044318230789487316,0.0012786272048198515,-0.0006926384959422801,-0.0007541519750330528,-0.03455370603968107,-0.0015202918961375186,,-0.03822271999581011,-0.0496678327615911,-0.06034379639273336,-0.11492626316476123,-0.008183386396601723,0.0019271039859301837,0.0003233874361780232,-0.061026857287760174,0.0010256881578473045,-0.010330412759930662,0.1274210896264076,0.016985224310917056,0.013596354523635175,0.021770104711254346,0.01000077330978171,0.01070290020017307,0.02612575967580623,0.014605740167357956,0.014535728538366436,0.016178121404058277,-0.007291778764413334,-0.007813367779895847,0.0034004406196516523,0.6955020635684385,0.23311629530453024,0.8049208165245274,0.24889185433197444,-0.019896294024283848,0.03402391496308604,-0.01525657270335096,0.6955020635684328,0.10426092805535168,0.23311629530453074,-0.008183386396601657,-0.02130125061277993,0.003400440619651658,0.11492626316476202,-0.010330412759930862,4.0358545969940755e-05,0.9999999999999951,0.1274210896264076,0.9900883699867923,0.994672566535389,0.1889631430946093,0.014535728538366436,0.01518581409907704,,,,,,,,,0.9999999999999951,1.0000000000000069,1.0,-0.0309164507963966,1.0,0.12742108962640755,0.12742108962640744,0.12742108962640744,0.12742108962640744
annual_cash_flow_booked,-0.001011010359131618,,0.045246897286941666,-0.009609209012607195,0.006088546391741805,0.0003431636398265944,-0.0401027794748502,0.09012333055920518,0.03765617823432617,0.039332302787091426,0.08303200621296855,-0.1184833784616298,-0.026038842071208147,-0.12424482093326103,-0.07405328102183543,0.007994286567687992,0.016667515442937517,-0.09623779239263612,0.018759586407635108,,-0.06017069043455311,-0.04665443265334646,-0.05206751200356514,-0.04538542051177301,0.1128377666874789,0.15918513147626723,0.14270692672993104,-0.05271472436284911,0.13541652341173221,0.28935280532245894,0.9999999999999999,0.026876433520780705,0.023666041510682852,0.04116854807557655,0.013938851712392635,0.01785350659699952,0.03824546309169149,0.02161898332551589,-0.05677237841230557,-0.05033065223518517,-0.03708647599648865,-0.014834818389430807,0.1358644051402459,0.2125448039896037,0.16415575236474206,0.2547341346826954,0.11967503037811847,0.18190246313910718,0.09132188164768022,0.07606878219182278,0.21254480398960288,0.135106730077417,0.1641557523647424,0.11283776668747893,0.18044964057760568,0.13586440514024561,0.045385420511773404,0.2893528053224588,0.23676717484877682,0.12742108962640755,0.9999999999999999,0.12075521488494019,0.12201949360902638,0.12857883065109546,-0.05677237841230557,-0.02268223899223633,,,,,,,,,0.1274210896264076,0.12742108962640822,0.12742108962640755,-0.05021106559445826,0.12742108962640755,1.0,1.0000000000000102,0.999999999999992,0.999999999999992
cash_on_cash_roi_booked,-0.0010110103591334542,,0.0452468972869406,-0.009609209012606642,0.006088546391742396,0.0003431636398265881,-0.04010277947485041,0.09012333055920467,0.03765617823432634,0.03933230278709166,0.08303200621296844,-0.1184833784616297,-0.026038842071207907,-0.12424482093326063,-0.07405328102183537,0.007994286567688032,0.01666751544293738,-0.09623779239263651,0.01875958640763513,,-0.0601706904345532,-0.046654432653346414,-0.05206751200356518,-0.045385420511772814,0.11283776668747963,0.1591851314762671,0.14270692672993163,-0.05271472436284921,0.1354165234117319,0.2893528053224609,1.00000000000001,0.0268764335207807,0.023666041510683015,0.04116854807557661,0.013938851712392631,0.017853506596999497,0.03824546309169164,0.021618983325515987,-0.05677237841230622,-0.05033065223518533,-0.03708647599648907,-0.014834818389430989,0.13586440514024598,0.21254480398960468,0.16415575236474197,0.2547341346826929,0.11967503037811854,0.18190246313910866,0.09132188164767986,0.07606878219182288,0.2125448039896049,0.13510673007741722,0.16415575236474342,0.11283776668747958,0.18044964057760612,0.1358644051402456,0.04538542051177321,0.2893528053224589,0.23676717484877738,0.12742108962640722,1.00000000000001,0.12075521488493936,0.12201949360902657,0.1285788306510961,-0.05677237841230622,-0.022682238992236897,,,,,,,,,0.12742108962640725,0.1274210896264075,0.12742108962640744,-0.05021106559445871,0.12742108962640744,1.0000000000000102,1.0,0.9999999999999981,0.9999999999999981
cap_rate_booked,-0.0010110103591328792,,0.0452468972869409,-0.009609209012606446,0.006088546391742708,0.0003431636398265674,-0.040102779474850185,0.09012333055920399,0.03765617823432636,0.03933230278709146,0.08303200621296877,-0.11848337846162946,-0.026038842071207654,-0.12424482093326049,-0.07405328102183548,0.007994286567688,0.0166675154429374,-0.09623779239263612,0.018759586407634924,,-0.06017069043455332,-0.04665443265334612,-0.05206751200356559,-0.04538542051177284,0.11283776668747791,0.1591851314762665,0.14270692672993118,-0.05271472436284898,0.1354165234117331,0.28935280532245894,0.9999999999999919,0.026876433520780712,0.023666041510682904,0.041168548075576586,0.013938851712392593,0.017853506596999583,0.038245463091691495,0.021618983325515907,-0.05677237841230551,-0.05033065223518542,-0.03708647599648856,-0.014834818389431004,0.13586440514024622,0.2125448039896036,0.16415575236474142,0.2547341346826936,0.11967503037811766,0.18190246313910857,0.09132188164768013,0.0760687821918227,0.2125448039896037,0.13510673007741747,0.1641557523647423,0.11283776668747841,0.18044964057760637,0.13586440514024603,0.04538542051177329,0.2893528053224595,0.23676717484877743,0.1274210896264069,0.9999999999999919,0.12075521488493982,0.12201949360902624,0.12857883065109568,-0.05677237841230551,-0.022682238992236495,,,,,,,,,0.12742108962640689,0.12742108962640766,0.12742108962640744,-0.050211065594458634,0.12742108962640744,0.999999999999992,0.9999999999999981,1.0,1.0
revenue_yield_booked,-0.0010110103591328792,,0.0452468972869409,-0.009609209012606446,0.006088546391742708,0.0003431636398265674,-0.040102779474850185,0.09012333055920399,0.03765617823432636,0.03933230278709146,0.08303200621296877,-0.11848337846162946,-0.026038842071207654,-0.12424482093326049,-0.07405328102183548,0.007994286567688,0.0166675154429374,-0.09623779239263612,0.018759586407634924,,-0.06017069043455332,-0.04665443265334612,-0.05206751200356559,-0.04538542051177284,0.11283776668747791,0.1591851314762665,0.14270692672993118,-0.05271472436284898,0.1354165234117331,0.28935280532245894,0.9999999999999919,0.026876433520780712,0.023666041510682904,0.041168548075576586,0.013938851712392593,0.017853506596999583,0.038245463091691495,0.021618983325515907,-0.05677237841230551,-0.05033065223518542,-0.03708647599648856,-0.014834818389431004,0.13586440514024622,0.2125448039896036,0.16415575236474142,0.2547341346826936,0.11967503037811766,0.18190246313910857,0.09132188164768013,0.0760687821918227,0.2125448039896037,0.13510673007741747,0.1641557523647423,0.11283776668747841,0.18044964057760637,0.13586440514024603,0.04538542051177329,0.2893528053224595,0.23676717484877743,0.1274210896264069,0.9999999999999919,0.12075521488493982,0.12201949360902624,0.12857883065109568,-0.05677237841230551,-0.022682238992236495,,,,,,,,,0.12742108962640689,0.12742108962640766,0.12742108962640744,-0.050211065594458634,0.12742108962640744,0.999999999999992,0.9999999999999981,1.0,1.0
