,id,scrape_id,host_id,host_listings_count,host_total_listings_count,neighbourhood_group_cleansed,latitude,longitude,accommodates,bathrooms,bedrooms,beds,minimum_nights,maximum_nights,minimum_minimum_nights,maximum_minimum_nights,minimum_maximum_nights,maximum_maximum_nights,minimum_nights_avg_ntm,maximum_nights_avg_ntm,calendar_updated,availability_30,availability_60,availability_90,availability_365,number_of_reviews,number_of_reviews_ltm,number_of_reviews_l30d,availability_eoy,number_of_reviews_ly,estimated_occupancy_l365d,estimated_revenue_l365d,review_scores_rating,review_scores_accuracy,review_scores_cleanliness,review_scores_checkin,review_scores_communication,review_scores_location,review_scores_value,calculated_host_listings_count,calculated_host_listings_count_entire_homes,calculated_host_listings_count_private_rooms,calculated_host_listings_count_shared_rooms,reviews_per_month,price_clean,log_price,price_per_accommodates,log_price_per_accommodates,log_reviews,log_accommodates,log_beds,price_zscore,price_percentile,log_price_zscore,reviews_zscore,reviews_percentile,reviews_per_month_zscore,occupancy_rate,occupancy_rate_booked,occupancy_is_capped,est_annual_revenue,est_annual_revenue_booked,revenue_per_accommodates,revenue_per_bedroom,log_est_revenue,host_listings_in_city,host_is_professional,pct_professional_hosts,pct_large_operators,median_host_listings,gini_host_concentration,market_professionalization_score,purchase_price,monthly_payment,zori_rent,annual_cash_flow,cash_on_cash_roi,cap_rate,price_to_rent_ratio,revenue_yield,annual_cash_flow_booked,cash_on_cash_roi_booked,cap_rate_booked,revenue_yield_booked
id,1.0,,0.41800729348258575,0.1462031265560282,0.15483905464319492,,-0.043415669434649834,-0.0257863640856261,0.09793021848062462,0.08420038669074326,0.11700117770268041,0.030111706255366195,0.005354390535221429,-0.10857509452241032,0.013483890112879687,0.018258892861197768,-0.24431131453450344,-0.21357246124353857,0.005693860534292228,-0.23583161760234933,,0.15119833429794913,0.16445439514083873,0.16935929069972025,0.17563674930773915,-0.4599779890660871,-0.12556565338981265,-0.05934884641758316,0.172120680569649,-0.2773018614240199,-0.19046519662477585,0.02726660779975203,-0.11557118815528991,-0.14272456179329346,-0.10609439926105911,-0.12824381611806115,-0.12417749558215892,-0.1257420855182163,-0.14460292012113946,0.27494629456946074,0.25353400268472975,0.09806963581904223,-0.04320425837649752,0.0007249940135181896,0.0966757896498744,0.17328310667140298,0.0810755522738738,0.11605773262711079,-0.6029865846110419,0.09079504330854532,0.01380687524553239,0.09667578964987446,0.16347224172686564,0.1732831066714102,-0.4599779890660882,-0.6051482310016657,0.000724994013515861,-0.17563674930773737,-0.19046519662477374,-0.11941543725759618,0.07569935240854302,0.02726660779975203,0.06379508310521283,0.06679428877600016,-0.08614561379265226,0.27494629456946074,0.2213645732715704,,,,,,,,,0.07569935240854302,0.07569935240854274,0.0756993524085427,0.05821513987121322,0.0756993524085427,0.027266607799751836,0.027266607799752138,0.02726660779975198,0.02726660779975198
scrape_id,,,,,,,,,,,,,,,,,,,,,,,,,,,,,,,,,,,,,,,,,,,,,,,,,,,,,,,,,,,,,,,,,,,,,,,,,,,,,,,,,,,,
host_id,0.41800729348258575,,1.0,0.19503474178565744,0.157698514426029,,-0.05614047481345299,-0.023238354211056824,0.062372269041905244,0.04272977459404594,0.02913983189931777,0.005145863444550061,-0.03694195763566086,-0.010305265601387698,-0.03404453227472522,-0.03630413443318949,-0.03357581813034485,0.014239130017720385,-0.036470815994665805,-0.014628707800460824,,0.18962937346786554,0.18878109162831846,0.1867283813674976,0.19344647611990368,-0.21885385873239124,-0.027612970648758305,-0.01566666453625942,0.1865195550850271,-0.11000618974757678,-0.06835097969363693,0.061552642516171326,-0.14665225148602581,-0.16216954513429088,-0.12982043204021398,-0.12911705577151666,-0.1359257176349463,-0.1410973249751854,-0.16045575714164897,0.38753495232651886,0.34653471620448656,0.25641863274254534,-0.0026220728904078135,0.041192180707770705,0.0722165197095626,0.12919082199323867,0.08070140804450614,0.0878262565924363,-0.27120371506483654,0.05751349178035859,-0.005655408386932251,0.0722165197095625,0.15067752790298242,0.12919082199324158,-0.21885385873239135,-0.2722665269575472,0.04119218070776931,-0.193446476119903,-0.06835097969363607,-0.028776854507376326,0.03637201754026531,0.061552642516171326,0.04936324035089486,0.049866960361300436,-0.1490420525939516,0.38753495232651886,0.19472137055008917,,,,,,,,,0.03637201754026528,0.036372017540265096,0.036372017540265124,0.0677133530963777,0.036372017540265124,0.06155264251617122,0.06155264251617146,0.06155264251617128,0.06155264251617128
host_listings_count,0.1462031265560282,,0.19503474178565744,1.0,0.8744722340434112,,-0.023096474009241127,-0.058367630444244346,0.021255256481032405,0.0037946590010858425,-0.05065076032871319,-0.07406574428771216,0.0106705304575613,0.0690847863477058,0.016225372549180214,0.009974527950502816,-0.09055402062851517,-0.0270153391737124,0.010853395100257566,-0.08519533191424848,,0.08938290166984211,0.08668332646788277,0.0920876569763832,0.12473892230821138,-0.09060129326674309,-0.07164465651889419,-0.031075580988906466,0.09603685314306326,-0.08935836900795364,-0.12104419023939542,0.2383756576592666,-0.11055177611497569,-0.11373089457749244,-0.05990522239706736,-0.08571527043187344,-0.06768837503469965,-0.1518865995076577,-0.13535642463652095,0.14453391009611577,0.08079179024483905,0.20612522923673698,-0.007931640558804354,0.024395888981828432,0.39341583169291916,0.26094739823603474,0.39829551885443526,0.30912366113278594,-0.18679424415560547,0.0015189608860811084,-0.13309749311927152,0.39341583169291977,0.12790169564542095,0.2609473982360351,-0.09060129326674303,-0.17502306026061304,0.024395888981827953,-0.12473892230821114,-0.12104419023939483,-0.057584449344343654,0.3500018708647739,0.2383756576592666,0.36536872656726627,0.44649987196118207,-0.025415080606773496,0.14453391009611577,0.16809380330103618,,,,,,,,,0.3500018708647739,0.3500018708647741,0.35000187086477363,0.0832298207787372,0.35000187086477363,0.23837565765926655,0.23837565765926677,0.23837565765926666,0.23837565765926666
host_total_listings_count,0.15483905464319492,,0.157698514426029,0.8744722340434112,1.0,,-0.021322328469242133,-0.051734893131239475,0.05325216560769602,0.019298195436504715,-0.024267519516329036,-0.09070141107767325,-0.00977195378954748,0.08290081759168999,-0.0077091729794931925,-0.01010022736531519,-0.08877515742045732,-0.01258653504946592,-0.009395110033314034,-0.08043071648717462,,0.0666311754317555,0.07644100002371733,0.08240056475410655,0.11757131253553782,-0.08601456305904041,-0.07049445426365154,-0.029135725002344168,0.08659793120519652,-0.0849811641201161,-0.1151173090744745,0.2822184743600334,-0.10341409181711556,-0.10406950956594715,-0.05359035266309793,-0.060740542303083477,-0.052204765733073984,-0.15007479813584684,-0.12340700974240791,0.1657747766108811,0.0646406372744676,0.21743053597290773,-0.007952632424166807,0.018255885540263406,0.6846845011232486,0.4062282667493842,0.5754235612266301,0.45480678993805024,-0.17628240714131102,0.0241054665630182,-0.16764633632580273,0.6846845011232492,0.13455296988044554,0.40622826674938456,-0.08601456305904023,-0.165393359185798,0.01825588554026297,-0.1175713125355373,-0.11511730907447362,-0.05477526383624534,0.6271636477336917,0.2822184743600334,0.5383137737456506,0.6253644291520861,0.04843794622609161,0.1657747766108811,0.15547363164848724,,,,,,,,,0.6271636477336917,0.6271636477336923,0.6271636477336923,0.07311999495224264,0.6271636477336923,0.28221847436003333,0.28221847436003356,0.28221847436003333,0.28221847436003333
neighbourhood_group_cleansed,,,,,,,,,,,,,,,,,,,,,,,,,,,,,,,,,,,,,,,,,,,,,,,,,,,,,,,,,,,,,,,,,,,,,,,,,,,,,,,,,,,,
latitude,-0.043415669434649834,,-0.05614047481345299,-0.023096474009241127,-0.021322328469242133,,1.0,-0.2281470293271294,0.00779385512742541,-0.004619714362245855,0.012359138639820792,-0.008298078523003414,-0.0028015244303915697,0.007425451141140605,8.406393577546476e-05,0.0016910015199264217,0.03476999352671041,0.029740725808253512,-0.0010155370424823535,0.032482465686015594,,-0.012689620390852134,-0.022127532891641464,-0.026615867930388656,-0.029443735552345977,0.03412462554739799,0.01471324600136231,0.007943507324546963,-0.030321418927546674,0.030858151764728867,-0.024743052113647048,-0.007601054148119794,0.01136785251362018,0.01635300502613771,0.010062220308751714,0.0027576122250436035,0.007953507153393087,-0.013031099882322733,0.0008552084872890472,-0.024715853644812883,-0.025661919862017154,0.013919401060778517,-0.003281368327467024,0.02781424045683017,-0.012106923212652504,-0.02285632198860177,-0.011572508866770434,-0.026351286489765015,0.03541801949739373,0.0019559513300004025,-5.6416219759686384e-05,-0.012106923212652516,-0.01973241612000174,-0.022856321988602112,0.03412462554739799,0.03665788862270791,0.027814240456830244,0.029443735552346032,-0.024743052113647055,0.021484947835130767,-0.013057536553092565,-0.007601054148119794,-0.011024308846556136,-0.011730406864922348,0.014936404990224948,-0.024715853644812883,0.018483487608939596,,,,,,,,,-0.013057536553092565,-0.013057536553092509,-0.013057536553092525,-0.012930170179926618,-0.013057536553092525,-0.007601054148119774,-0.007601054148119794,-0.007601054148119794,-0.007601054148119794
longitude,-0.0257863640856261,,-0.023238354211056824,-0.058367630444244346,-0.051734893131239475,,-0.2281470293271294,1.0,-0.028695823468291744,-0.05085757037325527,0.01076645347585765,-0.005618691974892341,-0.014501997282254599,-0.025580151117993423,-0.03205689095569879,-0.022248635537424555,0.013803182370897093,-0.0012996192267637294,-0.017846405433861623,0.011562965547466983,,-0.0163809668548649,-0.014133576279098857,-0.00843396958334312,-0.036860037393322186,0.045461160956298964,0.03002918839028775,0.022731364370283957,-0.011147651584280851,0.03869619538574654,0.027995682171097894,-0.008127719012259093,0.009212924751353695,0.015475717953667003,0.0008663660616081298,0.02528404943921279,0.01995569704822439,-0.055958825153948726,0.023114884803641385,-0.020466946596520454,-0.01112404118502005,-0.04858527294476487,-0.035273999860419306,0.03381034243713501,-0.025684891003918832,-0.0800308175819382,-0.017543735059144187,-0.07056563631083443,0.05316567040484345,-0.03271090556032056,-0.0031999677062673907,-0.025684891003918825,-0.07688354268065399,-0.08003081758193806,0.045461160956299186,0.0515762554093128,0.03381034243713509,0.03686003739332217,0.027995682171097776,0.012743755093461654,-0.0200035488603689,-0.008127719012259093,-0.010492537946584961,-0.022808233489196836,-0.001110105058894142,-0.020466946596520454,-0.0694622954818301,,,,,,,,,-0.020003548860368904,-0.020003548860368918,-0.020003548860368918,-0.02928008247469382,-0.020003548860368918,-0.008127719012259088,-0.008127719012259133,-0.008127719012259109,-0.008127719012259109
accommodates,0.09793021848062462,,0.062372269041905244,0.021255256481032405,0.05325216560769602,,0.00779385512742541,-0.028695823468291744,1.0,0.5430207801009513,0.8354569100130947,0.82792407183418,-0.05739939464521837,0.0949086368884296,-0.0614038718352384,-0.054229240141377415,0.07177754909522302,0.07104514519254979,-0.05872892816987586,0.07080616310411092,,0.06718223044281427,0.0682095332062433,0.06217960269910125,0.1170026649950437,-0.0587927601351759,-0.019379587769076743,-0.03284424725433742,0.07053034482949191,-0.026611200000505177,-0.03844775664112876,0.03613820598282177,-0.003160342344674186,-0.029051927152736117,-0.027583126616032513,-0.02359627219827504,-0.0181178402817846,0.004755337965532966,-0.02729620664573776,0.09265563002853335,0.10435438388492398,-0.10831150957324288,-0.022146892833975196,-0.016419130504210268,0.04738848076089207,0.5734337480651259,-0.027911056725586678,-0.1817764084998286,-0.054799454783797594,0.9290202696547376,0.7673978149999152,0.04738848076089209,0.581384902095519,0.5734337480651258,-0.05879276013517579,-0.05562392299953289,-0.016419130504210584,-0.11700266499504343,-0.03844775664112865,-0.02852604046502243,0.05772993038953237,0.03613820598282177,-0.05775336143478442,-0.036278012816959596,0.16720714726035454,0.09265563002853335,0.09163334508094835,,,,,,,,,0.05772993038953235,0.05772993038953222,0.05772993038953228,-0.0986074000216336,0.05772993038953228,0.03613820598282176,0.03613820598282187,0.036138205982821546,0.036138205982821546
bathrooms,0.08420038669074326,,0.04272977459404594,0.0037946590010858425,0.019298195436504715,,-0.004619714362245855,-0.05085757037325527,0.5430207801009513,1.0,0.5556457449439957,0.5218989144880867,0.04054771340501401,0.044572047179413606,0.03813816232578589,0.031021719251225068,-0.01471896682021943,-0.02200649612089676,0.03982496240724813,-0.02000059306347787,,0.02167068457164756,0.026641292631154487,0.02438717306968833,0.0880739210513426,-0.14000550868992143,-0.12746715015964533,-0.11650682267257723,0.03947266663881948,-0.13317276876545556,-0.15194731612805795,0.01424374753619491,-0.03985288888517502,-0.0561947737819133,-0.052205608605132355,-0.07698047055113741,-0.0689918780330612,-0.010786159762871788,-0.05178357441837063,0.06762237119282363,0.04847468279495966,0.11744798947150197,0.27808360714213276,-0.13242522799921141,0.033398151094761665,0.42825097147848984,-0.017507963915912486,0.04322063985008386,-0.1690796735637546,0.4444706056688238,0.4613976080838433,0.033398151094761665,0.43081996653431204,0.42825097147849017,-0.14000550868992076,-0.16825761969146844,-0.132425227999212,-0.08807392105134311,-0.15194731612805773,-0.10023750549259003,0.04846030822900223,0.01424374753619491,-0.03038231396350121,-0.029796365129861745,0.12328394510877133,0.06762237119282363,0.13484208413899995,,,,,,,,,0.048460308229002214,0.048460308229002255,0.04846030822900225,-0.04485902767407299,0.04846030822900225,0.014243747536194932,0.014243747536194905,0.014243747536194923,0.014243747536194923
bedrooms,0.11700117770268041,,0.02913983189931777,-0.05065076032871319,-0.024267519516329036,,0.012359138639820792,0.01076645347585765,0.8354569100130947,0.5556457449439957,1.0,0.7611669062681301,0.03254274360821577,0.07858775874729959,0.028693844487066862,0.027960091248285482,0.02886112695225277,0.016992264359683,0.031161930058514618,0.025101476814258145,,0.03942301873126847,0.03149768901083818,0.01828074300998976,0.06124463581565095,-0.15767714576039477,-0.12490565742331201,-0.12652377657331956,0.021747493220006856,-0.13277248852600715,-0.13508641226451382,0.034536791351403556,-0.014190485152740741,-0.042302879946927295,-0.05499843141736406,-0.008605663640701476,-0.01724665567468999,-0.02602451250647373,-0.04162295082629597,0.08903394497808449,0.10243567817072614,-0.09642345737680516,-0.03639677668445613,-0.1244119270438158,0.02348637436854006,0.5319249558732332,-0.021785690601608836,-0.06681741433559327,-0.15766828026367682,0.7483079420881671,0.7184417766771245,0.023486374368540137,0.5536044345164166,0.5319249558732309,-0.15767714576039477,-0.16161408874183988,-0.12441192704381578,-0.06124463581565094,-0.13508641226451348,-0.10016491006101938,0.03787902195902616,0.034536791351403556,-0.04499492145733329,-0.05599686249894155,0.1427205452085269,0.08903394497808449,0.09902548008184223,,,,,,,,,0.03787902195902616,0.03787902195902605,0.037879021959026093,-0.05785394512994766,0.037879021959026093,0.03453679135140359,0.03453679135140376,0.034536791351403785,0.034536791351403785
beds,0.030111706255366195,,0.005145863444550061,-0.07406574428771216,-0.09070141107767325,,-0.008298078523003414,-0.005618691974892341,0.82792407183418,0.5218989144880867,0.7611669062681301,1.0,-0.025436413831174835,0.05769724869778201,-0.030965852786185286,-0.024304169355539723,0.0526397881283099,0.03790674354025543,-0.024966356492428305,0.049233887472238225,,0.0428529377143955,0.03874657021553608,0.030636555806723018,0.07601587986136196,-0.06012827844345104,-0.04238973185526465,-0.05763517307187802,0.04251876062076672,-0.04858937510122697,-0.05166627438082404,0.008000004820901449,-0.023242323053920537,-0.05459314410526675,-0.041054730229622985,-0.04940488881452558,-0.03741814457755969,-0.0021895092420633187,-0.033695334585004635,0.04471029187789809,0.06693635026134327,-0.11376604347595422,0.03569544412847905,-0.0588847465350155,-0.05714405854061344,0.43026955055205734,-0.07625806923258537,-0.18088567245243822,-0.037544205417660265,0.7429380744918529,0.9384707147535118,-0.05714405854061342,0.47670873118787516,0.43026955055205585,-0.060128278443450825,-0.04045206829401632,-0.05888474653501553,-0.07601587986136188,-0.05166627438082429,-0.04235598317965712,-0.030812049208360528,0.008000004820901449,-0.08997020374956101,-0.09085103385455244,0.14707345148080714,0.04471029187789809,0.08156803265119159,,,,,,,,,-0.03081204920836051,-0.030812049208360448,-0.030812049208360504,-0.09017495002311435,-0.030812049208360504,0.008000004820901414,0.008000004820901416,0.008000004820901322,0.008000004820901322
minimum_nights,0.005354390535221429,,-0.03694195763566086,0.0106705304575613,-0.00977195378954748,,-0.0028015244303915697,-0.014501997282254599,-0.05739939464521837,0.04054771340501401,0.03254274360821577,-0.025436413831174835,1.0,0.1482424502745885,0.8513855221119171,0.9135877906148102,-0.07180583685948157,-0.09702572636456783,0.993305859755428,-0.08206774085653026,,-0.058828783645605676,-0.07098533481486075,-0.07770306546384095,-0.049079921666590295,-0.240286830560516,-0.355084695883014,-0.3204491086645649,-0.07895568514607804,-0.3312408892771048,-0.27342954922530305,-0.0714955887103939,-0.0420968063771768,-0.03803496876654882,-0.07956530957131566,-0.03435122162991037,-0.022393196317212816,-0.056913097594652996,-0.052017900665479164,-0.09050406290347521,-0.079897416146756,-0.05201837448982889,-0.036584886153223285,-0.3318757183696205,-0.04594066974155191,-0.11085295008320747,-0.037855903996273116,-0.049728074307026277,-0.3584374564188254,-0.081396052931292,-0.03522746070550325,-0.045940669741551934,-0.09707486190741393,-0.11085295008320671,-0.24028683056051636,-0.35432426957604196,-0.33187571836962054,0.04907992166659045,-0.27342954922530405,-0.15065471934698738,-0.049391397316005406,-0.0714955887103939,-0.03885649624829508,-0.04810308319772229,-0.06683207342970861,-0.09050406290347521,-0.006313305026123673,,,,,,,,,-0.049391397316005406,-0.049391397316005455,-0.04939139731600542,0.10759332872779294,-0.04939139731600542,-0.07149558871039396,-0.07149558871039405,-0.07149558871039402,-0.07149558871039402
maximum_nights,-0.10857509452241032,,-0.010305265601387698,0.0690847863477058,0.08290081759168999,,0.007425451141140605,-0.025580151117993423,0.0949086368884296,0.044572047179413606,0.07858775874729959,0.05769724869778201,0.1482424502745885,1.0,0.15671236424508145,0.1575941484050482,0.409034181929982,0.4472932758892922,0.15136609537483775,0.4223957693037656,,0.031714630478062285,0.03135410483599501,0.03051688339096101,0.1478840825814534,-0.01236093634664775,-0.0736013848054588,-0.0867002429566143,0.04283903477665685,-0.0718176269350704,-0.05027645169325747,0.057963521577668375,-0.0862973070753089,-0.0762160800542157,-0.09399080227339311,-0.039399223888552465,-0.05491627073586676,-0.07458812684040399,-0.0830074323809916,0.042100564060920914,0.044743817984914086,-0.049813501531622166,-0.0212286868578075,-0.06588687524588546,0.06722568007436748,0.09788884716045125,0.07609018880224111,0.0358779881078031,-0.03489120543244822,0.08911186414634314,0.04837653887915284,0.06722568007436747,0.07850022150940092,0.09788884716045057,-0.012360936346647557,-0.03742182953386613,-0.06588687524588535,-0.1478840825814536,-0.050276451693257465,-0.024683817383423644,0.04078914909254892,0.057963521577668375,0.05236808011686524,0.051581140012758,-0.1099617156492703,0.042100564060920914,0.10001441837384636,,,,,,,,,0.04078914909254892,0.040789149092548965,0.040789149092548986,0.050781453784883634,0.040789149092548986,0.0579635215776684,0.05796352157766839,0.05796352157766844,0.05796352157766844
minimum_minimum_nights,0.013483890112879687,,-0.03404453227472522,0.016225372549180214,-0.0077091729794931925,,8.406393577546476e-05,-0.03205689095569879,-0.0614038718352384,0.03813816232578589,0.028693844487066862,-0.030965852786185286,0.8513855221119171,0.15671236424508145,1.0,0.7842248990733087,-0.08969397298943527,-0.11916843657884664,0.8557073791035964,-0.10200643409736065,,-0.0768666391163464,-0.08755186932556801,-0.09369919367538557,-0.051999083451146066,-0.30281450063501836,-0.40629061621329776,-0.36780897475178753,-0.09408395331537887,-0.379574351864317,-0.3196002586473171,-0.07528250434201646,-0.0551732130653802,-0.05166087904918439,-0.10085207301368425,-0.04534002779705051,-0.030438650648428125,-0.07332206446663611,-0.06722109319926864,-0.1008182110541086,-0.08897564989174793,-0.05771814197800098,-0.04065071923429272,-0.40993024979249004,-0.045656927278836225,-0.1170003351857665,-0.0373733262430762,-0.04850203701882527,-0.4303410609232575,-0.08107162561023999,-0.043040697067180264,-0.04565692727883625,-0.10439971041256779,-0.11700033518576582,-0.30281450063501886,-0.42639233223855283,-0.40993024979249104,0.051999083451146046,-0.31960025864731595,-0.18557126600410742,-0.053744359220652085,-0.07528250434201646,-0.04078232871747082,-0.04972195737326194,-0.08345899679638873,-0.1008182110541086,-0.019257855213454838,,,,,,,,,-0.05374435922065207,-0.053744359220652106,-0.053744359220652106,0.11530933911097584,-0.053744359220652106,-0.0752825043420165,-0.07528250434201614,-0.0752825043420162,-0.0752825043420162
maximum_minimum_nights,0.018258892861197768,,-0.03630413443318949,0.009974527950502816,-0.01010022736531519,,0.0016910015199264217,-0.022248635537424555,-0.054229240141377415,0.031021719251225068,0.027960091248285482,-0.024304169355539723,0.9135877906148102,0.1575941484050482,0.7842248990733087,1.0,-0.05389778006493963,-0.07629938897764312,0.9242318538727836,-0.06298890992243675,,-0.05567939638226993,-0.06567495542545158,-0.07250759380617465,-0.03649402689791341,-0.22744299614004093,-0.33007386697032415,-0.2971439118585541,-0.07339452263135098,-0.30958211700800425,-0.2574833666651011,-0.06388594096050262,-0.10569675173230644,-0.10406732321689312,-0.12476852096749641,-0.08804326250040044,-0.07511588554676714,-0.12091070544337545,-0.10753898734095148,-0.08176370511486496,-0.07123000780682012,-0.0520631925944175,-0.03502058669563421,-0.3153450445278239,-0.04088908613361245,-0.09000105585743913,-0.033714246085234455,-0.0368232454442928,-0.3419046675617867,-0.07446989663381529,-0.030775692828722234,-0.04088908613361247,-0.07255552082437854,-0.09000105585743866,-0.22744299614004065,-0.33703792538676103,-0.3153450445278242,0.0364940268979135,-0.25748336666510074,-0.14778463789624705,-0.045279749758041096,-0.06388594096050262,-0.0356302877306682,-0.043222149652120505,-0.0646433699903782,-0.08176370511486496,0.010806995495620936,,,,,,,,,-0.04527974975804109,-0.04527974975804114,-0.04527974975804107,0.09690253064130294,-0.04527974975804107,-0.06388594096050264,-0.06388594096050251,-0.06388594096050258,-0.06388594096050258
minimum_maximum_nights,-0.24431131453450344,,-0.03357581813034485,-0.09055402062851517,-0.08877515742045732,,0.03476999352671041,0.013803182370897093,0.07177754909522302,-0.01471896682021943,0.02886112695225277,0.0526397881283099,-0.07180583685948157,0.409034181929982,-0.08969397298943527,-0.05389778006493963,1.0,0.962158304689607,-0.07011342718943145,0.9875125637857539,,-0.01387442335950864,-0.004724132821867541,-0.0008219441131350073,0.11126512927732252,0.23195470199267001,0.16975976142179655,0.09220252112103287,0.018540072413786156,0.2092358702060489,0.22626434183525124,-0.0049421388802440664,-0.0022879321690581727,0.002857657679241772,0.010766113231665531,0.02825227140258228,0.027864144080800048,0.013201960078539993,0.008995786575501912,0.11949766805431157,0.1460628208393584,-0.13085743514100345,-0.026482778705638216,0.131214625553092,-0.07943242573958188,0.0038443982319089605,-0.07426351477431516,-0.0589291983636104,0.2921422836481307,0.07141572062518088,0.06751471443130874,-0.07943242573958194,0.032900666346399696,0.003844398231907217,0.23195470199267065,0.2910316610281876,0.13121462555309216,-0.11126512927732343,0.22626434183525,0.1416615586693772,-0.09564017786994217,-0.0049421388802440664,-0.08890781223193958,-0.09007483960200176,-0.06114933761352754,0.11949766805431157,0.0030837859173933283,,,,,,,,,-0.09564017786994217,-0.09564017786994199,-0.09564017786994197,-0.04381892468078824,-0.09564017786994197,-0.004942138880244027,-0.004942138880244018,-0.004942138880243965,-0.004942138880243965
maximum_maximum_nights,-0.21357246124353857,,0.014239130017720385,-0.0270153391737124,-0.01258653504946592,,0.029740725808253512,-0.0012996192267637294,0.07104514519254979,-0.02200649612089676,0.016992264359683,0.03790674354025543,-0.09702572636456783,0.4472932758892922,-0.11916843657884664,-0.07629938897764312,0.962158304689607,1.0,-0.09514659008490356,0.983084489887291,,0.02436703571519184,0.031592651482121745,0.03358823715987261,0.1337869402119231,0.22295560078681134,0.18500227713324746,0.11746720334062505,0.050628402939164145,0.20464969631221086,0.22028984354678938,0.0659116332430064,-0.02921097598965652,-0.024228234723759377,-0.009476000092916957,0.0032058215451967647,-0.0021128488124013034,-0.003577569845516713,-0.01797722939935992,0.1320556578134798,0.1396889165765968,-0.05346733947320292,-0.02902243158584735,0.1484257424097172,0.018707221921275087,0.0682882444770155,0.029576828636268856,0.0157266485154086,0.2805777603639728,0.07101592020664815,0.04585934206348816,0.018707221921275056,0.0615499308778819,0.06828824447701408,0.22295560078681095,0.27959004434926354,0.1484257424097177,-0.1337869402119234,0.22028984354678846,0.1364213422585004,-0.006397020723854856,0.0659116332430064,0.00855635528781809,0.00931853639480825,-0.05450953278899392,0.1320556578134798,0.039024357248757316,,,,,,,,,-0.006397020723854856,-0.006397020723854811,-0.006397020723854814,-0.03557233087010917,-0.006397020723854814,0.06591163324300639,0.06591163324300647,0.0659116332430065,0.0659116332430065
minimum_nights_avg_ntm,0.005693860534292228,,-0.036470815994665805,0.010853395100257566,-0.009395110033314034,,-0.0010155370424823535,-0.017846405433861623,-0.05872892816987586,0.03982496240724813,0.031161930058514618,-0.024966356492428305,0.993305859755428,0.15136609537483775,0.8557073791035964,0.9242318538727836,-0.07011342718943145,-0.09514659008490356,1.0,-0.08060402266020152,,-0.05704519785013483,-0.06867044040354119,-0.07515306986276143,-0.043796299036716294,-0.24273704694958467,-0.35722753091207354,-0.32187931674760045,-0.07560994938139749,-0.334537803013213,-0.2799972756733142,-0.07378813314998445,-0.04778407868488345,-0.045163664112220094,-0.08283231395319086,-0.03692186499970072,-0.024953313872502686,-0.06384832010143171,-0.05655003533568737,-0.08973146006515854,-0.07905910316729266,-0.05225064238341818,-0.03673072812636427,-0.3344215960499955,-0.04652388806145653,-0.11284709680414823,-0.03833593060225766,-0.050337681640824306,-0.3603374735564588,-0.08230538857229723,-0.034603503712088535,-0.046523888061456554,-0.09900358157639248,-0.11284709680414734,-0.242737046949584,-0.3564038224008143,-0.33442159604999405,0.04379629903671619,-0.27999727567331484,-0.15946163616279146,-0.05220148684914553,-0.07378813314998445,-0.04068816432830944,-0.05012207538037173,-0.07252154900946446,-0.08973146006515854,-0.005310346789741375,,,,,,,,,-0.05220148684914553,-0.05220148684914556,-0.052201486849145516,0.10880101614245945,-0.052201486849145516,-0.0737881331499845,-0.07378813314998472,-0.07378813314998445,-0.07378813314998445
maximum_nights_avg_ntm,-0.23583161760234933,,-0.014628707800460824,-0.08519533191424848,-0.08043071648717462,,0.032482465686015594,0.011562965547466983,0.07080616310411092,-0.02000059306347787,0.025101476814258145,0.049233887472238225,-0.08206774085653026,0.4223957693037656,-0.10200643409736065,-0.06298890992243675,0.9875125637857539,0.983084489887291,-0.08060402266020152,1.0,,-0.000659614386273948,0.0070897594585542035,0.00963435740349238,0.11063563287589735,0.23180845244385884,0.1774339002915942,0.10023760036664606,0.02714674408565023,0.21287334123370175,0.22934643403175345,0.0010373056249655813,-0.012296752105085018,-0.007524370045850173,-0.000312889917469501,0.0211408705717256,0.016630523405439,0.0089807026617046,-0.0023014252984943657,0.12170306512157843,0.1443344674822761,-0.11103819661485592,-0.027339575522040502,0.1390760245581375,-0.06819318019535921,0.013395343535606948,-0.06397360994979356,-0.04803615205704193,0.29415505895745025,0.07142858274359505,0.06425291314631199,-0.06819318019535921,0.03948800481135516,0.013395343535604998,0.23180845244385817,0.29305184270158685,0.13907602455813742,-0.1106356328758982,0.22934643403175348,0.1436122751106413,-0.08417307153482821,0.0010373056249655813,-0.07792342894334758,-0.07679608293827776,-0.055415219673583045,0.12170306512157843,0.013958680395562426,,,,,,,,,-0.0841730715348282,-0.08417307153482825,-0.08417307153482825,-0.044733652439794366,-0.08417307153482825,0.0010373056249656258,0.0010373056249654887,0.0010373056249655926,0.0010373056249655926
calendar_updated,,,,,,,,,,,,,,,,,,,,,,,,,,,,,,,,,,,,,,,,,,,,,,,,,,,,,,,,,,,,,,,,,,,,,,,,,,,,,,,,,,,,
availability_30,0.15119833429794913,,0.18962937346786554,0.08938290166984211,0.0666311754317555,,-0.012689620390852134,-0.0163809668548649,0.06718223044281427,0.02167068457164756,0.03942301873126847,0.0428529377143955,-0.058828783645605676,0.031714630478062285,-0.0768666391163464,-0.05567939638226993,-0.01387442335950864,0.02436703571519184,-0.05704519785013483,-0.000659614386273948,,1.0,0.9163891024975666,0.8398330902414504,0.4994728493962283,-0.05114505184669287,0.011123048148891448,0.03309278492717619,0.7809940205741048,-0.04509565558539639,-0.04296173063684071,-0.012486281634606477,-0.12499823631524765,-0.1243940741445237,-0.08874980811143192,-0.09166592294207382,-0.1027389763217653,-0.06662862154651503,-0.11565988528580455,0.16460082924053673,0.14681906081199741,0.12991077771125425,0.05990908234011155,0.05849154675670008,-0.00760447993432638,0.16125666696889762,-0.013071232309916069,0.1524101340311396,-0.07763242272411104,0.0418097397340347,0.022022028781616642,-0.007604479934326362,0.18257312084213803,0.16125666696889857,-0.05114505184669277,-0.07648462376859162,0.058491546756699916,-0.49947284939622816,-0.042961730636840494,-0.022596386968072334,-0.060136578909135215,-0.012486281634606477,-0.05220849047812528,-0.044746479166901436,-0.3885450919738107,0.16460082924053673,0.16602578575502971,,,,,,,,,-0.060136578909135215,-0.06013657890913518,-0.06013657890913533,0.3448451259323922,-0.06013657890913533,-0.012486281634606482,-0.012486281634606477,-0.012486281634606466,-0.012486281634606466
availability_60,0.16445439514083873,,0.18878109162831846,0.08668332646788277,0.07644100002371733,,-0.022127532891641464,-0.014133576279098857,0.0682095332062433,0.026641292631154487,0.03149768901083818,0.03874657021553608,-0.07098533481486075,0.03135410483599501,-0.08755186932556801,-0.06567495542545158,-0.004724132821867541,0.031592651482121745,-0.06867044040354119,0.0070897594585542035,,0.9163891024975666,1.0,0.9638518820050621,0.5967444189754774,-0.027477067497912754,0.046384892712869656,0.06764567239782895,0.9155576511496963,-0.012036904968693203,0.011937830166980641,0.005115203381626936,-0.11800694773085776,-0.11950553618366083,-0.07876229167021674,-0.07903434497032275,-0.09717607985767264,-0.07274762632255638,-0.11936685946980465,0.17739362967002192,0.15990144299628914,0.10979910619536003,0.05189995519393509,0.08481029493034145,0.017338240002439678,0.1646057445711634,0.009301137397104451,0.16064826841248692,-0.05899325828324315,0.039123283594396895,0.01469792627724713,0.01733824000243966,0.17520913167338253,0.16460574457116456,-0.027477067497912698,-0.056209195456016346,0.08481029493034095,-0.5967444189754777,0.011937830166980684,-0.0072987624287065055,-0.052706014620814555,0.005115203381626936,-0.042958137120150515,-0.03456605890194606,-0.4285221439906926,0.17739362967002192,0.17451819072493627,,,,,,,,,-0.05270601462081454,-0.05270601462081479,-0.05270601462081482,0.31461494941106555,-0.05270601462081482,0.005115203381626926,0.005115203381626962,0.005115203381626935,0.005115203381626935
availability_90,0.16935929069972025,,0.1867283813674976,0.0920876569763832,0.08240056475410655,,-0.026615867930388656,-0.00843396958334312,0.06217960269910125,0.02438717306968833,0.01828074300998976,0.030636555806723018,-0.07770306546384095,0.03051688339096101,-0.09369919367538557,-0.07250759380617465,-0.0008219441131350073,0.03358823715987261,-0.07515306986276143,0.00963435740349238,,0.8398330902414504,0.9638518820050621,1.0,0.6605934812547318,-0.0016251482443824048,0.08365995556594433,0.09942887319881624,0.977123055871372,0.024457415443461538,0.06506670024493241,0.013635787168379253,-0.1039252388452174,-0.10787325425152684,-0.06865283603183979,-0.06952073683654802,-0.0900240784024249,-0.06573258041132723,-0.11230736838017673,0.17138531170282315,0.1550265508522936,0.0948097653031418,0.049563195680671315,0.11356300181949648,0.02871840869677857,0.15134191279465647,0.020547465709483927,0.15555508587870978,-0.04070314734515003,0.032719184321451156,0.006138741955313127,0.028718408696778545,0.1561751104244729,0.15134191279465672,-0.0016251482443823354,-0.03622565691197404,0.11356300181949651,-0.6605934812547319,0.06506670024493219,0.028013522337634236,-0.05340903136613734,0.013635787168379253,-0.04084697848707509,-0.030626317175367537,-0.4497861703764861,0.17138531170282315,0.1712675191520947,,,,,,,,,-0.05340903136613734,-0.05340903136613734,-0.05340903136613729,0.28936872056896884,-0.05340903136613729,0.01363578716837923,0.013635787168379293,0.01363578716837925,0.01363578716837925
availability_365,0.17563674930773915,,0.19344647611990368,0.12473892230821138,0.11757131253553782,,-0.029443735552345977,-0.036860037393322186,0.1170026649950437,0.0880739210513426,0.06124463581565095,0.07601587986136196,-0.049079921666590295,0.1478840825814534,-0.051999083451146066,-0.03649402689791341,0.11126512927732252,0.1337869402119231,-0.043796299036716294,0.11063563287589735,,0.4994728493962283,0.5967444189754774,0.6605934812547318,1.0,0.017481135342994926,0.08152833747320912,0.07486377556957771,0.7384579160044865,0.03354382644072291,0.11528749924709172,0.03539355205266285,-0.08458409374746499,-0.0869912455196495,-0.05565766464699318,-0.06354152966960985,-0.07253618375827739,-0.050997580278972596,-0.10736964246069707,0.21713727196928606,0.20583006059456938,0.04472342120236872,0.05303443829240957,0.09881410488252576,0.058040518187362916,0.16252862077143426,0.04736975498159605,0.11058200194794644,-0.053485160344924475,0.08894234983268372,0.0543425372081549,0.05804051818736286,0.15775149993072754,0.1625286207714352,0.01748113534299507,-0.04663641558550064,0.09881410488252554,-0.9999999999999968,0.11528749924709152,0.050201780144582105,-0.11196352620741633,0.03539355205266285,-0.08700897319143629,-0.0684093727518948,-0.7411515847581499,0.21713727196928606,0.20302489454349124,,,,,,,,,-0.11196352620741633,-0.11196352620741666,-0.11196352620741644,0.30059010051009694,-0.11196352620741644,0.03539355205266283,0.03539355205266287,0.0353935520526628,0.0353935520526628
number_of_reviews,-0.4599779890660871,,-0.21885385873239124,-0.09060129326674309,-0.08601456305904041,,0.03412462554739799,0.045461160956298964,-0.0587927601351759,-0.14000550868992143,-0.15767714576039477,-0.06012827844345104,-0.240286830560516,-0.01236093634664775,-0.30281450063501836,-0.22744299614004093,0.23195470199267001,0.22295560078681134,-0.24273704694958467,0.23180845244385884,,-0.05114505184669287,-0.027477067497912754,-0.0016251482443824048,0.017481135342994926,1.0,0.6424210175083677,0.4841504736661761,0.012317791200891177,0.7597792672537788,0.5341343043896798,0.036536363998709034,0.10286182743717258,0.11979719108589924,0.12064825386484883,0.09822336105243433,0.09199724774391081,0.12082749526427669,0.1355386373521489,-0.11459171796944424,-0.09729407179828183,-0.09959110550186563,-0.006789317434244757,0.6868188644880866,-0.0442715493340355,-0.12765243159704331,-0.037030584877358365,-0.11693120636715719,0.7427688567087294,-0.03740662499893278,-0.03857953088827709,-0.04427154933403547,-0.1396157712358346,-0.12765243159704714,0.9999999999999978,0.7827310168122165,0.6868188644880887,-0.017481135342995932,0.5341343043896767,0.5035051513294162,-0.05084823400879367,0.036536363998709034,-0.04012000871405053,-0.036170752395521304,0.03088822462567401,-0.11459171796944424,-0.11326944141309322,,,,,,,,,-0.05084823400879367,-0.050848234008793444,-0.05084823400879351,-0.09673101065272362,-0.05084823400879351,0.03653636399870919,0.0365363639987088,0.036536363998708854,0.036536363998708854
number_of_reviews_ltm,-0.12556565338981265,,-0.027612970648758305,-0.07164465651889419,-0.07049445426365154,,0.01471324600136231,0.03002918839028775,-0.019379587769076743,-0.12746715015964533,-0.12490565742331201,-0.04238973185526465,-0.355084695883014,-0.0736013848054588,-0.40629061621329776,-0.33007386697032415,0.16975976142179655,0.18500227713324746,-0.35722753091207354,0.1774339002915942,,0.011123048148891448,0.046384892712869656,0.08365995556594433,0.08152833747320912,0.6424210175083677,1.0,0.8242311359090367,0.10169403516370064,0.8223465965556368,0.7241010376002758,0.07348293732541801,0.1113928009321402,0.10746844069396977,0.12971215386120977,0.07747052791778121,0.0873874176294131,0.10658702682654989,0.13369694854211134,0.03255259203748748,0.04755376596563574,-0.0832892950373006,-0.0039717442136631975,0.872762941792897,-0.039863774021488815,-0.07742419910159262,-0.032147588189761434,-0.08762966855760536,0.5982041771742637,0.00581385281820657,-0.02241234259661087,-0.03986377402148877,-0.0708493037742167,-0.07742419910159425,0.6424210175083702,0.6126281611104553,0.8727629417928958,-0.08152833747320921,0.7241010376002776,0.6798146398281683,-0.042818542641842344,0.07348293732541801,-0.034955033866072946,-0.03309600264560198,0.04101296737403393,0.03255259203748748,-0.06093421614964302,,,,,,,,,-0.042818542641842344,-0.04281854264184233,-0.04281854264184236,-0.11208200229398545,-0.04281854264184236,0.07348293732541804,0.0734829373254183,0.07348293732541789,0.07348293732541789
number_of_reviews_l30d,-0.05934884641758316,,-0.01566666453625942,-0.031075580988906466,-0.029135725002344168,,0.007943507324546963,0.022731364370283957,-0.03284424725433742,-0.11650682267257723,-0.12652377657331956,-0.05763517307187802,-0.3204491086645649,-0.0867002429566143,-0.36780897475178753,-0.2971439118585541,0.09220252112103287,0.11746720334062505,-0.32187931674760045,0.10023760036664606,,0.03309278492717619,0.06764567239782895,0.09942887319881624,0.07486377556957771,0.4841504736661761,0.8242311359090367,1.0,0.11267962357822273,0.5804449198996722,0.5636008070099843,0.12765337871237062,0.10293446530740986,0.09884453213041496,0.12481308566446443,0.06764115110604876,0.07211017190221819,0.09586174951060208,0.11989669062446699,-0.02631945311671522,-0.019447361066373597,-0.04848594751731496,-0.0092953855776268,0.7641269226583383,-0.0003862946141267815,-0.05779135853330761,0.013829868279371467,-0.053211618204282635,0.47463568760270247,-0.005044466226535428,-0.04393184937083478,-0.00038629461412677626,-0.06226646072108017,-0.057791358533308426,0.48415047366617403,0.4810468892955986,0.7641269226583385,-0.07486377556957759,0.563600807009983,0.4859742266591402,-0.005716037403193565,0.12765337871237062,0.007467458593717104,0.011069593529503804,0.04499947949053539,-0.02631945311671522,-0.08347179510420655,,,,,,,,,-0.005716037403193563,-0.005716037403193536,-0.005716037403193582,-0.09003304560883994,-0.005716037403193582,0.12765337871237062,0.12765337871237056,0.1276533787123706,0.1276533787123706
availability_eoy,0.172120680569649,,0.1865195550850271,0.09603685314306326,0.08659793120519652,,-0.030321418927546674,-0.011147651584280851,0.07053034482949191,0.03947266663881948,0.021747493220006856,0.04251876062076672,-0.07895568514607804,0.04283903477665685,-0.09408395331537887,-0.07339452263135098,0.018540072413786156,0.050628402939164145,-0.07560994938139749,0.02714674408565023,,0.7809940205741048,0.9155576511496963,0.977123055871372,0.7384579160044865,0.012317791200891177,0.10169403516370064,0.11267962357822273,1.0,0.04334927997936953,0.0976834307941264,0.020794561910097084,-0.09686249899228283,-0.10125487947895016,-0.06151372974120964,-0.06374257925614463,-0.08311583201061004,-0.061583226164737846,-0.10842028312279903,0.17587693956992492,0.1606547062348962,0.08339231609279196,0.051692475237193294,0.12547400269057715,0.034808838612623676,0.14941926622363022,0.026236850197571313,0.1471277550641302,-0.03029377487402704,0.039448870774829524,0.018244419607572466,0.034808838612623696,0.15091526429045066,0.14941926622363103,0.012317791200891139,-0.025019324900585064,0.12547400269057674,-0.7384579160044867,0.09768343079412667,0.04732121103055905,-0.06526959020148328,0.020794561910097084,-0.05078129200553006,-0.038700903431857135,-0.4979347174433804,0.17587693956992492,0.1802068522034571,,,,,,,,,-0.06526959020148328,-0.06526959020148307,-0.06526959020148312,0.28383756563603424,-0.06526959020148312,0.020794561910097056,0.02079456191009709,0.02079456191009709,0.02079456191009709
number_of_reviews_ly,-0.2773018614240199,,-0.11000618974757678,-0.08935836900795364,-0.0849811641201161,,0.030858151764728867,0.03869619538574654,-0.026611200000505177,-0.13317276876545556,-0.13277248852600715,-0.04858937510122697,-0.3312408892771048,-0.0718176269350704,-0.379574351864317,-0.30958211700800425,0.2092358702060489,0.20464969631221086,-0.334537803013213,0.21287334123370175,,-0.04509565558539639,-0.012036904968693203,0.024457415443461538,0.03354382644072291,0.7597792672537788,0.8223465965556368,0.5804449198996722,0.04334927997936953,1.0,0.6948287650432702,0.05585033317713412,0.1241104263353951,0.12363114835971335,0.13834765919357694,0.09140186406605558,0.09761204701291902,0.11991632747463997,0.14646010194306944,-0.0753679860856951,-0.05678432543630467,-0.10614862470206672,-0.015312041449157657,0.7552477767377418,-0.047115220756671836,-0.10144916708320714,-0.040367924430882225,-0.1105053297010219,0.6729727896124845,-0.0003166299743234779,-0.02756267950170087,-0.047115220756671815,-0.09834580556281908,-0.10144916708321002,0.7597792672537783,0.7010726301474566,0.755247776737744,-0.03354382644072334,0.6948287650432685,0.6692210947312333,-0.04529230206885148,0.05585033317713412,-0.03857239385756889,-0.03384401165054713,0.06510353407145494,-0.0753679860856951,-0.09536780281887702,,,,,,,,,-0.04529230206885148,-0.04529230206885142,-0.045292302068851396,-0.12344544812700271,-0.045292302068851396,0.05585033317713419,0.05585033317713413,0.055850333177134046,0.055850333177134046
estimated_occupancy_l365d,-0.19046519662477585,,-0.06835097969363693,-0.12104419023939542,-0.1151173090744745,,-0.024743052113647048,0.027995682171097894,-0.03844775664112876,-0.15194731612805795,-0.13508641226451382,-0.05166627438082404,-0.27342954922530305,-0.05027645169325747,-0.3196002586473171,-0.2574833666651011,0.22626434183525124,0.22028984354678938,-0.2799972756733142,0.22934643403175345,,-0.04296173063684071,0.011937830166980641,0.06506670024493241,0.11528749924709172,0.5341343043896798,0.7241010376002758,0.5636008070099843,0.0976834307941264,0.6948287650432702,1.0,0.10084621392747377,0.14352596913336532,0.14141318343862497,0.14611361102469564,0.1054883750411067,0.12159633099853953,0.1258914279031356,0.1461394635934712,0.02468523446984327,0.05098970274183123,-0.14916952252712953,-0.013600647563739026,0.6191213828969145,-0.06677636655303633,-0.15429924141250334,-0.053836072260343856,-0.1527872530662378,0.6589031080809462,-0.016051084729012333,-0.02266476856584842,-0.06677636655303633,-0.14079224622767222,-0.15429924141250567,0.534134304389681,0.6573680070997372,0.6191213828969145,-0.11528749924709182,0.9999999999999991,0.6716036551238663,-0.0721909612241673,0.10084621392747377,-0.059121938619776354,-0.05616673452066469,0.039123180187936646,0.02468523446984327,-0.06880600633443014,,,,,,,,,-0.0721909612241673,-0.07219096122416732,-0.0721909612241673,-0.14027281237591624,-0.0721909612241673,0.10084621392747391,0.10084621392747385,0.10084621392747388,0.10084621392747388
estimated_revenue_l365d,0.02726660779975203,,0.061552642516171326,0.2383756576592666,0.2822184743600334,,-0.007601054148119794,-0.008127719012259093,0.03613820598282177,0.01424374753619491,0.034536791351403556,0.008000004820901449,-0.0714955887103939,0.057963521577668375,-0.07528250434201646,-0.06388594096050262,-0.0049421388802440664,0.0659116332430064,-0.07378813314998445,0.0010373056249655813,,-0.012486281634606477,0.005115203381626936,0.013635787168379253,0.03539355205266285,0.036536363998709034,0.07348293732541801,0.12765337871237062,0.020794561910097084,0.05585033317713412,0.10084621392747377,1.0,0.012642946889626548,-0.014341344243494036,0.016139696207871312,0.01630092825021306,0.0019309351929578627,-0.03807805801956812,-0.000918607513926441,0.06577053447833592,0.027335667619466496,-0.031742793595518286,-0.005130462664919505,0.09722707814636156,0.5317881064595984,0.3143459771300614,0.6290082203692318,0.3391096117163511,0.06565167695492581,0.02913982490588189,-0.025552522121578432,0.5317881064595981,0.10900555125787408,0.31434597713006135,0.036536363998708674,0.06056815387028659,0.0972270781463612,-0.03539355205266279,0.10084621392747387,0.05678132631167763,0.4390049766320189,1.0,0.527957252183255,0.4742420451672969,0.12565605668205063,0.06577053447833592,0.034653050622074834,,,,,,,,,0.4390049766320189,0.4390049766320188,0.4390049766320196,-0.02962809847759393,0.4390049766320196,1.0,0.999999999999998,0.9999999999999988,0.9999999999999988
review_scores_rating,-0.11557118815528991,,-0.14665225148602581,-0.11055177611497569,-0.10341409181711556,,0.01136785251362018,0.009212924751353695,-0.003160342344674186,-0.03985288888517502,-0.014190485152740741,-0.023242323053920537,-0.0420968063771768,-0.0862973070753089,-0.0551732130653802,-0.10569675173230644,-0.0022879321690581727,-0.02921097598965652,-0.04778407868488345,-0.012296752105085018,,-0.12499823631524765,-0.11800694773085776,-0.1039252388452174,-0.08458409374746499,0.10286182743717258,0.1113928009321402,0.10293446530740986,-0.09686249899228283,0.1241104263353951,0.14352596913336532,0.012642946889626548,1.0,0.8472790552145221,0.7596205490233431,0.6425471939027391,0.7605176101353994,0.6164760633446936,0.8501636142782468,-0.11455797757908913,-0.09953381083988681,-0.11074454706679984,-0.028808433357951507,0.11239189325811276,-0.03499300633517517,-0.013963469002570037,-0.03496419369004791,-0.018226296504669396,0.1836333601321823,0.011266757468870871,-0.009175882914441512,-0.03499300633517517,0.014934787681126346,-0.013963469002571473,0.10286182743717223,0.17570898401251178,0.11239189325811325,0.08458409374746473,0.14352596913336538,0.08588323476675974,-0.029837509152100927,0.012642946889626541,-0.04369432186991553,-0.018012207216381814,0.08832336929671886,-0.11455797757908913,-0.16397380428050165,,,,,,,,,-0.029837509152100955,-0.029837509152100893,-0.029837509152100917,-0.04220446885730108,-0.029837509152100917,0.012642946889626541,0.0126429468896265,0.012642946889626574,0.012642946889626574
review_scores_accuracy,-0.14272456179329346,,-0.16216954513429088,-0.11373089457749244,-0.10406950956594715,,0.01635300502613771,0.015475717953667003,-0.029051927152736117,-0.0561947737819133,-0.042302879946927295,-0.05459314410526675,-0.03803496876654882,-0.0762160800542157,-0.05166087904918439,-0.10406732321689312,0.002857657679241772,-0.024228234723759377,-0.045163664112220094,-0.007524370045850173,,-0.1243940741445237,-0.11950553618366083,-0.10787325425152684,-0.0869912455196495,0.11979719108589924,0.10746844069396977,0.09884453213041496,-0.10125487947895016,0.12363114835971335,0.14141318343862497,-0.014341344243494036,0.8472790552145221,1.0,0.7182396198960805,0.6447866939024458,0.723733897960064,0.5992828998033372,0.8054996769281408,-0.12323450579115058,-0.10784280299727429,-0.10851325433140005,-0.017490294294557354,0.11715077291922206,-0.04814169213383311,-0.035001821872899935,-0.04662314635961777,-0.023189024048247298,0.20247370057030054,-0.00976163166249027,-0.034546818301766404,-0.048141692133833104,-0.015408937836489977,-0.035001821872901656,0.11979719108589923,0.1940319237531764,0.11715077291922256,0.08699124551964905,0.14141318343862505,0.08760605390865221,-0.015959394808686585,-0.014341344243494049,-0.027294651145260678,-0.02122822380622148,0.0856637885868591,-0.12323450579115058,-0.15622678544376273,,,,,,,,,-0.015959394808686606,-0.015959394808686567,-0.015959394808686578,-0.03914515290777917,-0.015959394808686578,-0.014341344243494049,-0.014341344243494095,-0.014341344243494033,-0.014341344243494033
review_scores_cleanliness,-0.10609439926105911,,-0.12982043204021398,-0.05990522239706736,-0.05359035266309793,,0.010062220308751714,0.0008663660616081298,-0.027583126616032513,-0.052205608605132355,-0.05499843141736406,-0.041054730229622985,-0.07956530957131566,-0.09399080227339311,-0.10085207301368425,-0.12476852096749641,0.010766113231665531,-0.009476000092916957,-0.08283231395319086,-0.000312889917469501,,-0.08874980811143192,-0.07876229167021674,-0.06865283603183979,-0.05565766464699318,0.12064825386484883,0.12971215386120977,0.12481308566446443,-0.06151372974120964,0.13834765919357694,0.14611361102469564,0.016139696207871312,0.7596205490233431,0.7182396198960805,1.0,0.5084700698652633,0.5861564929867302,0.5851135477781498,0.7196368123950253,-0.10648840523016165,-0.09713684643549096,-0.08150535019789008,-0.018675460605187703,0.13871828716821444,0.006725304154948157,0.011518927466277203,0.007619667892954229,0.03718284274834046,0.2131719405832589,-0.013509949798999422,-0.028051899706330326,0.006725304154948157,0.013854606213667187,0.011518927466275874,0.12064825386484877,0.2054655822782486,0.13871828716821502,0.05565766464699316,0.1461136110246957,0.09163440945700081,0.02340742530780749,0.016139696207871305,0.01819326647727953,0.026537584835821526,0.06352533708545835,-0.10648840523016165,-0.12672753677943777,,,,,,,,,0.023407425307807487,0.023407425307807428,0.023407425307807494,-0.028599308527006016,0.023407425307807494,0.016139696207871312,0.01613969620787126,0.016139696207871326,0.016139696207871326
review_scores_checkin,-0.12824381611806115,,-0.12911705577151666,-0.08571527043187344,-0.060740542303083477,,0.0027576122250436035,0.02528404943921279,-0.02359627219827504,-0.07698047055113741,-0.008605663640701476,-0.04940488881452558,-0.03435122162991037,-0.039399223888552465,-0.04534002779705051,-0.08804326250040044,0.02825227140258228,0.0032058215451967647,-0.03692186499970072,0.0211408705717256,,-0.09166592294207382,-0.07903434497032275,-0.06952073683654802,-0.06354152966960985,0.09822336105243433,0.07747052791778121,0.06764115110604876,-0.06374257925614463,0.09140186406605558,0.1054883750411067,0.01630092825021306,0.6425471939027391,0.6447866939024458,0.5084700698652633,1.0,0.740034837232975,0.46577240099405465,0.5775319350737773,-0.043791214842418505,-0.0302949844453189,-0.1150741368364,-0.03477622034715237,0.08644756511261471,0.0027721863450262817,-0.025380428643612053,0.0037067631785977955,-0.02139192376065292,0.17273595185711454,-0.005654289850891521,-0.025311620852221946,0.002772186345026289,-0.021823464968878967,-0.025380428643613607,0.09822336105243451,0.16259863503026775,0.08644756511261514,0.0635415296696093,0.10548837504110707,0.05934175861962483,0.010545258730839807,0.016300928250213103,0.0008354593087475557,0.01768140204303766,0.05645809131252633,-0.043791214842418505,-0.1159753818763922,,,,,,,,,0.010545258730839798,0.010545258730839805,0.010545258730839824,-0.01945144915361078,0.010545258730839824,0.01630092825021311,0.01630092825021309,0.01630092825021314,0.01630092825021314
review_scores_communication,-0.12417749558215892,,-0.1359257176349463,-0.06768837503469965,-0.052204765733073984,,0.007953507153393087,0.01995569704822439,-0.0181178402817846,-0.0689918780330612,-0.01724665567468999,-0.03741814457755969,-0.022393196317212816,-0.05491627073586676,-0.030438650648428125,-0.07511588554676714,0.027864144080800048,-0.0021128488124013034,-0.024953313872502686,0.016630523405439,,-0.1027389763217653,-0.09717607985767264,-0.0900240784024249,-0.07253618375827739,0.09199724774391081,0.0873874176294131,0.07211017190221819,-0.08311583201061004,0.09761204701291902,0.12159633099853953,0.0019309351929578627,0.7605176101353994,0.723733897960064,0.5861564929867302,0.740034837232975,1.0,0.4854415205784473,0.6845348238984613,-0.04252273667775618,-0.02890394636453952,-0.11223492156527724,-0.03827100491497178,0.08926665740249724,-0.005283801031913621,-0.02077414576490618,-0.0046148885000599285,-0.01756543245403473,0.17353846011274066,-0.004191552869131857,-0.018245651789895744,-0.0052838010319136205,-0.007933930914076251,-0.020774145764907458,0.0919972477439105,0.16250628264640007,0.08926665740249745,0.07253618375827708,0.12159633099853998,0.06621085049048425,-0.007882033475926923,0.00193093519295787,-0.01866918783447708,0.010858359276121906,0.04667011338642912,-0.04252273667775618,-0.12487004959835947,,,,,,,,,-0.007882033475926926,-0.007882033475926968,-0.007882033475926914,-0.013425358234879167,-0.007882033475926914,0.0019309351929578666,0.0019309351929578489,0.0019309351929578942,0.0019309351929578942
review_scores_location,-0.1257420855182163,,-0.1410973249751854,-0.1518865995076577,-0.15007479813584684,,-0.013031099882322733,-0.055958825153948726,0.004755337965532966,-0.010786159762871788,-0.02602451250647373,-0.0021895092420633187,-0.056913097594652996,-0.07458812684040399,-0.07332206446663611,-0.12091070544337545,0.013201960078539993,-0.003577569845516713,-0.06384832010143171,0.0089807026617046,,-0.06662862154651503,-0.07274762632255638,-0.06573258041132723,-0.050997580278972596,0.12082749526427669,0.10658702682654989,0.09586174951060208,-0.061583226164737846,0.11991632747463997,0.1258914279031356,-0.03807805801956812,0.6164760633446936,0.5992828998033372,0.5851135477781498,0.46577240099405465,0.4854415205784473,1.0,0.6099199303006965,-0.11226830813518596,-0.09603220037560545,-0.08512987392715815,-0.0063955082211327756,0.11194877052605302,-0.1178920202295368,-0.023437401241630476,-0.11841876439273351,-0.049388501206532806,0.19498504431486352,0.021257369487765923,0.009904870862857301,-0.11789202022953678,0.02960107163862227,-0.023437401241632128,0.12082749526427654,0.18759106267597342,0.1119487705260534,0.05099758027897229,0.12589142790313576,0.0811474529544417,-0.10015247286617485,-0.03807805801956813,-0.11443606561106075,-0.10439444564630296,0.06305102429902482,-0.11226830813518596,-0.11149349340981489,,,,,,,,,-0.1001524728661749,-0.10015247286617485,-0.1001524728661749,-0.046079792303978115,-0.1001524728661749,-0.03807805801956812,-0.03807805801956816,-0.03807805801956809,-0.03807805801956809
review_scores_value,-0.14460292012113946,,-0.16045575714164897,-0.13535642463652095,-0.12340700974240791,,0.0008552084872890472,0.023114884803641385,-0.02729620664573776,-0.05178357441837063,-0.04162295082629597,-0.033695334585004635,-0.052017900665479164,-0.0830074323809916,-0.06722109319926864,-0.10753898734095148,0.008995786575501912,-0.01797722939935992,-0.05655003533568737,-0.0023014252984943657,,-0.11565988528580455,-0.11936685946980465,-0.11230736838017673,-0.10736964246069707,0.1355386373521489,0.13369694854211134,0.11989669062446699,-0.10842028312279903,0.14646010194306944,0.1461394635934712,-0.000918607513926441,0.8501636142782468,0.8054996769281408,0.7196368123950253,0.5775319350737773,0.6845348238984613,0.6099199303006965,1.0,-0.12063525032707355,-0.10617199120661336,-0.1057928498630529,-0.025946206978460225,0.14278606004546587,-0.037505400916546944,-0.046914124127477246,-0.035783971966782784,-0.040632199979561315,0.22221039508527726,-0.012476808898765164,-0.021928253395929766,-0.03750540091654688,-0.02472318743747303,-0.046914124127478904,0.13553863735214874,0.21427546015456925,0.14278606004546607,0.10736964246069708,0.14613946359347155,0.10334266205462753,-0.023568775610571156,-0.0009186075139264404,-0.03405801831388143,-0.01701994331923573,0.09883174372936672,-0.12063525032707355,-0.1887457542897368,,,,,,,,,-0.023568775610571156,-0.023568775610571212,-0.023568775610571194,-0.04735586817474178,-0.023568775610571194,-0.0009186075139264294,-0.0009186075139264575,-0.0009186075139263942,-0.0009186075139263942
calculated_host_listings_count,0.27494629456946074,,0.38753495232651886,0.14453391009611577,0.1657747766108811,,-0.024715853644812883,-0.020466946596520454,0.09265563002853335,0.06762237119282363,0.08903394497808449,0.04471029187789809,-0.09050406290347521,0.042100564060920914,-0.1008182110541086,-0.08176370511486496,0.11949766805431157,0.1320556578134798,-0.08973146006515854,0.12170306512157843,,0.16460082924053673,0.17739362967002192,0.17138531170282315,0.21713727196928606,-0.11459171796944424,0.03255259203748748,-0.02631945311671522,0.17587693956992492,-0.0753679860856951,0.02468523446984327,0.06577053447833592,-0.11455797757908913,-0.12323450579115058,-0.10648840523016165,-0.043791214842418505,-0.04252273667775618,-0.11226830813518596,-0.12063525032707355,1.0,0.9837462758545348,0.05794660648046441,0.01680416750457692,0.022537969318282093,0.1051799289820203,0.19022771843515435,0.08675663435346606,0.15766319855953256,-0.1030660784146019,0.067436128104829,0.03044731093007545,0.10517992898202028,0.16407635530532463,0.19022771843515646,-0.1145917179694442,-0.11648810619940454,0.02253796931828128,-0.21713727196928492,0.024685234469843706,0.005871781198677408,0.061760251964609526,0.06577053447833592,0.055139365250978206,0.06390112211774589,-0.15583361824367933,1.0,0.3663982395912318,,,,,,,,,0.06176025196460952,0.06176025196460942,0.061760251964609464,0.03552495558782199,0.061760251964609464,0.06577053447833588,0.06577053447833602,0.06577053447833593,0.06577053447833593
calculated_host_listings_count_entire_homes,0.25353400268472975,,0.34653471620448656,0.08079179024483905,0.0646406372744676,,-0.025661919862017154,-0.01112404118502005,0.10435438388492398,0.04847468279495966,0.10243567817072614,0.06693635026134327,-0.079897416146756,0.044743817984914086,-0.08897564989174793,-0.07123000780682012,0.1460628208393584,0.1396889165765968,-0.07905910316729266,0.1443344674822761,,0.14681906081199741,0.15990144299628914,0.1550265508522936,0.20583006059456938,-0.09729407179828183,0.04755376596563574,-0.019447361066373597,0.1606547062348962,-0.05678432543630467,0.05098970274183123,0.027335667619466496,-0.09953381083988681,-0.10784280299727429,-0.09713684643549096,-0.0302949844453189,-0.02890394636453952,-0.09603220037560545,-0.10617199120661336,0.9837462758545348,1.0,-0.09138178821207807,-0.018997042184369498,0.02886389912662925,0.0027142051081620777,0.15057011031002715,0.002694403160785278,0.09263939058613589,-0.07277075702664057,0.09150299665417035,0.06740302005219909,0.0027142051081620747,0.16985210028116626,0.1505701103100296,-0.09729407179828178,-0.08735634784585812,0.028863899126628453,-0.20583006059456854,0.05098970274183177,0.019363078530676515,-0.03134951084027055,0.027335667619466496,-0.023788656088421737,-0.02466083997843031,-0.15509498097121183,0.9837462758545348,0.3207467116169042,,,,,,,,,-0.031349510840270545,-0.03134951084027068,-0.03134951084027069,0.01480179025690073,-0.03134951084027069,0.027335667619466455,0.027335667619466524,0.02733566761946647,0.02733566761946647
calculated_host_listings_count_private_rooms,0.09806963581904223,,0.25641863274254534,0.20612522923673698,0.21743053597290773,,0.013919401060778517,-0.04858527294476487,-0.10831150957324288,0.11744798947150197,-0.09642345737680516,-0.11376604347595422,-0.05201837448982889,-0.049813501531622166,-0.05771814197800098,-0.0520631925944175,-0.13085743514100345,-0.05346733947320292,-0.05225064238341818,-0.11103819661485592,,0.12991077771125425,0.10979910619536003,0.0948097653031418,0.04472342120236872,-0.09959110550186563,-0.0832892950373006,-0.04848594751731496,0.08339231609279196,-0.10614862470206672,-0.14916952252712953,-0.031742793595518286,-0.11074454706679984,-0.10851325433140005,-0.08150535019789008,-0.1150741368364,-0.11223492156527724,-0.08512987392715815,-0.1057928498630529,0.05794660648046441,-0.09138178821207807,1.0,0.20053391102202303,-0.05673012731181914,0.049881091583225796,-0.09633378720256039,0.020231922826709135,0.06367910164622176,-0.1664370699473966,-0.17798359935203548,-0.17527736602951854,0.049881091583225824,-0.13406208915629758,-0.0963337872025591,-0.09959110550186608,-0.16134250949185572,-0.056730127311819076,-0.04472342120236868,-0.14916952252712926,-0.07771655540487543,0.025578051642579314,-0.03174279359551827,0.010550891087565965,0.020650667336524098,-0.19379737362610214,0.057946606480464416,0.28321523211145927,,,,,,,,,0.025578051642579307,0.025578051642579355,0.025578051642579324,0.20210016399225048,0.025578051642579324,-0.031742793595518314,-0.03174279359551836,-0.03174279359551834,-0.03174279359551834
calculated_host_listings_count_shared_rooms,-0.04320425837649752,,-0.0026220728904078135,-0.007931640558804354,-0.007952632424166807,,-0.003281368327467024,-0.035273999860419306,-0.022146892833975196,0.27808360714213276,-0.03639677668445613,0.03569544412847905,-0.036584886153223285,-0.0212286868578075,-0.04065071923429272,-0.03502058669563421,-0.026482778705638216,-0.02902243158584735,-0.03673072812636427,-0.027339575522040502,,0.05990908234011155,0.05189995519393509,0.049563195680671315,0.05303443829240957,-0.006789317434244757,-0.0039717442136631975,-0.0092953855776268,0.051692475237193294,-0.015312041449157657,-0.013600647563739026,-0.005130462664919505,-0.028808433357951507,-0.017490294294557354,-0.018675460605187703,-0.03477622034715237,-0.03827100491497178,-0.0063955082211327756,-0.025946206978460225,0.01680416750457692,-0.018997042184369498,0.20053391102202303,1.0,-0.026741462251868763,-0.003807375855053008,-0.02391443268007577,-0.0022289559796675007,0.022752352123275577,0.014055408783512989,-0.04421180464320173,0.019577207738297207,-0.003807375855053013,-0.02165269929699142,-0.0239144326800761,-0.006789317434244689,0.012491624044353094,-0.02674146225186864,-0.05303443829240938,-0.013600647563739141,-0.014088552531677767,-0.011006220267601993,-0.005130462664919504,-0.008285485709627208,-0.007906231271803925,-0.053619015647277536,0.016804167504576913,0.06750128815663767,,,,,,,,,-0.011006220267601993,-0.011006220267601988,-0.011006220267601981,0.017728718199856927,-0.011006220267601981,-0.005130462664919493,-0.005130462664919522,-0.005130462664919487,-0.005130462664919487
reviews_per_month,0.0007249940135181896,,0.041192180707770705,0.024395888981828432,0.018255885540263406,,0.02781424045683017,0.03381034243713501,-0.016419130504210268,-0.13242522799921141,-0.1244119270438158,-0.0588847465350155,-0.3318757183696205,-0.06588687524588546,-0.40993024979249004,-0.3153450445278239,0.131214625553092,0.1484257424097172,-0.3344215960499955,0.1390760245581375,,0.05849154675670008,0.08481029493034145,0.11356300181949648,0.09881410488252576,0.6868188644880866,0.872762941792897,0.7641269226583383,0.12547400269057715,0.7552477767377418,0.6191213828969145,0.09722707814636156,0.11239189325811276,0.11715077291922206,0.13871828716821444,0.08644756511261471,0.08926665740249724,0.11194877052605302,0.14278606004546587,0.022537969318282093,0.02886389912662925,-0.05673012731181914,-0.026741462251868763,1.0,0.003919992322286997,-0.03192957956665322,0.006374050617817147,-0.050864301559370745,0.6382774354074475,0.011637050702005,-0.045880975560188254,0.003919992322286998,-0.0372255414699049,-0.03192957956665387,0.6868188644880863,0.64759200348488,0.9999999999999981,-0.0988141048825263,0.6191213828969171,0.5872723368126975,-0.013913161223680253,0.09722707814636156,-0.005676131834595348,0.004692712171328365,-0.0026705071194629707,0.02253796931828211,-0.0374392834068955,,,,,,,,,-0.013913161223680226,-0.013913161223680434,-0.013913161223680404,-0.07396867409313698,-0.013913161223680404,0.09722707814636154,0.0972270781463614,0.09722707814636146,0.09722707814636146
price_clean,0.0966757896498744,,0.0722165197095626,0.39341583169291916,0.6846845011232486,,-0.012106923212652504,-0.025684891003918832,0.04738848076089207,0.033398151094761665,0.02348637436854006,-0.05714405854061344,-0.04594066974155191,0.06722568007436748,-0.045656927278836225,-0.04088908613361245,-0.07943242573958188,0.018707221921275087,-0.04652388806145653,-0.06819318019535921,,-0.00760447993432638,0.017338240002439678,0.02871840869677857,0.058040518187362916,-0.0442715493340355,-0.039863774021488815,-0.0003862946141267815,0.034808838612623676,-0.047115220756671836,-0.06677636655303633,0.5317881064595984,-0.03499300633517517,-0.04814169213383311,0.006725304154948157,0.0027721863450262817,-0.005283801031913621,-0.1178920202295368,-0.037505400916546944,0.1051799289820203,0.0027142051081620777,0.049881091583225796,-0.003807375855053008,0.003919992322286997,1.0,0.5539968411183056,0.9199415378606218,0.6209748431787147,-0.08156038344878165,0.025830949425243013,-0.12896448592560894,0.9999999999999998,0.13354001582761812,0.5539968411183057,-0.04427154933403525,-0.07802080466703366,0.003919992322286971,-0.05804051818736268,-0.06677636655303627,-0.03220580028499708,0.9438422393086988,0.5317881064595984,0.8777660581903108,0.9161671970714068,0.21765167002444769,0.1051799289820203,0.07023784957911428,,,,,,,,,0.9438422393086988,0.9438422393086984,0.9438422393086991,-0.020307823999277753,0.9438422393086991,0.5317881064595984,0.5317881064595985,0.5317881064595985,0.5317881064595985
log_price,0.17328310667140298,,0.12919082199323867,0.26094739823603474,0.4062282667493842,,-0.02285632198860177,-0.0800308175819382,0.5734337480651259,0.42825097147848984,0.5319249558732332,0.43026955055205734,-0.11085295008320747,0.09788884716045125,-0.1170003351857665,-0.09000105585743913,0.0038443982319089605,0.0682882444770155,-0.11284709680414823,0.013395343535606948,,0.16125666696889762,0.1646057445711634,0.15134191279465647,0.16252862077143426,-0.12765243159704331,-0.07742419910159262,-0.05779135853330761,0.14941926622363022,-0.10144916708320714,-0.15429924141250334,0.3143459771300614,-0.013963469002570037,-0.035001821872899935,0.011518927466277203,-0.025380428643612053,-0.02077414576490618,-0.023437401241630476,-0.046914124127477246,0.19022771843515435,0.15057011031002715,-0.09633378720256039,-0.02391443268007577,-0.03192957956665322,0.5539968411183056,1.0,0.47789983861650775,0.6523223761334817,-0.15092643032155528,0.559167519333924,0.38273402307802534,0.5539968411183057,0.8519616991257367,1.0000000000000013,-0.12765243159704284,-0.1520082771364688,-0.03192957956665323,-0.16252862077143393,-0.15429924141250395,-0.08981670581435444,0.5774919932410119,0.31434597713006135,0.4830054092311555,0.5091443176779661,0.2947762575814415,0.19022771843515437,0.13077064075772654,,,,,,,,,0.5774919932410119,0.5774919932410126,0.5774919932410127,-0.0988241741727577,0.5774919932410127,0.31434597713006135,0.3143459771300616,0.31434597713006135,0.31434597713006135
price_per_accommodates,0.0810755522738738,,0.08070140804450614,0.39829551885443526,0.5754235612266301,,-0.011572508866770434,-0.017543735059144187,-0.027911056725586678,-0.017507963915912486,-0.021785690601608836,-0.07625806923258537,-0.037855903996273116,0.07609018880224111,-0.0373733262430762,-0.033714246085234455,-0.07426351477431516,0.029576828636268856,-0.03833593060225766,-0.06397360994979356,,-0.013071232309916069,0.009301137397104451,0.020547465709483927,0.04736975498159605,-0.037030584877358365,-0.032147588189761434,0.013829868279371467,0.026236850197571313,-0.040367924430882225,-0.053836072260343856,0.6290082203692318,-0.03496419369004791,-0.04662314635961777,0.007619667892954229,0.0037067631785977955,-0.0046148885000599285,-0.11841876439273351,-0.035783971966782784,0.08675663435346606,0.002694403160785278,0.020231922826709135,-0.0022289559796675007,0.006374050617817147,0.9199415378606218,0.47789983861650775,1.0,0.5889886263496499,-0.06404463557182852,-0.0360299097711896,-0.13893283670760262,0.9199415378606217,0.10044059361540587,0.4778998386165087,-0.037030584877358184,-0.06221965379429881,0.006374050617817101,-0.047369754981595937,-0.05383607226034392,-0.02678222715353212,0.8603575605717092,0.6290082203692318,0.9457194828092402,0.9133813797354986,0.1909202116177241,0.08675663435346606,0.0589123320684461,,,,,,,,,0.8603575605717092,0.8603575605717083,0.8603575605717088,-0.015501753305805685,0.8603575605717088,0.6290082203692318,0.6290082203692322,0.6290082203692317,0.6290082203692317
log_price_per_accommodates,0.11605773262711079,,0.0878262565924363,0.30912366113278594,0.45480678993805024,,-0.026351286489765015,-0.07056563631083443,-0.1817764084998286,0.04322063985008386,-0.06681741433559327,-0.18088567245243822,-0.049728074307026277,0.0358779881078031,-0.04850203701882527,-0.0368232454442928,-0.0589291983636104,0.0157266485154086,-0.050337681640824306,-0.04803615205704193,,0.1524101340311396,0.16064826841248692,0.15555508587870978,0.11058200194794644,-0.11693120636715719,-0.08762966855760536,-0.053211618204282635,0.1471277550641302,-0.1105053297010219,-0.1527872530662378,0.3391096117163511,-0.018226296504669396,-0.023189024048247298,0.03718284274834046,-0.02139192376065292,-0.01756543245403473,-0.049388501206532806,-0.040632199979561315,0.15766319855953256,0.09263939058613589,0.06367910164622176,0.022752352123275577,-0.050864301559370745,0.6209748431787147,0.6523223761334817,0.5889886263496499,1.0,-0.14656108617848568,-0.26361758281406694,-0.2509600341946032,0.6209748431787145,0.4239570284789983,0.6523223761334828,-0.1169312063671568,-0.14925175905751917,-0.05086430155937076,-0.11058200194794579,-0.1527872530662379,-0.08937879301877966,0.6297347698634731,0.3391096117163511,0.6233152383926782,0.6336565317981893,0.1718942375131254,0.15766319855953254,0.111494711398514,,,,,,,,,0.629734769863473,0.629734769863473,0.629734769863473,0.0026956853134528936,0.629734769863473,0.3391096117163511,0.3391096117163514,0.3391096117163509,0.3391096117163509
log_reviews,-0.6029865846110419,,-0.27120371506483654,-0.18679424415560547,-0.17628240714131102,,0.03541801949739373,0.05316567040484345,-0.054799454783797594,-0.1690796735637546,-0.15766828026367682,-0.037544205417660265,-0.3584374564188254,-0.03489120543244822,-0.4303410609232575,-0.3419046675617867,0.2921422836481307,0.2805777603639728,-0.3603374735564588,0.29415505895745025,,-0.07763242272411104,-0.05899325828324315,-0.04070314734515003,-0.053485160344924475,0.7427688567087294,0.5982041771742637,0.47463568760270247,-0.03029377487402704,0.6729727896124845,0.6589031080809462,0.06565167695492581,0.1836333601321823,0.20247370057030054,0.2131719405832589,0.17273595185711454,0.17353846011274066,0.19498504431486352,0.22221039508527726,-0.1030660784146019,-0.07277075702664057,-0.1664370699473966,0.014055408783512989,0.6382774354074475,-0.08156038344878165,-0.15092643032155528,-0.06404463557182852,-0.14656108617848568,1.0,-0.02809560994676232,-0.006341314264489876,-0.08156038344878165,-0.1436817834108409,-0.15092643032156,0.7427688567087323,0.9933838444124248,0.6382774354074502,0.053485160344923156,0.6589031080809472,0.4321238035961533,-0.07596937404019244,0.06565167695492581,-0.06128336977264197,-0.06036578919759709,0.09215322397460368,-0.10306607841460194,-0.19133210001176168,,,,,,,,,-0.07596937404019244,-0.0759693740401922,-0.07596937404019219,-0.13697908027473207,-0.07596937404019219,0.06565167695492598,0.06565167695492603,0.06565167695492602,0.06565167695492602
log_accommodates,0.09079504330854532,,0.05751349178035859,0.0015189608860811084,0.0241054665630182,,0.0019559513300004025,-0.03271090556032056,0.9290202696547376,0.4444706056688238,0.7483079420881671,0.7429380744918529,-0.081396052931292,0.08911186414634314,-0.08107162561023999,-0.07446989663381529,0.07141572062518088,0.07101592020664815,-0.08230538857229723,0.07142858274359505,,0.0418097397340347,0.039123283594396895,0.032719184321451156,0.08894234983268372,-0.03740662499893278,0.00581385281820657,-0.005044466226535428,0.039448870774829524,-0.0003166299743234779,-0.016051084729012333,0.02913982490588189,0.011266757468870871,-0.00976163166249027,-0.013509949798999422,-0.005654289850891521,-0.004191552869131857,0.021257369487765923,-0.012476808898765164,0.067436128104829,0.09150299665417035,-0.17798359935203548,-0.04421180464320173,0.011637050702005,0.025830949425243013,0.559167519333924,-0.0360299097711896,-0.26361758281406694,-0.02809560994676232,1.0,0.7626073015642307,0.02583094942524302,0.6205516409867764,0.5591675193339235,-0.03740662499893278,-0.027879778324478337,0.011637050702004702,-0.0889423498326835,-0.01605108472901216,-0.013322062737326815,0.04615125571761424,0.029139824905881895,-0.0670793536831879,-0.03780641007130761,0.18791569588262608,0.067436128104829,0.02688754747999155,,,,,,,,,0.04615125571761423,0.046151255717614206,0.04615125571761412,-0.12951134343953258,0.04615125571761412,0.029139824905881868,0.029139824905882034,0.02913982490588208,0.02913982490588208
log_beds,0.01380687524553239,,-0.005655408386932251,-0.13309749311927152,-0.16764633632580273,,-5.6416219759686384e-05,-0.0031999677062673907,0.7673978149999152,0.4613976080838433,0.7184417766771245,0.9384707147535118,-0.03522746070550325,0.04837653887915284,-0.043040697067180264,-0.030775692828722234,0.06751471443130874,0.04585934206348816,-0.034603503712088535,0.06425291314631199,,0.022022028781616642,0.01469792627724713,0.006138741955313127,0.0543425372081549,-0.03857953088827709,-0.02241234259661087,-0.04393184937083478,0.018244419607572466,-0.02756267950170087,-0.02266476856584842,-0.025552522121578432,-0.009175882914441512,-0.034546818301766404,-0.028051899706330326,-0.025311620852221946,-0.018245651789895744,0.009904870862857301,-0.021928253395929766,0.03044731093007545,0.06740302005219909,-0.17527736602951854,0.019577207738297207,-0.045880975560188254,-0.12896448592560894,0.38273402307802534,-0.13893283670760262,-0.2509600341946032,-0.006341314264489876,0.7626073015642307,1.0,-0.12896448592560897,0.4853724842227179,0.3827340230780266,-0.03857953088827691,-0.009598449218982693,-0.04588097556018824,-0.05434253720815502,-0.022664768565848564,-0.02815126847821532,-0.0954033342196763,-0.02555252212157842,-0.15065664037243354,-0.1563096812723039,0.14359040809600812,0.03044731093007544,0.045247559856509745,,,,,,,,,-0.0954033342196763,-0.09540333421967621,-0.09540333421967633,-0.10957104683452969,-0.09540333421967633,-0.025552522121578408,-0.025552522121578436,-0.025552522121578353,-0.025552522121578353
price_zscore,0.09667578964987446,,0.0722165197095625,0.39341583169291977,0.6846845011232492,,-0.012106923212652516,-0.025684891003918825,0.04738848076089209,0.033398151094761665,0.023486374368540137,-0.05714405854061342,-0.045940669741551934,0.06722568007436747,-0.04565692727883625,-0.04088908613361247,-0.07943242573958194,0.018707221921275056,-0.046523888061456554,-0.06819318019535921,,-0.007604479934326362,0.01733824000243966,0.028718408696778545,0.05804051818736286,-0.04427154933403547,-0.03986377402148877,-0.00038629461412677626,0.034808838612623696,-0.047115220756671815,-0.06677636655303633,0.5317881064595981,-0.03499300633517517,-0.048141692133833104,0.006725304154948157,0.002772186345026289,-0.0052838010319136205,-0.11789202022953678,-0.03750540091654688,0.10517992898202028,0.0027142051081620747,0.049881091583225824,-0.003807375855053013,0.003919992322286998,0.9999999999999998,0.5539968411183057,0.9199415378606217,0.6209748431787145,-0.08156038344878165,0.02583094942524302,-0.12896448592560897,1.0,0.13354001582761812,0.5539968411183057,-0.04427154933403523,-0.07802080466703369,0.003919992322286948,-0.058040518187362757,-0.06677636655303634,-0.03220580028499712,0.943842239308699,0.5317881064595981,0.877766058190311,0.9161671970714069,0.2176516700244478,0.10517992898202028,0.07023784957911429,,,,,,,,,0.943842239308699,0.9438422393087004,0.9438422393086999,-0.020307823999277757,0.9438422393086999,0.5317881064595981,0.5317881064595983,0.531788106459598,0.531788106459598
price_percentile,0.16347224172686564,,0.15067752790298242,0.12790169564542095,0.13455296988044554,,-0.01973241612000174,-0.07688354268065399,0.581384902095519,0.43081996653431204,0.5536044345164166,0.47670873118787516,-0.09707486190741393,0.07850022150940092,-0.10439971041256779,-0.07255552082437854,0.032900666346399696,0.0615499308778819,-0.09900358157639248,0.03948800481135516,,0.18257312084213803,0.17520913167338253,0.1561751104244729,0.15775149993072754,-0.1396157712358346,-0.0708493037742167,-0.06226646072108017,0.15091526429045066,-0.09834580556281908,-0.14079224622767222,0.10900555125787408,0.014934787681126346,-0.015408937836489977,0.013854606213667187,-0.021823464968878967,-0.007933930914076251,0.02960107163862227,-0.02472318743747303,0.16407635530532463,0.16985210028116626,-0.13406208915629758,-0.02165269929699142,-0.0372255414699049,0.13354001582761812,0.8519616991257367,0.10044059361540587,0.4239570284789983,-0.1436817834108409,0.6205516409867764,0.4853724842227179,0.13354001582761812,1.0,0.8519616991257357,-0.13961577123583385,-0.14747480456246456,-0.03722554146990521,-0.1577514999307268,-0.14079224622767234,-0.07771301915550247,0.17683730277468715,0.10900555125787408,0.1100300441381151,0.11452485521973722,0.2188619256783685,0.16407635530532463,0.105304717992813,,,,,,,,,0.17683730277468715,0.176837302774687,0.17683730277468723,-0.10023623497674927,0.17683730277468723,0.10900555125787398,0.10900555125787395,0.10900555125787395,0.10900555125787395
log_price_zscore,0.1732831066714102,,0.12919082199324158,0.2609473982360351,0.40622826674938456,,-0.022856321988602112,-0.08003081758193806,0.5734337480651258,0.42825097147849017,0.5319249558732309,0.43026955055205585,-0.11085295008320671,0.09788884716045057,-0.11700033518576582,-0.09000105585743866,0.003844398231907217,0.06828824447701408,-0.11284709680414734,0.013395343535604998,,0.16125666696889857,0.16460574457116456,0.15134191279465672,0.1625286207714352,-0.12765243159704714,-0.07742419910159425,-0.057791358533308426,0.14941926622363103,-0.10144916708321002,-0.15429924141250567,0.31434597713006135,-0.013963469002571473,-0.035001821872901656,0.011518927466275874,-0.025380428643613607,-0.020774145764907458,-0.023437401241632128,-0.046914124127478904,0.19022771843515646,0.1505701103100296,-0.0963337872025591,-0.0239144326800761,-0.03192957956665387,0.5539968411183057,1.0000000000000013,0.4778998386165087,0.6523223761334828,-0.15092643032156,0.5591675193339235,0.3827340230780266,0.5539968411183057,0.8519616991257357,1.0,-0.1276524315970466,-0.15200827713647413,-0.03192957956665399,-0.1625286207714352,-0.15429924141250578,-0.0898167058143558,0.5774919932410122,0.3143459771300614,0.4830054092311559,0.5091443176779656,0.29477625758144294,0.19022771843515646,0.13077064075772832,,,,,,,,,0.5774919932410121,0.5774919932410126,0.5774919932410124,-0.09882417417275835,0.5774919932410124,0.3143459771300613,0.31434597713006185,0.31434597713006174,0.31434597713006174
reviews_zscore,-0.4599779890660882,,-0.21885385873239135,-0.09060129326674303,-0.08601456305904023,,0.03412462554739799,0.045461160956299186,-0.05879276013517579,-0.14000550868992076,-0.15767714576039477,-0.060128278443450825,-0.24028683056051636,-0.012360936346647557,-0.30281450063501886,-0.22744299614004065,0.23195470199267065,0.22295560078681095,-0.242737046949584,0.23180845244385817,,-0.05114505184669277,-0.027477067497912698,-0.0016251482443823354,0.01748113534299507,0.9999999999999978,0.6424210175083702,0.48415047366617403,0.012317791200891139,0.7597792672537783,0.534134304389681,0.036536363998708674,0.10286182743717223,0.11979719108589923,0.12064825386484877,0.09822336105243451,0.0919972477439105,0.12082749526427654,0.13553863735214874,-0.1145917179694442,-0.09729407179828178,-0.09959110550186608,-0.006789317434244689,0.6868188644880863,-0.04427154933403525,-0.12765243159704284,-0.037030584877358184,-0.1169312063671568,0.7427688567087323,-0.03740662499893278,-0.03857953088827691,-0.04427154933403523,-0.13961577123583385,-0.1276524315970466,1.0,0.7827310168122159,0.686818864488086,-0.017481135342995786,0.534134304389679,0.5035051513294151,-0.050848234008793486,0.03653636399870866,-0.040120008714050436,-0.036170752395521276,0.03088822462567396,-0.1145917179694442,-0.1132694414130932,,,,,,,,,-0.05084823400879348,-0.05084823400879333,-0.05084823400879344,-0.0967310106527234,-0.05084823400879344,0.03653636399870887,0.03653636399870881,0.036536363998708604,0.036536363998708604
reviews_percentile,-0.6051482310016657,,-0.2722665269575472,-0.17502306026061304,-0.165393359185798,,0.03665788862270791,0.0515762554093128,-0.05562392299953289,-0.16825761969146844,-0.16161408874183988,-0.04045206829401632,-0.35432426957604196,-0.03742182953386613,-0.42639233223855283,-0.33703792538676103,0.2910316610281876,0.27959004434926354,-0.3564038224008143,0.29305184270158685,,-0.07648462376859162,-0.056209195456016346,-0.03622565691197404,-0.04663641558550064,0.7827310168122165,0.6126281611104553,0.4810468892955986,-0.025019324900585064,0.7010726301474566,0.6573680070997372,0.06056815387028659,0.17570898401251178,0.1940319237531764,0.2054655822782486,0.16259863503026775,0.16250628264640007,0.18759106267597342,0.21427546015456925,-0.11648810619940454,-0.08735634784585812,-0.16134250949185572,0.012491624044353094,0.64759200348488,-0.07802080466703366,-0.1520082771364688,-0.06221965379429881,-0.14925175905751917,0.9933838444124248,-0.027879778324478337,-0.009598449218982693,-0.07802080466703369,-0.14747480456246456,-0.15200827713647413,0.7827310168122159,1.0,0.6475920034848826,0.04663641558549934,0.6573680070997363,0.448494925018315,-0.07297564788112901,0.060568153870286585,-0.05939783294697068,-0.057577913579505806,0.09096363403622824,-0.11648810619940454,-0.191360071698404,,,,,,,,,-0.072975647881129,-0.07297564788112883,-0.07297564788112883,-0.13736137434937945,-0.07297564788112883,0.06056815387028676,0.06056815387028649,0.060568153870286606,0.060568153870286606
reviews_per_month_zscore,0.000724994013515861,,0.04119218070776931,0.024395888981827953,0.01825588554026297,,0.027814240456830244,0.03381034243713509,-0.016419130504210584,-0.132425227999212,-0.12441192704381578,-0.05888474653501553,-0.33187571836962054,-0.06588687524588535,-0.40993024979249104,-0.3153450445278242,0.13121462555309216,0.1484257424097177,-0.33442159604999405,0.13907602455813742,,0.058491546756699916,0.08481029493034095,0.11356300181949651,0.09881410488252554,0.6868188644880887,0.8727629417928958,0.7641269226583385,0.12547400269057674,0.755247776737744,0.6191213828969145,0.0972270781463612,0.11239189325811325,0.11715077291922256,0.13871828716821502,0.08644756511261514,0.08926665740249745,0.1119487705260534,0.14278606004546607,0.02253796931828128,0.028863899126628453,-0.056730127311819076,-0.02674146225186864,0.9999999999999981,0.003919992322286971,-0.03192957956665323,0.006374050617817101,-0.05086430155937076,0.6382774354074502,0.011637050702004702,-0.04588097556018824,0.003919992322286948,-0.03722554146990521,-0.03192957956665399,0.686818864488086,0.6475920034848826,1.0,-0.09881410488252568,0.6191213828969153,0.5872723368126993,-0.01391316122368043,0.0972270781463612,-0.0056761318345953694,0.004692712171328279,-0.0026705071194630075,0.02253796931828127,-0.03743928340689607,,,,,,,,,-0.013913161223680444,-0.013913161223680495,-0.013913161223680397,-0.07396867409313697,-0.013913161223680397,0.0972270781463612,0.09722707814636126,0.09722707814636124,0.09722707814636124
occupancy_rate,-0.17563674930773737,,-0.193446476119903,-0.12473892230821114,-0.1175713125355373,,0.029443735552346032,0.03686003739332217,-0.11700266499504343,-0.08807392105134311,-0.06124463581565094,-0.07601587986136188,0.04907992166659045,-0.1478840825814536,0.051999083451146046,0.0364940268979135,-0.11126512927732343,-0.1337869402119234,0.04379629903671619,-0.1106356328758982,,-0.49947284939622816,-0.5967444189754777,-0.6605934812547319,-0.9999999999999968,-0.017481135342995932,-0.08152833747320921,-0.07486377556957759,-0.7384579160044867,-0.03354382644072334,-0.11528749924709182,-0.03539355205266279,0.08458409374746473,0.08699124551964905,0.05565766464699316,0.0635415296696093,0.07253618375827708,0.05099758027897229,0.10736964246069708,-0.21713727196928492,-0.20583006059456854,-0.04472342120236868,-0.05303443829240938,-0.0988141048825263,-0.05804051818736268,-0.16252862077143393,-0.047369754981595937,-0.11058200194794579,0.053485160344923156,-0.0889423498326835,-0.05434253720815502,-0.058040518187362757,-0.1577514999307268,-0.1625286207714352,-0.017481135342995786,0.04663641558549934,-0.09881410488252568,1.0,-0.11528749924709217,-0.05020178014458218,0.11196352620741594,-0.0353935520526628,0.0870089731914366,0.06840937275189447,0.7411515847581492,-0.21713727196928498,-0.20302489454349062,,,,,,,,,0.11196352620741594,0.11196352620741674,0.11196352620741726,-0.30059010051009655,0.11196352620741726,-0.03539355205266279,-0.035393552052662806,-0.035393552052662744,-0.035393552052662744
occupancy_rate_booked,-0.19046519662477374,,-0.06835097969363607,-0.12104419023939483,-0.11511730907447362,,-0.024743052113647055,0.027995682171097776,-0.03844775664112865,-0.15194731612805773,-0.13508641226451348,-0.05166627438082429,-0.27342954922530405,-0.050276451693257465,-0.31960025864731595,-0.25748336666510074,0.22626434183525,0.22028984354678846,-0.27999727567331484,0.22934643403175348,,-0.042961730636840494,0.011937830166980684,0.06506670024493219,0.11528749924709152,0.5341343043896767,0.7241010376002776,0.563600807009983,0.09768343079412667,0.6948287650432685,0.9999999999999991,0.10084621392747387,0.14352596913336538,0.14141318343862505,0.1461136110246957,0.10548837504110707,0.12159633099853998,0.12589142790313576,0.14613946359347155,0.024685234469843706,0.05098970274183177,-0.14916952252712926,-0.013600647563739141,0.6191213828969171,-0.06677636655303627,-0.15429924141250395,-0.05383607226034392,-0.1527872530662379,0.6589031080809472,-0.01605108472901216,-0.022664768565848564,-0.06677636655303634,-0.14079224622767234,-0.15429924141250578,0.534134304389679,0.6573680070997363,0.6191213828969153,-0.11528749924709217,1.0,0.6716036551238668,-0.07219096122416745,0.10084621392747387,-0.059121938619776354,-0.056166734520664736,0.03912318018793678,0.024685234469843696,-0.06880600633442983,,,,,,,,,-0.07219096122416745,-0.07219096122416734,-0.07219096122416732,-0.14027281237591593,-0.07219096122416732,0.10084621392747392,0.10084621392747406,0.10084621392747406,0.10084621392747406
occupancy_is_capped,-0.11941543725759618,,-0.028776854507376326,-0.057584449344343654,-0.05477526383624534,,0.021484947835130767,0.012743755093461654,-0.02852604046502243,-0.10023750549259003,-0.10016491006101938,-0.04235598317965712,-0.15065471934698738,-0.024683817383423644,-0.18557126600410742,-0.14778463789624705,0.1416615586693772,0.1364213422585004,-0.15946163616279146,0.1436122751106413,,-0.022596386968072334,-0.0072987624287065055,0.028013522337634236,0.050201780144582105,0.5035051513294162,0.6798146398281683,0.4859742266591402,0.04732121103055905,0.6692210947312333,0.6716036551238663,0.05678132631167763,0.08588323476675974,0.08760605390865221,0.09163440945700081,0.05934175861962483,0.06621085049048425,0.0811474529544417,0.10334266205462753,0.005871781198677408,0.019363078530676515,-0.07771655540487543,-0.014088552531677767,0.5872723368126975,-0.03220580028499708,-0.08981670581435444,-0.02678222715353212,-0.08937879301877966,0.4321238035961533,-0.013322062737326815,-0.02815126847821532,-0.03220580028499712,-0.07771301915550247,-0.0898167058143558,0.5035051513294151,0.448494925018315,0.5872723368126993,-0.05020178014458218,0.6716036551238668,1.0,-0.03479685624880014,0.05678132631167763,-0.02886885085667633,-0.026043432622287047,0.01884075945734272,0.005871781198677408,-0.026481653578981235,,,,,,,,,-0.034796856248800134,-0.034796856248800155,-0.03479685624880012,-0.07392821832853545,-0.03479685624880012,0.056781326311677635,0.05678132631167752,0.05678132631167753,0.05678132631167753
est_annual_revenue,0.07569935240854302,,0.03637201754026531,0.3500018708647739,0.6271636477336917,,-0.013057536553092565,-0.0200035488603689,0.05772993038953237,0.04846030822900223,0.03787902195902616,-0.030812049208360528,-0.049391397316005406,0.04078914909254892,-0.053744359220652085,-0.045279749758041096,-0.09564017786994217,-0.006397020723854856,-0.05220148684914553,-0.08417307153482821,,-0.060136578909135215,-0.052706014620814555,-0.05340903136613734,-0.11196352620741633,-0.05084823400879367,-0.042818542641842344,-0.005716037403193565,-0.06526959020148328,-0.04529230206885148,-0.0721909612241673,0.4390049766320189,-0.029837509152100927,-0.015959394808686585,0.02340742530780749,0.010545258730839807,-0.007882033475926923,-0.10015247286617485,-0.023568775610571156,0.061760251964609526,-0.03134951084027055,0.025578051642579314,-0.011006220267601993,-0.013913161223680253,0.9438422393086988,0.5774919932410119,0.8603575605717092,0.6297347698634731,-0.07596937404019244,0.04615125571761424,-0.0954033342196763,0.943842239308699,0.17683730277468715,0.5774919932410122,-0.050848234008793486,-0.07297564788112901,-0.01391316122368043,0.11196352620741594,-0.07219096122416745,-0.03479685624880014,1.0,0.43900497663201893,0.918697037511731,0.9625245575009407,0.3683832499326923,0.06176025196460952,0.03694966422848865,,,,,,,,,1.0,1.0,1.0,-0.06679307622524347,1.0,0.4390049766320188,0.43900497663201893,0.4390049766320193,0.4390049766320193
est_annual_revenue_booked,0.02726660779975203,,0.061552642516171326,0.2383756576592666,0.2822184743600334,,-0.007601054148119794,-0.008127719012259093,0.03613820598282177,0.01424374753619491,0.034536791351403556,0.008000004820901449,-0.0714955887103939,0.057963521577668375,-0.07528250434201646,-0.06388594096050262,-0.0049421388802440664,0.0659116332430064,-0.07378813314998445,0.0010373056249655813,,-0.012486281634606477,0.005115203381626936,0.013635787168379253,0.03539355205266285,0.036536363998709034,0.07348293732541801,0.12765337871237062,0.020794561910097084,0.05585033317713412,0.10084621392747377,1.0,0.012642946889626541,-0.014341344243494049,0.016139696207871305,0.016300928250213103,0.00193093519295787,-0.03807805801956813,-0.0009186075139264404,0.06577053447833592,0.027335667619466496,-0.03174279359551827,-0.005130462664919504,0.09722707814636156,0.5317881064595984,0.31434597713006135,0.6290082203692318,0.3391096117163511,0.06565167695492581,0.029139824905881895,-0.02555252212157842,0.5317881064595981,0.10900555125787408,0.3143459771300614,0.03653636399870866,0.060568153870286585,0.0972270781463612,-0.0353935520526628,0.10084621392747387,0.05678132631167763,0.43900497663201893,1.0,0.527957252183255,0.4742420451672969,0.12565605668205063,0.06577053447833592,0.034653050622074834,,,,,,,,,0.4390049766320189,0.4390049766320188,0.4390049766320196,-0.02962809847759393,0.4390049766320196,1.0,0.999999999999998,0.9999999999999988,0.9999999999999988
revenue_per_accommodates,0.06379508310521283,,0.04936324035089486,0.36536872656726627,0.5383137737456506,,-0.011024308846556136,-0.010492537946584961,-0.05775336143478442,-0.03038231396350121,-0.04499492145733329,-0.08997020374956101,-0.03885649624829508,0.05236808011686524,-0.04078232871747082,-0.0356302877306682,-0.08890781223193958,0.00855635528781809,-0.04068816432830944,-0.07792342894334758,,-0.05220849047812528,-0.042958137120150515,-0.04084697848707509,-0.08700897319143629,-0.04012000871405053,-0.034955033866072946,0.007467458593717104,-0.05078129200553006,-0.03857239385756889,-0.059121938619776354,0.527957252183255,-0.04369432186991553,-0.027294651145260678,0.01819326647727953,0.0008354593087475557,-0.01866918783447708,-0.11443606561106075,-0.03405801831388143,0.055139365250978206,-0.023788656088421737,0.010550891087565965,-0.008285485709627208,-0.005676131834595348,0.8777660581903108,0.4830054092311555,0.9457194828092402,0.6233152383926782,-0.06128336977264197,-0.0670793536831879,-0.15065664037243354,0.877766058190311,0.1100300441381151,0.4830054092311559,-0.040120008714050436,-0.05939783294697068,-0.0056761318345953694,0.0870089731914366,-0.059121938619776354,-0.02886885085667633,0.918697037511731,0.527957252183255,1.0,0.966273870501365,0.3019749172744435,0.055139365250978206,0.035012718688475136,,,,,,,,,0.918697037511731,0.918697037511732,0.9186970375117323,-0.05324434508987049,0.9186970375117323,0.5279572521832548,0.5279572521832542,0.527957252183255,0.527957252183255
revenue_per_bedroom,0.06679428877600016,,0.049866960361300436,0.44649987196118207,0.6253644291520861,,-0.011730406864922348,-0.022808233489196836,-0.036278012816959596,-0.029796365129861745,-0.05599686249894155,-0.09085103385455244,-0.04810308319772229,0.051581140012758,-0.04972195737326194,-0.043222149652120505,-0.09007483960200176,0.00931853639480825,-0.05012207538037173,-0.07679608293827776,,-0.044746479166901436,-0.03456605890194606,-0.030626317175367537,-0.0684093727518948,-0.036170752395521304,-0.03309600264560198,0.011069593529503804,-0.038700903431857135,-0.03384401165054713,-0.05616673452066469,0.4742420451672969,-0.018012207216381814,-0.02122822380622148,0.026537584835821526,0.01768140204303766,0.010858359276121906,-0.10439444564630296,-0.01701994331923573,0.06390112211774589,-0.02466083997843031,0.020650667336524098,-0.007906231271803925,0.004692712171328365,0.9161671970714068,0.5091443176779661,0.9133813797354986,0.6336565317981893,-0.06036578919759709,-0.03780641007130761,-0.1563096812723039,0.9161671970714069,0.11452485521973722,0.5091443176779656,-0.036170752395521276,-0.057577913579505806,0.004692712171328279,0.06840937275189447,-0.056166734520664736,-0.026043432622287047,0.9625245575009407,0.4742420451672969,0.966273870501365,1.0,0.3068050244517807,0.06390112211774589,0.03522625817442398,,,,,,,,,0.9625245575009407,0.9625245575009425,0.962524557500943,-0.05101673220096,0.962524557500943,0.4742420451672969,0.4742420451672969,0.4742420451672967,0.4742420451672967
log_est_revenue,-0.08614561379265226,,-0.1490420525939516,-0.025415080606773496,0.04843794622609161,,0.014936404990224948,-0.001110105058894142,0.16720714726035454,0.12328394510877133,0.1427205452085269,0.14707345148080714,-0.06683207342970861,-0.1099617156492703,-0.08345899679638873,-0.0646433699903782,-0.06114933761352754,-0.05450953278899392,-0.07252154900946446,-0.055415219673583045,,-0.3885450919738107,-0.4285221439906926,-0.4497861703764861,-0.7411515847581499,0.03088822462567401,0.04101296737403393,0.04499947949053539,-0.4979347174433804,0.06510353407145494,0.039123180187936646,0.12565605668205063,0.08832336929671886,0.0856637885868591,0.06352533708545835,0.05645809131252633,0.04667011338642912,0.06305102429902482,0.09883174372936672,-0.15583361824367933,-0.15509498097121183,-0.19379737362610214,-0.053619015647277536,-0.0026705071194629707,0.21765167002444769,0.2947762575814415,0.1909202116177241,0.1718942375131254,0.09215322397460368,0.18791569588262608,0.14359040809600812,0.2176516700244478,0.2188619256783685,0.29477625758144294,0.03088822462567396,0.09096363403622824,-0.0026705071194630075,0.7411515847581492,0.03912318018793678,0.01884075945734272,0.3683832499326923,0.12565605668205063,0.3019749172744435,0.3068050244517807,1.0,-0.15583361824367942,-0.15361206520016346,,,,,,,,,0.3683832499326923,0.368383249932693,0.36838324993269256,-0.6377165867717489,0.36838324993269256,0.12565605668205065,0.12565605668205068,0.12565605668205088,0.12565605668205088
host_listings_in_city,0.27494629456946074,,0.38753495232651886,0.14453391009611577,0.1657747766108811,,-0.024715853644812883,-0.020466946596520454,0.09265563002853335,0.06762237119282363,0.08903394497808449,0.04471029187789809,-0.09050406290347521,0.042100564060920914,-0.1008182110541086,-0.08176370511486496,0.11949766805431157,0.1320556578134798,-0.08973146006515854,0.12170306512157843,,0.16460082924053673,0.17739362967002192,0.17138531170282315,0.21713727196928606,-0.11459171796944424,0.03255259203748748,-0.02631945311671522,0.17587693956992492,-0.0753679860856951,0.02468523446984327,0.06577053447833592,-0.11455797757908913,-0.12323450579115058,-0.10648840523016165,-0.043791214842418505,-0.04252273667775618,-0.11226830813518596,-0.12063525032707355,1.0,0.9837462758545348,0.057946606480464416,0.016804167504576913,0.02253796931828211,0.1051799289820203,0.19022771843515437,0.08675663435346606,0.15766319855953254,-0.10306607841460194,0.067436128104829,0.03044731093007544,0.10517992898202028,0.16407635530532463,0.19022771843515646,-0.1145917179694442,-0.11648810619940454,0.02253796931828127,-0.21713727196928498,0.024685234469843696,0.005871781198677408,0.06176025196460952,0.06577053447833592,0.055139365250978206,0.06390112211774589,-0.15583361824367942,1.0,0.3663982395912318,,,,,,,,,0.06176025196460952,0.06176025196460942,0.061760251964609464,0.03552495558782199,0.061760251964609464,0.06577053447833588,0.06577053447833602,0.06577053447833593,0.06577053447833593
host_is_professional,0.2213645732715704,,0.19472137055008917,0.16809380330103618,0.15547363164848724,,0.018483487608939596,-0.0694622954818301,0.09163334508094835,0.13484208413899995,0.09902548008184223,0.08156803265119159,-0.006313305026123673,0.10001441837384636,-0.019257855213454838,0.010806995495620936,0.0030837859173933283,0.039024357248757316,-0.005310346789741375,0.013958680395562426,,0.16602578575502971,0.17451819072493627,0.1712675191520947,0.20302489454349124,-0.11326944141309322,-0.06093421614964302,-0.08347179510420655,0.1802068522034571,-0.09536780281887702,-0.06880600633443014,0.034653050622074834,-0.16397380428050165,-0.15622678544376273,-0.12672753677943777,-0.1159753818763922,-0.12487004959835947,-0.11149349340981489,-0.1887457542897368,0.3663982395912318,0.3207467116169042,0.28321523211145927,0.06750128815663767,-0.0374392834068955,0.07023784957911428,0.13077064075772654,0.0589123320684461,0.111494711398514,-0.19133210001176168,0.02688754747999155,0.045247559856509745,0.07023784957911429,0.105304717992813,0.13077064075772832,-0.1132694414130932,-0.191360071698404,-0.03743928340689607,-0.20302489454349062,-0.06880600633442983,-0.026481653578981235,0.03694966422848865,0.034653050622074834,0.035012718688475136,0.03522625817442398,-0.15361206520016346,0.3663982395912318,1.0,,,,,,,,,0.036949664228488624,0.03694966422848857,0.03694966422848858,0.08209012165326782,0.03694966422848858,0.03465305062207478,0.03465305062207488,0.034653050622074855,0.034653050622074855
pct_professional_hosts,,,,,,,,,,,,,,,,,,,,,,,,,,,,,,,,,,,,,,,,,,,,,,,,,,,,,,,,,,,,,,,,,,,,,,,,,,,,,,,,,,,,
pct_large_operators,,,,,,,,,,,,,,,,,,,,,,,,,,,,,,,,,,,,,,,,,,,,,,,,,,,,,,,,,,,,,,,,,,,,,,,,,,,,,,,,,,,,
median_host_listings,,,,,,,,,,,,,,,,,,,,,,,,,,,,,,,,,,,,,,,,,,,,,,,,,,,,,,,,,,,,,,,,,,,,,,,,,,,,,,,,,,,,
gini_host_concentration,,,,,,,,,,,,,,,,,,,,,,,,,,,,,,,,,,,,,,,,,,,,,,,,,,,,,,,,,,,,,,,,,,,,,,,,,,,,,,,,,,,,
market_professionalization_score,,,,,,,,,,,,,,,,,,,,,,,,,,,,,,,,,,,,,,,,,,,,,,,,,,,,,,,,,,,,,,,,,,,,,,,,,,,,,,,,,,,,
purchase_price,,,,,,,,,,,,,,,,,,,,,,,,,,,,,,,,,,,,,,,,,,,,,,,,,,,,,,,,,,,,,,,,,,,,,,,,,,,,,,,,,,,,
monthly_payment,,,,,,,,,,,,,,,,,,,,,,,,,,,,,,,,,,,,,,,,,,,,,,,,,,,,,,,,,,,,,,,,,,,,,,,,,,,,,,,,,,,,
zori_rent,,,,,,,,,,,,,,,,,,,,,,,,,,,,,,,,,,,,,,,,,,,,,,,,,,,,,,,,,,,,,,,,,,,,,,,,,,,,,,,,,,,,
annual_cash_flow,0.07569935240854302,,0.03637201754026528,0.3500018708647739,0.6271636477336917,,-0.013057536553092565,-0.020003548860368904,0.05772993038953235,0.048460308229002214,0.03787902195902616,-0.03081204920836051,-0.049391397316005406,0.04078914909254892,-0.05374435922065207,-0.04527974975804109,-0.09564017786994217,-0.006397020723854856,-0.05220148684914553,-0.0841730715348282,,-0.060136578909135215,-0.05270601462081454,-0.05340903136613734,-0.11196352620741633,-0.05084823400879367,-0.042818542641842344,-0.005716037403193563,-0.06526959020148328,-0.04529230206885148,-0.0721909612241673,0.4390049766320189,-0.029837509152100955,-0.015959394808686606,0.023407425307807487,0.010545258730839798,-0.007882033475926926,-0.1001524728661749,-0.023568775610571156,0.06176025196460952,-0.031349510840270545,0.025578051642579307,-0.011006220267601993,-0.013913161223680226,0.9438422393086988,0.5774919932410119,0.8603575605717092,0.629734769863473,-0.07596937404019244,0.04615125571761423,-0.0954033342196763,0.943842239308699,0.17683730277468715,0.5774919932410121,-0.05084823400879348,-0.072975647881129,-0.013913161223680444,0.11196352620741594,-0.07219096122416745,-0.034796856248800134,1.0,0.4390049766320189,0.918697037511731,0.9625245575009407,0.3683832499326923,0.06176025196460952,0.036949664228488624,,,,,,,,,1.0,0.9999999999999999,1.0,-0.06679307622524348,1.0,0.4390049766320188,0.43900497663201893,0.4390049766320193,0.4390049766320193
cash_on_cash_roi,0.07569935240854274,,0.036372017540265096,0.3500018708647741,0.6271636477336923,,-0.013057536553092509,-0.020003548860368918,0.05772993038953222,0.048460308229002255,0.03787902195902605,-0.030812049208360448,-0.049391397316005455,0.040789149092548965,-0.053744359220652106,-0.04527974975804114,-0.09564017786994199,-0.006397020723854811,-0.05220148684914556,-0.08417307153482825,,-0.06013657890913518,-0.05270601462081479,-0.05340903136613734,-0.11196352620741666,-0.050848234008793444,-0.04281854264184233,-0.005716037403193536,-0.06526959020148307,-0.04529230206885142,-0.07219096122416732,0.4390049766320188,-0.029837509152100893,-0.015959394808686567,0.023407425307807428,0.010545258730839805,-0.007882033475926968,-0.10015247286617485,-0.023568775610571212,0.06176025196460942,-0.03134951084027068,0.025578051642579355,-0.011006220267601988,-0.013913161223680434,0.9438422393086984,0.5774919932410126,0.8603575605717083,0.629734769863473,-0.0759693740401922,0.046151255717614206,-0.09540333421967621,0.9438422393087004,0.176837302774687,0.5774919932410126,-0.05084823400879333,-0.07297564788112883,-0.013913161223680495,0.11196352620741674,-0.07219096122416734,-0.034796856248800155,1.0,0.4390049766320188,0.918697037511732,0.9625245575009425,0.368383249932693,0.06176025196460942,0.03694966422848857,,,,,,,,,0.9999999999999999,1.0,0.9999999999999988,-0.06679307622524361,0.9999999999999988,0.4390049766320188,0.4390049766320193,0.43900497663201987,0.43900497663201987
cap_rate,0.0756993524085427,,0.036372017540265124,0.35000187086477363,0.6271636477336923,,-0.013057536553092525,-0.020003548860368918,0.05772993038953228,0.04846030822900225,0.037879021959026093,-0.030812049208360504,-0.04939139731600542,0.040789149092548986,-0.053744359220652106,-0.04527974975804107,-0.09564017786994197,-0.006397020723854814,-0.052201486849145516,-0.08417307153482825,,-0.06013657890913533,-0.05270601462081482,-0.05340903136613729,-0.11196352620741644,-0.05084823400879351,-0.04281854264184236,-0.005716037403193582,-0.06526959020148312,-0.045292302068851396,-0.0721909612241673,0.4390049766320196,-0.029837509152100917,-0.015959394808686578,0.023407425307807494,0.010545258730839824,-0.007882033475926914,-0.1001524728661749,-0.023568775610571194,0.061760251964609464,-0.03134951084027069,0.025578051642579324,-0.011006220267601981,-0.013913161223680404,0.9438422393086991,0.5774919932410127,0.8603575605717088,0.629734769863473,-0.07596937404019219,0.04615125571761412,-0.09540333421967633,0.9438422393086999,0.17683730277468723,0.5774919932410124,-0.05084823400879344,-0.07297564788112883,-0.013913161223680397,0.11196352620741726,-0.07219096122416732,-0.03479685624880012,1.0,0.4390049766320196,0.9186970375117323,0.962524557500943,0.36838324993269256,0.061760251964609464,0.03694966422848858,,,,,,,,,1.0,0.9999999999999988,1.0,-0.06679307622524347,1.0,0.43900497663201954,0.43900497663202026,0.43900497663201904,0.43900497663201904
price_to_rent_ratio,0.05821513987121322,,0.0677133530963777,0.0832298207787372,0.07311999495224264,,-0.012930170179926618,-0.02928008247469382,-0.0986074000216336,-0.04485902767407299,-0.05785394512994766,-0.09017495002311435,0.10759332872779294,0.050781453784883634,0.11530933911097584,0.09690253064130294,-0.04381892468078824,-0.03557233087010917,0.10880101614245945,-0.044733652439794366,,0.3448451259323922,0.31461494941106555,0.28936872056896884,0.30059010051009694,-0.09673101065272362,-0.11208200229398545,-0.09003304560883994,0.28383756563603424,-0.12344544812700271,-0.14027281237591624,-0.02962809847759393,-0.04220446885730108,-0.03914515290777917,-0.028599308527006016,-0.01945144915361078,-0.013425358234879167,-0.046079792303978115,-0.04735586817474178,0.03552495558782199,0.01480179025690073,0.20210016399225048,0.017728718199856927,-0.07396867409313698,-0.020307823999277753,-0.0988241741727577,-0.015501753305805685,0.0026956853134528936,-0.13697908027473207,-0.12951134343953258,-0.10957104683452969,-0.020307823999277757,-0.10023623497674927,-0.09882417417275835,-0.0967310106527234,-0.13736137434937945,-0.07396867409313697,-0.30059010051009655,-0.14027281237591593,-0.07392821832853545,-0.06679307622524347,-0.02962809847759393,-0.05324434508987049,-0.05101673220096,-0.6377165867717489,0.03552495558782199,0.08209012165326782,,,,,,,,,-0.06679307622524348,-0.06679307622524361,-0.06679307622524347,1.0,-0.06679307622524346,-0.029628098477593946,-0.029628098477593855,-0.029628098477593994,-0.029628098477593994
revenue_yield,0.0756993524085427,,0.036372017540265124,0.35000187086477363,0.6271636477336923,,-0.013057536553092525,-0.020003548860368918,0.05772993038953228,0.04846030822900225,0.037879021959026093,-0.030812049208360504,-0.04939139731600542,0.040789149092548986,-0.053744359220652106,-0.04527974975804107,-0.09564017786994197,-0.006397020723854814,-0.052201486849145516,-0.08417307153482825,,-0.06013657890913533,-0.05270601462081482,-0.05340903136613729,-0.11196352620741644,-0.05084823400879351,-0.04281854264184236,-0.005716037403193582,-0.06526959020148312,-0.045292302068851396,-0.0721909612241673,0.4390049766320196,-0.029837509152100917,-0.015959394808686578,0.023407425307807494,0.010545258730839824,-0.007882033475926914,-0.1001524728661749,-0.023568775610571194,0.061760251964609464,-0.03134951084027069,0.025578051642579324,-0.011006220267601981,-0.013913161223680404,0.9438422393086991,0.5774919932410127,0.8603575605717088,0.629734769863473,-0.07596937404019219,0.04615125571761412,-0.09540333421967633,0.9438422393086999,0.17683730277468723,0.5774919932410124,-0.05084823400879344,-0.07297564788112883,-0.013913161223680397,0.11196352620741726,-0.07219096122416732,-0.03479685624880012,1.0,0.4390049766320196,0.9186970375117323,0.962524557500943,0.36838324993269256,0.061760251964609464,0.03694966422848858,,,,,,,,,1.0,0.9999999999999988,1.0,-0.06679307622524346,1.0,0.43900497663201954,0.43900497663202026,0.43900497663201904,0.43900497663201904
annual_cash_flow_booked,0.027266607799751836,,0.06155264251617122,0.23837565765926655,0.28221847436003333,,-0.007601054148119774,-0.008127719012259088,0.03613820598282176,0.014243747536194932,0.03453679135140359,0.008000004820901414,-0.07149558871039396,0.0579635215776684,-0.0752825043420165,-0.06388594096050264,-0.004942138880244027,0.06591163324300639,-0.0737881331499845,0.0010373056249656258,,-0.012486281634606482,0.005115203381626926,0.01363578716837923,0.03539355205266283,0.03653636399870919,0.07348293732541804,0.12765337871237062,0.020794561910097056,0.05585033317713419,0.10084621392747391,1.0,0.012642946889626541,-0.014341344243494049,0.016139696207871312,0.01630092825021311,0.0019309351929578666,-0.03807805801956812,-0.0009186075139264294,0.06577053447833588,0.027335667619466455,-0.031742793595518314,-0.005130462664919493,0.09722707814636154,0.5317881064595984,0.31434597713006135,0.6290082203692318,0.3391096117163511,0.06565167695492598,0.029139824905881868,-0.025552522121578408,0.5317881064595981,0.10900555125787398,0.3143459771300613,0.03653636399870887,0.06056815387028676,0.0972270781463612,-0.03539355205266279,0.10084621392747392,0.056781326311677635,0.4390049766320188,1.0,0.5279572521832548,0.4742420451672969,0.12565605668205065,0.06577053447833588,0.03465305062207478,,,,,,,,,0.4390049766320188,0.4390049766320188,0.43900497663201954,-0.029628098477593946,0.43900497663201954,1.0,0.999999999999998,0.9999999999999988,0.9999999999999988
cash_on_cash_roi_booked,0.027266607799752138,,0.06155264251617146,0.23837565765926677,0.28221847436003356,,-0.007601054148119794,-0.008127719012259133,0.03613820598282187,0.014243747536194905,0.03453679135140376,0.008000004820901416,-0.07149558871039405,0.05796352157766839,-0.07528250434201614,-0.06388594096050251,-0.004942138880244018,0.06591163324300647,-0.07378813314998472,0.0010373056249654887,,-0.012486281634606477,0.005115203381626962,0.013635787168379293,0.03539355205266287,0.0365363639987088,0.0734829373254183,0.12765337871237056,0.02079456191009709,0.05585033317713413,0.10084621392747385,0.999999999999998,0.0126429468896265,-0.014341344243494095,0.01613969620787126,0.01630092825021309,0.0019309351929578489,-0.03807805801956816,-0.0009186075139264575,0.06577053447833602,0.027335667619466524,-0.03174279359551836,-0.005130462664919522,0.0972270781463614,0.5317881064595985,0.3143459771300616,0.6290082203692322,0.3391096117163514,0.06565167695492603,0.029139824905882034,-0.025552522121578436,0.5317881064595983,0.10900555125787395,0.31434597713006185,0.03653636399870881,0.06056815387028649,0.09722707814636126,-0.035393552052662806,0.10084621392747406,0.05678132631167752,0.43900497663201893,0.999999999999998,0.5279572521832542,0.4742420451672969,0.12565605668205068,0.06577053447833602,0.03465305062207488,,,,,,,,,0.43900497663201893,0.4390049766320193,0.43900497663202026,-0.029628098477593855,0.43900497663202026,0.999999999999998,1.0,1.0000000000000002,1.0000000000000002
cap_rate_booked,0.02726660779975198,,0.06155264251617128,0.23837565765926666,0.28221847436003333,,-0.007601054148119794,-0.008127719012259109,0.036138205982821546,0.014243747536194923,0.034536791351403785,0.008000004820901322,-0.07149558871039402,0.05796352157766844,-0.0752825043420162,-0.06388594096050258,-0.004942138880243965,0.0659116332430065,-0.07378813314998445,0.0010373056249655926,,-0.012486281634606466,0.005115203381626935,0.01363578716837925,0.0353935520526628,0.036536363998708854,0.07348293732541789,0.1276533787123706,0.02079456191009709,0.055850333177134046,0.10084621392747388,0.9999999999999988,0.012642946889626574,-0.014341344243494033,0.016139696207871326,0.01630092825021314,0.0019309351929578942,-0.03807805801956809,-0.0009186075139263942,0.06577053447833593,0.02733566761946647,-0.03174279359551834,-0.005130462664919487,0.09722707814636146,0.5317881064595985,0.31434597713006135,0.6290082203692317,0.3391096117163509,0.06565167695492602,0.02913982490588208,-0.025552522121578353,0.531788106459598,0.10900555125787395,0.31434597713006174,0.036536363998708604,0.060568153870286606,0.09722707814636124,-0.035393552052662744,0.10084621392747406,0.05678132631167753,0.4390049766320193,0.9999999999999988,0.527957252183255,0.4742420451672967,0.12565605668205088,0.06577053447833593,0.034653050622074855,,,,,,,,,0.4390049766320193,0.43900497663201987,0.43900497663201904,-0.029628098477593994,0.43900497663201904,0.9999999999999988,1.0000000000000002,1.0,1.0
revenue_yield_booked,0.02726660779975198,,0.06155264251617128,0.23837565765926666,0.28221847436003333,,-0.007601054148119794,-0.008127719012259109,0.036138205982821546,0.014243747536194923,0.034536791351403785,0.008000004820901322,-0.07149558871039402,0.05796352157766844,-0.0752825043420162,-0.06388594096050258,-0.004942138880243965,0.0659116332430065,-0.07378813314998445,0.0010373056249655926,,-0.012486281634606466,0.005115203381626935,0.01363578716837925,0.0353935520526628,0.036536363998708854,0.07348293732541789,0.1276533787123706,0.02079456191009709,0.055850333177134046,0.10084621392747388,0.9999999999999988,0.012642946889626574,-0.014341344243494033,0.016139696207871326,0.01630092825021314,0.0019309351929578942,-0.03807805801956809,-0.0009186075139263942,0.06577053447833593,0.02733566761946647,-0.03174279359551834,-0.005130462664919487,0.09722707814636146,0.5317881064595985,0.31434597713006135,0.6290082203692317,0.3391096117163509,0.06565167695492602,0.02913982490588208,-0.025552522121578353,0.531788106459598,0.10900555125787395,0.31434597713006174,0.036536363998708604,0.060568153870286606,0.09722707814636124,-0.035393552052662744,0.10084621392747406,0.05678132631167753,0.4390049766320193,0.9999999999999988,0.527957252183255,0.4742420451672967,0.12565605668205088,0.06577053447833593,0.034653050622074855,,,,,,,,,0.4390049766320193,0.43900497663201987,0.43900497663201904,-0.029628098477593994,0.43900497663201904,0.9999999999999988,1.0000000000000002,1.0,1.0
