,id,scrape_id,host_id,host_listings_count,host_total_listings_count,latitude,longitude,accommodates,bathrooms,bedrooms,beds,minimum_nights,maximum_nights,minimum_minimum_nights,maximum_minimum_nights,minimum_maximum_nights,maximum_maximum_nights,minimum_nights_avg_ntm,maximum_nights_avg_ntm,calendar_updated,availability_30,availability_60,availability_90,availability_365,number_of_reviews,number_of_reviews_ltm,number_of_reviews_l30d,availability_eoy,number_of_reviews_ly,estimated_occupancy_l365d,estimated_revenue_l365d,review_scores_rating,review_scores_accuracy,review_scores_cleanliness,review_scores_checkin,review_scores_communication,review_scores_location,review_scores_value,calculated_host_listings_count,calculated_host_listings_count_entire_homes,calculated_host_listings_count_private_rooms,calculated_host_listings_count_shared_rooms,reviews_per_month,price_clean,log_price,price_per_accommodates,log_price_per_accommodates,log_reviews,log_accommodates,log_beds,price_zscore,price_percentile,log_price_zscore,reviews_zscore,reviews_percentile,reviews_per_month_zscore,occupancy_rate,occupancy_rate_booked,occupancy_is_capped,est_annual_revenue,est_annual_revenue_booked,revenue_per_accommodates,revenue_per_bedroom,log_est_revenue,host_listings_in_city,host_is_professional,pct_professional_hosts,pct_large_operators,median_host_listings,gini_host_concentration,market_professionalization_score,purchase_price,monthly_payment,zori_rent,annual_cash_flow,cash_on_cash_roi,cap_rate,price_to_rent_ratio,revenue_yield,annual_cash_flow_booked,cash_on_cash_roi_booked,cap_rate_booked,revenue_yield_booked
id,1.0,,0.33347100623160036,0.08918556352398216,0.09415780426752392,0.08306171509884132,-0.05987443100598177,0.029267155369418523,0.02086582640208302,-0.01407333291630325,-0.035708215412441686,-0.0477434705848401,-0.1327613452340603,-0.03557367678816643,-0.04227522369254174,-0.049996885445024855,-0.04999674342668796,-0.04304808610412386,-0.049933393974472384,,0.04658649366954271,0.0469935388790863,0.04800246745669698,0.045286600284726315,-0.41287908086291397,-0.09077635593759009,-0.04503070123634541,0.04817428900093197,-0.23637403875526578,-0.14489032089133583,-0.06312215421441722,-0.02576707002067887,-0.040943829605652786,-0.013334615822876327,-0.03860698294209414,-0.022921388564652683,-0.06175070292294614,-0.030989252569296948,0.10273581626626188,0.08232418822369864,0.12261105170471831,0.034945246078281936,0.15170295836466305,0.03916878222356827,-0.004660016530967636,0.024659229846157697,-0.06318232233924465,-0.5318652376258322,0.04610079571732946,-0.040602102639346896,0.03916878222356833,-0.021567028088899605,-0.004660016530970301,-0.41287908086291336,-0.5355399830221982,0.15170295836466385,-0.0452866002847246,-0.1448903208913349,-0.06741684839540077,3.004296231686095e-06,-0.06312215421441722,-0.021131983685425237,0.01170325435327395,-0.06585804247434766,0.10273581626626188,0.06642171720409665,,,,,,,,,3.0042962327354186e-06,3.0042962329043293e-06,3.0042962328619632e-06,0.05682844227039647,3.0042962328619632e-06,-0.06312215421441712,-0.06312215421441665,-0.06312215421441707,-0.06312215421441707
scrape_id,,,,,,,,,,,,,,,,,,,,,,,,,,,,,,,,,,,,,,,,,,,,,,,,,,,,,,,,,,,,,,,,,,,,,,,,,,,,,,,,,,,
host_id,0.33347100623160036,,1.0,0.21314571791571196,0.21037189875952925,-0.03964664598716683,-0.061244220499099354,-0.019926517237583246,-0.036804302711964984,-0.054396369072804346,-0.04392854802235259,-0.045285838712942526,-0.01680592041010418,-0.0200958264842958,-0.004114981438344289,0.018447473475269052,0.018447689079571318,-0.013217331036499514,0.018472862851680268,,0.002650130714730732,-0.007129039024063813,-0.007430699257540721,-0.003302808733725886,-0.20261642662090396,-0.05721903327388511,-0.040077148050033165,-0.008382513562107764,-0.10149978550789807,-0.10368656290809955,-0.02095424038840119,-0.06631796163538471,-0.0603731028159123,-0.030488253727759113,-0.056675864087286525,-0.06380309747809415,-0.015809360323416885,-0.02704043754896961,0.008429352167703236,0.0024692890875319183,0.03477398062347661,0.06335653598552927,0.00916714991672118,0.054445822265850756,-0.0028221532097077832,0.05449959444219303,-0.01568055562024166,-0.2409204304021841,-0.0089692246547258,-0.045904495701187126,0.05444582226585073,-0.013661191669040305,-0.002822153209708806,-0.2026164266209032,-0.24125556617491736,0.009167149916721223,0.0033028087337261874,-0.10368656290809958,-0.04959125536835598,0.010656637281113457,-0.02095424038840119,0.02278509528526343,0.050834967047654625,0.003186933928606615,0.008429352167703236,0.016463389096044712,,,,,,,,,0.010656637281113783,0.010656637281113912,0.010656637281113894,-0.023186574136429175,0.010656637281113894,-0.020954240388401175,-0.02095424038840103,-0.02095424038840108,-0.02095424038840108
host_listings_count,0.08918556352398216,,0.21314571791571196,1.0,0.9861706830306827,-0.08375920333794576,0.1482683413505552,-0.0161389947564065,-0.030528093389510753,-0.12145761849492143,-0.0832161489292146,0.018200544249402664,0.06822657002067155,0.01588925435579947,0.0009066567947112579,-0.0047634436495458355,-0.004763171375637203,0.007068729943387244,-0.0047456838485177965,,-0.14344832935134866,-0.11188610036352208,-0.07794843778539659,0.04112628911320946,-0.1301323498227404,-0.1402997753686158,-0.13657355518324082,-0.07894555699883363,-0.126319772858469,-0.17552740703327832,-0.015563994769283145,-0.15519578637445736,-0.1458051339206417,-0.10931690144158973,-0.1612245143065747,-0.15891838649944984,-0.010480478494749717,-0.09398743506918837,0.31719885803805103,0.28436497702809294,0.20059529733449108,-0.007927445041775723,-0.14445124211894758,0.1805656018203533,-0.00048326069704451597,0.16917936003762812,-0.031116516188226112,-0.25610446740408027,0.03191103195693524,-0.09342666873230314,0.1805656018203538,-0.059551991074953604,-0.00048326069704484974,-0.13013234982273933,-0.25190915105286227,-0.14445124211894828,-0.04112628911320968,-0.17552740703327996,-0.05625727144342873,-0.028935330000495186,-0.015563994769283145,-0.019717581718777445,0.03692337869470885,-0.0250195013944271,0.31719885803805103,0.20315744364725022,,,,,,,,,-0.028935330000495273,-0.028935330000495425,-0.028935330000495054,-0.021189877652745347,-0.028935330000495054,-0.015563994769283166,-0.01556399476928296,-0.015563994769283008,-0.015563994769283008
host_total_listings_count,0.09415780426752392,,0.21037189875952925,0.9861706830306827,1.0,-0.0818959591394915,0.14590898603495178,-0.00736698500900616,-0.023734660287039067,-0.11220715827047091,-0.08903312516456821,0.016858013731404636,0.10329743218364122,0.015956733099632275,0.002707484694094991,-0.004297525621722716,-0.004297153394503452,0.00814395319041897,-0.004279413933315994,,-0.12123539096241502,-0.09268966601012327,-0.06196135996098832,0.05350699574566723,-0.1309983942143994,-0.14182172442774657,-0.13687918008843797,-0.06283524206471257,-0.12671243911479224,-0.1715053019844698,0.0071938724638788525,-0.1769049500766339,-0.1630369583614337,-0.1318770840705276,-0.16405321649738303,-0.16846718937433122,-0.027361185603708933,-0.12019206999131032,0.3171085419549131,0.27768231222327994,0.23726630689544395,-0.008163429886067374,-0.14683541578954093,0.23970400913575718,0.024658306656195235,0.22290219328301275,-0.004067642912893406,-0.2544221452151023,0.0390170420244228,-0.11044001527002598,0.23970400913575726,-0.0425139404700525,0.024658306656194753,-0.13099839421439904,-0.2502453685823889,-0.14683541578954115,-0.053506995745667314,-0.1715053019844696,-0.05445423662271136,-0.019903898907613418,0.0071938724638788525,-0.009645356006714114,0.04520862434003606,-0.03275363323571274,0.3171085419549131,0.20651357829948264,,,,,,,,,-0.01990389890761352,-0.0199038989076136,-0.019903898907613356,-0.017363917819417284,-0.019903898907613356,0.007193872463878873,0.007193872463878906,0.007193872463878862,0.007193872463878862
latitude,0.08306171509884132,,-0.03964664598716683,-0.08375920333794576,-0.0818959591394915,1.0,0.24357893242327486,-0.24024218583724347,-0.21430990504289227,-0.20618425125592035,-0.2321949021891442,0.0057058850964267875,-0.03175786477518495,-0.007664470527035776,-0.03922281265361749,-0.016073699716694277,-0.016073863503743735,-0.02794304138782426,-0.01606649732004186,,0.1253766548796282,0.18010320872012545,0.20448748078584952,0.1660870601445112,0.16409983586731677,0.2258367238092894,0.1108011318880108,0.2059480902509314,0.20831219526200942,0.2529270664093142,-0.046556250182996216,-0.04722959218653485,-0.0151612088326833,-0.00822505274379352,-0.018463673039799768,0.006413137520968911,-0.2793773286194281,0.021084861053642504,-0.14657273676582244,-0.14981059756613993,0.010780352832940947,0.05098457179090217,0.2692207825276981,-0.07588322054045,-0.5010112061245846,-0.03863270583159683,-0.3528115824999105,0.16454451309643559,-0.290348116419007,-0.25732748442312486,-0.07588322054045019,-0.5279352450716478,-0.5010112061245853,0.16409983586731675,0.16446634149428543,0.2692207825276987,-0.16608706014451083,0.25292706640931467,0.1469435122757025,-0.29264385501652423,-0.046556250182996216,-0.22116378683056231,-0.1873679895620026,-0.3744381998326916,-0.14657273676582244,0.036015924461342115,,,,,,,,,-0.29264385501652385,-0.29264385501652496,-0.29264385501652507,0.13705578998080825,-0.29264385501652507,-0.0465562501829962,-0.04655625018299623,-0.046556250182996285,-0.046556250182996285
longitude,-0.05987443100598177,,-0.061244220499099354,0.1482683413505552,0.14590898603495178,0.24357893242327486,1.0,-0.0803025016631833,0.00781984470541154,-0.0650541360222175,-0.06906543919001179,0.039150791464070814,0.03528742239703936,0.019595272909057538,0.00024229157046902388,0.04098817315406239,0.04098817381467501,0.00911390839719073,0.040934194900982816,,-0.07459152747013473,-0.025604911316460734,-0.00036729856105029173,0.007851663238853503,0.07767557285125994,0.05503005918433416,0.04702924207673664,6.762318354912628e-05,0.053649624041762205,0.0659938464548893,0.061932112386102633,0.012182513741033905,0.006939757987477054,0.0384248677558626,-0.009404083568724351,-0.018879369084447657,0.04124231471944456,-0.0006979898616690504,0.021429199817322747,0.010019841488543438,0.06179801617401372,-0.006126544784558502,0.023251269422906996,0.035028721871975955,0.01438267506335047,0.03876560644233394,0.09938443343985509,0.06791215758948374,-0.06735391566922935,-0.07020816160460883,0.035028721871976094,-0.0028809076001975096,0.014382675063350498,0.0776755728512598,0.06848467814777989,0.023251269422906923,-0.007851663238853435,0.06599384645488904,0.03213233882142606,-0.020664460097334546,0.061932112386102633,0.03698965153206231,0.026516218750651445,-0.0026278624682345986,0.021429199817322747,0.10257524987861677,,,,,,,,,-0.020664460097334608,-0.02066446009733458,-0.020664460097334605,-0.03546115932022687,-0.020664460097334605,0.06193211238610264,0.06193211238610222,0.06193211238610245,0.06193211238610245
accommodates,0.029267155369418523,,-0.019926517237583246,-0.0161389947564065,-0.00736698500900616,-0.24024218583724347,-0.0803025016631833,1.0,0.6870567061493128,0.8769389270378929,0.8337385319776274,-0.06421396652485754,0.06896970942144852,-0.02377392370651536,0.0036558072395721252,-0.022746034379756464,-0.022746023425989276,-0.00444269554413465,-0.02274292321581633,,-0.01893382078546677,-0.04880022953452998,-0.061286923235111056,-0.00447485970128697,-0.1839684704584878,-0.1615138271440304,-0.1547846152381909,-0.06087948575590058,-0.16425766916425483,-0.1761739736753677,0.11327699846779427,0.021241445135525606,-0.009283971257289669,-0.03535100944122057,0.0397956135288757,0.017035762653646234,0.06815957397049376,-0.01814916318865007,0.1874727756673158,0.22005476525336257,-0.16842707081347552,-0.026922255536157635,-0.19102269981349498,0.12445609479507262,0.6681801689912112,-0.021609751654772427,-0.0601316717771523,-0.14439246663926975,0.9366682326936421,0.7988995955567241,0.12445609479507251,0.6765249543911361,0.6681801689912127,-0.18396847045848777,-0.14546509262157978,-0.191022699813496,0.004474859701287046,-0.17617397367536816,-0.12594205400423691,0.3916771849942617,0.11327699846779427,-0.04009905326910391,-0.01925064589841211,0.37606946581244327,0.1874727756673158,-0.03664669220238297,,,,,,,,,0.3916771849942616,0.391677184994261,0.39167718499426174,-0.13524585326032537,0.39167718499426174,0.11327699846779425,0.11327699846779479,0.11327699846779454,0.11327699846779454
bathrooms,0.02086582640208302,,-0.036804302711964984,-0.030528093389510753,-0.023734660287039067,-0.21430990504289227,0.00781984470541154,0.6870567061493128,1.0,0.721467912110391,0.6211220048244621,0.009457261210840428,0.04283067917540705,0.0039719243885607824,0.020540003353626643,-0.024986499314342814,-0.02498649582192578,0.008779292842207617,-0.024972035937789402,,0.0022325067794179876,-0.01353620615406735,-0.018940537728195487,0.025201344726385588,-0.16602516808165751,-0.17457745582299108,-0.15016095512564112,-0.01914661246781058,-0.16720952399521868,-0.18606025085241606,0.11632076633744025,0.04775978068857109,0.0270961031688603,0.004625009092839953,0.034841352234008055,0.014004828405657657,0.08982190321253995,0.011612686387315793,0.13921808457347823,0.1478219109957902,-0.04645197729478851,-0.017015405875031885,-0.20282154404888142,0.1499955159437835,0.5845572774022969,0.010742294882985197,0.188131765421311,-0.18418006888412336,0.5888684524716995,0.5604895196564221,0.14999551594378363,0.5731243466292981,0.5845572774022973,-0.16602516808165751,-0.1825365191557506,-0.2028215440488818,-0.0252013447263856,-0.18606025085241545,-0.11143986869821096,0.38052660006311984,0.11632076633744025,0.04981622407119395,0.008016398198969115,0.3060542256392729,0.13921808457347823,-0.013206740946690367,,,,,,,,,0.3805266000631198,0.38052660006311667,0.38052660006311945,-0.07757001204429675,0.38052660006311945,0.11632076633744022,0.11632076633743978,0.11632076633744023,0.11632076633744023
bedrooms,-0.01407333291630325,,-0.054396369072804346,-0.12145761849492143,-0.11220715827047091,-0.20618425125592035,-0.0650541360222175,0.8769389270378929,0.721467912110391,1.0,0.8124987021090739,-0.025390445521710697,0.04762624230661744,0.012332621760268597,0.030698925543002867,-0.038276324726619314,-0.03827635757081788,0.027390098282905107,-0.03824733255634008,,-0.018571192189679658,-0.054256896864536885,-0.06837498214694761,-0.022801272777141557,-0.1764920517653065,-0.16810656848697134,-0.15294734138556593,-0.06777216734780811,-0.16494615407034907,-0.16250915887131476,0.1190139642430948,0.028299411997463202,0.006174659981546242,-0.03307275356591968,0.05952986394941256,0.03335948885521188,0.060720822074010514,-0.004083636962679236,0.13088743577680503,0.16526062501938701,-0.18300077222234062,-0.008631127452664733,-0.21614005902975575,0.11387620900302611,0.6316951019248296,-0.02207933215380471,0.02240117229219291,-0.11524180484250826,0.8031663815813361,0.7824422582036856,0.11387620900302674,0.6425874524058854,0.6316951019248316,-0.17649205176530824,-0.1180445718357819,-0.21614005902975514,0.02280127277714168,-0.16250915887131406,-0.12302187181024891,0.3989816521285251,0.1190139642430948,-0.008332129557318673,-0.055891710034038186,0.3609401068524138,0.13088743577680503,-0.07809690146217302,,,,,,,,,0.3989816521285251,0.39898165212852515,0.39898165212852554,-0.09478285722808143,0.39898165212852554,0.1190139642430948,0.1190139642430943,0.11901396424309445,0.11901396424309445
beds,-0.035708215412441686,,-0.04392854802235259,-0.0832161489292146,-0.08903312516456821,-0.2321949021891442,-0.06906543919001179,0.8337385319776274,0.6211220048244621,0.8124987021090739,1.0,-0.05745982813954633,0.04382673032835252,-0.06541560068601322,-0.03289709458379338,-0.026901228632636814,-0.02690129293515896,-0.04922706445201554,-0.02690365812255491,,0.020900811030117674,-0.013196789268957574,-0.02709388734851067,0.010880363824450958,-0.1487252275672685,-0.15020933948102175,-0.1314552860855157,-0.026708895199730402,-0.14197041631035862,-0.15843319473184989,0.11133899359118882,0.051059728404061394,0.022765819028942025,0.0025782901850180937,0.05009603412848964,0.031998018088648814,0.09242484038415814,0.01584335463351262,0.09656501719586277,0.12809404130889884,-0.206097611028983,0.0048957854399945405,-0.19377938404691322,0.06852267004614053,0.5902805335207407,-0.048185576942592866,0.010518436756097736,-0.0848374102788081,0.7655837901403139,0.9446686010377597,0.06852267004614085,0.6010865618716613,0.5902805335207432,-0.14872522756726855,-0.08602040198195737,-0.19377938404691342,-0.010880363824450914,-0.15843319473185002,-0.1123192544783869,0.3740491234356698,0.11133899359118882,-0.024942014253890598,-0.03634905602318578,0.3170920156817866,0.09656501719586277,-0.07797219434213719,,,,,,,,,0.3740491234356697,0.3740491234356686,0.3740491234356677,-0.10127375845851566,0.3740491234356677,0.11133899359118889,0.11133899359118861,0.11133899359118848,0.11133899359118848
minimum_nights,-0.0477434705848401,,-0.045285838712942526,0.018200544249402664,0.016858013731404636,0.0057058850964267875,0.039150791464070814,-0.06421396652485754,0.009457261210840428,-0.025390445521710697,-0.05745982813954633,1.0,0.05211575206432588,0.7419714787084437,0.6147617115081448,-0.0037952515939323945,-0.003795358684508212,0.6877139377646133,-0.0037710530277122695,,-0.029811251279880727,-0.026247921378140325,-0.010883262338811064,0.013459287159605985,-0.1329339933437457,-0.18871317934295614,-0.17025009547455336,-0.01097671932880229,-0.1597961699108385,-0.08382330745620822,-0.05871562695224242,-0.06133430455608685,-0.06598806736767765,-0.06525390273808175,-0.051383216009453135,-0.11508949429725915,-0.021659458703031733,-0.043964205924094016,0.03609338704543239,0.041627902726745304,-0.028309827085904373,-0.01256606521329099,-0.20007555139101474,-0.024477995117528573,-0.10407950700720357,-0.017786514681487422,-0.04827097927156423,-0.21407357913010747,-0.07504344766011116,-0.05559843325173267,-0.02447799511752863,-0.10755370033295646,-0.10407950700720363,-0.13293399334374476,-0.21141663264608224,-0.20007555139101513,-0.01345928715960613,-0.083823307456208,0.04451837359829476,-0.05768706150972325,-0.05871562695224242,-0.05913733977237109,-0.06031058450053282,-0.06270703732989961,0.03609338704543239,0.02077167410642598,,,,,,,,,-0.05768706150972329,-0.05768706150972327,-0.057687061509723095,0.029539100599424162,-0.057687061509723095,-0.05871562695224244,-0.05871562695224271,-0.058715626952242625,-0.058715626952242625
maximum_nights,-0.1327613452340603,,-0.01680592041010418,0.06822657002067155,0.10329743218364122,-0.03175786477518495,0.03528742239703936,0.06896970942144852,0.04283067917540705,0.04762624230661744,0.04382673032835252,0.05211575206432588,1.0,0.03514398424886589,0.03332641638401514,0.05528017939009708,0.05528043106515096,0.030805814933485467,0.055233472267944714,,0.0036583066687729342,0.016229322147068393,0.023890264079937155,0.09048994877025081,0.04722472255159601,0.008964181929374577,0.004587110181750312,0.024391694814345572,0.018431203486947354,0.02155083249630798,0.05456476993536394,-0.09736349210767845,-0.07702605204780644,-0.09746837418701085,-0.05674938801252429,-0.08089507653596363,-0.03267902994269373,-0.09118852817115033,0.22885112369234448,0.22025686144592252,0.05636723338255673,0.04314780146732309,-0.03191690864917917,0.07570508325743035,0.06406921230473465,0.0629269575018624,0.02764195324487727,0.04123618654922584,0.05758444573521021,0.034397878507200774,0.07570508325743014,0.06285940306798739,0.06406921230473525,0.0472247225515959,0.04093481448747709,-0.03191690864917933,-0.09048994877025135,0.021550832496307938,0.037169171824822704,0.015067975753389657,0.05456476993536394,-0.035028380919864634,-0.02150126799925156,-0.03596227812353668,0.22885112369234448,0.12357849233875283,,,,,,,,,0.015067975753389468,0.015067975753389515,0.015067975753389497,0.004831899476276295,0.015067975753389497,0.054564769935363924,0.054564769935364084,0.05456476993536406,0.05456476993536406
minimum_minimum_nights,-0.03557367678816643,,-0.0200958264842958,0.01588925435579947,0.015956733099632275,-0.007664470527035776,0.019595272909057538,-0.02377392370651536,0.0039719243885607824,0.012332621760268597,-0.06541560068601322,0.7419714787084437,0.03514398424886589,1.0,0.7837168110682432,-0.013914065595366785,-0.013914163294459762,0.8957366119720219,-0.013914115311848881,,-0.0384155350804199,-0.03980483977597359,-0.030919442266678993,-0.00966371991232374,-0.12883784395655734,-0.17836836740743983,-0.16497736912258879,-0.03129747383269007,-0.15148395217332447,-0.12844993579122907,-0.0964451092777003,-0.0442653317640814,-0.06048241471796166,-0.05690301866782886,-0.040612658100869274,-0.1234281681393955,-0.014380883184083867,-0.028963326751299423,0.05068920183063537,0.057143988229158935,-0.03207933411936005,-0.010556984022702418,-0.18784918268461032,-0.025201922447664456,-0.11758284635463523,-0.017969254878784206,-0.055108919015650425,-0.22089359709607848,-0.03568005894743206,-0.06551558530911922,-0.025201922447664577,-0.1258771540065255,-0.11758284635463562,-0.1288378439565572,-0.21798934830594402,-0.18784918268460937,0.0096637199123236,-0.12844993579122818,-0.018627612308992902,-0.07039468070886747,-0.0964451092777003,-0.0740817730187391,-0.0698514284338164,-0.08924129273289755,0.05068920183063537,0.0434990394294406,,,,,,,,,-0.07039468070886734,-0.0703946807088674,-0.07039468070886755,0.04151472110401133,-0.07039468070886755,-0.09644510927770027,-0.0964451092777004,-0.09644510927770067,-0.09644510927770067
maximum_minimum_nights,-0.04227522369254174,,-0.004114981438344289,0.0009066567947112579,0.002707484694094991,-0.03922281265361749,0.00024229157046902388,0.0036558072395721252,0.020540003353626643,0.030698925543002867,-0.03289709458379338,0.6147617115081448,0.03332641638401514,0.7837168110682432,1.0,-0.013626281801800724,-0.013626343218479114,0.9540800663206201,-0.0136263152231084,,-0.06342619643819607,-0.06545158414546394,-0.058652316134829574,-0.03789495883454611,-0.11960771999830552,-0.1600460626125326,-0.14918117621600896,-0.05865392253566975,-0.13655194925052144,-0.10783811961746916,-0.05379292623519057,-0.03092759376370695,-0.044809441255813875,-0.03743952849113374,-0.04040309642765766,-0.122218973033043,0.007079271022475852,-0.029523746106821257,0.08143715476141879,0.09036072345325136,-0.04487294377637845,-0.01129423923072372,-0.16964535234355183,-0.020427190189480044,-0.0738689989964777,-0.015734154548750226,-0.04186719649024554,-0.20389855183027242,-0.0023992092189349845,-0.028454613291892052,-0.02042719018948008,-0.0760086965672283,-0.07386899899647811,-0.11960771999830452,-0.20143279072118125,-0.16964535234355227,0.03789495883454613,-0.10783811961746836,-0.01067255508510781,-0.040326147622359546,-0.05379292623519057,-0.04658248544804314,-0.047137071253139554,-0.036341478233109695,0.08143715476141879,0.06498160706244675,,,,,,,,,-0.04032614762235952,-0.040326147622359566,-0.04032614762235956,0.014966127528367257,-0.04032614762235956,-0.05379292623519057,-0.05379292623519048,-0.053792926235190545,-0.053792926235190545
minimum_maximum_nights,-0.049996885445024855,,0.018447473475269052,-0.0047634436495458355,-0.004297525621722716,-0.016073699716694277,0.04098817315406239,-0.022746034379756464,-0.024986499314342814,-0.038276324726619314,-0.026901228632636814,-0.0037952515939323945,0.05528017939009708,-0.013914065595366785,-0.013626281801800724,1.0,0.9999999999982668,-0.014758319870841466,0.9999999999992583,,0.031012435167674702,0.036958060654150506,0.03846723695101205,0.03999318066263418,-0.0011995796397792158,-0.015552562752847244,-0.023987951762773664,0.038447016374601274,-0.012169563366486079,-0.001117909192008452,-0.012198234873884016,-0.05382722018400758,-0.05089476995939059,-0.0313928238558784,-0.037187287025773653,-0.04275789375499528,-0.023413239223625794,-0.04375051942750046,-0.00855407661391366,-0.0193115423188251,0.04638762238582219,-0.001433561918786492,-0.017145354262520847,-0.004369382219541156,-0.0071532371420079755,-0.0001895194727358758,0.01783416183449154,0.024431348090925464,-0.01789177432087067,-0.028350112945976495,-0.004369382219541175,-0.010419821087210105,-0.007153237142007838,-0.0011995796397793021,0.024824557714926053,-0.01714535426252084,-0.03999318066263404,-0.0011179091920083821,0.021887012631810823,-0.024338033577016735,-0.012198234873884016,-0.025219165981731125,-0.018542611253578478,-0.055928952604331963,-0.00855407661391366,0.035613588608647447,,,,,,,,,-0.024338033577016693,-0.024338033577016662,-0.024338033577016735,0.010045848958134675,-0.024338033577016735,-0.012198234873884016,-0.01219823487388399,-0.01219823487388393,-0.01219823487388393
maximum_maximum_nights,-0.04999674342668796,,0.018447689079571318,-0.004763171375637203,-0.004297153394503452,-0.016073863503743735,0.04098817381467501,-0.022746023425989276,-0.02498649582192578,-0.03827635757081788,-0.02690129293515896,-0.003795358684508212,0.05528043106515096,-0.013914163294459762,-0.013626343218479114,0.9999999999982668,1.0,-0.014758407034704693,0.9999999999993847,,0.031012560547348012,0.03695815399896006,0.03846731399252677,0.03999323166796815,-0.001199630524745456,-0.015552576615642652,-0.023987978389118318,0.038447093461613034,-0.01216959275288721,-0.0011179740016047804,-0.012197995367824324,-0.05382732950189026,-0.050894882212863556,-0.031392909255574614,-0.03718732415744941,-0.042757944389696496,-0.02341326090286154,-0.043750638848143016,-0.00855411193378867,-0.019311659735825385,0.04638807699091282,-0.0014335735504003963,-0.017145378127511806,-0.004368826097975741,-0.007152952947967583,-0.0001890194018368157,0.017834475566628955,0.02443123726082117,-0.017891766171525623,-0.028350279858387367,-0.004368826097975762,-0.01041963668724393,-0.0071529529479674924,-0.0011996305247454595,0.024824458189236353,-0.01714537812751181,-0.03999323166796795,-0.001117974001604704,0.021887036920033066,-0.024337847626849436,-0.012197995367824324,-0.025218963141633917,-0.018542386860455846,-0.05592892666831617,-0.00855411193378867,0.035613779826700734,,,,,,,,,-0.02433784762684942,-0.024337847626849422,-0.02433784762684951,0.010045832857959722,-0.02433784762684951,-0.012197995367824326,-0.01219799536782443,-0.012197995367824285,-0.012197995367824285
minimum_nights_avg_ntm,-0.04304808610412386,,-0.013217331036499514,0.007068729943387244,0.00814395319041897,-0.02794304138782426,0.00911390839719073,-0.00444269554413465,0.008779292842207617,0.027390098282905107,-0.04922706445201554,0.6877139377646133,0.030805814933485467,0.8957366119720219,0.9540800663206201,-0.014758319870841466,-0.014758407034704693,1.0,-0.01473579728217836,,-0.06165230890227012,-0.06514286209745059,-0.05781303899040055,-0.03465215751139711,-0.12945362857755494,-0.177549179062533,-0.16441284106275514,-0.058049117645350645,-0.15185619950258297,-0.12416135098626423,-0.081934807628922,-0.03993638775147226,-0.05602803160034001,-0.04911402060363082,-0.044891950608623235,-0.13264022825380872,-0.004091701764009973,-0.03517376622567899,0.07653655379098484,0.08494982499911327,-0.041577283843537795,-0.011133263614324287,-0.1898403809259921,-0.025766299808652998,-0.1055017025230246,-0.019493603042309116,-0.06094124044227251,-0.22362889368966596,-0.013270535862389167,-0.04554509948278021,-0.025766299808653057,-0.11065654604223764,-0.10550170252302438,-0.1294536285775549,-0.22121535194501069,-0.18984038092599265,0.034652157511397,-0.12416135098626453,-0.018222910362527614,-0.05519402093022972,-0.081934807628922,-0.06298110276338252,-0.061601783731732904,-0.0642620012789057,0.07653655379098484,0.05571509128494037,,,,,,,,,-0.055194020930229834,-0.05519402093022992,-0.05519402093022992,0.03016479629277614,-0.05519402093022992,-0.08193480762892197,-0.08193480762892162,-0.08193480762892183,-0.08193480762892183
maximum_nights_avg_ntm,-0.049933393974472384,,0.018472862851680268,-0.0047456838485177965,-0.004279413933315994,-0.01606649732004186,0.040934194900982816,-0.02274292321581633,-0.024972035937789402,-0.03824733255634008,-0.02690365812255491,-0.0037710530277122695,0.055233472267944714,-0.013914115311848881,-0.0136263152231084,0.9999999999992583,0.9999999999993847,-0.01473579728217836,1.0,,0.031058983550944653,0.03699954035422651,0.03850674429176539,0.040028583900642026,-0.0012562247231836373,-0.015619183010735841,-0.024040607593758676,0.038486547596597184,-0.012207051892903154,-0.0012290222534384833,-0.01225104474877196,-0.05384663903812499,-0.05091189240559979,-0.03140681142051479,-0.037211005240734125,-0.042776002636512926,-0.023438350960531876,-0.043773918544146126,-0.008520485787981457,-0.019281081583863314,0.04640759987038916,-0.0014312950062734364,-0.017194831348235226,-0.004367344551757466,-0.007156000448663493,-0.00018557983108108102,0.01783335657783382,0.02432992364224493,-0.01789672372526227,-0.028357203598656625,-0.004367344551757472,-0.0104223122527205,-0.007156000448663472,-0.0012562247231836603,0.024716530758162596,-0.01719483134823532,-0.04002858390064212,-0.0012290222534385234,0.021842680510217094,-0.024358959983415664,-0.01225104474877196,-0.02524867617117169,-0.018577247421543198,-0.05593653728161942,-0.008520485787981457,0.03560434702613572,,,,,,,,,-0.024358959983415703,-0.024358959983415838,-0.02435895998341584,0.010059082791983616,-0.02435895998341584,-0.012251044748771962,-0.012251044748772031,-0.012251044748771955,-0.012251044748771955
calendar_updated,,,,,,,,,,,,,,,,,,,,,,,,,,,,,,,,,,,,,,,,,,,,,,,,,,,,,,,,,,,,,,,,,,,,,,,,,,,,,,,,,,,
availability_30,0.04658649366954271,,0.002650130714730732,-0.14344832935134866,-0.12123539096241502,0.1253766548796282,-0.07459152747013473,-0.01893382078546677,0.0022325067794179876,-0.018571192189679658,0.020900811030117674,-0.029811251279880727,0.0036583066687729342,-0.0384155350804199,-0.06342619643819607,0.031012435167674702,0.031012560547348012,-0.06165230890227012,0.031058983550944653,,1.0,0.9228526596725738,0.8512275935016186,0.5493622093768153,0.036464728877413935,0.07328673809270679,0.1234667998510307,0.8465243598369355,0.03947502960407476,0.0556007845180669,0.034860056181099545,-0.013685756216778816,-0.00292754969125624,0.015316696252487492,0.010282071723500407,-0.005191642957645414,-0.06294122999900141,-0.04901448910121375,-0.16486007628919783,-0.17117585233374533,0.02588651828366774,-0.0027270437419714398,0.10866189198756374,0.06075482584339637,0.05434397573364588,0.054846028722191825,0.12273062434851252,0.06678676322444989,-0.034788263089765015,-0.015522139762665223,0.060754825843396476,0.04093750779702231,0.05434397573364562,0.036464728877413866,0.07285749007623404,0.10866189198756414,-0.5493622093768163,0.05560078451806678,-0.0016782032883427926,-0.24966299463805897,0.034860056181099545,-0.1989968747496218,-0.15288487174659057,-0.38849193009505956,-0.16486007628919783,-0.0742481612941727,,,,,,,,,-0.24966299463805885,-0.24966299463805994,-0.24966299463805944,0.21047832880688655,-0.24966299463805944,0.034860056181099545,0.03486005618109961,0.034860056181099545,0.034860056181099545
availability_60,0.0469935388790863,,-0.007129039024063813,-0.11188610036352208,-0.09268966601012327,0.18010320872012545,-0.025604911316460734,-0.04880022953452998,-0.01353620615406735,-0.054256896864536885,-0.013196789268957574,-0.026247921378140325,0.016229322147068393,-0.03980483977597359,-0.06545158414546394,0.036958060654150506,0.03695815399896006,-0.06514286209745059,0.03699954035422651,,0.9228526596725738,1.0,0.9741343583959088,0.6606994109999889,0.07899867240625723,0.12673376933695335,0.1601114470522701,0.9711710342344176,0.08873707702840523,0.11948699957678374,0.049770654944611116,-0.00030169340579071,0.009049185591407945,0.03246355339010357,0.014245698833833175,-0.009792351010235756,-0.05792879996562424,-0.029052635873902312,-0.1688374578489715,-0.17533869602082772,0.026034333709037596,0.0014782373636819778,0.16249576527985757,0.051264800881463686,-0.004764946722503893,0.05125216561113452,0.08300095011693581,0.10077637970666442,-0.06333453472916928,-0.046604108628712,0.05126480088146365,-0.026061218619794855,-0.004764946722504139,0.07899867240625746,0.10709856534050395,0.16249576527985787,-0.6606994109999897,0.1194869995767834,0.0468743626132869,-0.33639953499735104,0.049770654944611116,-0.27994283820388927,-0.21307365414002943,-0.4873646489393177,-0.1688374578489715,-0.06578373481663145,,,,,,,,,-0.336399534997351,-0.33639953499735165,-0.3363995349973503,0.2025606514243659,-0.3363995349973503,0.04977065494461113,0.049770654944610734,0.04977065494461098,0.04977065494461098
availability_90,0.04800246745669698,,-0.007430699257540721,-0.07794843778539659,-0.06196135996098832,0.20448748078584952,-0.00036729856105029173,-0.061286923235111056,-0.018940537728195487,-0.06837498214694761,-0.02709388734851067,-0.010883262338811064,0.023890264079937155,-0.030919442266678993,-0.058652316134829574,0.03846723695101205,0.03846731399252677,-0.05781303899040055,0.03850674429176539,,0.8512275935016186,0.9741343583959088,1.0,0.716736418833588,0.08844660581469227,0.14340349180582096,0.16560540143847502,0.9996700770762383,0.10526637589451188,0.14504147943023096,0.05639909628305609,-0.0012703684079725954,0.007501882221851425,0.03320171846219019,0.008537111282052007,-0.015872027327443004,-0.05854794845369195,-0.025465590775147377,-0.16826862730451414,-0.1740169153282936,0.021630115624399635,0.011372684916873875,0.17578043906453072,0.04458629832216094,-0.03610121246285887,0.0470141856589004,0.05550230771160257,0.1055759785011798,-0.0744093404356673,-0.05742201052160207,0.04458629832216091,-0.0621030867945139,-0.03610121246285911,0.08844660581469209,0.11171692766811853,0.1757804390645316,-0.7167364188335877,0.14504147943023152,0.0717827929382579,-0.37975321519533634,0.05639909628305609,-0.3271292526036872,-0.2501205181067544,-0.532351752200993,-0.16826862730451414,-0.06204002627039041,,,,,,,,,-0.3797532151953362,-0.37975321519533656,-0.3797532151953373,0.19671406877124772,-0.3797532151953373,0.056399096283056095,0.05639909628305595,0.056399096283056276,0.056399096283056276
availability_365,0.045286600284726315,,-0.003302808733725886,0.04112628911320946,0.05350699574566723,0.1660870601445112,0.007851663238853503,-0.00447485970128697,0.025201344726385588,-0.022801272777141557,0.010880363824450958,0.013459287159605985,0.09048994877025081,-0.00966371991232374,-0.03789495883454611,0.03999318066263418,0.03999323166796815,-0.03465215751139711,0.040028583900642026,,0.5493622093768153,0.6606994109999889,0.716736418833588,1.0,0.03694871215761925,0.08308603886858386,0.09559767732446675,0.723922279933624,0.059585017564331516,0.1007427670779565,0.046910333541778745,-0.03862351752513132,-0.026448473069425164,-0.00879124440731074,-0.02050177271483527,-0.03796750934236029,-0.04800329148589546,-0.0389507156596088,-0.1010392105427614,-0.09367803335632169,-0.048676654435868695,0.03830101630610178,0.11464592458088026,0.05370363855187031,-0.023494133394321656,0.04820363788227569,0.013488270165480622,0.050357713515039086,-0.019348453736979514,-0.010138949118366316,0.05370363855187019,-0.05379169443808462,-0.023494133394321937,0.03694871215761941,0.05519083399503634,0.11464592458088037,-1.0000000000000018,0.10074276707795658,0.05923710686041726,-0.5003066265148162,0.046910333541778745,-0.536588755583452,-0.4086458763723129,-0.7541578451913169,-0.1010392105427614,-0.05171529669396537,,,,,,,,,-0.5003066265148162,-0.5003066265148164,-0.5003066265148169,0.2457643363324512,-0.5003066265148169,0.04691033354177874,0.04691033354177878,0.04691033354177845,0.04691033354177845
number_of_reviews,-0.41287908086291397,,-0.20261642662090396,-0.1301323498227404,-0.1309983942143994,0.16409983586731677,0.07767557285125994,-0.1839684704584878,-0.16602516808165751,-0.1764920517653065,-0.1487252275672685,-0.1329339933437457,0.04722472255159601,-0.12883784395655734,-0.11960771999830552,-0.0011995796397792158,-0.001199630524745456,-0.12945362857755494,-0.0012562247231836373,,0.036464728877413935,0.07899867240625723,0.08844660581469227,0.03694871215761925,1.0,0.6949718595085949,0.5266871986557381,0.08851376583028091,0.7861149335064701,0.6244022778491922,0.16868392232496315,0.09628015734271368,0.11506600382623146,0.1115770252378564,0.09817111152862308,0.09146703961733917,0.023115654587691863,0.12428279145749174,-0.17448258388121093,-0.16443632127217528,-0.06653424725143754,-0.015635179122522238,0.614426792894053,-0.05893026548509481,-0.22223738623446418,-0.028803340547694078,-0.0958642367386443,0.7177886832634559,-0.18568211203473392,-0.15575114590298114,-0.058930265485095126,-0.23509208284444136,-0.22223738623446385,0.9999999999999943,0.7027509355820036,0.6144267928940517,-0.03694871215761999,0.6244022778491916,0.4895611732340204,-0.13944327049270772,0.16868392232496315,-0.047144620912200695,-0.04482082553370541,-0.08391086616890003,-0.17448258388121093,-0.03554943368418437,,,,,,,,,-0.13944327049270816,-0.13944327049270838,-0.13944327049270874,-0.04121912369703051,-0.13944327049270874,0.16868392232496313,0.16868392232496357,0.16868392232496374,0.16868392232496374
number_of_reviews_ltm,-0.09077635593759009,,-0.05721903327388511,-0.1402997753686158,-0.14182172442774657,0.2258367238092894,0.05503005918433416,-0.1615138271440304,-0.17457745582299108,-0.16810656848697134,-0.15020933948102175,-0.18871317934295614,0.008964181929374577,-0.17836836740743983,-0.1600460626125326,-0.015552562752847244,-0.015552576615642652,-0.177549179062533,-0.015619183010735841,,0.07328673809270679,0.12673376933695335,0.14340349180582096,0.08308603886858386,0.6949718595085949,1.0,0.7782706899155766,0.14452080233466458,0.8106278595818865,0.8185091295514264,0.25294486261628035,0.1045287487047755,0.11698330930628449,0.12563139162103035,0.09038522818715065,0.09269218902983231,-0.016016527584760087,0.13022466727582724,-0.18128467766790782,-0.1701434725510455,-0.07158801457866767,-0.006666647431481937,0.8545800028714442,-0.06491641899020269,-0.23074784989224337,-0.03335542030616899,-0.14151140500844997,0.6302383845953115,-0.15124228065956702,-0.147538087910271,-0.06491641899020285,-0.24833174668634017,-0.2307478498922419,0.6949718595085945,0.6258002349578938,0.8545800028714466,-0.08308603886858365,0.8185091295514241,0.6538405333626194,-0.15395349182709145,0.25294486261628035,-0.0664408231646275,-0.052956020071009656,-0.10733433095879698,-0.18128467766790782,-0.048841478947151115,,,,,,,,,-0.15395349182709153,-0.15395349182709198,-0.15395349182709214,-0.03722750398794758,-0.15395349182709214,0.2529448626162803,0.25294486261628046,0.2529448626162806,0.2529448626162806
number_of_reviews_l30d,-0.04503070123634541,,-0.040077148050033165,-0.13657355518324082,-0.13687918008843797,0.1108011318880108,0.04702924207673664,-0.1547846152381909,-0.15016095512564112,-0.15294734138556593,-0.1314552860855157,-0.17025009547455336,0.004587110181750312,-0.16497736912258879,-0.14918117621600896,-0.023987951762773664,-0.023987978389118318,-0.16441284106275514,-0.024040607593758676,,0.1234667998510307,0.1601114470522701,0.16560540143847502,0.09559767732446675,0.5266871986557381,0.7782706899155766,1.0,0.1655887521396671,0.5465667434325626,0.6312723196446437,0.2060920904742992,0.12757826799334518,0.1295992173324054,0.1379504454071145,0.10293411144886705,0.1082284203810381,0.029421344396909837,0.1338712294881093,-0.1786167310034672,-0.1670457078555496,-0.07365354740917823,0.0009811758073716664,0.7264759446727427,-0.05385447368530463,-0.1747264363486562,-0.023206581679593413,-0.07236787637770394,0.5069751497708053,-0.14347998477063453,-0.128929486317322,-0.05385447368530493,-0.19113833076398118,-0.17472643634865623,0.5266871986557354,0.5027938025770113,0.7264759446727451,-0.09559767732446739,0.6312723196446455,0.4529078577824001,-0.13746108057522288,0.2060920904742992,-0.03914267320404873,-0.034228433356989434,-0.09394230501256653,-0.1786167310034672,-0.09060484320546293,,,,,,,,,-0.1374610805752229,-0.13746108057522344,-0.13746108057522366,-0.03132312801088277,-0.13746108057522366,0.2060920904742992,0.20609209047429883,0.2060920904742998,0.2060920904742998
availability_eoy,0.04817428900093197,,-0.008382513562107764,-0.07894555699883363,-0.06283524206471257,0.2059480902509314,6.762318354912628e-05,-0.06087948575590058,-0.01914661246781058,-0.06777216734780811,-0.026708895199730402,-0.01097671932880229,0.024391694814345572,-0.03129747383269007,-0.05865392253566975,0.038447016374601274,0.038447093461613034,-0.058049117645350645,0.038486547596597184,,0.8465243598369355,0.9711710342344176,0.9996700770762383,0.723922279933624,0.08851376583028091,0.14452080233466458,0.1655887521396671,1.0,0.10617767007515919,0.14692624698758774,0.05737062173693936,-0.0014890795520101177,0.0073341794279929255,0.032862965233313,0.008532141994457652,-0.015753963323415904,-0.05871100186630038,-0.025748433742016436,-0.16873349060106768,-0.17408175123547448,0.01936692413315469,0.012403821395141882,0.1768925779655005,0.04467151999031549,-0.03667514489095831,0.04703815583069119,0.05473855235230032,0.1057223176987712,-0.07424184343495943,-0.05727559512679079,0.044671519990315524,-0.06290163458585495,-0.03667514489095851,0.08851376583028096,0.11181069490325765,0.1768925779655005,-0.7239222799336237,0.1469262469875877,0.07408000514864979,-0.3831790194019728,0.05737062173693936,-0.33212363023673686,-0.25429862468478365,-0.5379724420822026,-0.16873349060106768,-0.06324080994574337,,,,,,,,,-0.38317901940197274,-0.3831790194019725,-0.383179019401973,0.1974013666532712,-0.383179019401973,0.057370621736939326,0.05737062173693935,0.05737062173693949,0.05737062173693949
number_of_reviews_ly,-0.23637403875526578,,-0.10149978550789807,-0.126319772858469,-0.12671243911479224,0.20831219526200942,0.053649624041762205,-0.16425766916425483,-0.16720952399521868,-0.16494615407034907,-0.14197041631035862,-0.1597961699108385,0.018431203486947354,-0.15148395217332447,-0.13655194925052144,-0.012169563366486079,-0.01216959275288721,-0.15185619950258297,-0.012207051892903154,,0.03947502960407476,0.08873707702840523,0.10526637589451188,0.059585017564331516,0.7861149335064701,0.8106278595818865,0.5465667434325626,0.10617767007515919,1.0,0.7307689477886458,0.2168387158115898,0.09906888970069819,0.11241513685461335,0.11956167669005374,0.08800916239269398,0.08718254275497758,-0.0012638366020328194,0.12413558808396716,-0.16312395750753167,-0.15181034484490552,-0.07137560761900867,-0.010741745766260464,0.6771966103329728,-0.05976970130013692,-0.223748175356004,-0.0295309889960937,-0.12920223327175548,0.668482769352104,-0.1579531465817025,-0.1405785031572748,-0.05976970130013663,-0.24166232132689258,-0.2237481753560028,0.7861149335064642,0.6669076850304848,0.6771966103329741,-0.05958501756433181,0.7307689477886472,0.5927528684401105,-0.14652597120669064,0.2168387158115898,-0.06593814418599571,-0.05880639878555239,-0.09233828785815999,-0.16312395750753167,-0.03192174146766816,,,,,,,,,-0.1465259712066909,-0.14652597120669092,-0.1465259712066911,-0.04657377313100438,-0.1465259712066911,0.21683871581158976,0.21683871581159014,0.216838715811591,0.216838715811591
estimated_occupancy_l365d,-0.14489032089133583,,-0.10368656290809955,-0.17552740703327832,-0.1715053019844698,0.2529270664093142,0.0659938464548893,-0.1761739736753677,-0.18606025085241606,-0.16250915887131476,-0.15843319473184989,-0.08382330745620822,0.02155083249630798,-0.12844993579122907,-0.10783811961746916,-0.001117909192008452,-0.0011179740016047804,-0.12416135098626423,-0.0012290222534384833,,0.0556007845180669,0.11948699957678374,0.14504147943023096,0.1007427670779565,0.6244022778491922,0.8185091295514264,0.6312723196446437,0.14692624698758774,0.7307689477886458,1.0,0.33476478170404356,0.11180151104418183,0.12438847731906853,0.12715515559403728,0.10533038102955178,0.09454089092526667,-0.0195968508172189,0.13917861514808952,-0.21006001673735353,-0.19333703692367393,-0.10392168027848082,-0.009767278630115575,0.7011926157796616,-0.08234351027576768,-0.28555016770823766,-0.04546283125416162,-0.18345197626542964,0.6996525595729719,-0.1729495434152064,-0.14947857933628386,-0.08234351027576789,-0.3007292123231772,-0.2855501677082372,0.6244022778491903,0.7002108249218588,0.7011926157796633,-0.10074276707795676,1.0000000000000009,0.6239858900839744,-0.19085386842960403,0.33476478170404356,-0.10137620454833621,-0.09338729860696703,-0.13790966267675694,-0.21006001673735353,-0.08455437663104676,,,,,,,,,-0.1908538684296042,-0.1908538684296042,-0.1908538684296052,-0.02740318728748599,-0.1908538684296052,0.3347647817040435,0.3347647817040452,0.33476478170404533,0.33476478170404533
estimated_revenue_l365d,-0.06312215421441722,,-0.02095424038840119,-0.015563994769283145,0.0071938724638788525,-0.046556250182996216,0.061932112386102633,0.11327699846779427,0.11632076633744025,0.1190139642430948,0.11133899359118882,-0.05871562695224242,0.05456476993536394,-0.0964451092777003,-0.05379292623519057,-0.012198234873884016,-0.012197995367824324,-0.081934807628922,-0.01225104474877196,,0.034860056181099545,0.049770654944611116,0.05639909628305609,0.046910333541778745,0.16868392232496315,0.25294486261628035,0.2060920904742992,0.05737062173693936,0.2168387158115898,0.33476478170404356,1.0,0.047533246678071156,0.046941769198293584,0.05134751191568121,0.03843361535618271,0.02209755279946084,0.030582710937635905,0.037522107076579735,-0.07400351695260403,-0.07917376399156989,0.02957000973051305,-0.013751870555560174,0.16894370629122088,0.41497213483506085,0.2461143745973148,0.5046583463365967,0.22168330009218185,0.26798490379952356,0.10988937063866913,0.09816809334073852,0.4149721348350625,0.18061578741763432,0.246114374597315,0.16868392232496393,0.2695616761228291,0.16894370629122085,-0.046910333541778905,0.33476478170404605,0.16661875970207418,0.1318697713795361,1.0,0.18092302155180073,0.1714519050231901,0.10946300293505153,-0.07400351695260403,-0.026096404147663767,,,,,,,,,0.131869771379536,0.13186977137953604,0.1318697713795361,-0.05042910598049558,0.1318697713795361,1.0,0.9999999999999989,0.9999999999999998,0.9999999999999998
review_scores_rating,-0.02576707002067887,,-0.06631796163538471,-0.15519578637445736,-0.1769049500766339,-0.04722959218653485,0.012182513741033905,0.021241445135525606,0.04775978068857109,0.028299411997463202,0.051059728404061394,-0.06133430455608685,-0.09736349210767845,-0.0442653317640814,-0.03092759376370695,-0.05382722018400758,-0.05382732950189026,-0.03993638775147226,-0.05384663903812499,,-0.013685756216778816,-0.00030169340579071,-0.0012703684079725954,-0.03862351752513132,0.09628015734271368,0.1045287487047755,0.12757826799334518,-0.0014890795520101177,0.09906888970069819,0.11180151104418183,0.047533246678071156,1.0,0.8385505244663017,0.7903864243467892,0.6395901141811364,0.7088724437175788,0.619071011381935,0.8292166727685021,-0.19959852792624494,-0.17405168376541735,-0.1905807191413616,-0.04111581288350344,0.11678223000053642,-0.031021388459342342,0.08248839954467269,-0.043477345638316685,0.07761407693202746,0.1633365201880748,0.03252507716808215,0.06225606779811138,-0.031021388459342387,0.07453982706902633,0.08248839954467256,0.09628015734271342,0.16231452587525141,0.11678223000053675,0.03862351752513144,0.11180151104418187,0.02332451674786776,0.028738678453308634,0.04753324667807117,0.04562002895917553,0.03431458385351464,0.08654874540472546,-0.19959852792624494,-0.1726058910886062,,,,,,,,,0.028738678453308644,0.028738678453308533,0.02873867845330851,-0.09553279338884992,0.02873867845330851,0.04753324667807122,0.0475332466780712,0.04753324667807127,0.04753324667807127
review_scores_accuracy,-0.040943829605652786,,-0.0603731028159123,-0.1458051339206417,-0.1630369583614337,-0.0151612088326833,0.006939757987477054,-0.009283971257289669,0.0270961031688603,0.006174659981546242,0.022765819028942025,-0.06598806736767765,-0.07702605204780644,-0.06048241471796166,-0.044809441255813875,-0.05089476995939059,-0.050894882212863556,-0.05602803160034001,-0.05091189240559979,,-0.00292754969125624,0.009049185591407945,0.007501882221851425,-0.026448473069425164,0.11506600382623146,0.11698330930628449,0.1295992173324054,0.0073341794279929255,0.11241513685461335,0.12438847731906853,0.046941769198293584,0.8385505244663017,1.0,0.704348140432317,0.6014557307873537,0.6949337251876152,0.5572958771559425,0.7738903700552757,-0.18004359859560443,-0.15658186036748356,-0.17498482110981903,-0.027415691845065367,0.13268426126137192,-0.007650948155294802,0.041335481678678274,-0.010826577593399224,0.05801509877902487,0.1898468361446226,-0.00178589191615102,0.032706968049903654,-0.007650948155294742,0.03184805022910507,0.0413354816786782,0.1150660038262308,0.18834188574826985,0.13268426126137206,0.026448473069425313,0.12438847731906909,0.030362128130478467,0.011331311186344556,0.04694176919829358,0.04695346120754274,0.032955986569442715,0.06598440655058865,-0.18004359859560443,-0.15524041166589755,,,,,,,,,0.01133131118634456,0.011331311186344556,0.01133131118634454,-0.07585082129690511,0.01133131118634454,0.0469417691982936,0.04694176919829361,0.046941769198293785,0.046941769198293785
review_scores_cleanliness,-0.013334615822876327,,-0.030488253727759113,-0.10931690144158973,-0.1318770840705276,-0.00822505274379352,0.0384248677558626,-0.03535100944122057,0.004625009092839953,-0.03307275356591968,0.0025782901850180937,-0.06525390273808175,-0.09746837418701085,-0.05690301866782886,-0.03743952849113374,-0.0313928238558784,-0.031392909255574614,-0.04911402060363082,-0.03140681142051479,,0.015316696252487492,0.03246355339010357,0.03320171846219019,-0.00879124440731074,0.1115770252378564,0.12563139162103035,0.1379504454071145,0.032862965233313,0.11956167669005374,0.12715515559403728,0.05134751191568121,0.7903864243467892,0.704348140432317,1.0,0.5262096513956405,0.5632722378907232,0.5088134371436822,0.7176706383228711,-0.20116364235491974,-0.17933101182755717,-0.1666556856077264,-0.04227513890740893,0.13774976437886274,-0.017516380607843888,0.04974491207476027,-0.019367047260423938,0.07865459273497341,0.18955622221805463,-0.009119043829259325,0.016003720410828506,-0.01751638060784385,0.03264990747874391,0.049744912074760096,0.11157702523785573,0.18785082825412822,0.13774976437886288,0.008791244407310769,0.1271551555940365,0.03899930448334847,-0.008191886513181099,0.051347511915681154,0.03939071353238371,0.03678805024967575,0.04949970228690741,-0.20116364235491974,-0.12945875155615585,,,,,,,,,-0.008191886513181095,-0.008191886513181089,-0.008191886513181116,-0.08526645348657674,-0.008191886513181116,0.05134751191568116,0.05134751191568136,0.051347511915681335,0.051347511915681335
review_scores_checkin,-0.03860698294209414,,-0.056675864087286525,-0.1612245143065747,-0.16405321649738303,-0.018463673039799768,-0.009404083568724351,0.0397956135288757,0.034841352234008055,0.05952986394941256,0.05009603412848964,-0.051383216009453135,-0.05674938801252429,-0.040612658100869274,-0.04040309642765766,-0.037187287025773653,-0.03718732415744941,-0.044891950608623235,-0.037211005240734125,,0.010282071723500407,0.014245698833833175,0.008537111282052007,-0.02050177271483527,0.09817111152862308,0.09038522818715065,0.10293411144886705,0.008532141994457652,0.08800916239269398,0.10533038102955178,0.03843361535618271,0.6395901141811364,0.6014557307873537,0.5262096513956405,1.0,0.6956363308638044,0.49272294159037205,0.5531289656282846,-0.200239740179797,-0.18253160843043376,-0.13672011725452055,-0.03176744229313275,0.10255066543648664,-0.020021191548511813,0.05972576818553189,-0.030940262825124635,0.04000633843912136,0.17512096043571274,0.04498035702781516,0.05439796833233938,-0.020021191548511823,0.060074178262624185,0.0597257681855317,0.09817111152862297,0.173191924568809,0.10255066543648697,0.02050177271483539,0.10533038102955206,0.02661024866953593,0.011192652203423544,0.038433615356182685,0.014498261443324632,-0.002810806418385824,0.05190417712281532,-0.200239740179797,-0.1669702650576785,,,,,,,,,0.011192652203423557,0.011192652203423588,0.011192652203423576,-0.079005333589473,0.011192652203423576,0.038433615356182706,0.038433615356182615,0.03843361535618276,0.03843361535618276
review_scores_communication,-0.022921388564652683,,-0.06380309747809415,-0.15891838649944984,-0.16846718937433122,0.006413137520968911,-0.018879369084447657,0.017035762653646234,0.014004828405657657,0.03335948885521188,0.031998018088648814,-0.11508949429725915,-0.08089507653596363,-0.1234281681393955,-0.122218973033043,-0.04275789375499528,-0.042757944389696496,-0.13264022825380872,-0.042776002636512926,,-0.005191642957645414,-0.009792351010235756,-0.015872027327443004,-0.03796750934236029,0.09146703961733917,0.09269218902983231,0.1082284203810381,-0.015753963323415904,0.08718254275497758,0.09454089092526667,0.02209755279946084,0.7088724437175788,0.6949337251876152,0.5632722378907232,0.6956363308638044,1.0,0.505926045467676,0.6263117310652299,-0.18807377722856813,-0.1678353114730175,-0.1521366258868165,-0.02594638484342555,0.11055038413285008,-0.03089604688469105,0.021803538980435192,-0.034953101800271856,0.01426142421801853,0.16466585606319745,0.020909503208239845,0.03943148415548409,-0.030896046884691195,0.021553589168535874,0.021803538980435116,0.09146703961733874,0.16222959854289795,0.11055038413284989,0.03796750934236045,0.09454089092526617,0.006786751163175061,0.009461124208657561,0.02209755279946081,0.019870467918857902,0.0017911814059889553,0.03806057934629807,-0.18807377722856813,-0.17266696172948223,,,,,,,,,0.00946112420865757,0.009461124208657494,0.009461124208657573,-0.05645008903081939,0.009461124208657573,0.022097552799460834,0.02209755279946084,0.022097552799460827,0.022097552799460827
review_scores_location,-0.06175070292294614,,-0.015809360323416885,-0.010480478494749717,-0.027361185603708933,-0.2793773286194281,0.04124231471944456,0.06815957397049376,0.08982190321253995,0.060720822074010514,0.09242484038415814,-0.021659458703031733,-0.03267902994269373,-0.014380883184083867,0.007079271022475852,-0.023413239223625794,-0.02341326090286154,-0.004091701764009973,-0.023438350960531876,,-0.06294122999900141,-0.05792879996562424,-0.05854794845369195,-0.04800329148589546,0.023115654587691863,-0.016016527584760087,0.029421344396909837,-0.05871100186630038,-0.0012638366020328194,-0.0195968508172189,0.030582710937635905,0.619071011381935,0.5572958771559425,0.5088134371436822,0.49272294159037205,0.505926045467676,1.0,0.5749733397322584,-0.05794317008349783,-0.03288438396160359,-0.1762974640789725,-0.01505378560694409,-0.026109089165235272,0.007473249732484767,0.22386697792445975,-0.01872297393592682,0.21096007407279924,0.03519376017045276,0.08495881196753158,0.10748311277615773,0.007473249732484852,0.22353781176558363,0.22386697792445903,0.023115654587691745,0.033296709857714164,-0.026109089165235355,0.04800329148589569,-0.01959685081721871,-0.03205322382820356,0.09724461270411197,0.030582710937635888,0.08714098113876796,0.08503928660933821,0.16449257234692605,-0.05794317008349783,-0.13265433663543885,,,,,,,,,0.09724461270411203,0.09724461270411197,0.09724461270411207,-0.1234127135284503,0.09724461270411207,0.03058271093763587,0.030582710937635958,0.030582710937635958,0.030582710937635958
review_scores_value,-0.030989252569296948,,-0.02704043754896961,-0.09398743506918837,-0.12019206999131032,0.021084861053642504,-0.0006979898616690504,-0.01814916318865007,0.011612686387315793,-0.004083636962679236,0.01584335463351262,-0.043964205924094016,-0.09118852817115033,-0.028963326751299423,-0.029523746106821257,-0.04375051942750046,-0.043750638848143016,-0.03517376622567899,-0.043773918544146126,,-0.04901448910121375,-0.029052635873902312,-0.025465590775147377,-0.0389507156596088,0.12428279145749174,0.13022466727582724,0.1338712294881093,-0.025748433742016436,0.12413558808396716,0.13917861514808952,0.037522107076579735,0.8292166727685021,0.7738903700552757,0.7176706383228711,0.5531289656282846,0.6263117310652299,0.5749733397322584,1.0,-0.19138458597686026,-0.16647656805072703,-0.18515180226827382,-0.02745367023181291,0.14515239864362808,-0.031297056380286445,-0.012514978677025298,-0.027936223692813483,-0.006875383455087112,0.1834770527637382,-0.010777807399277847,0.028039493181161196,-0.03129705638028645,-0.0208807416593837,-0.012514978677025333,0.12428279145749092,0.181244409014309,0.14515239864362858,0.03895071565960895,0.13917861514808927,0.0473271466771408,-0.017929920883393374,0.03752210707657974,0.012313071004521477,0.004243543106837682,0.045698227412701756,-0.19138458597686026,-0.15653295521408125,,,,,,,,,-0.017929920883393326,-0.01792992088339322,-0.017929920883393197,-0.07558300742705616,-0.017929920883393197,0.03752210707657973,0.03752210707657973,0.037522107076579644,0.037522107076579644
calculated_host_listings_count,0.10273581626626188,,0.008429352167703236,0.31719885803805103,0.3171085419549131,-0.14657273676582244,0.021429199817322747,0.1874727756673158,0.13921808457347823,0.13088743577680503,0.09656501719586277,0.03609338704543239,0.22885112369234448,0.05068920183063537,0.08143715476141879,-0.00855407661391366,-0.00855411193378867,0.07653655379098484,-0.008520485787981457,,-0.16486007628919783,-0.1688374578489715,-0.16826862730451414,-0.1010392105427614,-0.17448258388121093,-0.18128467766790782,-0.1786167310034672,-0.16873349060106768,-0.16312395750753167,-0.21006001673735353,-0.07400351695260403,-0.19959852792624494,-0.18004359859560443,-0.20116364235491974,-0.200239740179797,-0.18807377722856813,-0.05794317008349783,-0.19138458597686026,1.0,0.9839721295960552,0.14339727626682774,-0.010515306609962359,-0.1725627361781176,0.04751941004952603,0.15711745462430932,0.01688125891814632,0.016434813289601738,-0.31741073183212126,0.18253715716563587,0.09542849193884768,0.047519410049526,0.1629274364042645,0.15711745462430837,-0.17448258388121063,-0.31709242058541925,-0.17256273617811685,0.101039210542761,-0.2100600167373535,-0.0623240211659027,0.17494490053433642,-0.07400351695260403,0.07406365987753036,0.06450198094129737,0.14969560849210567,1.0,0.392912970028735,,,,,,,,,0.17494490053433628,0.17494490053433603,0.1749449005343372,-0.019141367537684018,0.1749449005343372,-0.07400351695260399,-0.074003516952604,-0.07400351695260415,-0.07400351695260415
calculated_host_listings_count_entire_homes,0.08232418822369864,,0.0024692890875319183,0.28436497702809294,0.27768231222327994,-0.14981059756613993,0.010019841488543438,0.22005476525336257,0.1478219109957902,0.16526062501938701,0.12809404130889884,0.041627902726745304,0.22025686144592252,0.057143988229158935,0.09036072345325136,-0.0193115423188251,-0.019311659735825385,0.08494982499911327,-0.019281081583863314,,-0.17117585233374533,-0.17533869602082772,-0.1740169153282936,-0.09367803335632169,-0.16443632127217528,-0.1701434725510455,-0.1670457078555496,-0.17408175123547448,-0.15181034484490552,-0.19333703692367393,-0.07917376399156989,-0.17405168376541735,-0.15658186036748356,-0.17933101182755717,-0.18253160843043376,-0.1678353114730175,-0.03288438396160359,-0.16647656805072703,0.9839721295960552,1.0,-0.03521266829859932,-0.01374930231223949,-0.16957125176494817,0.01193822989378495,0.1713928696840915,-0.01810477065025573,-0.0006350415728785594,-0.2887907412433155,0.22504512980881602,0.1403718155674049,0.011938229893785,0.1828933218946432,0.17139286968409115,-0.1644363212721756,-0.28990409085901303,-0.16957125176494844,0.09367803335632172,-0.1933370369236737,-0.0565107365547024,0.17612363521285015,-0.0791737639915699,0.05907345428550935,0.04636621502724533,0.17372268593797205,0.9839721295960552,0.343773521954004,,,,,,,,,0.1761236352128502,0.17612363521285002,0.1761236352128505,-0.039712055242898836,0.1761236352128505,-0.07917376399156989,-0.07917376399156928,-0.07917376399156976,-0.07917376399156976
calculated_host_listings_count_private_rooms,0.12261105170471831,,0.03477398062347661,0.20059529733449108,0.23726630689544395,0.010780352832940947,0.06179801617401372,-0.16842707081347552,-0.04645197729478851,-0.18300077222234062,-0.206097611028983,-0.028309827085904373,0.05636723338255673,-0.03207933411936005,-0.04487294377637845,0.04638762238582219,0.04638807699091282,-0.041577283843537795,0.04640759987038916,,0.02588651828366774,0.026034333709037596,0.021630115624399635,-0.048676654435868695,-0.06653424725143754,-0.07158801457866767,-0.07365354740917823,0.01936692413315469,-0.07137560761900867,-0.10392168027848082,0.02957000973051305,-0.1905807191413616,-0.17498482110981903,-0.1666556856077264,-0.13672011725452055,-0.1521366258868165,-0.1762974640789725,-0.18515180226827382,0.14339727626682774,-0.03521266829859932,1.0,0.005682680254230865,-0.03408249334100557,0.25104228174045334,-0.08823457940625015,0.24423401985831739,0.11571656754246393,-0.17864754409242423,-0.22355996620931626,-0.29776632470033865,0.25104228174045407,-0.1280588855603453,-0.08823457940625049,-0.06653424725143713,-0.1706984163995397,-0.03408249334100557,0.04867665443586901,-0.10392168027848071,-0.03654655056929693,0.005693143888180731,0.029570009730513037,0.1091619946618225,0.13041322913230913,-0.15565991574371868,0.14339727626682772,0.29131194030194474,,,,,,,,,0.005693143888180843,0.005693143888180867,0.00569314388818078,0.13981237293265242,0.00569314388818078,0.029570009730513075,0.029570009730512953,0.029570009730513127,0.029570009730513127
calculated_host_listings_count_shared_rooms,0.034945246078281936,,0.06335653598552927,-0.007927445041775723,-0.008163429886067374,0.05098457179090217,-0.006126544784558502,-0.026922255536157635,-0.017015405875031885,-0.008631127452664733,0.0048957854399945405,-0.01256606521329099,0.04314780146732309,-0.010556984022702418,-0.01129423923072372,-0.001433561918786492,-0.0014335735504003963,-0.011133263614324287,-0.0014312950062734364,,-0.0027270437419714398,0.0014782373636819778,0.011372684916873875,0.03830101630610178,-0.015635179122522238,-0.006666647431481937,0.0009811758073716664,0.012403821395141882,-0.010741745766260464,-0.009767278630115575,-0.013751870555560174,-0.04111581288350344,-0.027415691845065367,-0.04227513890740893,-0.03176744229313275,-0.02594638484342555,-0.01505378560694409,-0.02745367023181291,-0.010515306609962359,-0.01374930231223949,0.005682680254230865,1.0,-0.016108671399121727,-0.006414142182651275,-0.06710405541912948,-0.0036075374730255277,-0.026489771219938802,-0.01264265647063086,-0.05849069455568288,0.01061333189062643,-0.006414142182651272,-0.04368231461297606,-0.06710405541912957,-0.015635179122522144,-0.015191712922581644,-0.01610867139912169,-0.03830101630610168,-0.00976727863011556,-0.008364903641578622,-0.021739039420462323,-0.013751870555560177,-0.02366165206794231,-0.01572283280003079,-0.07446311180045298,-0.010515306609962357,0.026283893647576974,,,,,,,,,-0.021739039420462264,-0.02173903942046231,-0.02173903942046236,0.1399330622100413,-0.02173903942046236,-0.013751870555560172,-0.013751870555560158,-0.013751870555560175,-0.013751870555560175
reviews_per_month,0.15170295836466305,,0.00916714991672118,-0.14445124211894758,-0.14683541578954093,0.2692207825276981,0.023251269422906996,-0.19102269981349498,-0.20282154404888142,-0.21614005902975575,-0.19377938404691322,-0.20007555139101474,-0.03191690864917917,-0.18784918268461032,-0.16964535234355183,-0.017145354262520847,-0.017145378127511806,-0.1898403809259921,-0.017194831348235226,,0.10866189198756374,0.16249576527985757,0.17578043906453072,0.11464592458088026,0.614426792894053,0.8545800028714442,0.7264759446727427,0.1768925779655005,0.6771966103329728,0.7011926157796616,0.16894370629122088,0.11678223000053642,0.13268426126137192,0.13774976437886274,0.10255066543648664,0.11055038413285008,-0.026109089165235272,0.14515239864362808,-0.1725627361781176,-0.16957125176494817,-0.03408249334100557,-0.016108671399121727,1.0,-0.07520192340620561,-0.2653013161507289,-0.02476718619856949,-0.17047564796416378,0.5515874395537359,-0.1696917794408615,-0.19449287942331658,-0.0752019234062056,-0.28940361772421097,-0.26530131615072683,0.6144267928940497,0.5307658428288737,0.9999999999999987,-0.11464592458088028,0.7011926157796623,0.5447603086811077,-0.20896720756350354,0.16894370629122088,-0.10784573398488889,-0.09929413252394433,-0.16092941648649003,-0.17256273617811757,-0.04325852394778141,,,,,,,,,-0.20896720756350362,-0.2089672075635029,-0.2089672075635024,-0.020333776374394128,-0.2089672075635024,0.16894370629122094,0.16894370629122119,0.16894370629122069,0.16894370629122069
price_clean,0.03916878222356827,,0.054445822265850756,0.1805656018203533,0.23970400913575718,-0.07588322054045,0.035028721871975955,0.12445609479507262,0.1499955159437835,0.11387620900302611,0.06852267004614053,-0.024477995117528573,0.07570508325743035,-0.025201922447664456,-0.020427190189480044,-0.004369382219541156,-0.004368826097975741,-0.025766299808652998,-0.004367344551757466,,0.06075482584339637,0.051264800881463686,0.04458629832216094,0.05370363855187031,-0.05893026548509481,-0.06491641899020269,-0.05385447368530463,0.04467151999031549,-0.05976970130013692,-0.08234351027576768,0.41497213483506085,-0.031021388459342342,-0.007650948155294802,-0.017516380607843888,-0.020021191548511813,-0.03089604688469105,0.007473249732484767,-0.031297056380286445,0.04751941004952603,0.01193822989378495,0.25104228174045334,-0.006414142182651275,-0.07520192340620561,1.0,0.41604105104427624,0.916484934692679,0.4504585752672796,-0.09393678240388159,0.11271590156530668,0.006977663084532541,1.0000000000000007,0.22365329772568512,0.4160410510442759,-0.05893026548509485,-0.09058467933314002,-0.07520192340620556,-0.053703638551870304,-0.0823435102757684,-0.0372892167330801,0.31260417875445695,0.41497213483506085,0.3224483268715821,0.3298380751195481,0.15409045120175796,0.04751941004952602,0.032467715775021506,,,,,,,,,0.312604178754457,0.31260417875445673,0.3126041787544579,-0.029192923168865025,0.3126041787544579,0.41497213483506107,0.41497213483506123,0.41497213483506235,0.41497213483506235
log_price,-0.004660016530967636,,-0.0028221532097077832,-0.00048326069704451597,0.024658306656195235,-0.5010112061245846,0.01438267506335047,0.6681801689912112,0.5845572774022969,0.6316951019248296,0.5902805335207407,-0.10407950700720357,0.06406921230473465,-0.11758284635463523,-0.0738689989964777,-0.0071532371420079755,-0.007152952947967583,-0.1055017025230246,-0.007156000448663493,,0.05434397573364588,-0.004764946722503893,-0.03610121246285887,-0.023494133394321656,-0.22223738623446418,-0.23074784989224337,-0.1747264363486562,-0.03667514489095831,-0.223748175356004,-0.28555016770823766,0.2461143745973148,0.08248839954467269,0.041335481678678274,0.04974491207476027,0.05972576818553189,0.021803538980435192,0.22386697792445975,-0.012514978677025298,0.15711745462430932,0.1713928696840915,-0.08823457940625015,-0.06710405541912948,-0.2653013161507289,0.41604105104427624,1.0,0.2845290964650019,0.6544676584440815,-0.20296803636633778,0.6840734562381008,0.5711605924182906,0.41604105104427785,0.9550042708818608,1.000000000000002,-0.22223738623446493,-0.19984661088494954,-0.26530131615072916,0.023494133394321673,-0.28555016770823904,-0.17146422716349277,0.5658426303061054,0.24611437459731472,0.3475610763004651,0.2998089434886097,0.5337037755516347,0.15711745462430937,-0.049668417901149356,,,,,,,,,0.5658426303061056,0.565842630306103,0.565842630306105,-0.19057313432218248,0.565842630306105,0.24611437459731478,0.2461143745973153,0.24611437459731522,0.24611437459731522
price_per_accommodates,0.024659229846157697,,0.05449959444219303,0.16917936003762812,0.22290219328301275,-0.03863270583159683,0.03876560644233394,-0.021609751654772427,0.010742294882985197,-0.02207933215380471,-0.048185576942592866,-0.017786514681487422,0.0629269575018624,-0.017969254878784206,-0.015734154548750226,-0.0001895194727358758,-0.0001890194018368157,-0.019493603042309116,-0.00018557983108108102,,0.054846028722191825,0.05125216561113452,0.0470141856589004,0.04820363788227569,-0.028803340547694078,-0.03335542030616899,-0.023206581679593413,0.04703815583069119,-0.0295309889960937,-0.04546283125416162,0.5046583463365967,-0.043477345638316685,-0.010826577593399224,-0.019367047260423938,-0.030940262825124635,-0.034953101800271856,-0.01872297393592682,-0.027936223692813483,0.01688125891814632,-0.01810477065025573,0.24423401985831739,-0.0036075374730255277,-0.02476718619856949,0.916484934692679,0.2845290964650019,1.0,0.4108904799612837,-0.0539708339145199,-0.02210943879876118,-0.09561841696385587,0.9164849346926809,0.11524152596685365,0.284529096465002,-0.028803340547693974,-0.05150751994745587,-0.024767186198569505,-0.04820363788227586,-0.045462831254161694,-0.018118611138574135,0.2065561662372595,0.5046583463365967,0.3278087230801627,0.3343211084307608,0.0909485574129583,0.016881258918146316,0.03185292765956617,,,,,,,,,0.20655616623725953,0.20655616623725956,0.20655616623726,-0.013430775734500168,0.20655616623726,0.5046583463365969,0.5046583463365961,0.5046583463365972,0.5046583463365972
log_price_per_accommodates,-0.06318232233924465,,-0.01568055562024166,-0.031116516188226112,-0.004067642912893406,-0.3528115824999105,0.09938443343985509,-0.0601316717771523,0.188131765421311,0.02240117229219291,0.010518436756097736,-0.04827097927156423,0.02764195324487727,-0.055108919015650425,-0.04186719649024554,0.01783416183449154,0.017834475566628955,-0.06094124044227251,0.01783335657783382,,0.12273062434851252,0.08300095011693581,0.05550230771160257,0.013488270165480622,-0.0958642367386443,-0.14151140500844997,-0.07236787637770394,0.05473855235230032,-0.12920223327175548,-0.18345197626542964,0.22168330009218185,0.07761407693202746,0.05801509877902487,0.07865459273497341,0.04000633843912136,0.01426142421801853,0.21096007407279924,-0.006875383455087112,0.016434813289601738,-0.0006350415728785594,0.11571656754246393,-0.026489771219938802,-0.17047564796416378,0.4504585752672796,0.6544676584440815,0.4108904799612837,1.0,-0.10096073208588054,-0.10379801438598132,-0.05139508804416333,0.45045857526727817,0.5856912274230867,0.654467658444082,-0.09586423673864508,-0.09799276577818122,-0.17047564796416345,-0.013488270165480803,-0.1834519762654303,-0.09482010933344923,0.400250327720548,0.22168330009218185,0.524582796281431,0.41411880610908103,0.30780811445510065,0.016434813289601752,0.006974300325858187,,,,,,,,,0.40025032772054786,0.40025032772054825,0.400250327720548,-0.07393112798309645,0.400250327720548,0.22168330009218185,0.22168330009218207,0.2216833000921827,0.2216833000921827
log_reviews,-0.5318652376258322,,-0.2409204304021841,-0.25610446740408027,-0.2544221452151023,0.16454451309643559,0.06791215758948374,-0.14439246663926975,-0.18418006888412336,-0.11524180484250826,-0.0848374102788081,-0.21407357913010747,0.04123618654922584,-0.22089359709607848,-0.20389855183027242,0.024431348090925464,0.02443123726082117,-0.22362889368966596,0.02432992364224493,,0.06678676322444989,0.10077637970666442,0.1055759785011798,0.050357713515039086,0.7177886832634559,0.6302383845953115,0.5069751497708053,0.1057223176987712,0.668482769352104,0.6996525595729719,0.26798490379952356,0.1633365201880748,0.1898468361446226,0.18955622221805463,0.17512096043571274,0.16466585606319745,0.03519376017045276,0.1834770527637382,-0.31741073183212126,-0.2887907412433155,-0.17864754409242423,-0.01264265647063086,0.5515874395537359,-0.09393678240388159,-0.20296803636633778,-0.0539708339145199,-0.10096073208588054,1.0,-0.14411064405565932,-0.06915566219655316,-0.09393678240388194,-0.19912955269258936,-0.20296803636633617,0.7177886832634507,0.9954976983452463,0.5515874395537386,-0.05035771351503978,0.6996525595729715,0.3328941043373043,-0.14916555716211352,0.26798490379952356,-0.05732243527141831,-0.07028383657793852,-0.07230124389570354,-0.3174107318321214,-0.15206087244034228,,,,,,,,,-0.14916555716211413,-0.14916555716211435,-0.14916555716211413,-0.04004329029686308,-0.14916555716211413,0.2679849037995235,0.26798490379952417,0.2679849037995246,0.2679849037995246
log_accommodates,0.04610079571732946,,-0.0089692246547258,0.03191103195693524,0.0390170420244228,-0.290348116419007,-0.06735391566922935,0.9366682326936421,0.5888684524716995,0.8031663815813361,0.7655837901403139,-0.07504344766011116,0.05758444573521021,-0.03568005894743206,-0.0023992092189349845,-0.01789177432087067,-0.017891766171525623,-0.013270535862389167,-0.01789672372526227,,-0.034788263089765015,-0.06333453472916928,-0.0744093404356673,-0.019348453736979514,-0.18568211203473392,-0.15124228065956702,-0.14347998477063453,-0.07424184343495943,-0.1579531465817025,-0.1729495434152064,0.10988937063866913,0.03252507716808215,-0.00178589191615102,-0.009119043829259325,0.04498035702781516,0.020909503208239845,0.08495881196753158,-0.010777807399277847,0.18253715716563587,0.22504512980881602,-0.22355996620931626,-0.05849069455568288,-0.1696917794408615,0.11271590156530668,0.6840734562381008,-0.02210943879876118,-0.10379801438598132,-0.14411064405565932,1.0,0.8001724442065736,0.11271590156530663,0.6912336506623907,0.6840734562381019,-0.18568211203473312,-0.14403981968315097,-0.16969177944086178,0.01934845373697968,-0.1729495434152067,-0.12541331501473896,0.3582091180539661,0.10988937063866913,-0.048874984751747466,-0.007014444996319295,0.4030952700758906,0.18253715716563582,-0.0799791628796418,,,,,,,,,0.35820911805396594,0.3582091180539656,0.35820911805396577,-0.178592373589315,0.35820911805396577,0.10988937063866915,0.10988937063866942,0.10988937063866963,0.10988937063866963
log_beds,-0.040602102639346896,,-0.045904495701187126,-0.09342666873230314,-0.11044001527002598,-0.25732748442312486,-0.07020816160460883,0.7988995955567241,0.5604895196564221,0.7824422582036856,0.9446686010377597,-0.05559843325173267,0.034397878507200774,-0.06551558530911922,-0.028454613291892052,-0.028350112945976495,-0.028350279858387367,-0.04554509948278021,-0.028357203598656625,,-0.015522139762665223,-0.046604108628712,-0.05742201052160207,-0.010138949118366316,-0.15575114590298114,-0.147538087910271,-0.128929486317322,-0.05727559512679079,-0.1405785031572748,-0.14947857933628386,0.09816809334073852,0.06225606779811138,0.032706968049903654,0.016003720410828506,0.05439796833233938,0.03943148415548409,0.10748311277615773,0.028039493181161196,0.09542849193884768,0.1403718155674049,-0.29776632470033865,0.01061333189062643,-0.19449287942331658,0.006977663084532541,0.5711605924182906,-0.09561841696385587,-0.05139508804416333,-0.06915566219655316,0.8001724442065736,1.0,0.006977663084532551,0.6013280843854025,0.5711605924182942,-0.15575114590298106,-0.07130737359165037,-0.1944928794233169,0.010138949118366368,-0.14947857933628395,-0.11634138007099275,0.3371182200036122,0.09816809334073849,-0.05160559368073213,-0.05740112993259997,0.33369488990120294,0.09542849193884768,-0.1092265674686054,,,,,,,,,0.3371182200036121,0.3371182200036113,0.33711822000361147,-0.12109420168965658,0.33711822000361147,0.09816809334073855,0.0981680933407386,0.09816809334073841,0.09816809334073841
price_zscore,0.03916878222356833,,0.05444582226585073,0.1805656018203538,0.23970400913575726,-0.07588322054045019,0.035028721871976094,0.12445609479507251,0.14999551594378363,0.11387620900302674,0.06852267004614085,-0.02447799511752863,0.07570508325743014,-0.025201922447664577,-0.02042719018948008,-0.004369382219541175,-0.004368826097975762,-0.025766299808653057,-0.004367344551757472,,0.060754825843396476,0.05126480088146365,0.04458629832216091,0.05370363855187019,-0.058930265485095126,-0.06491641899020285,-0.05385447368530493,0.044671519990315524,-0.05976970130013663,-0.08234351027576789,0.4149721348350625,-0.031021388459342387,-0.007650948155294742,-0.01751638060784385,-0.020021191548511823,-0.030896046884691195,0.007473249732484852,-0.03129705638028645,0.047519410049526,0.011938229893785,0.25104228174045407,-0.006414142182651272,-0.0752019234062056,1.0000000000000007,0.41604105104427785,0.9164849346926809,0.45045857526727817,-0.09393678240388194,0.11271590156530663,0.006977663084532551,1.0,0.22365329772568585,0.41604105104427735,-0.05893026548509496,-0.09058467933314,-0.07520192340620548,-0.053703638551870395,-0.08234351027576814,-0.03728921673308019,0.3126041787544572,0.41497213483506257,0.3224483268715818,0.3298380751195484,0.15409045120175852,0.047519410049525986,0.032467715775021486,,,,,,,,,0.3126041787544571,0.3126041787544573,0.3126041787544572,-0.029192923168865147,0.3126041787544572,0.41497213483506257,0.4149721348350634,0.41497213483506085,0.41497213483506085
price_percentile,-0.021567028088899605,,-0.013661191669040305,-0.059551991074953604,-0.0425139404700525,-0.5279352450716478,-0.0028809076001975096,0.6765249543911361,0.5731243466292981,0.6425874524058854,0.6010865618716613,-0.10755370033295646,0.06285940306798739,-0.1258771540065255,-0.0760086965672283,-0.010419821087210105,-0.01041963668724393,-0.11065654604223764,-0.0104223122527205,,0.04093750779702231,-0.026061218619794855,-0.0621030867945139,-0.05379169443808462,-0.23509208284444136,-0.24833174668634017,-0.19113833076398118,-0.06290163458585495,-0.24166232132689258,-0.3007292123231772,0.18061578741763432,0.07453982706902633,0.03184805022910507,0.03264990747874391,0.060074178262624185,0.021553589168535874,0.22353781176558363,-0.0208807416593837,0.1629274364042645,0.1828933218946432,-0.1280588855603453,-0.04368231461297606,-0.28940361772421097,0.22365329772568512,0.9550042708818608,0.11524152596685365,0.5856912274230867,-0.19912955269258936,0.6912336506623907,0.6013280843854025,0.22365329772568585,1.0,0.9550042708818598,-0.2350920828444416,-0.19802673265088563,-0.28940361772421225,0.05379169443808458,-0.3007292123231765,-0.18899016072176109,0.5091997231369043,0.1806157874176343,0.28508194903018574,0.22710425749032367,0.5303444005072316,0.1629274364042645,-0.051220475097467744,,,,,,,,,0.5091997231369046,0.5091997231369063,0.5091997231369044,-0.1766661070800644,0.5091997231369044,0.18061578741763437,0.18061578741763432,0.18061578741763482,0.18061578741763482
log_price_zscore,-0.004660016530970301,,-0.002822153209708806,-0.00048326069704484974,0.024658306656194753,-0.5010112061245853,0.014382675063350498,0.6681801689912127,0.5845572774022973,0.6316951019248316,0.5902805335207432,-0.10407950700720363,0.06406921230473525,-0.11758284635463562,-0.07386899899647811,-0.007153237142007838,-0.0071529529479674924,-0.10550170252302438,-0.007156000448663472,,0.05434397573364562,-0.004764946722504139,-0.03610121246285911,-0.023494133394321937,-0.22223738623446385,-0.2307478498922419,-0.17472643634865623,-0.03667514489095851,-0.2237481753560028,-0.2855501677082372,0.246114374597315,0.08248839954467256,0.0413354816786782,0.049744912074760096,0.0597257681855317,0.021803538980435116,0.22386697792445903,-0.012514978677025333,0.15711745462430837,0.17139286968409115,-0.08823457940625049,-0.06710405541912957,-0.26530131615072683,0.4160410510442759,1.000000000000002,0.284529096465002,0.654467658444082,-0.20296803636633617,0.6840734562381019,0.5711605924182942,0.41604105104427735,0.9550042708818598,1.0,-0.22223738623446435,-0.19984661088494632,-0.2653013161507266,0.023494133394321985,-0.2855501677082382,-0.17146422716349222,0.5658426303061047,0.24611437459731503,0.3475610763004649,0.29980894348861015,0.5337037755516326,0.15711745462430837,-0.049668417901149654,,,,,,,,,0.5658426303061047,0.5658426303061054,0.565842630306104,-0.19057313432218162,0.565842630306104,0.24611437459731503,0.24611437459731492,0.24611437459731553,0.24611437459731553
reviews_zscore,-0.41287908086291336,,-0.2026164266209032,-0.13013234982273933,-0.13099839421439904,0.16409983586731675,0.0776755728512598,-0.18396847045848777,-0.16602516808165751,-0.17649205176530824,-0.14872522756726855,-0.13293399334374476,0.0472247225515959,-0.1288378439565572,-0.11960771999830452,-0.0011995796397793021,-0.0011996305247454595,-0.1294536285775549,-0.0012562247231836603,,0.036464728877413866,0.07899867240625746,0.08844660581469209,0.03694871215761941,0.9999999999999943,0.6949718595085945,0.5266871986557354,0.08851376583028096,0.7861149335064642,0.6244022778491903,0.16868392232496393,0.09628015734271342,0.1150660038262308,0.11157702523785573,0.09817111152862297,0.09146703961733874,0.023115654587691745,0.12428279145749092,-0.17448258388121063,-0.1644363212721756,-0.06653424725143713,-0.015635179122522144,0.6144267928940497,-0.05893026548509485,-0.22223738623446493,-0.028803340547693974,-0.09586423673864508,0.7177886832634507,-0.18568211203473312,-0.15575114590298106,-0.05893026548509496,-0.2350920828444416,-0.22223738623446435,1.0,0.7027509355820029,0.6144267928940513,-0.036948712157620044,0.6244022778491928,0.4895611732340215,-0.13944327049270744,0.16868392232496393,-0.04714462091220057,-0.04482082553370549,-0.0839108661689003,-0.17448258388121066,-0.0355494336841842,,,,,,,,,-0.1394432704927079,-0.1394432704927084,-0.13944327049270777,-0.04121912369703091,-0.13944327049270777,0.16868392232496393,0.1686839223249638,0.16868392232496385,0.16868392232496385
reviews_percentile,-0.5355399830221982,,-0.24125556617491736,-0.25190915105286227,-0.2502453685823889,0.16446634149428543,0.06848467814777989,-0.14546509262157978,-0.1825365191557506,-0.1180445718357819,-0.08602040198195737,-0.21141663264608224,0.04093481448747709,-0.21798934830594402,-0.20143279072118125,0.024824557714926053,0.024824458189236353,-0.22121535194501069,0.024716530758162596,,0.07285749007623404,0.10709856534050395,0.11171692766811853,0.05519083399503634,0.7027509355820036,0.6258002349578938,0.5027938025770113,0.11181069490325765,0.6669076850304848,0.7002108249218588,0.2695616761228291,0.16231452587525141,0.18834188574826985,0.18785082825412822,0.173191924568809,0.16222959854289795,0.033296709857714164,0.181244409014309,-0.31709242058541925,-0.28990409085901303,-0.1706984163995397,-0.015191712922581644,0.5307658428288737,-0.09058467933314002,-0.19984661088494954,-0.05150751994745587,-0.09799276577818122,0.9954976983452463,-0.14403981968315097,-0.07130737359165037,-0.09058467933314,-0.19802673265088563,-0.19984661088494632,0.7027509355820029,1.0,0.5307658428288703,-0.05519083399503692,0.70021082492186,0.32441507646244283,-0.1519986751871373,0.26956167612282916,-0.057678241645542264,-0.07006717946913009,-0.07382511274798338,-0.31709242058541925,-0.14979372971002805,,,,,,,,,-0.15199867518713786,-0.15199867518713828,-0.15199867518713828,-0.04246198347448933,-0.15199867518713828,0.26956167612282905,0.26956167612282905,0.2695616761228298,0.2695616761228298
reviews_per_month_zscore,0.15170295836466385,,0.009167149916721223,-0.14445124211894828,-0.14683541578954115,0.2692207825276987,0.023251269422906923,-0.191022699813496,-0.2028215440488818,-0.21614005902975514,-0.19377938404691342,-0.20007555139101513,-0.03191690864917933,-0.18784918268460937,-0.16964535234355227,-0.01714535426252084,-0.01714537812751181,-0.18984038092599265,-0.01719483134823532,,0.10866189198756414,0.16249576527985787,0.1757804390645316,0.11464592458088037,0.6144267928940517,0.8545800028714466,0.7264759446727451,0.1768925779655005,0.6771966103329741,0.7011926157796633,0.16894370629122085,0.11678223000053675,0.13268426126137206,0.13774976437886288,0.10255066543648697,0.11055038413284989,-0.026109089165235355,0.14515239864362858,-0.17256273617811685,-0.16957125176494844,-0.03408249334100557,-0.01610867139912169,0.9999999999999987,-0.07520192340620556,-0.26530131615072916,-0.024767186198569505,-0.17047564796416345,0.5515874395537386,-0.16969177944086178,-0.1944928794233169,-0.07520192340620548,-0.28940361772421225,-0.2653013161507266,0.6144267928940513,0.5307658428288703,1.0,-0.11464592458088091,0.7011926157796619,0.5447603086811108,-0.20896720756350295,0.16894370629122085,-0.10784573398488871,-0.09929413252394409,-0.16092941648649076,-0.1725627361781169,-0.04325852394778144,,,,,,,,,-0.20896720756350295,-0.20896720756350304,-0.2089672075635028,-0.020333776374394243,-0.2089672075635028,0.16894370629122088,0.1689437062912206,0.16894370629122074,0.16894370629122074
occupancy_rate,-0.0452866002847246,,0.0033028087337261874,-0.04112628911320968,-0.053506995745667314,-0.16608706014451083,-0.007851663238853435,0.004474859701287046,-0.0252013447263856,0.02280127277714168,-0.010880363824450914,-0.01345928715960613,-0.09048994877025135,0.0096637199123236,0.03789495883454613,-0.03999318066263404,-0.03999323166796795,0.034652157511397,-0.04002858390064212,,-0.5493622093768163,-0.6606994109999897,-0.7167364188335877,-1.0000000000000018,-0.03694871215761999,-0.08308603886858365,-0.09559767732446739,-0.7239222799336237,-0.05958501756433181,-0.10074276707795676,-0.046910333541778905,0.03862351752513144,0.026448473069425313,0.008791244407310769,0.02050177271483539,0.03796750934236045,0.04800329148589569,0.03895071565960895,0.101039210542761,0.09367803335632172,0.04867665443586901,-0.03830101630610168,-0.11464592458088028,-0.053703638551870304,0.023494133394321673,-0.04820363788227586,-0.013488270165480803,-0.05035771351503978,0.01934845373697968,0.010138949118366368,-0.053703638551870395,0.05379169443808458,0.023494133394321985,-0.036948712157620044,-0.05519083399503692,-0.11464592458088091,1.0,-0.10074276707795668,-0.05923710686041731,0.500306626514816,-0.04691033354177892,0.5365887555834528,0.4086458763723104,0.7541578451913182,0.10103921054276092,0.051715296693965455,,,,,,,,,0.5003066265148159,0.500306626514816,0.5003066265148178,-0.24576433633245146,0.5003066265148178,-0.04691033354177891,-0.04691033354177903,-0.046910333541778974,-0.046910333541778974
occupancy_rate_booked,-0.1448903208913349,,-0.10368656290809958,-0.17552740703327996,-0.1715053019844696,0.25292706640931467,0.06599384645488904,-0.17617397367536816,-0.18606025085241545,-0.16250915887131406,-0.15843319473185002,-0.083823307456208,0.021550832496307938,-0.12844993579122818,-0.10783811961746836,-0.0011179091920083821,-0.001117974001604704,-0.12416135098626453,-0.0012290222534385234,,0.05560078451806678,0.1194869995767834,0.14504147943023152,0.10074276707795658,0.6244022778491916,0.8185091295514241,0.6312723196446455,0.1469262469875877,0.7307689477886472,1.0000000000000009,0.33476478170404605,0.11180151104418187,0.12438847731906909,0.1271551555940365,0.10533038102955206,0.09454089092526617,-0.01959685081721871,0.13917861514808927,-0.2100600167373535,-0.1933370369236737,-0.10392168027848071,-0.00976727863011556,0.7011926157796623,-0.0823435102757684,-0.28555016770823904,-0.045462831254161694,-0.1834519762654303,0.6996525595729715,-0.1729495434152067,-0.14947857933628395,-0.08234351027576814,-0.3007292123231765,-0.2855501677082382,0.6244022778491928,0.70021082492186,0.7011926157796619,-0.10074276707795668,1.0,0.6239858900839711,-0.19085386842960403,0.33476478170404605,-0.10137620454833608,-0.09338729860696753,-0.13790966267675592,-0.21006001673735347,-0.0845543766310464,,,,,,,,,-0.1908538684296045,-0.19085386842960478,-0.19085386842960445,-0.02740318728748619,-0.19085386842960445,0.33476478170404605,0.3347647817040457,0.3347647817040455,0.3347647817040455
occupancy_is_capped,-0.06741684839540077,,-0.04959125536835598,-0.05625727144342873,-0.05445423662271136,0.1469435122757025,0.03213233882142606,-0.12594205400423691,-0.11143986869821096,-0.12302187181024891,-0.1123192544783869,0.04451837359829476,0.037169171824822704,-0.018627612308992902,-0.01067255508510781,0.021887012631810823,0.021887036920033066,-0.018222910362527614,0.021842680510217094,,-0.0016782032883427926,0.0468743626132869,0.0717827929382579,0.05923710686041726,0.4895611732340204,0.6538405333626194,0.4529078577824001,0.07408000514864979,0.5927528684401105,0.6239858900839744,0.16661875970207418,0.02332451674786776,0.030362128130478467,0.03899930448334847,0.02661024866953593,0.006786751163175061,-0.03205322382820356,0.0473271466771408,-0.0623240211659027,-0.0565107365547024,-0.03654655056929693,-0.008364903641578622,0.5447603086811077,-0.0372892167330801,-0.17146422716349277,-0.018118611138574135,-0.09482010933344923,0.3328941043373043,-0.12541331501473896,-0.11634138007099275,-0.03728921673308019,-0.18899016072176109,-0.17146422716349222,0.4895611732340215,0.32441507646244283,0.5447603086811108,-0.05923710686041731,0.6239858900839711,1.0,-0.10348352234822314,0.1666187597020742,-0.059978365524523305,-0.04727576515369054,-0.08918377833729338,-0.06232402116590268,0.029145671121381077,,,,,,,,,-0.10348352234822317,-0.10348352234822346,-0.10348352234822339,-0.023437035309818628,-0.10348352234822339,0.16661875970207418,0.16661875970207427,0.16661875970207501,0.16661875970207501
est_annual_revenue,3.004296231686095e-06,,0.010656637281113457,-0.028935330000495186,-0.019903898907613418,-0.29264385501652423,-0.020664460097334546,0.3916771849942617,0.38052660006311984,0.3989816521285251,0.3740491234356698,-0.05768706150972325,0.015067975753389657,-0.07039468070886747,-0.040326147622359546,-0.024338033577016735,-0.024337847626849436,-0.05519402093022972,-0.024358959983415664,,-0.24966299463805897,-0.33639953499735104,-0.37975321519533634,-0.5003066265148162,-0.13944327049270772,-0.15395349182709145,-0.13746108057522288,-0.3831790194019728,-0.14652597120669064,-0.19085386842960403,0.1318697713795361,0.028738678453308634,0.011331311186344556,-0.008191886513181099,0.011192652203423544,0.009461124208657561,0.09724461270411197,-0.017929920883393374,0.17494490053433642,0.17612363521285015,0.005693143888180731,-0.021739039420462323,-0.20896720756350354,0.31260417875445695,0.5658426303061054,0.2065561662372595,0.400250327720548,-0.14916555716211352,0.3582091180539661,0.3371182200036122,0.3126041787544572,0.5091997231369043,0.5658426303061047,-0.13944327049270744,-0.1519986751871373,-0.20896720756350295,0.500306626514816,-0.19085386842960403,-0.10348352234822314,1.0,0.1318697713795361,0.7717474276198906,0.7116335822395625,0.663205938656953,0.17494490053433642,0.03436190333179639,,,,,,,,,1.0,1.0000000000000016,0.999999999999999,-0.1327329862912382,0.999999999999999,0.1318697713795361,0.13186977137953593,0.13186977137953593,0.13186977137953593
est_annual_revenue_booked,-0.06312215421441722,,-0.02095424038840119,-0.015563994769283145,0.0071938724638788525,-0.046556250182996216,0.061932112386102633,0.11327699846779427,0.11632076633744025,0.1190139642430948,0.11133899359118882,-0.05871562695224242,0.05456476993536394,-0.0964451092777003,-0.05379292623519057,-0.012198234873884016,-0.012197995367824324,-0.081934807628922,-0.01225104474877196,,0.034860056181099545,0.049770654944611116,0.05639909628305609,0.046910333541778745,0.16868392232496315,0.25294486261628035,0.2060920904742992,0.05737062173693936,0.2168387158115898,0.33476478170404356,1.0,0.04753324667807117,0.04694176919829358,0.051347511915681154,0.038433615356182685,0.02209755279946081,0.030582710937635888,0.03752210707657974,-0.07400351695260403,-0.0791737639915699,0.029570009730513037,-0.013751870555560177,0.16894370629122088,0.41497213483506085,0.24611437459731472,0.5046583463365967,0.22168330009218185,0.26798490379952356,0.10988937063866913,0.09816809334073849,0.41497213483506257,0.1806157874176343,0.24611437459731503,0.16868392232496393,0.26956167612282916,0.16894370629122085,-0.04691033354177892,0.33476478170404605,0.1666187597020742,0.1318697713795361,1.0,0.18092302155180073,0.1714519050231901,0.10946300293505153,-0.07400351695260403,-0.026096404147663767,,,,,,,,,0.131869771379536,0.13186977137953604,0.1318697713795361,-0.05042910598049558,0.1318697713795361,1.0,0.9999999999999989,0.9999999999999998,0.9999999999999998
revenue_per_accommodates,-0.021131983685425237,,0.02278509528526343,-0.019717581718777445,-0.009645356006714114,-0.22116378683056231,0.03698965153206231,-0.04009905326910391,0.04981622407119395,-0.008332129557318673,-0.024942014253890598,-0.05913733977237109,-0.035028380919864634,-0.0740817730187391,-0.04658248544804314,-0.025219165981731125,-0.025218963141633917,-0.06298110276338252,-0.02524867617117169,,-0.1989968747496218,-0.27994283820388927,-0.3271292526036872,-0.536588755583452,-0.047144620912200695,-0.0664408231646275,-0.03914267320404873,-0.33212363023673686,-0.06593814418599571,-0.10137620454833621,0.18092302155180073,0.04562002895917553,0.04695346120754274,0.03939071353238371,0.014498261443324632,0.019870467918857902,0.08714098113876796,0.012313071004521477,0.07406365987753036,0.05907345428550935,0.1091619946618225,-0.02366165206794231,-0.10784573398488889,0.3224483268715821,0.3475610763004651,0.3278087230801627,0.524582796281431,-0.05732243527141831,-0.048874984751747466,-0.05160559368073213,0.3224483268715818,0.28508194903018574,0.3475610763004649,-0.04714462091220057,-0.057678241645542264,-0.10784573398488871,0.5365887555834528,-0.10137620454833608,-0.059978365524523305,0.7717474276198906,0.18092302155180073,1.0,0.9307936119369355,0.5727822891352455,0.07406365987753037,0.04602851823007092,,,,,,,,,0.7717474276198906,0.7717474276198908,0.7717474276198941,-0.1396561385396142,0.7717474276198941,0.18092302155180076,0.18092302155179993,0.18092302155180054,0.18092302155180054
revenue_per_bedroom,0.01170325435327395,,0.050834967047654625,0.03692337869470885,0.04520862434003606,-0.1873679895620026,0.026516218750651445,-0.01925064589841211,0.008016398198969115,-0.055891710034038186,-0.03634905602318578,-0.06031058450053282,-0.02150126799925156,-0.0698514284338164,-0.047137071253139554,-0.018542611253578478,-0.018542386860455846,-0.061601783731732904,-0.018577247421543198,,-0.15288487174659057,-0.21307365414002943,-0.2501205181067544,-0.4086458763723129,-0.04482082553370541,-0.052956020071009656,-0.034228433356989434,-0.25429862468478365,-0.05880639878555239,-0.09338729860696703,0.1714519050231901,0.03431458385351464,0.032955986569442715,0.03678805024967575,-0.002810806418385824,0.0017911814059889553,0.08503928660933821,0.004243543106837682,0.06450198094129737,0.04636621502724533,0.13041322913230913,-0.01572283280003079,-0.09929413252394433,0.3298380751195481,0.2998089434886097,0.3343211084307608,0.41411880610908103,-0.07028383657793852,-0.007014444996319295,-0.05740112993259997,0.3298380751195484,0.22710425749032367,0.29980894348861015,-0.04482082553370549,-0.07006717946913009,-0.09929413252394409,0.4086458763723104,-0.09338729860696753,-0.04727576515369054,0.7116335822395625,0.1714519050231901,0.9307936119369355,1.0,0.45378508102092513,0.06450198094129735,0.05680493029461146,,,,,,,,,0.7116335822395624,0.7116335822395632,0.7116335822395622,-0.10629179301084044,0.7116335822395622,0.17145190502319008,0.1714519050231908,0.17145190502319058,0.17145190502319058
log_est_revenue,-0.06585804247434766,,0.003186933928606615,-0.0250195013944271,-0.03275363323571274,-0.3744381998326916,-0.0026278624682345986,0.37606946581244327,0.3060542256392729,0.3609401068524138,0.3170920156817866,-0.06270703732989961,-0.03596227812353668,-0.08924129273289755,-0.036341478233109695,-0.055928952604331963,-0.05592892666831617,-0.0642620012789057,-0.05593653728161942,,-0.38849193009505956,-0.4873646489393177,-0.532351752200993,-0.7541578451913169,-0.08391086616890003,-0.10733433095879698,-0.09394230501256653,-0.5379724420822026,-0.09233828785815999,-0.13790966267675694,0.10946300293505153,0.08654874540472546,0.06598440655058865,0.04949970228690741,0.05190417712281532,0.03806057934629807,0.16449257234692605,0.045698227412701756,0.14969560849210567,0.17372268593797205,-0.15565991574371868,-0.07446311180045298,-0.16092941648649003,0.15409045120175796,0.5337037755516347,0.0909485574129583,0.30780811445510065,-0.07230124389570354,0.4030952700758906,0.33369488990120294,0.15409045120175852,0.5303444005072316,0.5337037755516326,-0.0839108661689003,-0.07382511274798338,-0.16092941648649076,0.7541578451913182,-0.13790966267675592,-0.08918377833729338,0.663205938656953,0.10946300293505153,0.5727822891352455,0.45378508102092513,1.0,0.14969560849210564,-0.012367019419255939,,,,,,,,,0.6632059386569528,0.6632059386569552,0.6632059386569552,-0.4888952038603244,0.6632059386569552,0.10946300293505148,0.10946300293505161,0.10946300293505122,0.10946300293505122
host_listings_in_city,0.10273581626626188,,0.008429352167703236,0.31719885803805103,0.3171085419549131,-0.14657273676582244,0.021429199817322747,0.1874727756673158,0.13921808457347823,0.13088743577680503,0.09656501719586277,0.03609338704543239,0.22885112369234448,0.05068920183063537,0.08143715476141879,-0.00855407661391366,-0.00855411193378867,0.07653655379098484,-0.008520485787981457,,-0.16486007628919783,-0.1688374578489715,-0.16826862730451414,-0.1010392105427614,-0.17448258388121093,-0.18128467766790782,-0.1786167310034672,-0.16873349060106768,-0.16312395750753167,-0.21006001673735353,-0.07400351695260403,-0.19959852792624494,-0.18004359859560443,-0.20116364235491974,-0.200239740179797,-0.18807377722856813,-0.05794317008349783,-0.19138458597686026,1.0,0.9839721295960552,0.14339727626682772,-0.010515306609962357,-0.17256273617811757,0.04751941004952602,0.15711745462430937,0.016881258918146316,0.016434813289601752,-0.3174107318321214,0.18253715716563582,0.09542849193884768,0.047519410049525986,0.1629274364042645,0.15711745462430837,-0.17448258388121066,-0.31709242058541925,-0.1725627361781169,0.10103921054276092,-0.21006001673735347,-0.06232402116590268,0.17494490053433642,-0.07400351695260403,0.07406365987753037,0.06450198094129735,0.14969560849210564,1.0,0.392912970028735,,,,,,,,,0.17494490053433628,0.17494490053433603,0.1749449005343372,-0.019141367537684018,0.1749449005343372,-0.07400351695260399,-0.074003516952604,-0.07400351695260415,-0.07400351695260415
host_is_professional,0.06642171720409665,,0.016463389096044712,0.20315744364725022,0.20651357829948264,0.036015924461342115,0.10257524987861677,-0.03664669220238297,-0.013206740946690367,-0.07809690146217302,-0.07797219434213719,0.02077167410642598,0.12357849233875283,0.0434990394294406,0.06498160706244675,0.035613588608647447,0.035613779826700734,0.05571509128494037,0.03560434702613572,,-0.0742481612941727,-0.06578373481663145,-0.06204002627039041,-0.05171529669396537,-0.03554943368418437,-0.048841478947151115,-0.09060484320546293,-0.06324080994574337,-0.03192174146766816,-0.08455437663104676,-0.026096404147663767,-0.1726058910886062,-0.15524041166589755,-0.12945875155615585,-0.1669702650576785,-0.17266696172948223,-0.13265433663543885,-0.15653295521408125,0.392912970028735,0.343773521954004,0.29131194030194474,0.026283893647576974,-0.04325852394778141,0.032467715775021506,-0.049668417901149356,0.03185292765956617,0.006974300325858187,-0.15206087244034228,-0.0799791628796418,-0.1092265674686054,0.032467715775021486,-0.051220475097467744,-0.049668417901149654,-0.0355494336841842,-0.14979372971002805,-0.04325852394778144,0.051715296693965455,-0.0845543766310464,0.029145671121381077,0.03436190333179639,-0.026096404147663767,0.04602851823007092,0.05680493029461146,-0.012367019419255939,0.392912970028735,1.0,,,,,,,,,0.03436190333179641,0.03436190333179648,0.03436190333179651,0.037506365793218,0.03436190333179651,-0.02609640414766378,-0.02609640414766369,-0.026096404147663725,-0.026096404147663725
pct_professional_hosts,,,,,,,,,,,,,,,,,,,,,,,,,,,,,,,,,,,,,,,,,,,,,,,,,,,,,,,,,,,,,,,,,,,,,,,,,,,,,,,,,,,
pct_large_operators,,,,,,,,,,,,,,,,,,,,,,,,,,,,,,,,,,,,,,,,,,,,,,,,,,,,,,,,,,,,,,,,,,,,,,,,,,,,,,,,,,,
median_host_listings,,,,,,,,,,,,,,,,,,,,,,,,,,,,,,,,,,,,,,,,,,,,,,,,,,,,,,,,,,,,,,,,,,,,,,,,,,,,,,,,,,,
gini_host_concentration,,,,,,,,,,,,,,,,,,,,,,,,,,,,,,,,,,,,,,,,,,,,,,,,,,,,,,,,,,,,,,,,,,,,,,,,,,,,,,,,,,,
market_professionalization_score,,,,,,,,,,,,,,,,,,,,,,,,,,,,,,,,,,,,,,,,,,,,,,,,,,,,,,,,,,,,,,,,,,,,,,,,,,,,,,,,,,,
purchase_price,,,,,,,,,,,,,,,,,,,,,,,,,,,,,,,,,,,,,,,,,,,,,,,,,,,,,,,,,,,,,,,,,,,,,,,,,,,,,,,,,,,
monthly_payment,,,,,,,,,,,,,,,,,,,,,,,,,,,,,,,,,,,,,,,,,,,,,,,,,,,,,,,,,,,,,,,,,,,,,,,,,,,,,,,,,,,
zori_rent,,,,,,,,,,,,,,,,,,,,,,,,,,,,,,,,,,,,,,,,,,,,,,,,,,,,,,,,,,,,,,,,,,,,,,,,,,,,,,,,,,,
annual_cash_flow,3.0042962327354186e-06,,0.010656637281113783,-0.028935330000495273,-0.01990389890761352,-0.29264385501652385,-0.020664460097334608,0.3916771849942616,0.3805266000631198,0.3989816521285251,0.3740491234356697,-0.05768706150972329,0.015067975753389468,-0.07039468070886734,-0.04032614762235952,-0.024338033577016693,-0.02433784762684942,-0.055194020930229834,-0.024358959983415703,,-0.24966299463805885,-0.336399534997351,-0.3797532151953362,-0.5003066265148162,-0.13944327049270816,-0.15395349182709153,-0.1374610805752229,-0.38317901940197274,-0.1465259712066909,-0.1908538684296042,0.131869771379536,0.028738678453308644,0.01133131118634456,-0.008191886513181095,0.011192652203423557,0.00946112420865757,0.09724461270411203,-0.017929920883393326,0.17494490053433628,0.1761236352128502,0.005693143888180843,-0.021739039420462264,-0.20896720756350362,0.312604178754457,0.5658426303061056,0.20655616623725953,0.40025032772054786,-0.14916555716211413,0.35820911805396594,0.3371182200036121,0.3126041787544571,0.5091997231369046,0.5658426303061047,-0.1394432704927079,-0.15199867518713786,-0.20896720756350295,0.5003066265148159,-0.1908538684296045,-0.10348352234822317,1.0,0.131869771379536,0.7717474276198906,0.7116335822395624,0.6632059386569528,0.17494490053433628,0.03436190333179641,,,,,,,,,1.0,1.000000000000001,0.999999999999999,-0.1327329862912382,0.999999999999999,0.131869771379536,0.1318697713795359,0.13186977137953598,0.13186977137953598
cash_on_cash_roi,3.0042962329043293e-06,,0.010656637281113912,-0.028935330000495425,-0.0199038989076136,-0.29264385501652496,-0.02066446009733458,0.391677184994261,0.38052660006311667,0.39898165212852515,0.3740491234356686,-0.05768706150972327,0.015067975753389515,-0.0703946807088674,-0.040326147622359566,-0.024338033577016662,-0.024337847626849422,-0.05519402093022992,-0.024358959983415838,,-0.24966299463805994,-0.33639953499735165,-0.37975321519533656,-0.5003066265148164,-0.13944327049270838,-0.15395349182709198,-0.13746108057522344,-0.3831790194019725,-0.14652597120669092,-0.1908538684296042,0.13186977137953604,0.028738678453308533,0.011331311186344556,-0.008191886513181089,0.011192652203423588,0.009461124208657494,0.09724461270411197,-0.01792992088339322,0.17494490053433603,0.17612363521285002,0.005693143888180867,-0.02173903942046231,-0.2089672075635029,0.31260417875445673,0.565842630306103,0.20655616623725956,0.40025032772054825,-0.14916555716211435,0.3582091180539656,0.3371182200036113,0.3126041787544573,0.5091997231369063,0.5658426303061054,-0.1394432704927084,-0.15199867518713828,-0.20896720756350304,0.500306626514816,-0.19085386842960478,-0.10348352234822346,1.0000000000000016,0.13186977137953604,0.7717474276198908,0.7116335822395632,0.6632059386569552,0.17494490053433603,0.03436190333179648,,,,,,,,,1.000000000000001,1.0,1.0000000000000013,-0.13273298629123778,1.0000000000000013,0.13186977137953604,0.1318697713795359,0.13186977137953626,0.13186977137953626
cap_rate,3.0042962328619632e-06,,0.010656637281113894,-0.028935330000495054,-0.019903898907613356,-0.29264385501652507,-0.020664460097334605,0.39167718499426174,0.38052660006311945,0.39898165212852554,0.3740491234356677,-0.057687061509723095,0.015067975753389497,-0.07039468070886755,-0.04032614762235956,-0.024338033577016735,-0.02433784762684951,-0.05519402093022992,-0.02435895998341584,,-0.24966299463805944,-0.3363995349973503,-0.3797532151953373,-0.5003066265148169,-0.13944327049270874,-0.15395349182709214,-0.13746108057522366,-0.383179019401973,-0.1465259712066911,-0.1908538684296052,0.1318697713795361,0.02873867845330851,0.01133131118634454,-0.008191886513181116,0.011192652203423576,0.009461124208657573,0.09724461270411207,-0.017929920883393197,0.1749449005343372,0.1761236352128505,0.00569314388818078,-0.02173903942046236,-0.2089672075635024,0.3126041787544579,0.565842630306105,0.20655616623726,0.400250327720548,-0.14916555716211413,0.35820911805396577,0.33711822000361147,0.3126041787544572,0.5091997231369044,0.565842630306104,-0.13944327049270777,-0.15199867518713828,-0.2089672075635028,0.5003066265148178,-0.19085386842960445,-0.10348352234822339,0.999999999999999,0.1318697713795361,0.7717474276198941,0.7116335822395622,0.6632059386569552,0.1749449005343372,0.03436190333179651,,,,,,,,,0.999999999999999,1.0000000000000013,1.0,-0.1327329862912377,1.0,0.13186977137953607,0.13186977137953626,0.13186977137953645,0.13186977137953645
price_to_rent_ratio,0.05682844227039647,,-0.023186574136429175,-0.021189877652745347,-0.017363917819417284,0.13705578998080825,-0.03546115932022687,-0.13524585326032537,-0.07757001204429675,-0.09478285722808143,-0.10127375845851566,0.029539100599424162,0.004831899476276295,0.04151472110401133,0.014966127528367257,0.010045848958134675,0.010045832857959722,0.03016479629277614,0.010059082791983616,,0.21047832880688655,0.2025606514243659,0.19671406877124772,0.2457643363324512,-0.04121912369703051,-0.03722750398794758,-0.03132312801088277,0.1974013666532712,-0.04657377313100438,-0.02740318728748599,-0.05042910598049558,-0.09553279338884992,-0.07585082129690511,-0.08526645348657674,-0.079005333589473,-0.05645008903081939,-0.1234127135284503,-0.07558300742705616,-0.019141367537684018,-0.039712055242898836,0.13981237293265242,0.1399330622100413,-0.020333776374394128,-0.029192923168865025,-0.19057313432218248,-0.013430775734500168,-0.07393112798309645,-0.04004329029686308,-0.178592373589315,-0.12109420168965658,-0.029192923168865147,-0.1766661070800644,-0.19057313432218162,-0.04121912369703091,-0.04246198347448933,-0.020333776374394243,-0.24576433633245146,-0.02740318728748619,-0.023437035309818628,-0.1327329862912382,-0.05042910598049558,-0.1396561385396142,-0.10629179301084044,-0.4888952038603244,-0.019141367537684018,0.037506365793218,,,,,,,,,-0.1327329862912382,-0.13273298629123778,-0.1327329862912377,1.0,-0.1327329862912377,-0.050429105980495555,-0.050429105980495416,-0.050429105980495686,-0.050429105980495686
revenue_yield,3.0042962328619632e-06,,0.010656637281113894,-0.028935330000495054,-0.019903898907613356,-0.29264385501652507,-0.020664460097334605,0.39167718499426174,0.38052660006311945,0.39898165212852554,0.3740491234356677,-0.057687061509723095,0.015067975753389497,-0.07039468070886755,-0.04032614762235956,-0.024338033577016735,-0.02433784762684951,-0.05519402093022992,-0.02435895998341584,,-0.24966299463805944,-0.3363995349973503,-0.3797532151953373,-0.5003066265148169,-0.13944327049270874,-0.15395349182709214,-0.13746108057522366,-0.383179019401973,-0.1465259712066911,-0.1908538684296052,0.1318697713795361,0.02873867845330851,0.01133131118634454,-0.008191886513181116,0.011192652203423576,0.009461124208657573,0.09724461270411207,-0.017929920883393197,0.1749449005343372,0.1761236352128505,0.00569314388818078,-0.02173903942046236,-0.2089672075635024,0.3126041787544579,0.565842630306105,0.20655616623726,0.400250327720548,-0.14916555716211413,0.35820911805396577,0.33711822000361147,0.3126041787544572,0.5091997231369044,0.565842630306104,-0.13944327049270777,-0.15199867518713828,-0.2089672075635028,0.5003066265148178,-0.19085386842960445,-0.10348352234822339,0.999999999999999,0.1318697713795361,0.7717474276198941,0.7116335822395622,0.6632059386569552,0.1749449005343372,0.03436190333179651,,,,,,,,,0.999999999999999,1.0000000000000013,1.0,-0.1327329862912377,1.0,0.13186977137953607,0.13186977137953626,0.13186977137953645,0.13186977137953645
annual_cash_flow_booked,-0.06312215421441712,,-0.020954240388401175,-0.015563994769283166,0.007193872463878873,-0.0465562501829962,0.06193211238610264,0.11327699846779425,0.11632076633744022,0.1190139642430948,0.11133899359118889,-0.05871562695224244,0.054564769935363924,-0.09644510927770027,-0.05379292623519057,-0.012198234873884016,-0.012197995367824326,-0.08193480762892197,-0.012251044748771962,,0.034860056181099545,0.04977065494461113,0.056399096283056095,0.04691033354177874,0.16868392232496313,0.2529448626162803,0.2060920904742992,0.057370621736939326,0.21683871581158976,0.3347647817040435,1.0,0.04753324667807122,0.0469417691982936,0.05134751191568116,0.038433615356182706,0.022097552799460834,0.03058271093763587,0.03752210707657973,-0.07400351695260399,-0.07917376399156989,0.029570009730513075,-0.013751870555560172,0.16894370629122094,0.41497213483506107,0.24611437459731478,0.5046583463365969,0.22168330009218185,0.2679849037995235,0.10988937063866915,0.09816809334073855,0.41497213483506257,0.18061578741763437,0.24611437459731503,0.16868392232496393,0.26956167612282905,0.16894370629122088,-0.04691033354177891,0.33476478170404605,0.16661875970207418,0.1318697713795361,1.0,0.18092302155180076,0.17145190502319008,0.10946300293505148,-0.07400351695260399,-0.02609640414766378,,,,,,,,,0.131869771379536,0.13186977137953604,0.13186977137953607,-0.050429105980495555,0.13186977137953607,1.0,0.9999999999999989,0.9999999999999998,0.9999999999999998
cash_on_cash_roi_booked,-0.06312215421441665,,-0.02095424038840103,-0.01556399476928296,0.007193872463878906,-0.04655625018299623,0.06193211238610222,0.11327699846779479,0.11632076633743978,0.1190139642430943,0.11133899359118861,-0.05871562695224271,0.054564769935364084,-0.0964451092777004,-0.05379292623519048,-0.01219823487388399,-0.01219799536782443,-0.08193480762892162,-0.012251044748772031,,0.03486005618109961,0.049770654944610734,0.05639909628305595,0.04691033354177878,0.16868392232496357,0.25294486261628046,0.20609209047429883,0.05737062173693935,0.21683871581159014,0.3347647817040452,0.9999999999999989,0.0475332466780712,0.04694176919829361,0.05134751191568136,0.038433615356182615,0.02209755279946084,0.030582710937635958,0.03752210707657973,-0.074003516952604,-0.07917376399156928,0.029570009730512953,-0.013751870555560158,0.16894370629122119,0.41497213483506123,0.2461143745973153,0.5046583463365961,0.22168330009218207,0.26798490379952417,0.10988937063866942,0.0981680933407386,0.4149721348350634,0.18061578741763432,0.24611437459731492,0.1686839223249638,0.26956167612282905,0.1689437062912206,-0.04691033354177903,0.3347647817040457,0.16661875970207427,0.13186977137953593,0.9999999999999989,0.18092302155179993,0.1714519050231908,0.10946300293505161,-0.074003516952604,-0.02609640414766369,,,,,,,,,0.1318697713795359,0.1318697713795359,0.13186977137953626,-0.050429105980495416,0.13186977137953626,0.9999999999999989,1.0,0.9999999999999991,0.9999999999999991
cap_rate_booked,-0.06312215421441707,,-0.02095424038840108,-0.015563994769283008,0.007193872463878862,-0.046556250182996285,0.06193211238610245,0.11327699846779454,0.11632076633744023,0.11901396424309445,0.11133899359118848,-0.058715626952242625,0.05456476993536406,-0.09644510927770067,-0.053792926235190545,-0.01219823487388393,-0.012197995367824285,-0.08193480762892183,-0.012251044748771955,,0.034860056181099545,0.04977065494461098,0.056399096283056276,0.04691033354177845,0.16868392232496374,0.2529448626162806,0.2060920904742998,0.05737062173693949,0.216838715811591,0.33476478170404533,0.9999999999999998,0.04753324667807127,0.046941769198293785,0.051347511915681335,0.03843361535618276,0.022097552799460827,0.030582710937635958,0.037522107076579644,-0.07400351695260415,-0.07917376399156976,0.029570009730513127,-0.013751870555560175,0.16894370629122069,0.41497213483506235,0.24611437459731522,0.5046583463365972,0.2216833000921827,0.2679849037995246,0.10988937063866963,0.09816809334073841,0.41497213483506085,0.18061578741763482,0.24611437459731553,0.16868392232496385,0.2695616761228298,0.16894370629122074,-0.046910333541778974,0.3347647817040455,0.16661875970207501,0.13186977137953593,0.9999999999999998,0.18092302155180054,0.17145190502319058,0.10946300293505122,-0.07400351695260415,-0.026096404147663725,,,,,,,,,0.13186977137953598,0.13186977137953626,0.13186977137953645,-0.050429105980495686,0.13186977137953645,0.9999999999999998,0.9999999999999991,1.0,1.0
revenue_yield_booked,-0.06312215421441707,,-0.02095424038840108,-0.015563994769283008,0.007193872463878862,-0.046556250182996285,0.06193211238610245,0.11327699846779454,0.11632076633744023,0.11901396424309445,0.11133899359118848,-0.058715626952242625,0.05456476993536406,-0.09644510927770067,-0.053792926235190545,-0.01219823487388393,-0.012197995367824285,-0.08193480762892183,-0.012251044748771955,,0.034860056181099545,0.04977065494461098,0.056399096283056276,0.04691033354177845,0.16868392232496374,0.2529448626162806,0.2060920904742998,0.05737062173693949,0.216838715811591,0.33476478170404533,0.9999999999999998,0.04753324667807127,0.046941769198293785,0.051347511915681335,0.03843361535618276,0.022097552799460827,0.030582710937635958,0.037522107076579644,-0.07400351695260415,-0.07917376399156976,0.029570009730513127,-0.013751870555560175,0.16894370629122069,0.41497213483506235,0.24611437459731522,0.5046583463365972,0.2216833000921827,0.2679849037995246,0.10988937063866963,0.09816809334073841,0.41497213483506085,0.18061578741763482,0.24611437459731553,0.16868392232496385,0.2695616761228298,0.16894370629122074,-0.046910333541778974,0.3347647817040455,0.16661875970207501,0.13186977137953593,0.9999999999999998,0.18092302155180054,0.17145190502319058,0.10946300293505122,-0.07400351695260415,-0.026096404147663725,,,,,,,,,0.13186977137953598,0.13186977137953626,0.13186977137953645,-0.050429105980495686,0.13186977137953645,0.9999999999999998,0.9999999999999991,1.0,1.0
