,id,scrape_id,host_id,host_listings_count,host_total_listings_count,neighbourhood_group_cleansed,latitude,longitude,accommodates,bathrooms,bedrooms,beds,minimum_nights,maximum_nights,minimum_minimum_nights,maximum_minimum_nights,minimum_maximum_nights,maximum_maximum_nights,minimum_nights_avg_ntm,maximum_nights_avg_ntm,calendar_updated,availability_30,availability_60,availability_90,availability_365,number_of_reviews,number_of_reviews_ltm,number_of_reviews_l30d,availability_eoy,number_of_reviews_ly,estimated_occupancy_l365d,estimated_revenue_l365d,review_scores_rating,review_scores_accuracy,review_scores_cleanliness,review_scores_checkin,review_scores_communication,review_scores_location,review_scores_value,calculated_host_listings_count,calculated_host_listings_count_entire_homes,calculated_host_listings_count_private_rooms,calculated_host_listings_count_shared_rooms,reviews_per_month,price_clean,log_price,price_per_accommodates,log_price_per_accommodates,log_reviews,log_accommodates,log_beds,price_zscore,price_percentile,log_price_zscore,reviews_zscore,reviews_percentile,reviews_per_month_zscore,occupancy_rate,occupancy_rate_booked,occupancy_is_capped,est_annual_revenue,est_annual_revenue_booked,revenue_per_accommodates,revenue_per_bedroom,log_est_revenue,host_listings_in_city,host_is_professional,pct_professional_hosts,pct_large_operators,median_host_listings,gini_host_concentration,market_professionalization_score,purchase_price,monthly_payment,zori_rent,annual_cash_flow,cash_on_cash_roi,cap_rate,price_to_rent_ratio,revenue_yield,annual_cash_flow_booked,cash_on_cash_roi_booked,cap_rate_booked,revenue_yield_booked
id,1.0,,0.38562490585436365,0.051375193629041804,0.036741160838099744,,-0.04429458967197348,0.03537217091403315,0.07788766063712481,0.04711441372600649,0.10634411484640303,0.0661366754474108,0.06051871074069497,-0.2084628350369588,0.05657722527182324,0.05301554523382181,-0.28838150874713764,-0.28473820236691694,0.04872869944774407,-0.2909044275306356,,0.03935341045205903,0.06329026220320845,0.07534782431688827,0.1649739077253019,-0.5580056565495143,-0.2086394617207201,-0.04501305298734236,0.07853408133176683,-0.39498056437191353,-0.22352628051002657,-0.025499290048053132,-0.08054834519501487,-0.09070455111873997,-0.057109668946378284,-0.08969172376542407,-0.08559222822730782,-0.11620034757438716,-0.09829985004626632,0.1362867624251582,0.14932505367072213,-0.0587954024498837,0.014432224013622158,-0.016777369775067486,0.010560805650624824,0.045647764839811644,0.009173200075774107,-0.025993679302160993,-0.615558676440109,0.0754370302454251,0.0658136792434711,0.010560805650624767,0.053202824759878344,0.045647764839820734,-0.5580056565495142,-0.6196699647168031,-0.016777369775067476,-0.16497390772530304,-0.22352628051002643,-0.146997452155947,0.002488382918284188,-0.025499290048053132,0.004334390621400053,0.005005610508969576,-0.13438012015210146,0.1362867624251582,0.021923506168772863,,,,,,,,,0.0024883829182843612,0.0024883829182842676,0.0024883829182842016,0.08953519687156564,0.0024883829182842016,-0.025499290048053236,-0.025499290048053246,-0.025499290048053153,-0.025499290048053153
scrape_id,,,,,,,,,,,,,,,,,,,,,,,,,,,,,,,,,,,,,,,,,,,,,,,,,,,,,,,,,,,,,,,,,,,,,,,,,,,,,,,,,,,,
host_id,0.38562490585436365,,1.0,0.11432248027657263,0.10321300041517378,,-0.04754941296844678,0.03296415854574442,0.025822807977677272,0.03427524914687306,0.034534360415099115,0.015249156845752143,-0.02243810980752844,-0.09376587665741477,-0.024391322208310248,0.011143251830363217,-0.10728162246846949,-0.07611864111322324,0.006027386315871316,-0.10117943918659653,,0.12152657131463976,0.11267100532352717,0.09877280460867867,0.1111372311966708,-0.24671840328981942,-0.1043710557017722,-0.026637453502443783,0.09805777618632773,-0.18478505016159913,-0.13320559654828804,0.012950675619667786,-0.1352825937496023,-0.12381397029799153,-0.11511218726374946,-0.13801570279263817,-0.12751112817708174,-0.11653061752024496,-0.1223282828703215,0.06619835738733147,0.05500248719630142,0.047536764922975254,0.04415576822085692,-0.0030734148903531805,0.07722111935772466,0.0470770205938214,0.07331178179642496,0.03754693094976415,-0.2546537486759476,0.024164165160543014,0.015082212369195724,0.0772211193577246,0.010896141829378808,0.04707702059382514,-0.24671840328981923,-0.2562717092030282,-0.003073414890353282,-0.11113723119667107,-0.133205596548288,-0.0898016477567873,0.07110272736717156,0.012950675619667786,0.07161260654603453,0.07640741142333958,-0.06642971693051895,0.06619835738733147,-0.025372654048870725,,,,,,,,,0.07110272736717164,0.07110272736717198,0.07110272736717181,0.0782998007255127,0.07110272736717181,0.012950675619667715,0.012950675619667736,0.012950675619667758,0.012950675619667758
host_listings_count,0.051375193629041804,,0.11432248027657263,1.0,0.9925355032952897,,0.013445420554809066,-0.024815167805644012,-0.009850668389579152,-0.011902472904372397,-0.05023300270586068,-0.13042765418599817,-0.020086949918133094,0.1737485488957244,-0.017028418043449452,-0.021487969106850156,-0.09710329697344029,0.11704086385048952,-0.024222586639155982,-0.05143857209471608,,0.017972873821896825,0.00798728424908881,0.026002033561880442,0.04200295197649562,-0.06962715472121615,-0.07826067778436267,-0.08118565223563418,0.03029909922171073,-0.06198082947230261,-0.10261643569995474,0.3312675917171435,-0.057449409756901375,-0.04495470308669808,-0.02471470334000315,-0.04338507538428311,-0.06116543108518597,0.012115230104493764,-0.06850264591509332,0.12490951449135984,0.03535372516685633,0.3925454115806936,-0.007819296388362255,-0.08497707987461654,0.7035512507233085,0.4325921085331406,0.6695680992579429,0.503899822132139,-0.1267974943714656,-0.01420420424889769,-0.22053872352915196,0.7035512507233072,0.11062572242929501,0.4325921085331397,-0.0696271547212164,-0.12383326313545516,-0.08497707987461656,-0.042002951976495645,-0.1026164356999547,-0.048027373392943044,0.692515479039379,0.3312675917171435,0.6681592270526185,0.6942958119061454,0.20145714621562819,0.12490951449135984,0.09311436341314902,,,,,,,,,0.692515479039379,0.6925154790393833,0.6925154790393813,-0.018856830661648342,0.6925154790393813,0.3312675917171435,0.3312675917171441,0.3312675917171434,0.3312675917171434
host_total_listings_count,0.036741160838099744,,0.10321300041517378,0.9925355032952897,1.0,,-0.002139010298336095,-0.01837928858939779,-0.005070452187841408,-0.005385993136717849,-0.045430208216555,-0.1238299968270917,-0.028441146841876413,0.18075536270175552,-0.024301051173408538,-0.02362104021952614,-0.09715682761389129,0.1135457825114929,-0.02627683557014132,-0.05218013937734415,,0.019903624501665752,0.008246124830633946,0.024001324710707397,0.03402418886336514,-0.06261890987906327,-0.07334657318958705,-0.07774914539160944,0.027733070597685122,-0.05466137194190973,-0.09955344162823831,0.3327768826191399,-0.044514999452777905,-0.026769165104927033,-0.012225186286715022,-0.028527335790598095,-0.058761043373414326,0.015145148973519412,-0.05664269901570601,0.09027370903045596,0.0023429753368092395,0.38569585757273106,-0.006572271238024489,-0.0784948381774263,0.7042024490746603,0.440740167874285,0.6700077219694651,0.5080939220681383,-0.1125389896492642,-0.009603679731010678,-0.21398752136087057,0.7042024490746625,0.12189634714310466,0.440740167874284,-0.0626189098790636,-0.1097208757513781,-0.07849483817742618,-0.03402418886336519,-0.09955344162823836,-0.04625472781368624,0.6933447882034416,0.3327768826191399,0.6686807754080027,0.694530051159997,0.20554821257820746,0.09027370903045596,0.08179114557962837,,,,,,,,,0.6933447882034415,0.6933447882034413,0.6933447882034414,-0.019350702559931265,0.6933447882034414,0.33277688261914,0.33277688261914,0.3327768826191409,0.3327768826191409
neighbourhood_group_cleansed,,,,,,,,,,,,,,,,,,,,,,,,,,,,,,,,,,,,,,,,,,,,,,,,,,,,,,,,,,,,,,,,,,,,,,,,,,,,,,,,,,,,
latitude,-0.04429458967197348,,-0.04754941296844678,0.013445420554809066,-0.002139010298336095,,1.0,-0.1988145529023584,-0.01283828174317007,-0.002952113998202628,0.02384175170508895,0.00491680081784749,0.04203851757404526,0.0030535324569869065,0.04757358722193323,0.053806779271747755,0.003706894307940708,-0.00613382163227395,0.055035224533654746,0.002654259259448807,,-0.04097737234100257,-0.02949675456119445,-0.03185097676291701,-0.05735926408734229,-0.00036326195107723637,-0.0033887280443423854,0.004184723813124921,-0.031412787404885796,-0.01783247257461171,-0.021802969831973423,-0.007255934910412438,-0.0007739496409205181,-0.02449858502997051,-0.034380434320542955,-0.008600438901910543,0.00753759728733212,0.10962285512535616,0.018436206732548713,-0.06506807833056084,-0.0732662358146605,0.03700333152018933,-0.017301545277789158,-0.02457656818763491,-0.025007845131857154,-0.02266026025451021,-0.023991920033054025,0.016823048046588386,-0.017665546997248035,-0.04647716066739616,0.004398684346082886,-0.025007845131857123,-0.012490078580785668,-0.02266026025451056,-0.0003632619510773456,-0.012302348343321699,-0.024576568187634856,0.057359264087342425,-0.021802969831973436,-0.03410314603151403,-0.023125156200782426,-0.007255934910412438,-0.0217663686190368,-0.02524746253936511,0.0696826254132352,-0.06506807833056084,-0.04948398632888486,,,,,,,,,-0.023125156200782412,-0.023125156200782405,-0.02312515620078242,-0.06364666704638587,-0.02312515620078242,-0.007255934910412435,-0.007255934910412397,-0.007255934910412414,-0.007255934910412414
longitude,0.03537217091403315,,0.03296415854574442,-0.024815167805644012,-0.01837928858939779,,-0.1988145529023584,1.0,-0.04145898223617144,-0.0030966549084051336,0.011683861375087246,-0.025343582914908916,0.029345852387725795,0.004050916552815928,0.0377227332112641,0.005943366835848521,-0.03992146797696446,-0.04807993872638898,0.01025721513822015,-0.04470126829843744,,0.00011262747800414734,0.010245039025201944,0.0061332824146685385,0.0011267805065929204,-0.08927460272106776,-0.12826008909037562,-0.10265035407411625,0.0025622134628531306,-0.10512649993220666,-0.12392300489503988,-0.04587234353725663,-0.05865498283170588,-0.05457074382519048,-0.07079685928397586,-0.01918519876245731,-0.06252997194983191,-0.14091526863932716,-0.05054681577444873,-0.05832770755483387,-0.07144304436778023,0.05618341696486745,0.07715422189920465,-0.13107663565183234,-0.017720085466589167,-0.1064497429663386,-0.014841498791150296,-0.050972419586833885,-0.1034001462399913,-0.05391806111923872,-0.02049693447635381,-0.017720085466589246,-0.11139922076945834,-0.10644974296633822,-0.08927460272106783,-0.10826200392385481,-0.1310766356518323,-0.0011267805065928716,-0.12392300489504,-0.08039429820415288,-0.017106504208401974,-0.04587234353725663,-0.01514845776172741,-0.016906885859124098,-0.058393954742004615,-0.05832770755483387,-0.03957566054584283,,,,,,,,,-0.017106504208401933,-0.017106504208401953,-0.017106504208401922,0.08641183222404944,-0.017106504208401922,-0.04587234353725662,-0.04587234353725654,-0.045872343537256575,-0.045872343537256575
accommodates,0.07788766063712481,,0.025822807977677272,-0.009850668389579152,-0.005070452187841408,,-0.01283828174317007,-0.04145898223617144,1.0,0.610885433370292,0.8536155239685734,0.8480569023705303,-0.19860286928427953,0.06497415685206649,-0.2092544733555586,-0.20248505077423637,0.0620532516904372,0.06684311999759894,-0.21565358419046787,0.0649668193682836,,0.1101084539164902,0.13472521083887606,0.14055272134088231,0.13842730899615957,0.003081577089888274,0.08234353835083182,0.07525037073175966,0.138895829680966,0.05263660791516444,0.04456119688255097,0.0698144916095893,0.07620270585237504,0.056103781783873666,0.05014616484803969,0.05587205568897369,0.07905954196575549,0.012292414319406475,0.060955024347362885,-0.0895634549506874,-0.03541997187270913,-0.23599000415009336,-0.047240672002702135,0.08931364338634752,-0.020458297078665248,0.5762840604861797,-0.05144987523809421,-0.33874002125401825,0.08019005324014987,0.9299880178196152,0.8204100946969958,-0.020458297078665325,0.6729334976074942,0.5762840604861794,0.0030815770898883488,0.08199645652235066,0.08931364338634777,-0.13842730899615988,0.0445611968825513,0.010239903795463818,-0.02081948713564713,0.0698144916095893,-0.05901605060238095,-0.053410668575638594,0.17606737702975414,-0.0895634549506874,-0.1392937862025737,,,,,,,,,-0.020819487135647123,-0.02081948713564716,-0.020819487135647265,-0.12440665863874213,-0.020819487135647265,0.06981449160958927,0.06981449160958923,0.06981449160958922,0.06981449160958922
bathrooms,0.04711441372600649,,0.03427524914687306,-0.011902472904372397,-0.005385993136717849,,-0.002952113998202628,-0.0030966549084051336,0.610885433370292,1.0,0.6217223206645145,0.5903218083293619,-0.08447583993490161,-0.023242455916530447,-0.09973635257399878,-0.11927413465974986,-0.0037889979078896473,0.004709254098591919,-0.11819339125839025,-0.00382549764155293,,0.0456517573840018,0.015165630258486284,-0.003928819917253676,-0.004645862000894246,-0.07609432858625555,-0.03835529190577764,-0.031151871107582906,-0.005973516620993277,-0.04902726143251218,-0.047605672933505094,0.051966122281167385,0.07624051702291536,0.061552346063748715,0.06527802088814968,0.048406596135299816,0.04933044969759803,0.043118548263308576,0.07318617952876347,-0.0747792710359517,-0.09268883336326678,0.08057868768972122,-0.03341136591042936,-0.0650119005459017,-0.021461391700894363,0.42016593174006317,-0.04302287683077658,-0.05297670707669796,0.004126695677855564,0.49656941038067126,0.5089052977594757,-0.02146139170089428,0.4747881915217988,0.42016593174006245,-0.07609432858625563,0.000359290165032114,-0.06501190054590184,0.004645862000894259,-0.04760567293350518,-0.056443548345446404,-0.01605194138648072,0.051966122281167385,-0.04330521772944157,-0.04601619763791542,0.2173548618899664,-0.0747792710359517,-0.07713021427140575,,,,,,,,,-0.01605194138648072,-0.016051941386480757,-0.016051941386480716,-0.10727697997396254,-0.016051941386480716,0.051966122281167405,0.051966122281167426,0.05196612228116746,0.05196612228116746
bedrooms,0.10634411484640303,,0.034534360415099115,-0.05023300270586068,-0.045430208216555,,0.02384175170508895,0.011683861375087246,0.8536155239685734,0.6217223206645145,1.0,0.8175985151662207,-0.06846374365321421,-0.007699208139795988,-0.0821791548113943,-0.10762446565074985,0.012726636057755192,0.003573012617824656,-0.110181635562658,0.00969237966994744,,0.029583416589234437,0.05299090823479713,0.06149834267829602,0.09042036625205019,-0.07901582061032704,-0.02940034482055552,-0.013687525779156816,0.0609317639504763,-0.04890727449108869,-0.05188452634639387,0.049220625943481935,0.08494340952209191,0.05314046683028877,0.06443023230708564,0.0711809984734308,0.08409458881010631,-0.014723321787625563,0.06668178237117132,-0.1119631657241516,-0.06816411094431245,-0.1935462347442375,-0.03742004502348113,-0.02854557886915645,-0.03122465675469435,0.5173619423892749,-0.055787998938046084,-0.2639117003349071,-0.04255999742142399,0.7931858783088066,0.8109648655891313,-0.031224656754694324,0.6163114013124867,0.5173619423892741,-0.07901582061032664,-0.04317303122798209,-0.02854557886915633,-0.09042036625205023,-0.05188452634639409,-0.05538833945145358,-0.028896091458200136,0.049220625943481935,-0.06208852414827601,-0.06834813835547818,0.17374057364195433,-0.1119631657241516,-0.14521880194294984,,,,,,,,,-0.028896091458200143,-0.02889609145820006,-0.02889609145820012,-0.10926849244998613,-0.02889609145820012,0.049220625943481935,0.04922062594348157,0.04922062594348172,0.04922062594348172
beds,0.0661366754474108,,0.015249156845752143,-0.13042765418599817,-0.1238299968270917,,0.00491680081784749,-0.025343582914908916,0.8480569023705303,0.5903218083293619,0.8175985151662207,1.0,-0.1407363236186448,0.03181607926862,-0.1495669338226902,-0.154740214908017,0.07835974345330374,0.05691610693989605,-0.16206456557803167,0.07727058146510227,,0.0740674195308483,0.10661933472788969,0.11267150739866581,0.10940838945566787,-0.010234972192597766,0.046092377396217986,0.04396215713638204,0.11163612215475865,0.02864066850677646,0.024379531453051995,0.04913230369738594,0.08749088359676517,0.06300305300741169,0.05417336650161867,0.08155031078874961,0.09210120179088908,0.01343395476978472,0.07798831682680515,-0.14438058614063667,-0.08457590970248116,-0.2624981656726146,-0.036156950628993025,0.05476740150457997,-0.06351141735091861,0.46928035918192623,-0.08537138477981505,-0.2892351183054584,0.06323358724687003,0.7698915567008227,0.9433317155593337,-0.06351141735091853,0.5750581970508879,0.46928035918192595,-0.010234972192597738,0.06470753711040607,0.054767401504580066,-0.1094083894556682,0.02437953145305215,-0.021584680735273525,-0.06544479234972742,0.04913230369738594,-0.09223291316410986,-0.09436258332145456,0.13816787776075137,-0.14438058614063667,-0.12508069905439448,,,,,,,,,-0.06544479234972748,-0.06544479234972769,-0.06544479234972739,-0.10045676116096798,-0.06544479234972739,0.049132303697385984,0.04913230369738594,0.04913230369738591,0.04913230369738591
minimum_nights,0.06051871074069497,,-0.02243810980752844,-0.020086949918133094,-0.028441146841876413,,0.04203851757404526,0.029345852387725795,-0.19860286928427953,-0.08447583993490161,-0.06846374365321421,-0.1407363236186448,1.0,0.018994228902365885,0.9496628048261004,0.8235804055788184,-0.08585041691397564,-0.09732028059558498,0.8801325232517756,-0.09416665887036414,,-0.21298957675321145,-0.18774558341827904,-0.15910072236814496,0.03811376498271122,-0.25144407688234766,-0.3747003079268991,-0.3483257312141429,-0.14914802455321144,-0.29805062568501456,-0.16236737538681453,-0.0723815042481591,-0.057237235594854545,-0.0767223599008516,-0.05251236372281266,0.0020988069007171553,-0.0400578548944875,-0.09482738563896967,-0.093684721323307,0.0892376316161139,0.0907259013702351,-0.007904385607163007,0.024654014714610546,-0.37836865542372083,-0.044436889392230124,-0.23152827374813717,-0.03615559450109845,-0.04419185038986449,-0.4438502749194245,-0.20207220311273785,-0.12666371257181588,-0.04443688939223008,-0.2565592659361792,-0.2315282737481361,-0.2514440768823483,-0.4367868107173654,-0.3783686554237225,-0.038113764982711254,-0.1623673753868146,-0.04580344309830586,-0.0497911827388602,-0.0723815042481591,-0.03977225975561741,-0.04402731429112606,-0.13702050011086386,0.0892376316161139,0.06331581219668231,,,,,,,,,-0.04979118273886019,-0.04979118273886029,-0.0497911827388602,0.11397401128972519,-0.0497911827388602,-0.0723815042481591,-0.07238150424815909,-0.07238150424815894,-0.07238150424815894
maximum_nights,-0.2084628350369588,,-0.09376587665741477,0.1737485488957244,0.18075536270175552,,0.0030535324569869065,0.004050916552815928,0.06497415685206649,-0.023242455916530447,-0.007699208139795988,0.03181607926862,0.018994228902365885,1.0,0.02430174487640631,0.047125244851665735,0.43632702068839047,0.4943208534430633,0.04817543948259657,0.46552847697897626,,-0.004837648013063457,0.01711976071338677,0.0341079771462302,0.11400809331515056,0.16068899316128887,0.10316086370822038,0.06820846338652281,0.039303460366965,0.1474166902113894,0.06544200236798924,0.06637746340550424,0.02405630768637841,0.01702709749502527,-0.002607365061942563,0.025284843196499263,0.008054551451948186,0.037447211724673655,0.005071015951984519,0.055893791703872486,0.06327882065926897,-0.03330959430569206,0.015551259976768535,0.06663566136089552,0.11583374391974272,0.0863002221977398,0.10943843591955223,0.0066639970972630636,0.11854478319627001,0.08231609510171915,0.019079214034682483,0.11583374391974278,0.03899518340286948,0.08630022219773767,0.16068899316128882,0.1265516732031243,0.06663566136089585,-0.11400809331515055,0.06544200236798944,0.0834082501554407,0.1070574260537587,0.06637746340550424,0.10360394614163322,0.11225260041238569,-0.005317822592602379,0.055893791703872486,0.02089189754502256,,,,,,,,,0.1070574260537587,0.10705742605375873,0.10705742605375874,-0.024146979471085725,0.10705742605375874,0.06637746340550431,0.06637746340550396,0.0663774634055039,0.0663774634055039
minimum_minimum_nights,0.05657722527182324,,-0.024391322208310248,-0.017028418043449452,-0.024301051173408538,,0.04757358722193323,0.0377227332112641,-0.2092544733555586,-0.09973635257399878,-0.0821791548113943,-0.1495669338226902,0.9496628048261004,0.02430174487640631,1.0,0.8482962234067978,-0.07768191237331853,-0.08994079640497296,0.9133347664633455,-0.08711625698209503,,-0.20731153715379277,-0.1813602185989461,-0.15516868508628337,0.03148815826856906,-0.24646669480116482,-0.3751245610787733,-0.35132820122452585,-0.14579044522753057,-0.29357543214587406,-0.21088273814294126,-0.07886000945459425,-0.061684004950912745,-0.08406174506847952,-0.059923305938360316,-0.0025765980107010627,-0.040073055507110676,-0.1037831813589448,-0.102302582402781,0.07880210500117439,0.08211098986500498,-0.015876801642500857,0.026564461503442428,-0.37527571767039536,-0.04322436506008019,-0.23376354441923672,-0.034830725877765575,-0.03409582332635204,-0.45085401992784224,-0.21508889388801125,-0.1357975304718629,-0.04322436506008041,-0.26367743472718547,-0.23376354441923541,-0.2464666948011638,-0.44236067102076493,-0.3752757176703952,-0.03148815826856901,-0.21088273814294153,-0.10925685571426821,-0.048070488823777506,-0.07886000945459425,-0.038060396842635125,-0.041783990391024414,-0.12379307520663799,0.07880210500117439,0.0576857937529141,,,,,,,,,-0.04807048882377753,-0.0480704888237776,-0.04807048882377769,0.11146438188563171,-0.04807048882377769,-0.07886000945459425,-0.07886000945459434,-0.07886000945459397,-0.07886000945459397
maximum_minimum_nights,0.05301554523382181,,0.011143251830363217,-0.021487969106850156,-0.02362104021952614,,0.053806779271747755,0.005943366835848521,-0.20248505077423637,-0.11927413465974986,-0.10762446565074985,-0.154740214908017,0.8235804055788184,0.047125244851665735,0.8482962234067978,1.0,-0.05469400663586581,-0.07119907271199685,0.9681090363168043,-0.06545039947310781,,-0.14212006443168493,-0.10698252123224129,-0.07618986824475805,0.06735409458375301,-0.22038300138092815,-0.3326622247566274,-0.3233239362979305,-0.0659201868333464,-0.25730822504865164,-0.16652987615460102,-0.0787481221024265,-0.09310994213011828,-0.11834521978040062,-0.11257698190038962,-0.012789093574567707,-0.03254062644982033,-0.09885138539510557,-0.13352168966698827,0.09851417264522884,0.10923113520939097,-0.04836406102319497,0.016405530087234197,-0.33215325797380574,-0.046985299342925745,-0.24094455511235177,-0.03835042660763987,-0.052544281099537876,-0.3799121782163635,-0.20421606259555697,-0.14311586901829373,-0.04698529934292559,-0.27099085183166993,-0.24094455511235072,-0.22038300138092778,-0.37239529507600344,-0.3321532579738055,-0.067354094583753,-0.166529876154601,-0.09777022721614294,-0.05329042181936358,-0.0787481221024265,-0.042755359487179935,-0.046069839393158674,-0.14679066471327462,0.09851417264522884,0.10204742244361667,,,,,,,,,-0.05329042181936359,-0.053290421819363616,-0.05329042181936371,0.10427149012124147,-0.05329042181936371,-0.07874812210242645,-0.07874812210242671,-0.07874812210242649,-0.07874812210242649
minimum_maximum_nights,-0.28838150874713764,,-0.10728162246846949,-0.09710329697344029,-0.09715682761389129,,0.003706894307940708,-0.03992146797696446,0.0620532516904372,-0.0037889979078896473,0.012726636057755192,0.07835974345330374,-0.08585041691397564,0.43632702068839047,-0.07768191237331853,-0.05469400663586581,1.0,0.9389612950524711,-0.05322965006374463,0.9769086817446003,,0.015474570210199393,0.033068436497867455,0.04002239539345898,0.06732433914519313,0.2537419833171906,0.2223841314544669,0.13611861165406527,0.04376282152529815,0.269912618129175,0.19464235520984383,-0.016922716408196495,0.0379496680812071,0.026491135518013464,0.008946503749503378,0.0473553662447159,0.04437177075108964,0.035057272194407824,0.048231394854893264,-0.023202543035832676,0.005111834162713427,-0.12409198595840144,-0.009161534294641878,0.13773028591553757,-0.1015548887451784,-0.053984871571778066,-0.09731971126397572,-0.1509982505696515,0.3191617613635969,0.08001627903060118,0.09197662879917905,-0.1015548887451787,0.0014773322071772647,-0.053984871571781085,0.2537419833171899,0.32195718758063574,0.13773028591553715,-0.0673243391451928,0.19464235520984405,0.145527603383412,-0.10670071386252653,-0.016922716408196495,-0.10242897933026955,-0.10506922078401765,-0.04930586182634956,-0.023202543035832676,0.04735854648502031,,,,,,,,,-0.10670071386252661,-0.10670071386252643,-0.10670071386252653,-0.0308163878820935,-0.10670071386252653,-0.016922716408196477,-0.016922716408196432,-0.0169227164081964,-0.0169227164081964
maximum_maximum_nights,-0.28473820236691694,,-0.07611864111322324,0.11704086385048952,0.1135457825114929,,-0.00613382163227395,-0.04807993872638898,0.06684311999759894,0.004709254098591919,0.003573012617824656,0.05691610693989605,-0.09732028059558498,0.4943208534430633,-0.08994079640497296,-0.07119907271199685,0.9389612950524711,1.0,-0.06911843902322855,0.9781967833301287,,0.025322809147032152,0.042845726880521975,0.05327107605415452,0.08545938465650878,0.24330160461842684,0.20385393096198717,0.12175224632782003,0.05770642238670818,0.25983097756538487,0.17070997234043164,0.06290191182652792,0.045437618301635556,0.03805513546489855,0.020460715609557426,0.049154754319577935,0.04476693883610752,0.049876654394104346,0.05038837627018964,0.009075020666821306,0.017606286840724187,-0.03729642858162167,-0.011805053219266002,0.12335719538998537,0.06478698216666193,0.05632293187866309,0.060611078092641255,-0.034598941275837035,0.29392439265524123,0.08640616600958685,0.05097404672989833,0.06478698216666208,0.03579920206305028,0.056322931878659964,0.2433016046184271,0.2983734044863282,0.12335719538998541,-0.0854593846565085,0.1707099723404317,0.12882070559634048,0.05703075284772444,0.06290191182652792,0.05485407414143779,0.06091518516202932,0.003931427116197984,0.009075020666821306,0.06730198320910442,,,,,,,,,0.057030752847724395,0.05703075284772464,0.057030752847724506,-0.04110904159382574,0.057030752847724506,0.06290191182652796,0.06290191182652811,0.06290191182652796,0.06290191182652796
minimum_nights_avg_ntm,0.04872869944774407,,0.006027386315871316,-0.024222586639155982,-0.02627683557014132,,0.055035224533654746,0.01025721513822015,-0.21565358419046787,-0.11819339125839025,-0.110181635562658,-0.16206456557803167,0.8801325232517756,0.04817543948259657,0.9133347664633455,0.9681090363168043,-0.05322965006374463,-0.06911843902322855,1.0,-0.06318298156888834,,-0.1606092388722235,-0.12811714686615064,-0.09855088230132789,0.05951985729240337,-0.22779981274064962,-0.3481154404404926,-0.33906912608596534,-0.08823825614607408,-0.26639198738090397,-0.17499298574420366,-0.08179448171741335,-0.10033347397970376,-0.11880676612128836,-0.11721734177110671,-0.017428892434816927,-0.044199351318678734,-0.10776883278163871,-0.1325818485509333,0.08184744531062846,0.09073334717853043,-0.040234386988034214,0.020038223650008923,-0.3448117935443725,-0.04899467024183193,-0.2537442575602446,-0.0400362705000528,-0.05203680342435815,-0.40408170647938085,-0.218008608534347,-0.1497905014189725,-0.04899467024183191,-0.28558193138446086,-0.2537442575602429,-0.22779981274065025,-0.3951332008324257,-0.34481179354437325,-0.059519857292403264,-0.17499298574420444,-0.09941513215138087,-0.05510049398628704,-0.08179448171741335,-0.04412310673235441,-0.04781743844387975,-0.14320945910786984,0.08184744531062846,0.0897234630608207,,,,,,,,,-0.05510049398628707,-0.05510049398628747,-0.05510049398628722,0.10879705306289278,-0.05510049398628722,-0.08179448171741337,-0.08179448171741356,-0.08179448171741342,-0.08179448171741342
maximum_nights_avg_ntm,-0.2909044275306356,,-0.10117943918659653,-0.05143857209471608,-0.05218013937734415,,0.002654259259448807,-0.04470126829843744,0.0649668193682836,-0.00382549764155293,0.00969237966994744,0.07727058146510227,-0.09416665887036414,0.46552847697897626,-0.08711625698209503,-0.06545039947310781,0.9769086817446003,0.9781967833301287,-0.06318298156888834,1.0,,0.020422480072730894,0.039244743113573,0.04708825620214686,0.07563875113811641,0.25651873536864267,0.2212212300047804,0.13278474539189702,0.05093399727836601,0.2732579530471304,0.1924602870135061,-0.00041512677285210467,0.04298720847759889,0.03237677552900654,0.014077186983491871,0.04563060573928444,0.04540453504030254,0.04312406347144195,0.04988590546160592,-0.014527542491945142,0.011135086522892346,-0.11238449485616661,-0.010521417445419994,0.13346760590345663,-0.06585691645076817,-0.03010365458661197,-0.06377181916451266,-0.13111464439035578,0.31902134593521,0.08572257434621339,0.0879240074512104,-0.0658569164507685,0.008320423725024595,-0.03010365458661464,0.2565187353686423,0.32275086860084273,0.13346760590345688,-0.07563875113811558,0.19246028701350582,0.14000565382391567,-0.07087232732288633,-0.00041512677285210467,-0.06861064691394053,-0.06881181918319511,-0.039355833339243806,-0.014527542491945142,0.05635194641310993,,,,,,,,,-0.07087232732288645,-0.07087232732288656,-0.07087232732288672,-0.03502919872441794,-0.07087232732288672,-0.0004151267728520782,-0.0004151267728520299,-0.0004151267728520062,-0.0004151267728520062
calendar_updated,,,,,,,,,,,,,,,,,,,,,,,,,,,,,,,,,,,,,,,,,,,,,,,,,,,,,,,,,,,,,,,,,,,,,,,,,,,,,,,,,,,,
availability_30,0.03935341045205903,,0.12152657131463976,0.017972873821896825,0.019903624501665752,,-0.04097737234100257,0.00011262747800414734,0.1101084539164902,0.0456517573840018,0.029583416589234437,0.0740674195308483,-0.21298957675321145,-0.004837648013063457,-0.20731153715379277,-0.14212006443168493,0.015474570210199393,0.025322809147032152,-0.1606092388722235,0.020422480072730894,,1.0,0.9049270335005024,0.812493172367514,0.37632683330324357,0.03769579334660487,0.0870045918040818,0.10282794949343625,0.7948814469840025,0.04178462936529008,0.04506782110125174,0.006532632066724575,-0.06158800067230857,-0.04143545450433528,-0.06947775011540192,-0.04994673489391189,-0.058663354261434104,0.003817889488936754,-0.04450624304258434,-0.03876410942460169,-0.04328781505600029,0.018939182303644938,0.05032101468754763,0.09105799112311612,0.010030589394795007,0.09236039292033935,0.0023848319172541555,0.012435351160037057,0.0847866614004096,0.09991877350661663,0.05886591029427051,0.010030589394794969,0.10278926512046277,0.09236039292033944,0.03769579334660482,0.08478032444311656,0.09105799112311656,-0.37632683330324207,0.04506782110125215,0.005650241254731958,-0.008189902064959186,0.006532632066724575,-0.010435309689866631,-0.0028876190663170453,-0.28680180649167536,-0.03876410942460169,0.002217687106495579,,,,,,,,,-0.008189902064959174,-0.00818990206495919,-0.00818990206495919,0.2819610788011837,-0.00818990206495919,0.006532632066724561,0.006532632066724546,0.006532632066724551,0.006532632066724551
availability_60,0.06329026220320845,,0.11267100532352717,0.00798728424908881,0.008246124830633946,,-0.02949675456119445,0.010245039025201944,0.13472521083887606,0.015165630258486284,0.05299090823479713,0.10661933472788969,-0.18774558341827904,0.01711976071338677,-0.1813602185989461,-0.10698252123224129,0.033068436497867455,0.042845726880521975,-0.12811714686615064,0.039244743113573,,0.9049270335005024,1.0,0.9676017129326921,0.5190652493329778,0.047223370017209235,0.11029438440844712,0.13691848337004725,0.9560175519677646,0.05015940879881183,0.07209826117150162,0.010105812904483006,-0.05247761116528513,-0.04574417114943618,-0.06150511010034289,-0.04919244176363195,-0.050614614737668755,-0.012624951030494203,-0.04642217034316502,-0.020263277678977076,-0.012872712817232946,-0.03354308527845317,0.049225656075571,0.11578514243920317,0.0007243257374174508,0.06795060238095753,-0.004163055533639865,-0.04813795692342299,0.07421139447615961,0.12916827903784325,0.10435113682576237,0.0007243257374174504,0.07914796247254056,0.06795060238095799,0.047223370017209255,0.07446182198172897,0.11578514243920372,-0.5190652493329793,0.0720982611715023,0.026139923095737976,-0.02669753772487538,0.010105812904483006,-0.024059794410525154,-0.018366103184574746,-0.3827257619880339,-0.020263277678977076,0.0011607915715034134,,,,,,,,,-0.026697537724875382,-0.026697537724875525,-0.026697537724875504,0.2724229382211968,-0.026697537724875504,0.010105812904483001,0.010105812904483038,0.010105812904483027,0.010105812904483027
availability_90,0.07534782431688827,,0.09877280460867867,0.026002033561880442,0.024001324710707397,,-0.03185097676291701,0.0061332824146685385,0.14055272134088231,-0.003928819917253676,0.06149834267829602,0.11267150739866581,-0.15910072236814496,0.0341079771462302,-0.15516868508628337,-0.07618986824475805,0.04002239539345898,0.05327107605415452,-0.09855088230132789,0.04708825620214686,,0.812493172367514,0.9676017129326921,1.0,0.5939301580298347,0.0484065966221683,0.11473812215420241,0.1448180091344544,0.9978042381247416,0.05060036504436967,0.08458042651895196,0.01811585144922913,-0.05026573033715209,-0.0505162325045944,-0.06107500015597201,-0.047986469656133325,-0.04927262518744836,-0.01985195022592983,-0.052862866727642274,-0.006162764421530552,0.004828853851517128,-0.0493775867576537,0.04494343298559835,0.1170297388493293,0.013786984766528877,0.06639065989096306,0.009237859591067512,-0.0602064300602931,0.05741962943896215,0.13677748168731033,0.11504747890858084,0.013786984766528905,0.06689616779846806,0.06639065989096349,0.048406596622167904,0.058004590746877895,0.1170297388493292,-0.5939301580298347,0.08458042651895237,0.0380529759197264,-0.01755965869367811,0.01811585144922913,-0.013885926458111063,-0.007985722164739261,-0.4122647818055532,-0.006162764421530552,0.005016366670025561,,,,,,,,,-0.017559658693678117,-0.017559658693678128,-0.017559658693678135,0.2514559325594138,-0.017559658693678135,0.018115851449229146,0.018115851449229184,0.018115851449229156,0.018115851449229156
availability_365,0.1649739077253019,,0.1111372311966708,0.04200295197649562,0.03402418886336514,,-0.05735926408734229,0.0011267805065929204,0.13842730899615957,-0.004645862000894246,0.09042036625205019,0.10940838945566787,0.03811376498271122,0.11400809331515056,0.03148815826856906,0.06735409458375301,0.06732433914519313,0.08545938465650878,0.05951985729240337,0.07563875113811641,,0.37632683330324357,0.5190652493329778,0.5939301580298347,1.0,-0.03717828963376386,0.031689344953882446,0.0739479289100456,0.6175206711532881,-0.01918060126652155,0.032230899771299754,0.016303980905390817,-0.04085111691670208,-0.045715898177360874,-0.05301460288832228,-0.025578111764362536,-0.024481125121197916,-0.03479555654563366,-0.07892258685600886,0.09132382475824903,0.11555016515415484,-0.10760715446416064,0.015365343987085256,0.036963107739592015,0.022995912059082864,0.056687227921379646,0.018848023072754256,-0.08156279658351989,-0.10819511762248053,0.14311040286194235,0.11293003879358986,0.02299591205908293,0.04310430933855531,0.056687227921381075,-0.03717828963376389,-0.10591869971058658,0.036963107739592126,-1.0000000000000018,0.03223089977129996,0.04536056208997715,-0.039752755617337425,0.016303980905390817,-0.021946083215052113,-0.015503466365716527,-0.7459922821769187,0.09132382475824903,0.005026680102368265,,,,,,,,,-0.03975275561733738,-0.039752755617337425,-0.03975275561733747,0.2956807163443843,-0.03975275561733747,0.016303980905390814,0.01630398090539079,0.016303980905390775,0.016303980905390775
number_of_reviews,-0.5580056565495143,,-0.24671840328981942,-0.06962715472121615,-0.06261890987906327,,-0.00036326195107723637,-0.08927460272106776,0.003081577089888274,-0.07609432858625555,-0.07901582061032704,-0.010234972192597766,-0.25144407688234766,0.16068899316128887,-0.24646669480116482,-0.22038300138092815,0.2537419833171906,0.24330160461842684,-0.22779981274064962,0.25651873536864267,,0.03769579334660487,0.047223370017209235,0.0484065966221683,-0.03717828963376386,1.0,0.6812657440778166,0.4404702128760168,0.04633985779370726,0.7841359359136912,0.5419748148808583,0.07501134148100236,0.13145373154528966,0.14465414049486788,0.10406808943813653,0.1061437762091955,0.11270379340954245,0.15436769792677232,0.15187038557604413,-0.062446841994663625,-0.03976065383659449,-0.09877210150153823,-0.01580374170997482,0.6073811212316834,-0.03631318969338622,-0.011362817431571373,-0.03323439602317467,-0.04801046616876555,0.7271460637441454,0.03779250558106975,0.008563564385978996,-0.036313189693386184,0.011779947690121544,-0.011362817431576666,0.9999999999999987,0.7240016165048923,0.6073811212316838,0.03717828963376473,0.5419748148808586,0.48054004062514233,-0.03378182703050912,0.07501134148100236,-0.031821731949598774,-0.032771998820183786,0.08652267993468256,-0.062446841994663625,-0.04612444948044851,,,,,,,,,-0.033781827030509186,-0.033781827030509325,-0.033781827030509075,-0.09387238722796247,-0.033781827030509075,0.0750113414810024,0.07501134148100248,0.0750113414810023,0.0750113414810023
number_of_reviews_ltm,-0.2086394617207201,,-0.1043710557017722,-0.07826067778436267,-0.07334657318958705,,-0.0033887280443423854,-0.12826008909037562,0.08234353835083182,-0.03835529190577764,-0.02940034482055552,0.046092377396217986,-0.3747003079268991,0.10316086370822038,-0.3751245610787733,-0.3326622247566274,0.2223841314544669,0.20385393096198717,-0.3481154404404926,0.2212212300047804,,0.0870045918040818,0.11029438440844712,0.11473812215420241,0.031689344953882446,0.6812657440778166,1.0,0.7129119686116058,0.11240911152453252,0.8143511892447653,0.7865894929441886,0.1295489137288372,0.17589260391791547,0.17411198257995378,0.14719681633216275,0.11379413157571033,0.13328079280234068,0.16023377400312064,0.19270267141805228,-0.020028326872894006,0.01271602289533561,-0.1429843612344357,-0.029385483631374228,0.8521854781117157,-0.045710684099688884,0.053372345293371176,-0.04361712321791856,-0.06782142736561689,0.7064234063015238,0.12562774426431308,0.06590859153108733,-0.04571068409968875,0.10513118366274492,0.05337234529336847,0.6812657440778139,0.7110002180197474,0.8521854781117174,-0.03168934495388196,0.7865894929441881,0.6879683070092713,-0.044800923958726695,0.1295489137288372,-0.04339814377459028,-0.044116187340316464,0.09038917572452798,-0.020028326872894006,-0.08798093961936862,,,,,,,,,-0.04480092395872673,-0.04480092395872689,-0.04480092395872673,-0.11870858917251624,-0.04480092395872673,0.12954891372883728,0.1295489137288374,0.12954891372883712,0.12954891372883712
number_of_reviews_l30d,-0.04501305298734236,,-0.026637453502443783,-0.08118565223563418,-0.07774914539160944,,0.004184723813124921,-0.10265035407411625,0.07525037073175966,-0.031151871107582906,-0.013687525779156816,0.04396215713638204,-0.3483257312141429,0.06820846338652281,-0.35132820122452585,-0.3233239362979305,0.13611861165406527,0.12175224632782003,-0.33906912608596534,0.13278474539189702,,0.10282794949343625,0.13691848337004725,0.1448180091344544,0.0739479289100456,0.4404702128760168,0.7129119686116058,1.0,0.1431832355189045,0.4794888267333833,0.558235194788325,0.08202485496008495,0.17091607499108366,0.1649514035655289,0.15174781890623926,0.10680340933333426,0.12690332210784105,0.1580250852954845,0.18086526648592519,-0.04322138766859229,-0.013621696065467015,-0.12927741061469902,-0.01721789825374384,0.734945356048848,-0.04598044238144307,0.0772282269352833,-0.04555641504774701,-0.031911754711843245,0.480116506312031,0.11742866643069783,0.05953055783014205,-0.04598044238144299,0.13431209031196495,0.07722822693528252,0.440470212876018,0.4751941621643792,0.734945356048848,-0.0739479289100453,0.5582351947883226,0.47519481263516516,-0.046635366904636356,0.08202485496008495,-0.0457042140427595,-0.045979166481061026,0.06541818471392007,-0.04322138766859229,-0.15916526570562706,,,,,,,,,-0.046635366904636405,-0.046635366904636655,-0.04663536690463658,-0.09476984215090359,-0.04663536690463658,0.08202485496008496,0.08202485496008463,0.08202485496008484,0.08202485496008484
availability_eoy,0.07853408133176683,,0.09805777618632773,0.03029909922171073,0.027733070597685122,,-0.031412787404885796,0.0025622134628531306,0.138895829680966,-0.005973516620993277,0.0609317639504763,0.11163612215475865,-0.14914802455321144,0.039303460366965,-0.14579044522753057,-0.0659201868333464,0.04376282152529815,0.05770642238670818,-0.08823825614607408,0.05093399727836601,,0.7948814469840025,0.9560175519677646,0.9978042381247416,0.6175206711532881,0.04633985779370726,0.11240911152453252,0.1431832355189045,1.0,0.04804741618629611,0.08642040836211118,0.01921671562552575,-0.05088553418363432,-0.05284240236909433,-0.06266986057735605,-0.047828993381399613,-0.048170347453902154,-0.021556260599580764,-0.055775713672255034,0.0012856390271536846,0.012632033563639986,-0.05093868957629017,0.04254846568567625,0.11403850774461148,0.01660788586110207,0.06612576214333661,0.011967167408377466,-0.05946676459970408,0.05165616520988962,0.13543087959913214,0.11417183541001419,0.016607885861102067,0.06399689542749247,0.06612576214333714,0.04633985779370727,0.0523529603131846,0.11403850774461159,-0.617520671153288,0.08642040836211132,0.03882069658516799,-0.01616657245988582,0.01921671562552575,-0.012113836330155444,-0.005981794056206396,-0.42652282884171605,0.0012856390271536846,0.00784440322138622,,,,,,,,,-0.016166572459885828,-0.016166572459885828,-0.016166572459885828,0.2513401187131283,-0.016166572459885828,0.019216715625525703,0.01921671562552573,0.01921671562552581,0.01921671562552581
number_of_reviews_ly,-0.39498056437191353,,-0.18478505016159913,-0.06198082947230261,-0.05466137194190973,,-0.01783247257461171,-0.10512649993220666,0.05263660791516444,-0.04902726143251218,-0.04890727449108869,0.02864066850677646,-0.29805062568501456,0.1474166902113894,-0.29357543214587406,-0.25730822504865164,0.269912618129175,0.25983097756538487,-0.26639198738090397,0.2732579530471304,,0.04178462936529008,0.05015940879881183,0.05060036504436967,-0.01918060126652155,0.7841359359136912,0.8143511892447653,0.4794888267333833,0.04804741618629611,1.0,0.6594959736406368,0.12659776493591693,0.1456721095564885,0.1535369395915404,0.11141358157776099,0.10553063510631783,0.11821876037481964,0.1367607864074247,0.15859983184571483,-0.031746850790882304,-0.0018164343227138286,-0.13048412882114444,-0.03085887546726421,0.6684743740882672,-0.03114063185514198,0.025097164467731976,-0.027870849138835852,-0.06885433918704045,0.7278237966538839,0.0948014241822612,0.04933026735258924,-0.031140631855141845,0.05551805989291539,0.025097164467728125,0.7841359359136897,0.7419951380102356,0.6684743740882716,0.019180601266521494,0.6594959736406368,0.6072005562584764,-0.030091323609765817,0.12659776493591693,-0.02806051273292032,-0.030073031703115406,0.08808739455839176,-0.031746850790882304,-0.042196567200837115,,,,,,,,,-0.030091323609765897,-0.030091323609765866,-0.030091323609765862,-0.10551610584300569,-0.030091323609765862,0.12659776493591698,0.12659776493591707,0.12659776493591676,0.12659776493591676
estimated_occupancy_l365d,-0.22352628051002657,,-0.13320559654828804,-0.10261643569995474,-0.09955344162823831,,-0.021802969831973423,-0.12392300489503988,0.04456119688255097,-0.047605672933505094,-0.05188452634639387,0.024379531453051995,-0.16236737538681453,0.06544200236798924,-0.21088273814294126,-0.16652987615460102,0.19464235520984383,0.17070997234043164,-0.17499298574420366,0.1924602870135061,,0.04506782110125174,0.07209826117150162,0.08458042651895196,0.032230899771299754,0.5419748148808583,0.7865894929441886,0.558235194788325,0.08642040836211118,0.6594959736406368,1.0,0.1473942643967481,0.16546100031089347,0.15417942645113955,0.12564863147575914,0.1184215530877882,0.14231840389743974,0.12861051959102404,0.16779101056828388,0.012469452086972404,0.04280218609655648,-0.13240174209724775,-0.03960981684167965,0.641891658173185,-0.06956349028876681,-0.015567101690342465,-0.06431377791984781,-0.10426116272330685,0.7032779367946687,0.08445481927064626,0.04829060606539545,-0.0695634902887669,0.03680927781630789,-0.01556710169034526,0.5419748148808581,0.7043349834925017,0.6418916581731864,-0.03223089977129964,0.999999999999999,0.6676834068872385,-0.06880137838595045,0.1473942643967481,-0.06425308601805695,-0.06716006990158074,0.07823246074745069,0.012469452086972404,-0.06061538374899875,,,,,,,,,-0.06880137838595045,-0.06880137838595067,-0.06880137838595031,-0.12221237225279415,-0.06880137838595031,0.14739426439674813,0.14739426439674833,0.1473942643967483,0.1473942643967483
estimated_revenue_l365d,-0.025499290048053132,,0.012950675619667786,0.3312675917171435,0.3327768826191399,,-0.007255934910412438,-0.04587234353725663,0.0698144916095893,0.051966122281167385,0.049220625943481935,0.04913230369738594,-0.0723815042481591,0.06637746340550424,-0.07886000945459425,-0.0787481221024265,-0.016922716408196495,0.06290191182652792,-0.08179448171741335,-0.00041512677285210467,,0.006532632066724575,0.010105812904483006,0.01811585144922913,0.016303980905390817,0.07501134148100236,0.1295489137288372,0.08202485496008495,0.01921671562552575,0.12659776493591693,0.1473942643967481,1.0,0.031289401862886895,0.04783479693504573,0.04909965246606525,0.015009130309059752,-0.005226917454083372,0.0531788435868408,0.026259816315668053,-0.002581184540440687,-0.02767544911517238,0.11124640788465344,-0.010551649980196516,0.09497162215449984,0.5224063004436948,0.36543304787780817,0.6159393443220498,0.34990673695484387,0.12934068984151112,0.06131304384619801,0.009756917471329915,0.5224063004436945,0.1675851648402758,0.365433047877807,0.07501134148100211,0.12942703868865246,0.09497162215450015,-0.016303980905390945,0.1473942643967488,0.09322657240089116,0.4775094700616816,1.0,0.5754403958425597,0.4747278882889499,0.18227952580826773,-0.002581184540440687,-0.021204342460232686,,,,,,,,,0.4775094700616817,0.47750947006168276,0.47750947006168326,-0.04474711595800308,0.47750947006168326,1.0,0.9999999999999982,0.9999999999999977,0.9999999999999977
review_scores_rating,-0.08054834519501487,,-0.1352825937496023,-0.057449409756901375,-0.044514999452777905,,-0.0007739496409205181,-0.05865498283170588,0.07620270585237504,0.07624051702291536,0.08494340952209191,0.08749088359676517,-0.057237235594854545,0.02405630768637841,-0.061684004950912745,-0.09310994213011828,0.0379496680812071,0.045437618301635556,-0.10033347397970376,0.04298720847759889,,-0.06158800067230857,-0.05247761116528513,-0.05026573033715209,-0.04085111691670208,0.13145373154528966,0.17589260391791547,0.17091607499108366,-0.05088553418363432,0.1456721095564885,0.16546100031089347,0.031289401862886895,1.0,0.8645182336539047,0.8565613458542949,0.6730710972902612,0.7130222901841872,0.6052933736268792,0.8444929287575205,-0.14011721157366278,-0.11813617759208477,-0.09491259492598902,0.009923992831984594,0.18267360387176623,0.001583259615125337,0.19219950747163173,-0.0076908543946993735,0.11081596433539447,0.19648619149869936,0.08644401052600255,0.09991730547392196,0.0015832596151253125,0.23091186233691938,0.19219950747163211,0.13145373154528914,0.19748908615694602,0.18267360387176657,0.04085111691670188,0.16546100031089425,0.10613639547468112,0.008188663700808412,0.0312894018628869,-0.0050504763964989,-0.001702446250136193,0.1669747781739289,-0.14011721157366278,-0.15104536562899634,,,,,,,,,0.008188663700808427,0.00818866370080844,0.00818866370080844,-0.12950357324841547,0.00818866370080844,0.03128940186288691,0.031289401862886805,0.031289401862886757,0.031289401862886757
review_scores_accuracy,-0.09070455111873997,,-0.12381397029799153,-0.04495470308669808,-0.026769165104927033,,-0.02449858502997051,-0.05457074382519048,0.056103781783873666,0.061552346063748715,0.05314046683028877,0.06300305300741169,-0.0767223599008516,0.01702709749502527,-0.08406174506847952,-0.11834521978040062,0.026491135518013464,0.03805513546489855,-0.11880676612128836,0.03237677552900654,,-0.04143545450433528,-0.04574417114943618,-0.0505162325045944,-0.045715898177360874,0.14465414049486788,0.17411198257995378,0.1649514035655289,-0.05284240236909433,0.1535369395915404,0.15417942645113955,0.04783479693504573,0.8645182336539047,1.0,0.8102538381767626,0.6658938768034067,0.6477681805820654,0.5373815633771908,0.7776711656528265,-0.10041710679961403,-0.08359311182535765,-0.07280538149859177,0.013079245998863297,0.17930739475066138,0.019053426264922128,0.19160047985308992,0.012580968924824241,0.12321564686121707,0.20440163514878332,0.07449541283794403,0.0727383221350108,0.019053426264922083,0.21831517360569713,0.19160047985309014,0.14465414049486783,0.2067994886422454,0.17930739475066187,0.04571589817736061,0.15417942645113997,0.10576309462228835,0.02666264715769238,0.04783479693504574,0.016055631041331415,0.01781569140706924,0.16701502567893775,-0.10041710679961403,-0.13088369125116361,,,,,,,,,0.026662647157692395,0.02666264715769239,0.026662647157692364,-0.11945525577825464,0.026662647157692364,0.047834796935045686,0.047834796935045686,0.04783479693504559,0.04783479693504559
review_scores_cleanliness,-0.057109668946378284,,-0.11511218726374946,-0.02471470334000315,-0.012225186286715022,,-0.034380434320542955,-0.07079685928397586,0.05014616484803969,0.06527802088814968,0.06443023230708564,0.05417336650161867,-0.05251236372281266,-0.002607365061942563,-0.059923305938360316,-0.11257698190038962,0.008946503749503378,0.020460715609557426,-0.11721734177110671,0.014077186983491871,,-0.06947775011540192,-0.06150511010034289,-0.06107500015597201,-0.05301460288832228,0.10406808943813653,0.14719681633216275,0.15174781890623926,-0.06266986057735605,0.11141358157776099,0.12564863147575914,0.04909965246606525,0.8565613458542949,0.8102538381767626,1.0,0.6226311646633874,0.5963075703424109,0.5309748235978239,0.7624902661918432,-0.11632729682458769,-0.10072090571494215,-0.067522550698419,0.01755653414256358,0.15914261733285331,0.031099401754103292,0.19194159563839816,0.025648637323720812,0.13969103224789692,0.1619526656908575,0.06263936183407162,0.059653865270499894,0.031099401754103296,0.2127740532956946,0.19194159563839863,0.10406808943813682,0.1628456906209137,0.15914261733285356,0.053014602888322215,0.1256486314757593,0.08459750532441536,0.037429849254535665,0.04909965246606527,0.029288547520948553,0.029767583984736952,0.17083749488362773,-0.11632729682458769,-0.1346319135984722,,,,,,,,,0.03742984925453568,0.037429849254535685,0.03742984925453568,-0.13502408144173605,0.03742984925453568,0.04909965246606527,0.0490996524660653,0.04909965246606519,0.04909965246606519
review_scores_checkin,-0.08969172376542407,,-0.13801570279263817,-0.04338507538428311,-0.028527335790598095,,-0.008600438901910543,-0.01918519876245731,0.05587205568897369,0.048406596135299816,0.0711809984734308,0.08155031078874961,0.0020988069007171553,0.025284843196499263,-0.0025765980107010627,-0.012789093574567707,0.0473553662447159,0.049154754319577935,-0.017428892434816927,0.04563060573928444,,-0.04994673489391189,-0.04919244176363195,-0.047986469656133325,-0.025578111764362536,0.1061437762091955,0.11379413157571033,0.10680340933333426,-0.047828993381399613,0.10553063510631783,0.1184215530877882,0.015009130309059752,0.6730710972902612,0.6658938768034067,0.6226311646633874,1.0,0.6377580786612972,0.4383189447791646,0.6007174016649521,-0.0846260875587393,-0.07420357583724355,-0.04506890094347459,0.012398330565900544,0.11418750922577521,0.0007445730292261199,0.09741127504685293,-0.005015076787720646,0.025016019688991382,0.13436800383555159,0.06322871100524968,0.09333710023288147,0.0007445730292261221,0.11696665748675773,0.09741127504685328,0.10614377620919534,0.13607985399169803,0.11418750922577556,0.025578111764362345,0.11842155308778851,0.06281380878231901,0.0054980793508130725,0.015009130309059749,-0.003246801329926281,-0.000910383864269095,0.11063353717166492,-0.0846260875587393,-0.1110199925814962,,,,,,,,,0.005498079350813081,0.005498079350813079,0.0054980793508130725,-0.09505134801588888,0.0054980793508130725,0.01500913030905974,0.015009130309059713,0.01500913030905966,0.01500913030905966
review_scores_communication,-0.08559222822730782,,-0.12751112817708174,-0.06116543108518597,-0.058761043373414326,,0.00753759728733212,-0.06252997194983191,0.07905954196575549,0.04933044969759803,0.08409458881010631,0.09210120179088908,-0.0400578548944875,0.008054551451948186,-0.040073055507110676,-0.03254062644982033,0.04437177075108964,0.04476693883610752,-0.044199351318678734,0.04540453504030254,,-0.058663354261434104,-0.050614614737668755,-0.04927262518744836,-0.024481125121197916,0.11270379340954245,0.13328079280234068,0.12690332210784105,-0.048170347453902154,0.11821876037481964,0.14231840389743974,-0.005226917454083372,0.7130222901841872,0.6477681805820654,0.5963075703424109,0.6377580786612972,1.0,0.4983506600496042,0.6436126687572646,-0.06691024716230658,-0.04197556256973529,-0.10810827224868111,0.0072619327945044575,0.14341292620652915,-0.024979446383303412,0.12181830263905812,-0.03391599616295437,0.024203643840617642,0.17389564515474681,0.09220750613696196,0.09883086663411966,-0.024979446383303468,0.15441493074395396,0.12181830263905849,0.11270379340954233,0.17470328772060725,0.14341292620652937,0.02448112512119769,0.1423184038974405,0.07183703968310397,-0.0204055766631742,-0.005226917454083348,-0.03287808376918894,-0.02802147805974066,0.12115481251631412,-0.06691024716230658,-0.11531149508048405,,,,,,,,,-0.02040557666317422,-0.020405576663174108,-0.020405576663174108,-0.12041895193198986,-0.020405576663174108,-0.0052269174540833544,-0.005226917454083345,-0.005226917454083295,-0.005226917454083295
review_scores_location,-0.11620034757438716,,-0.11653061752024496,0.012115230104493764,0.015145148973519412,,0.10962285512535616,-0.14091526863932716,0.012292414319406475,0.043118548263308576,-0.014723321787625563,0.01343395476978472,-0.09482738563896967,0.037447211724673655,-0.1037831813589448,-0.09885138539510557,0.035057272194407824,0.049876654394104346,-0.10776883278163871,0.04312406347144195,,0.003817889488936754,-0.012624951030494203,-0.01985195022592983,-0.03479555654563366,0.15436769792677232,0.16023377400312064,0.1580250852954845,-0.021556260599580764,0.1367607864074247,0.12861051959102404,0.0531788435868408,0.6052933736268792,0.5373815633771908,0.5309748235978239,0.4383189447791646,0.4983506600496042,1.0,0.6082394553007546,-0.08346023197021023,-0.07137327890011866,-0.05159175369011578,-0.019968996349396508,0.16182094877914802,0.032313436542382105,0.18927403699742912,0.026778086159076595,0.20332410128902312,0.19244689554302338,0.01093369778227565,0.0031886523102093245,0.03231343654238198,0.21579137559227293,0.18927403699742978,0.15436769792677235,0.19103527889988448,0.16182094877914852,0.0347955565456335,0.12861051959102401,0.0813129006689616,0.038013196402696806,0.053178843586840795,0.030302733154444695,0.032474574831388305,0.13566376589938492,-0.08346023197021023,-0.08655808075571379,,,,,,,,,0.03801319640269679,0.03801319640269692,0.03801319640269681,-0.0911198224385287,0.03801319640269681,0.05317884358684081,0.05317884358684062,0.05317884358684058,0.05317884358684058
review_scores_value,-0.09829985004626632,,-0.1223282828703215,-0.06850264591509332,-0.05664269901570601,,0.018436206732548713,-0.05054681577444873,0.060955024347362885,0.07318617952876347,0.06668178237117132,0.07798831682680515,-0.093684721323307,0.005071015951984519,-0.102302582402781,-0.13352168966698827,0.048231394854893264,0.05038837627018964,-0.1325818485509333,0.04988590546160592,,-0.04450624304258434,-0.04642217034316502,-0.052862866727642274,-0.07892258685600886,0.15187038557604413,0.19270267141805228,0.18086526648592519,-0.055775713672255034,0.15859983184571483,0.16779101056828388,0.026259816315668053,0.8444929287575205,0.7776711656528265,0.7624902661918432,0.6007174016649521,0.6436126687572646,0.6082394553007546,1.0,-0.16594366077428793,-0.15368619784601897,-0.05277911753365479,0.02174195202352656,0.2059114720892091,-0.012034225460128344,0.13500035442336542,-0.015002745743801324,0.06746317973440971,0.22603021796282566,0.06222401000014823,0.08848966268185682,-0.012034225460128353,0.1753785301502465,0.13500035442336597,0.15187038557604396,0.22584128376477278,0.20591147208920985,0.07892258685600854,0.16779101056828374,0.11457695871649914,-0.0008662807410272137,0.026259816315668035,-0.009156383279929285,-0.010308978096409462,0.16811679341953795,-0.16594366077428793,-0.1494376026222035,,,,,,,,,-0.0008662807410272097,-0.0008662807410272027,-0.0008662807410272176,-0.1399169339587067,-0.0008662807410272176,0.02625981631566802,0.02625981631566798,0.026259816315667928,0.026259816315667928
calculated_host_listings_count,0.1362867624251582,,0.06619835738733147,0.12490951449135984,0.09027370903045596,,-0.06506807833056084,-0.05832770755483387,-0.0895634549506874,-0.0747792710359517,-0.1119631657241516,-0.14438058614063667,0.0892376316161139,0.055893791703872486,0.07880210500117439,0.09851417264522884,-0.023202543035832676,0.009075020666821306,0.08184744531062846,-0.014527542491945142,,-0.03876410942460169,-0.020263277678977076,-0.006162764421530552,0.09132382475824903,-0.062446841994663625,-0.020028326872894006,-0.04322138766859229,0.0012856390271536846,-0.031746850790882304,0.012469452086972404,-0.002581184540440687,-0.14011721157366278,-0.10041710679961403,-0.11632729682458769,-0.0846260875587393,-0.06691024716230658,-0.08346023197021023,-0.16594366077428793,1.0,0.9740554435539001,0.1062947149799125,-0.025492390648664605,-0.05493879267279449,0.023545433607455975,-0.05745117363319046,0.025563477943524184,0.0054673848753464755,-0.09263520773430213,-0.05689002288878478,-0.14646181927223004,0.023545433607456073,-0.10144508959404966,-0.05745117363318917,-0.06244684199466357,-0.09355075577236092,-0.054938792672794536,-0.09132382475824888,0.0124694520869724,0.014146298022749002,0.018797127228021907,-0.00258118454044069,0.02401981970146282,0.02704204817121979,-0.10344837304618416,1.0,0.36806325422411756,,,,,,,,,0.018797127228021956,0.018797127228021963,0.018797127228021925,0.05658798960800614,0.018797127228021925,-0.0025811845404406955,-0.002581184540440683,-0.0025811845404406725,-0.0025811845404406725
calculated_host_listings_count_entire_homes,0.14932505367072213,,0.05500248719630142,0.03535372516685633,0.0023429753368092395,,-0.0732662358146605,-0.07144304436778023,-0.03541997187270913,-0.09268883336326678,-0.06816411094431245,-0.08457590970248116,0.0907259013702351,0.06327882065926897,0.08211098986500498,0.10923113520939097,0.005111834162713427,0.017606286840724187,0.09073334717853043,0.011135086522892346,,-0.04328781505600029,-0.012872712817232946,0.004828853851517128,0.11555016515415484,-0.03976065383659449,0.01271602289533561,-0.013621696065467015,0.012632033563639986,-0.0018164343227138286,0.04280218609655648,-0.02767544911517238,-0.11813617759208477,-0.08359311182535765,-0.10072090571494215,-0.07420357583724355,-0.04197556256973529,-0.07137327890011866,-0.15368619784601897,0.9740554435539001,1.0,-0.12141877934287344,-0.02897865164737762,-0.013913552984087358,-0.04578574445202933,-0.04595185735471959,-0.04173661311338166,-0.06398815873311287,-0.07174939362464844,0.020709608529068658,-0.06442587476053264,-0.04578574445202927,-0.04648640742952431,-0.04595185735471809,-0.03976065383659437,-0.07159630724102022,-0.013913552984087394,-0.11555016515415507,0.04280218609655652,0.03539974445162925,-0.05049797706892192,-0.02767544911517239,-0.04495381764997438,-0.044411467497096374,-0.12517856734484198,0.9740554435539001,0.3242619248678495,,,,,,,,,-0.05049797706892191,-0.05049797706892194,-0.050497977068921875,0.05069830087599542,-0.050497977068921875,-0.027675449115172408,-0.02767544911517232,-0.02767544911517232,-0.02767544911517232
calculated_host_listings_count_private_rooms,-0.0587954024498837,,0.047536764922975254,0.3925454115806936,0.38569585757273106,,0.03700333152018933,0.05618341696486745,-0.23599000415009336,0.08057868768972122,-0.1935462347442375,-0.2624981656726146,-0.007904385607163007,-0.03330959430569206,-0.015876801642500857,-0.04836406102319497,-0.12409198595840144,-0.03729642858162167,-0.040234386988034214,-0.11238449485616661,,0.018939182303644938,-0.03354308527845317,-0.0493775867576537,-0.10760715446416064,-0.09877210150153823,-0.1429843612344357,-0.12927741061469902,-0.05093868957629017,-0.13048412882114444,-0.13240174209724775,0.11124640788465344,-0.09491259492598902,-0.07280538149859177,-0.067522550698419,-0.04506890094347459,-0.10810827224868111,-0.05159175369011578,-0.05277911753365479,0.1062947149799125,-0.12141877934287344,1.0,-0.009572146781973068,-0.17742061381251542,0.30650591720811526,-0.048794798652014124,0.2974680348149806,0.3068816077011493,-0.09048619041985388,-0.33872726618139076,-0.36064079020406026,0.3065059172081169,-0.24047117604535329,-0.048794798652014915,-0.09877210150153876,-0.09518121528500469,-0.17742061381251556,0.1076071544641606,-0.13240174209724823,-0.0930427509662512,0.30639291522711887,0.11124640788465344,0.3049036391024365,0.3127439048680995,0.09859800983661028,0.10629471497991248,0.1887922740412462,,,,,,,,,0.30639291522711876,0.30639291522712014,0.30639291522711953,0.02238460726862254,0.30639291522711953,0.11124640788465334,0.11124640788465298,0.11124640788465291,0.11124640788465291
calculated_host_listings_count_shared_rooms,0.014432224013622158,,0.04415576822085692,-0.007819296388362255,-0.006572271238024489,,-0.017301545277789158,0.07715422189920465,-0.047240672002702135,-0.03341136591042936,-0.03742004502348113,-0.036156950628993025,0.024654014714610546,0.015551259976768535,0.026564461503442428,0.016405530087234197,-0.009161534294641878,-0.011805053219266002,0.020038223650008923,-0.010521417445419994,,0.05032101468754763,0.049225656075571,0.04494343298559835,0.015365343987085256,-0.01580374170997482,-0.029385483631374228,-0.01721789825374384,0.04254846568567625,-0.03085887546726421,-0.03960981684167965,-0.010551649980196516,0.009923992831984594,0.013079245998863297,0.01755653414256358,0.012398330565900544,0.0072619327945044575,-0.019968996349396508,0.02174195202352656,-0.025492390648664605,-0.02897865164737762,-0.009572146781973068,1.0,-0.02282862951531354,-0.004531371023567494,-0.06386909732606413,-0.002853813982674013,0.0069998656885631024,-0.020674490139313332,-0.07152665523292896,-0.041543378760525336,-0.004531371023567491,-0.07074429324231359,-0.06386909732606376,-0.015803741709974794,-0.02040586711475719,-0.022828629515313607,-0.01536534398708523,-0.039609816841679656,-0.01872287547778127,-0.005064315777735474,-0.010551649980196516,-0.0038313922451147036,-0.00391673821895882,-0.07497886356875852,-0.025492390648664612,0.024308468826225584,,,,,,,,,-0.005064315777735469,-0.005064315777735498,-0.005064315777735497,0.13277106563802196,-0.005064315777735497,-0.010551649980196523,-0.010551649980196484,-0.01055164998019651,-0.01055164998019651
reviews_per_month,-0.016777369775067486,,-0.0030734148903531805,-0.08497707987461654,-0.0784948381774263,,-0.02457656818763491,-0.13107663565183234,0.08931364338634752,-0.0650119005459017,-0.02854557886915645,0.05476740150457997,-0.37836865542372083,0.06663566136089552,-0.37527571767039536,-0.33215325797380574,0.13773028591553757,0.12335719538998537,-0.3448117935443725,0.13346760590345663,,0.09105799112311612,0.11578514243920317,0.1170297388493293,0.036963107739592015,0.6073811212316834,0.8521854781117157,0.734945356048848,0.11403850774461148,0.6684743740882672,0.641891658173185,0.09497162215449984,0.18267360387176623,0.17930739475066138,0.15914261733285331,0.11418750922577521,0.14341292620652915,0.16182094877914802,0.2059114720892091,-0.05493879267279449,-0.013913552984087358,-0.17742061381251542,-0.02282862951531354,1.0,-0.04082297875359759,0.08160535456865367,-0.03991635611356297,-0.05999988660466147,0.6336047372284171,0.14233877542113257,0.07635760546410372,-0.04082297875359747,0.1358380353807108,0.08160535456865362,0.6073811212316844,0.6269572471758292,0.9999999999999998,-0.03696310773959185,0.6418916581731857,0.5608193404288208,-0.040960368523954814,0.09497162215449985,-0.03948926144606792,-0.03776131247025039,0.0809835314342095,-0.0549387926727945,-0.12069898953807481,,,,,,,,,-0.04096036852395481,-0.04096036852395497,-0.040960368523954946,-0.10776237151260762,-0.040960368523954946,0.0949716221544998,0.09497162215449972,0.09497162215449952,0.09497162215449952
price_clean,0.010560805650624824,,0.07722111935772466,0.7035512507233085,0.7042024490746603,,-0.025007845131857154,-0.017720085466589167,-0.020458297078665248,-0.021461391700894363,-0.03122465675469435,-0.06351141735091861,-0.044436889392230124,0.11583374391974272,-0.04322436506008019,-0.046985299342925745,-0.1015548887451784,0.06478698216666193,-0.04899467024183193,-0.06585691645076817,,0.010030589394795007,0.0007243257374174508,0.013786984766528877,0.022995912059082864,-0.03631318969338622,-0.045710684099688884,-0.04598044238144307,0.01660788586110207,-0.03114063185514198,-0.06956349028876681,0.5224063004436948,0.001583259615125337,0.019053426264922128,0.031099401754103292,0.0007445730292261199,-0.024979446383303412,0.032313436542382105,-0.012034225460128344,0.023545433607455975,-0.04578574445202933,0.30650591720811526,-0.004531371023567494,-0.04082297875359759,1.0,0.5623192176309026,0.9690292457645251,0.6613435501370174,-0.0696776454914846,-0.020676742713254065,-0.1366743746263823,1.000000000000002,0.13811487519224874,0.5623192176309034,-0.03631318969338612,-0.06706132751327609,-0.04082297875359759,-0.022995912059083048,-0.06956349028876671,-0.027999103609214697,0.9855458954487467,0.5224063004436948,0.9666926650273747,0.9871239606807891,0.2739205613221678,0.023545433607455975,0.028477181203737496,,,,,,,,,0.9855458954487468,0.9855458954487513,0.9855458954487486,-0.02507324741897612,0.9855458954487486,0.5224063004436948,0.5224063004436919,0.522406300443691,0.522406300443691
log_price,0.045647764839811644,,0.0470770205938214,0.4325921085331406,0.440740167874285,,-0.02266026025451021,-0.1064497429663386,0.5762840604861797,0.42016593174006317,0.5173619423892749,0.46928035918192623,-0.23152827374813717,0.0863002221977398,-0.23376354441923672,-0.24094455511235177,-0.053984871571778066,0.05632293187866309,-0.2537442575602446,-0.03010365458661197,,0.09236039292033935,0.06795060238095753,0.06639065989096306,0.056687227921379646,-0.011362817431571373,0.053372345293371176,0.0772282269352833,0.06612576214333661,0.025097164467731976,-0.015567101690342465,0.36543304787780817,0.19219950747163173,0.19160047985308992,0.19194159563839816,0.09741127504685293,0.12181830263905812,0.18927403699742912,0.13500035442336542,-0.05745117363319046,-0.04595185735471959,-0.048794798652014124,-0.06386909732606413,0.08160535456865367,0.5623192176309026,1.0,0.5151505092919797,0.505976787541791,0.04721136741110131,0.590325700399937,0.4181765922124224,0.5623192176309052,0.8625295418385421,1.0000000000000007,-0.011362817431571448,0.04870367322983984,0.08160535456865373,-0.056687227921379924,-0.015567101690342644,-0.015884086332287918,0.5626204344428054,0.3654330478778082,0.5157434213902656,0.5405766436617981,0.43049223330046116,-0.05745117363319049,-0.1468771019984618,,,,,,,,,0.5626204344428054,0.5626204344428045,0.5626204344428064,-0.1516762307229169,0.5626204344428064,0.36543304787780817,0.365433047877809,0.36543304787780817,0.36543304787780817
price_per_accommodates,0.009173200075774107,,0.07331178179642496,0.6695680992579429,0.6700077219694651,,-0.023991920033054025,-0.014841498791150296,-0.05144987523809421,-0.04302287683077658,-0.055787998938046084,-0.08537138477981505,-0.03615559450109845,0.10943843591955223,-0.034830725877765575,-0.03835042660763987,-0.09731971126397572,0.060611078092641255,-0.0400362705000528,-0.06377181916451266,,0.0023848319172541555,-0.004163055533639865,0.009237859591067512,0.018848023072754256,-0.03323439602317467,-0.04361712321791856,-0.04555641504774701,0.011967167408377466,-0.027870849138835852,-0.06431377791984781,0.6159393443220498,-0.0076908543946993735,0.012580968924824241,0.025648637323720812,-0.005015076787720646,-0.03391599616295437,0.026778086159076595,-0.015002745743801324,0.025563477943524184,-0.04173661311338166,0.2974680348149806,-0.002853813982674013,-0.03991635611356297,0.9690292457645251,0.5151505092919797,1.0,0.6416829726873859,-0.06179301798100265,-0.05245730066442907,-0.15313462640393516,0.9690292457645256,0.10858290293230195,0.515150509291978,-0.03323439602317473,-0.06008314033038306,-0.03991635611356294,-0.018848023072754433,-0.06431377791984777,-0.02604239190433827,0.9459589121682868,0.6159393443220497,0.9889070081751894,0.9489877163211369,0.2533352349384563,0.025563477943524177,0.031893162572988944,,,,,,,,,0.9459589121682868,0.9459589121682891,0.945958912168289,-0.019801610349712874,0.945958912168289,0.6159393443220497,0.6159393443220477,0.6159393443220493,0.6159393443220493
log_price_per_accommodates,-0.025993679302160993,,0.03754693094976415,0.503899822132139,0.5080939220681383,,0.016823048046588386,-0.050972419586833885,-0.33874002125401825,-0.05297670707669796,-0.2639117003349071,-0.2892351183054584,-0.04419185038986449,0.0066639970972630636,-0.03409582332635204,-0.052544281099537876,-0.1509982505696515,-0.034598941275837035,-0.05203680342435815,-0.13111464439035578,,0.012435351160037057,-0.04813795692342299,-0.0602064300602931,-0.08156279658351989,-0.04801046616876555,-0.06782142736561689,-0.031911754711843245,-0.05946676459970408,-0.06885433918704045,-0.10426116272330685,0.34990673695484387,0.11081596433539447,0.12321564686121707,0.13969103224789692,0.025016019688991382,0.024203643840617642,0.20332410128902312,0.06746317973440971,0.0054673848753464755,-0.06398815873311287,0.3068816077011493,0.0069998656885631024,-0.05999988660466147,0.6613435501370174,0.505976787541791,0.6416829726873859,1.0,-0.0632542734607675,-0.3975268471612574,-0.39053281778373017,0.6613435501370188,0.22763694725260328,0.5059767875417868,-0.048010466168765364,-0.06607478292779566,-0.05999988660466156,0.08156279658351975,-0.10426116272330706,-0.05864397285346413,0.6616410136891078,0.34990673695484387,0.6510993889525152,0.6631700218797535,0.30377960776122076,0.005467384875346497,0.014687517596317172,,,,,,,,,0.6616410136891077,0.6616410136891091,0.6616410136891085,-0.018839935430258352,0.6616410136891085,0.349906736954844,0.34990673695484303,0.3499067369548436,0.3499067369548436
log_reviews,-0.615558676440109,,-0.2546537486759476,-0.1267974943714656,-0.1125389896492642,,-0.017665546997248035,-0.1034001462399913,0.08019005324014987,0.004126695677855564,-0.04255999742142399,0.06323358724687003,-0.4438502749194245,0.11854478319627001,-0.45085401992784224,-0.3799121782163635,0.3191617613635969,0.29392439265524123,-0.40408170647938085,0.31902134593521,,0.0847866614004096,0.07421139447615961,0.05741962943896215,-0.10819511762248053,0.7271460637441454,0.7064234063015238,0.480116506312031,0.05165616520988962,0.7278237966538839,0.7032779367946687,0.12934068984151112,0.19648619149869936,0.20440163514878332,0.1619526656908575,0.13436800383555159,0.17389564515474681,0.19244689554302338,0.22603021796282566,-0.09263520773430213,-0.07174939362464844,-0.09048619041985388,-0.020674490139313332,0.6336047372284171,-0.0696776454914846,0.04721136741110131,-0.06179301798100265,-0.0632542734607675,1.0,0.11381590444156499,0.07977956806126925,-0.06967764549148471,0.10907863973630706,0.04721136741109477,0.7271460637441467,0.9960420027017564,0.6336047372284177,0.10819511762248099,0.7032779367946707,0.43081023240124905,-0.06348853572826141,0.12934068984151112,-0.05951822161394048,-0.06717879551311241,0.15362521069464757,-0.09263520773430214,-0.07133816362641211,,,,,,,,,-0.06348853572826149,-0.06348853572826148,-0.0634885357282615,-0.14504376900564928,-0.0634885357282615,0.1293406898415112,0.12934068984151134,0.12934068984151087,0.12934068984151087
log_accommodates,0.0754370302454251,,0.024164165160543014,-0.01420420424889769,-0.009603679731010678,,-0.04647716066739616,-0.05391806111923872,0.9299880178196152,0.49656941038067126,0.7931858783088066,0.7698915567008227,-0.20207220311273785,0.08231609510171915,-0.21508889388801125,-0.20421606259555697,0.08001627903060118,0.08640616600958685,-0.218008608534347,0.08572257434621339,,0.09991877350661663,0.12916827903784325,0.13677748168731033,0.14311040286194235,0.03779250558106975,0.12562774426431308,0.11742866643069783,0.13543087959913214,0.0948014241822612,0.08445481927064626,0.06131304384619801,0.08644401052600255,0.07449541283794403,0.06263936183407162,0.06322871100524968,0.09220750613696196,0.01093369778227565,0.06222401000014823,-0.05689002288878478,0.020709608529068658,-0.33872726618139076,-0.07152665523292896,0.14233877542113257,-0.020676742713254065,0.590325700399937,-0.05245730066442907,-0.3975268471612574,0.11381590444156499,1.0,0.8103202346785788,-0.020676742713254044,0.704550912048701,0.5903257003999367,0.03779250558106983,0.11800885322666708,0.14233877542113257,-0.14311040286194218,0.08445481927064559,0.04503794383477229,-0.020634667923402957,0.06131304384619801,-0.060638364036849905,-0.05075699949931508,0.17273374933762448,-0.05689002288878477,-0.1713941868618491,,,,,,,,,-0.02063466792340294,-0.020634667923402978,-0.02063466792340301,-0.14387938977820602,-0.02063466792340301,0.061313043846198005,0.06131304384619792,0.061313043846197936,0.061313043846197936
log_beds,0.0658136792434711,,0.015082212369195724,-0.22053872352915196,-0.21398752136087057,,0.004398684346082886,-0.02049693447635381,0.8204100946969958,0.5089052977594757,0.8109648655891313,0.9433317155593337,-0.12666371257181588,0.019079214034682483,-0.1357975304718629,-0.14311586901829373,0.09197662879917905,0.05097404672989833,-0.1497905014189725,0.0879240074512104,,0.05886591029427051,0.10435113682576237,0.11504747890858084,0.11293003879358986,0.008563564385978996,0.06590859153108733,0.05953055783014205,0.11417183541001419,0.04933026735258924,0.04829060606539545,0.009756917471329915,0.09991730547392196,0.0727383221350108,0.059653865270499894,0.09333710023288147,0.09883086663411966,0.0031886523102093245,0.08848966268185682,-0.14646181927223004,-0.06442587476053264,-0.36064079020406026,-0.041543378760525336,0.07635760546410372,-0.1366743746263823,0.4181765922124224,-0.15313462640393516,-0.39053281778373017,0.07977956806126925,0.8103202346785788,1.0,-0.13667437462638288,0.5797558895303724,0.41817659221242265,0.008563564385978923,0.08255114973162055,0.07635760546410379,-0.11293003879359005,0.04829060606539537,-0.006064662449545282,-0.1366852396475505,0.00975691747132991,-0.16080306803311073,-0.1665746868539735,0.10715329047468075,-0.14646181927223004,-0.1569915223679976,,,,,,,,,-0.13668523964755055,-0.13668523964755122,-0.13668523964755128,-0.09932317134307767,-0.13668523964755128,0.009756917471329903,0.009756917471329861,0.00975691747132987,0.00975691747132987
price_zscore,0.010560805650624767,,0.0772211193577246,0.7035512507233072,0.7042024490746625,,-0.025007845131857123,-0.017720085466589246,-0.020458297078665325,-0.02146139170089428,-0.031224656754694324,-0.06351141735091853,-0.04443688939223008,0.11583374391974278,-0.04322436506008041,-0.04698529934292559,-0.1015548887451787,0.06478698216666208,-0.04899467024183191,-0.0658569164507685,,0.010030589394794969,0.0007243257374174504,0.013786984766528905,0.02299591205908293,-0.036313189693386184,-0.04571068409968875,-0.04598044238144299,0.016607885861102067,-0.031140631855141845,-0.0695634902887669,0.5224063004436945,0.0015832596151253125,0.019053426264922083,0.031099401754103296,0.0007445730292261221,-0.024979446383303468,0.03231343654238198,-0.012034225460128353,0.023545433607456073,-0.04578574445202927,0.3065059172081169,-0.004531371023567491,-0.04082297875359747,1.000000000000002,0.5623192176309052,0.9690292457645256,0.6613435501370188,-0.06967764549148471,-0.020676742713254044,-0.13667437462638288,1.0,0.138114875192249,0.5623192176309035,-0.03631318969338605,-0.06706132751327609,-0.04082297875359764,-0.022995912059082982,-0.06956349028876664,-0.02799910360921487,0.9855458954487506,0.5224063004436945,0.9666926650273746,0.9871239606807944,0.2739205613221678,0.023545433607456066,0.02847718120373748,,,,,,,,,0.9855458954487506,0.9855458954487492,0.9855458954487536,-0.02507324741897606,0.9855458954487536,0.5224063004436945,0.5224063004436943,0.5224063004436929,0.5224063004436929
price_percentile,0.053202824759878344,,0.010896141829378808,0.11062572242929501,0.12189634714310466,,-0.012490078580785668,-0.11139922076945834,0.6729334976074942,0.4747881915217988,0.6163114013124867,0.5750581970508879,-0.2565592659361792,0.03899518340286948,-0.26367743472718547,-0.27099085183166993,0.0014773322071772647,0.03579920206305028,-0.28558193138446086,0.008320423725024595,,0.10278926512046277,0.07914796247254056,0.06689616779846806,0.04310430933855531,0.011779947690121544,0.10513118366274492,0.13431209031196495,0.06399689542749247,0.05551805989291539,0.03680927781630789,0.1675851648402758,0.23091186233691938,0.21831517360569713,0.2127740532956946,0.11696665748675773,0.15441493074395396,0.21579137559227293,0.1753785301502465,-0.10144508959404966,-0.04648640742952431,-0.24047117604535329,-0.07074429324231359,0.1358380353807108,0.13811487519224874,0.8625295418385421,0.10858290293230195,0.22763694725260328,0.10907863973630706,0.704550912048701,0.5797558895303724,0.138114875192249,1.0,0.8625295418385399,0.011779947690121435,0.10947034143002683,0.13583803538071057,-0.043104309338555274,0.03680927781630775,0.0021588193591921766,0.14490263158109043,0.16758516484027583,0.11065769612872191,0.11799500016264552,0.3562721358918914,-0.10144508959404963,-0.20876734690398366,,,,,,,,,0.1449026315810904,0.14490263158109065,0.14490263158109096,-0.1714780438230177,0.14490263158109096,0.1675851648402758,0.16758516484027558,0.16758516484027572,0.16758516484027572
log_price_zscore,0.045647764839820734,,0.04707702059382514,0.4325921085331397,0.440740167874284,,-0.02266026025451056,-0.10644974296633822,0.5762840604861794,0.42016593174006245,0.5173619423892741,0.46928035918192595,-0.2315282737481361,0.08630022219773767,-0.23376354441923541,-0.24094455511235072,-0.053984871571781085,0.056322931878659964,-0.2537442575602429,-0.03010365458661464,,0.09236039292033944,0.06795060238095799,0.06639065989096349,0.056687227921381075,-0.011362817431576666,0.05337234529336847,0.07722822693528252,0.06612576214333714,0.025097164467728125,-0.01556710169034526,0.365433047877807,0.19219950747163211,0.19160047985309014,0.19194159563839863,0.09741127504685328,0.12181830263905849,0.18927403699742978,0.13500035442336597,-0.05745117363318917,-0.04595185735471809,-0.048794798652014915,-0.06386909732606376,0.08160535456865362,0.5623192176309034,1.0000000000000007,0.515150509291978,0.5059767875417868,0.04721136741109477,0.5903257003999367,0.41817659221242265,0.5623192176309035,0.8625295418385399,1.0,-0.011362817431576758,0.04870367322983346,0.08160535456865364,-0.05668722792138109,-0.015567101690345366,-0.01588408633228931,0.5626204344428043,0.365433047877807,0.5157434213902656,0.5405766436617987,0.43049223330045944,-0.05745117363318917,-0.14687710199846118,,,,,,,,,0.5626204344428044,0.5626204344428032,0.5626204344428052,-0.15167623072291633,0.5626204344428052,0.36543304787780706,0.3654330478778071,0.36543304787780756,0.36543304787780756
reviews_zscore,-0.5580056565495142,,-0.24671840328981923,-0.0696271547212164,-0.0626189098790636,,-0.0003632619510773456,-0.08927460272106783,0.0030815770898883488,-0.07609432858625563,-0.07901582061032664,-0.010234972192597738,-0.2514440768823483,0.16068899316128882,-0.2464666948011638,-0.22038300138092778,0.2537419833171899,0.2433016046184271,-0.22779981274065025,0.2565187353686423,,0.03769579334660482,0.047223370017209255,0.048406596622167904,-0.03717828963376389,0.9999999999999987,0.6812657440778139,0.440470212876018,0.04633985779370727,0.7841359359136897,0.5419748148808581,0.07501134148100211,0.13145373154528914,0.14465414049486783,0.10406808943813682,0.10614377620919534,0.11270379340954233,0.15436769792677235,0.15187038557604396,-0.06244684199466357,-0.03976065383659437,-0.09877210150153876,-0.015803741709974794,0.6073811212316844,-0.03631318969338612,-0.011362817431571448,-0.03323439602317473,-0.048010466168765364,0.7271460637441467,0.03779250558106983,0.008563564385978923,-0.03631318969338605,0.011779947690121435,-0.011362817431576758,1.0,0.7240016165048911,0.607381121231686,0.03717828963376443,0.5419748148808595,0.4805400406251423,-0.03378182703050917,0.07501134148100214,-0.03182173194959886,-0.032771998820183855,0.08652267993468264,-0.062446841994663556,-0.04612444948044853,,,,,,,,,-0.03378182703050925,-0.0337818270305092,-0.033781827030509255,-0.09387238722796244,-0.033781827030509255,0.0750113414810022,0.07501134148100216,0.07501134148100218,0.07501134148100218
reviews_percentile,-0.6196699647168031,,-0.2562717092030282,-0.12383326313545516,-0.1097208757513781,,-0.012302348343321699,-0.10826200392385481,0.08199645652235066,0.000359290165032114,-0.04317303122798209,0.06470753711040607,-0.4367868107173654,0.1265516732031243,-0.44236067102076493,-0.37239529507600344,0.32195718758063574,0.2983734044863282,-0.3951332008324257,0.32275086860084273,,0.08478032444311656,0.07446182198172897,0.058004590746877895,-0.10591869971058658,0.7240016165048923,0.7110002180197474,0.4751941621643792,0.0523529603131846,0.7419951380102356,0.7043349834925017,0.12942703868865246,0.19748908615694602,0.2067994886422454,0.1628456906209137,0.13607985399169803,0.17470328772060725,0.19103527889988448,0.22584128376477278,-0.09355075577236092,-0.07159630724102022,-0.09518121528500469,-0.02040586711475719,0.6269572471758292,-0.06706132751327609,0.04870367322983984,-0.06008314033038306,-0.06607478292779566,0.9960420027017564,0.11800885322666708,0.08255114973162055,-0.06706132751327609,0.10947034143002683,0.04870367322983346,0.7240016165048911,1.0,0.6269572471758281,0.105918699710587,0.7043349834925033,0.43601876607385265,-0.06066366681191392,0.12942703868865246,-0.05757879791873843,-0.06432487779038658,0.15451069653102456,-0.09355075577236087,-0.07293345528832697,,,,,,,,,-0.06066366681191398,-0.06066366681191391,-0.0606636668119138,-0.14530540545840973,-0.0606636668119138,0.12942703868865252,0.12942703868865255,0.12942703868865255,0.12942703868865255
reviews_per_month_zscore,-0.016777369775067476,,-0.003073414890353282,-0.08497707987461656,-0.07849483817742618,,-0.024576568187634856,-0.1310766356518323,0.08931364338634777,-0.06501190054590184,-0.02854557886915633,0.054767401504580066,-0.3783686554237225,0.06663566136089585,-0.3752757176703952,-0.3321532579738055,0.13773028591553715,0.12335719538998541,-0.34481179354437325,0.13346760590345688,,0.09105799112311656,0.11578514243920372,0.1170297388493292,0.036963107739592126,0.6073811212316838,0.8521854781117174,0.734945356048848,0.11403850774461159,0.6684743740882716,0.6418916581731864,0.09497162215450015,0.18267360387176657,0.17930739475066187,0.15914261733285356,0.11418750922577556,0.14341292620652937,0.16182094877914852,0.20591147208920985,-0.054938792672794536,-0.013913552984087394,-0.17742061381251556,-0.022828629515313607,0.9999999999999998,-0.04082297875359759,0.08160535456865373,-0.03991635611356294,-0.05999988660466156,0.6336047372284177,0.14233877542113257,0.07635760546410379,-0.04082297875359764,0.13583803538071057,0.08160535456865364,0.607381121231686,0.6269572471758281,1.0,-0.036963107739591994,0.6418916581731862,0.5608193404288218,-0.04096036852395507,0.09497162215450015,-0.039489261446067916,-0.03776131247025043,0.08098353143420947,-0.054938792672794515,-0.12069898953807527,,,,,,,,,-0.040960368523955085,-0.04096036852395495,-0.040960368523954994,-0.10776237151260742,-0.040960368523954994,0.09497162215450018,0.09497162215449996,0.09497162215449967,0.09497162215449967
occupancy_rate,-0.16497390772530304,,-0.11113723119667107,-0.042002951976495645,-0.03402418886336519,,0.057359264087342425,-0.0011267805065928716,-0.13842730899615988,0.004645862000894259,-0.09042036625205023,-0.1094083894556682,-0.038113764982711254,-0.11400809331515055,-0.03148815826856901,-0.067354094583753,-0.0673243391451928,-0.0854593846565085,-0.059519857292403264,-0.07563875113811558,,-0.37632683330324207,-0.5190652493329793,-0.5939301580298347,-1.0000000000000018,0.03717828963376473,-0.03168934495388196,-0.0739479289100453,-0.617520671153288,0.019180601266521494,-0.03223089977129964,-0.016303980905390945,0.04085111691670188,0.04571589817736061,0.053014602888322215,0.025578111764362345,0.02448112512119769,0.0347955565456335,0.07892258685600854,-0.09132382475824888,-0.11555016515415507,0.1076071544641606,-0.01536534398708523,-0.03696310773959185,-0.022995912059083048,-0.056687227921379924,-0.018848023072754433,0.08156279658351975,0.10819511762248099,-0.14311040286194218,-0.11293003879359005,-0.022995912059082982,-0.043104309338555274,-0.05668722792138109,0.03717828963376443,0.105918699710587,-0.036963107739591994,1.0,-0.03223089977129955,-0.045360562089977026,0.03975275561733735,-0.016303980905390945,0.02194608321505208,0.015503466365716518,0.745992282176916,-0.09132382475824892,-0.005026680102368384,,,,,,,,,0.03975275561733736,0.03975275561733742,0.039752755617337446,-0.2956807163443848,0.039752755617337446,-0.016303980905390925,-0.016303980905390876,-0.016303980905390904,-0.016303980905390904
occupancy_rate_booked,-0.22352628051002643,,-0.133205596548288,-0.1026164356999547,-0.09955344162823836,,-0.021802969831973436,-0.12392300489504,0.0445611968825513,-0.04760567293350518,-0.05188452634639409,0.02437953145305215,-0.1623673753868146,0.06544200236798944,-0.21088273814294153,-0.166529876154601,0.19464235520984405,0.1707099723404317,-0.17499298574420444,0.19246028701350582,,0.04506782110125215,0.0720982611715023,0.08458042651895237,0.03223089977129996,0.5419748148808586,0.7865894929441881,0.5582351947883226,0.08642040836211132,0.6594959736406368,0.999999999999999,0.1473942643967488,0.16546100031089425,0.15417942645113997,0.1256486314757593,0.11842155308778851,0.1423184038974405,0.12861051959102401,0.16779101056828374,0.0124694520869724,0.04280218609655652,-0.13240174209724823,-0.039609816841679656,0.6418916581731857,-0.06956349028876671,-0.015567101690342644,-0.06431377791984777,-0.10426116272330706,0.7032779367946707,0.08445481927064559,0.04829060606539537,-0.06956349028876664,0.03680927781630775,-0.015567101690345366,0.5419748148808595,0.7043349834925033,0.6418916581731862,-0.03223089977129955,1.0,0.667683406887238,-0.06880137838595046,0.1473942643967488,-0.06425308601805678,-0.06716006990158077,0.0782324607474505,0.01246945208697238,-0.060615383748998816,,,,,,,,,-0.06880137838595049,-0.0688013783859507,-0.06880137838595013,-0.12221237225279383,-0.06880137838595013,0.14739426439674877,0.14739426439674835,0.14739426439674802,0.14739426439674802
occupancy_is_capped,-0.146997452155947,,-0.0898016477567873,-0.048027373392943044,-0.04625472781368624,,-0.03410314603151403,-0.08039429820415288,0.010239903795463818,-0.056443548345446404,-0.05538833945145358,-0.021584680735273525,-0.04580344309830586,0.0834082501554407,-0.10925685571426821,-0.09777022721614294,0.145527603383412,0.12882070559634048,-0.09941513215138087,0.14000565382391567,,0.005650241254731958,0.026139923095737976,0.0380529759197264,0.04536056208997715,0.48054004062514233,0.6879683070092713,0.47519481263516516,0.03882069658516799,0.6072005562584764,0.6676834068872385,0.09322657240089116,0.10613639547468112,0.10576309462228835,0.08459750532441536,0.06281380878231901,0.07183703968310397,0.0813129006689616,0.11457695871649914,0.014146298022749002,0.03539974445162925,-0.0930427509662512,-0.01872287547778127,0.5608193404288208,-0.027999103609214697,-0.015884086332287918,-0.02604239190433827,-0.05864397285346413,0.43081023240124905,0.04503794383477229,-0.006064662449545282,-0.02799910360921487,0.0021588193591921766,-0.01588408633228931,0.4805400406251423,0.43601876607385265,0.5608193404288218,-0.045360562089977026,0.667683406887238,1.0,-0.03007971952882921,0.09322657240089118,-0.02741257309247784,-0.02728764844298969,0.0322058309095403,0.014146298022748978,-0.021661229476322964,,,,,,,,,-0.030079719528829273,-0.03007971952882938,-0.030079719528829343,-0.07579139585987876,-0.030079719528829343,0.09322657240089126,0.09322657240089129,0.09322657240089126,0.09322657240089126
est_annual_revenue,0.002488382918284188,,0.07110272736717156,0.692515479039379,0.6933447882034416,,-0.023125156200782426,-0.017106504208401974,-0.02081948713564713,-0.01605194138648072,-0.028896091458200136,-0.06544479234972742,-0.0497911827388602,0.1070574260537587,-0.048070488823777506,-0.05329042181936358,-0.10670071386252653,0.05703075284772444,-0.05510049398628704,-0.07087232732288633,,-0.008189902064959186,-0.02669753772487538,-0.01755965869367811,-0.039752755617337425,-0.03378182703050912,-0.044800923958726695,-0.046635366904636356,-0.01616657245988582,-0.030091323609765817,-0.06880137838595045,0.4775094700616816,0.008188663700808412,0.02666264715769238,0.037429849254535665,0.0054980793508130725,-0.0204055766631742,0.038013196402696806,-0.0008662807410272137,0.018797127228021907,-0.05049797706892192,0.30639291522711887,-0.005064315777735474,-0.040960368523954814,0.9855458954487467,0.5626204344428054,0.9459589121682868,0.6616410136891078,-0.06348853572826141,-0.020634667923402957,-0.1366852396475505,0.9855458954487506,0.14490263158109043,0.5626204344428043,-0.03378182703050917,-0.06066366681191392,-0.04096036852395507,0.03975275561733735,-0.06880137838595046,-0.03007971952882921,1.0,0.4775094700616816,0.9673391173091934,0.9976993367325941,0.32179633675663866,0.018797127228021907,0.0286674324898048,,,,,,,,,1.0,0.9999999999999962,0.9999999999999976,-0.03875311159575327,0.9999999999999976,0.47750947006168154,0.47750947006168143,0.47750947006168154,0.47750947006168154
est_annual_revenue_booked,-0.025499290048053132,,0.012950675619667786,0.3312675917171435,0.3327768826191399,,-0.007255934910412438,-0.04587234353725663,0.0698144916095893,0.051966122281167385,0.049220625943481935,0.04913230369738594,-0.0723815042481591,0.06637746340550424,-0.07886000945459425,-0.0787481221024265,-0.016922716408196495,0.06290191182652792,-0.08179448171741335,-0.00041512677285210467,,0.006532632066724575,0.010105812904483006,0.01811585144922913,0.016303980905390817,0.07501134148100236,0.1295489137288372,0.08202485496008495,0.01921671562552575,0.12659776493591693,0.1473942643967481,1.0,0.0312894018628869,0.04783479693504574,0.04909965246606527,0.015009130309059749,-0.005226917454083348,0.053178843586840795,0.026259816315668035,-0.00258118454044069,-0.02767544911517239,0.11124640788465344,-0.010551649980196516,0.09497162215449985,0.5224063004436948,0.3654330478778082,0.6159393443220497,0.34990673695484387,0.12934068984151112,0.06131304384619801,0.00975691747132991,0.5224063004436945,0.16758516484027583,0.365433047877807,0.07501134148100214,0.12942703868865246,0.09497162215450015,-0.016303980905390945,0.1473942643967488,0.09322657240089118,0.4775094700616816,1.0,0.5754403958425597,0.4747278882889499,0.18227952580826773,-0.002581184540440687,-0.021204342460232686,,,,,,,,,0.4775094700616817,0.47750947006168276,0.47750947006168326,-0.04474711595800308,0.47750947006168326,1.0,0.9999999999999982,0.9999999999999977,0.9999999999999977
revenue_per_accommodates,0.004334390621400053,,0.07161260654603453,0.6681592270526185,0.6686807754080027,,-0.0217663686190368,-0.01514845776172741,-0.05901605060238095,-0.04330521772944157,-0.06208852414827601,-0.09223291316410986,-0.03977225975561741,0.10360394614163322,-0.038060396842635125,-0.042755359487179935,-0.10242897933026955,0.05485407414143779,-0.04412310673235441,-0.06861064691394053,,-0.010435309689866631,-0.024059794410525154,-0.013885926458111063,-0.021946083215052113,-0.031821731949598774,-0.04339814377459028,-0.0457042140427595,-0.012113836330155444,-0.02806051273292032,-0.06425308601805695,0.5754403958425597,-0.0050504763964989,0.016055631041331415,0.029288547520948553,-0.003246801329926281,-0.03287808376918894,0.030302733154444695,-0.009156383279929285,0.02401981970146282,-0.04495381764997438,0.3049036391024365,-0.0038313922451147036,-0.03948926144606792,0.9666926650273747,0.5157434213902656,0.9889070081751894,0.6510993889525152,-0.05951822161394048,-0.060638364036849905,-0.16080306803311073,0.9666926650273746,0.11065769612872191,0.5157434213902656,-0.03182173194959886,-0.05757879791873843,-0.039489261446067916,0.02194608321505208,-0.06425308601805678,-0.02741257309247784,0.9673391173091934,0.5754403958425597,1.0,0.969491222924604,0.28365742629261054,0.02401981970146281,0.03348650089902989,,,,,,,,,0.9673391173091934,0.967339117309192,0.9673391173091933,-0.030643119742782395,0.9673391173091933,0.5754403958425597,0.5754403958425582,0.5754403958425571,0.5754403958425571
revenue_per_bedroom,0.005005610508969576,,0.07640741142333958,0.6942958119061454,0.694530051159997,,-0.02524746253936511,-0.016906885859124098,-0.053410668575638594,-0.04601619763791542,-0.06834813835547818,-0.09436258332145456,-0.04402731429112606,0.11225260041238569,-0.041783990391024414,-0.046069839393158674,-0.10506922078401765,0.06091518516202932,-0.04781743844387975,-0.06881181918319511,,-0.0028876190663170453,-0.018366103184574746,-0.007985722164739261,-0.015503466365716527,-0.032771998820183786,-0.044116187340316464,-0.045979166481061026,-0.005981794056206396,-0.030073031703115406,-0.06716006990158074,0.4747278882889499,-0.001702446250136193,0.01781569140706924,0.029767583984736952,-0.000910383864269095,-0.02802147805974066,0.032474574831388305,-0.010308978096409462,0.02704204817121979,-0.044411467497096374,0.3127439048680995,-0.00391673821895882,-0.03776131247025039,0.9871239606807891,0.5405766436617981,0.9489877163211369,0.6631700218797535,-0.06717879551311241,-0.05075699949931508,-0.1665746868539735,0.9871239606807944,0.11799500016264552,0.5405766436617987,-0.032771998820183855,-0.06432487779038658,-0.03776131247025043,0.015503466365716518,-0.06716006990158077,-0.02728764844298969,0.9976993367325941,0.4747278882889499,0.969491222924604,1.0,0.2921061626068677,0.02704204817121978,0.0351063011891554,,,,,,,,,0.9976993367325941,0.9976993367325955,0.9976993367325935,-0.03016363557368606,0.9976993367325935,0.4747278882889499,0.47472788828894946,0.47472788828895013,0.47472788828895013
log_est_revenue,-0.13438012015210146,,-0.06642971693051895,0.20145714621562819,0.20554821257820746,,0.0696826254132352,-0.058393954742004615,0.17606737702975414,0.2173548618899664,0.17374057364195433,0.13816787776075137,-0.13702050011086386,-0.005317822592602379,-0.12379307520663799,-0.14679066471327462,-0.04930586182634956,0.003931427116197984,-0.14320945910786984,-0.039355833339243806,,-0.28680180649167536,-0.3827257619880339,-0.4122647818055532,-0.7459922821769187,0.08652267993468256,0.09038917572452798,0.06541818471392007,-0.42652282884171605,0.08808739455839176,0.07823246074745069,0.18227952580826773,0.1669747781739289,0.16701502567893775,0.17083749488362773,0.11063353717166492,0.12115481251631412,0.13566376589938492,0.16811679341953795,-0.10344837304618416,-0.12517856734484198,0.09859800983661028,-0.07497886356875852,0.0809835314342095,0.2739205613221678,0.43049223330046116,0.2533352349384563,0.30377960776122076,0.15362521069464757,0.17273374933762448,0.10715329047468075,0.2739205613221678,0.3562721358918914,0.43049223330045944,0.08652267993468264,0.15451069653102456,0.08098353143420947,0.745992282176916,0.0782324607474505,0.0322058309095403,0.32179633675663866,0.18227952580826773,0.28365742629261054,0.2921061626068677,1.0,-0.10344837304618414,-0.09678917677301004,,,,,,,,,0.3217963367566387,0.32179633675663843,0.3217963367566391,-0.592591116527454,0.3217963367566391,0.1822795258082677,0.18227952580826745,0.18227952580826778,0.18227952580826778
host_listings_in_city,0.1362867624251582,,0.06619835738733147,0.12490951449135984,0.09027370903045596,,-0.06506807833056084,-0.05832770755483387,-0.0895634549506874,-0.0747792710359517,-0.1119631657241516,-0.14438058614063667,0.0892376316161139,0.055893791703872486,0.07880210500117439,0.09851417264522884,-0.023202543035832676,0.009075020666821306,0.08184744531062846,-0.014527542491945142,,-0.03876410942460169,-0.020263277678977076,-0.006162764421530552,0.09132382475824903,-0.062446841994663625,-0.020028326872894006,-0.04322138766859229,0.0012856390271536846,-0.031746850790882304,0.012469452086972404,-0.002581184540440687,-0.14011721157366278,-0.10041710679961403,-0.11632729682458769,-0.0846260875587393,-0.06691024716230658,-0.08346023197021023,-0.16594366077428793,1.0,0.9740554435539001,0.10629471497991248,-0.025492390648664612,-0.0549387926727945,0.023545433607455975,-0.05745117363319049,0.025563477943524177,0.005467384875346497,-0.09263520773430214,-0.05689002288878477,-0.14646181927223004,0.023545433607456066,-0.10144508959404963,-0.05745117363318917,-0.062446841994663556,-0.09355075577236087,-0.054938792672794515,-0.09132382475824892,0.01246945208697238,0.014146298022748978,0.018797127228021907,-0.002581184540440687,0.02401981970146281,0.02704204817121978,-0.10344837304618414,1.0,0.36806325422411756,,,,,,,,,0.018797127228021956,0.018797127228021963,0.018797127228021925,0.05658798960800614,0.018797127228021925,-0.0025811845404406955,-0.002581184540440683,-0.0025811845404406725,-0.0025811845404406725
host_is_professional,0.021923506168772863,,-0.025372654048870725,0.09311436341314902,0.08179114557962837,,-0.04948398632888486,-0.03957566054584283,-0.1392937862025737,-0.07713021427140575,-0.14521880194294984,-0.12508069905439448,0.06331581219668231,0.02089189754502256,0.0576857937529141,0.10204742244361667,0.04735854648502031,0.06730198320910442,0.0897234630608207,0.05635194641310993,,0.002217687106495579,0.0011607915715034134,0.005016366670025561,0.005026680102368265,-0.04612444948044851,-0.08798093961936862,-0.15916526570562706,0.00784440322138622,-0.042196567200837115,-0.06061538374899875,-0.021204342460232686,-0.15104536562899634,-0.13088369125116361,-0.1346319135984722,-0.1110199925814962,-0.11531149508048405,-0.08655808075571379,-0.1494376026222035,0.36806325422411756,0.3242619248678495,0.1887922740412462,0.024308468826225584,-0.12069898953807481,0.028477181203737496,-0.1468771019984618,0.031893162572988944,0.014687517596317172,-0.07133816362641211,-0.1713941868618491,-0.1569915223679976,0.02847718120373748,-0.20876734690398366,-0.14687710199846118,-0.04612444948044853,-0.07293345528832697,-0.12069898953807527,-0.005026680102368384,-0.060615383748998816,-0.021661229476322964,0.0286674324898048,-0.021204342460232686,0.03348650089902989,0.0351063011891554,-0.09678917677301004,0.36806325422411756,1.0,,,,,,,,,0.028667432489804783,0.02866743248980488,0.02866743248980486,0.05809240354183973,0.02866743248980486,-0.021204342460232697,-0.02120434246023269,-0.021204342460232704,-0.021204342460232704
pct_professional_hosts,,,,,,,,,,,,,,,,,,,,,,,,,,,,,,,,,,,,,,,,,,,,,,,,,,,,,,,,,,,,,,,,,,,,,,,,,,,,,,,,,,,,
pct_large_operators,,,,,,,,,,,,,,,,,,,,,,,,,,,,,,,,,,,,,,,,,,,,,,,,,,,,,,,,,,,,,,,,,,,,,,,,,,,,,,,,,,,,
median_host_listings,,,,,,,,,,,,,,,,,,,,,,,,,,,,,,,,,,,,,,,,,,,,,,,,,,,,,,,,,,,,,,,,,,,,,,,,,,,,,,,,,,,,
gini_host_concentration,,,,,,,,,,,,,,,,,,,,,,,,,,,,,,,,,,,,,,,,,,,,,,,,,,,,,,,,,,,,,,,,,,,,,,,,,,,,,,,,,,,,
market_professionalization_score,,,,,,,,,,,,,,,,,,,,,,,,,,,,,,,,,,,,,,,,,,,,,,,,,,,,,,,,,,,,,,,,,,,,,,,,,,,,,,,,,,,,
purchase_price,,,,,,,,,,,,,,,,,,,,,,,,,,,,,,,,,,,,,,,,,,,,,,,,,,,,,,,,,,,,,,,,,,,,,,,,,,,,,,,,,,,,
monthly_payment,,,,,,,,,,,,,,,,,,,,,,,,,,,,,,,,,,,,,,,,,,,,,,,,,,,,,,,,,,,,,,,,,,,,,,,,,,,,,,,,,,,,
zori_rent,,,,,,,,,,,,,,,,,,,,,,,,,,,,,,,,,,,,,,,,,,,,,,,,,,,,,,,,,,,,,,,,,,,,,,,,,,,,,,,,,,,,
annual_cash_flow,0.0024883829182843612,,0.07110272736717164,0.692515479039379,0.6933447882034415,,-0.023125156200782412,-0.017106504208401933,-0.020819487135647123,-0.01605194138648072,-0.028896091458200143,-0.06544479234972748,-0.04979118273886019,0.1070574260537587,-0.04807048882377753,-0.05329042181936359,-0.10670071386252661,0.057030752847724395,-0.05510049398628707,-0.07087232732288645,,-0.008189902064959174,-0.026697537724875382,-0.017559658693678117,-0.03975275561733738,-0.033781827030509186,-0.04480092395872673,-0.046635366904636405,-0.016166572459885828,-0.030091323609765897,-0.06880137838595045,0.4775094700616817,0.008188663700808427,0.026662647157692395,0.03742984925453568,0.005498079350813081,-0.02040557666317422,0.03801319640269679,-0.0008662807410272097,0.018797127228021956,-0.05049797706892191,0.30639291522711876,-0.005064315777735469,-0.04096036852395481,0.9855458954487468,0.5626204344428054,0.9459589121682868,0.6616410136891077,-0.06348853572826149,-0.02063466792340294,-0.13668523964755055,0.9855458954487506,0.1449026315810904,0.5626204344428044,-0.03378182703050925,-0.06066366681191398,-0.040960368523955085,0.03975275561733736,-0.06880137838595049,-0.030079719528829273,1.0,0.4775094700616817,0.9673391173091934,0.9976993367325941,0.3217963367566387,0.018797127228021956,0.028667432489804783,,,,,,,,,1.0,0.9999999999999964,0.9999999999999976,-0.03875311159575332,0.9999999999999976,0.4775094700616816,0.47750947006168154,0.4775094700616815,0.4775094700616815
cash_on_cash_roi,0.0024883829182842676,,0.07110272736717198,0.6925154790393833,0.6933447882034413,,-0.023125156200782405,-0.017106504208401953,-0.02081948713564716,-0.016051941386480757,-0.02889609145820006,-0.06544479234972769,-0.04979118273886029,0.10705742605375873,-0.0480704888237776,-0.053290421819363616,-0.10670071386252643,0.05703075284772464,-0.05510049398628747,-0.07087232732288656,,-0.00818990206495919,-0.026697537724875525,-0.017559658693678128,-0.039752755617337425,-0.033781827030509325,-0.04480092395872689,-0.046635366904636655,-0.016166572459885828,-0.030091323609765866,-0.06880137838595067,0.47750947006168276,0.00818866370080844,0.02666264715769239,0.037429849254535685,0.005498079350813079,-0.020405576663174108,0.03801319640269692,-0.0008662807410272027,0.018797127228021963,-0.05049797706892194,0.30639291522712014,-0.005064315777735498,-0.04096036852395497,0.9855458954487513,0.5626204344428045,0.9459589121682891,0.6616410136891091,-0.06348853572826148,-0.020634667923402978,-0.13668523964755122,0.9855458954487492,0.14490263158109065,0.5626204344428032,-0.0337818270305092,-0.06066366681191391,-0.04096036852395495,0.03975275561733742,-0.0688013783859507,-0.03007971952882938,0.9999999999999962,0.47750947006168276,0.967339117309192,0.9976993367325955,0.32179633675663843,0.018797127228021963,0.02866743248980488,,,,,,,,,0.9999999999999964,1.0,1.000000000000005,-0.03875311159575334,1.000000000000005,0.47750947006168276,0.4775094700616828,0.4775094700616821,0.4775094700616821
cap_rate,0.0024883829182842016,,0.07110272736717181,0.6925154790393813,0.6933447882034414,,-0.02312515620078242,-0.017106504208401922,-0.020819487135647265,-0.016051941386480716,-0.02889609145820012,-0.06544479234972739,-0.0497911827388602,0.10705742605375874,-0.04807048882377769,-0.05329042181936371,-0.10670071386252653,0.057030752847724506,-0.05510049398628722,-0.07087232732288672,,-0.00818990206495919,-0.026697537724875504,-0.017559658693678135,-0.03975275561733747,-0.033781827030509075,-0.04480092395872673,-0.04663536690463658,-0.016166572459885828,-0.030091323609765862,-0.06880137838595031,0.47750947006168326,0.00818866370080844,0.026662647157692364,0.03742984925453568,0.0054980793508130725,-0.020405576663174108,0.03801319640269681,-0.0008662807410272176,0.018797127228021925,-0.050497977068921875,0.30639291522711953,-0.005064315777735497,-0.040960368523954946,0.9855458954487486,0.5626204344428064,0.945958912168289,0.6616410136891085,-0.0634885357282615,-0.02063466792340301,-0.13668523964755128,0.9855458954487536,0.14490263158109096,0.5626204344428052,-0.033781827030509255,-0.0606636668119138,-0.040960368523954994,0.039752755617337446,-0.06880137838595013,-0.030079719528829343,0.9999999999999976,0.47750947006168326,0.9673391173091933,0.9976993367325935,0.3217963367566391,0.018797127228021925,0.02866743248980486,,,,,,,,,0.9999999999999976,1.000000000000005,1.0,-0.0387531115957534,1.0,0.47750947006168326,0.47750947006168243,0.4775094700616829,0.4775094700616829
price_to_rent_ratio,0.08953519687156564,,0.0782998007255127,-0.018856830661648342,-0.019350702559931265,,-0.06364666704638587,0.08641183222404944,-0.12440665863874213,-0.10727697997396254,-0.10926849244998613,-0.10045676116096798,0.11397401128972519,-0.024146979471085725,0.11146438188563171,0.10427149012124147,-0.0308163878820935,-0.04110904159382574,0.10879705306289278,-0.03502919872441794,,0.2819610788011837,0.2724229382211968,0.2514559325594138,0.2956807163443843,-0.09387238722796247,-0.11870858917251624,-0.09476984215090359,0.2513401187131283,-0.10551610584300569,-0.12221237225279415,-0.04474711595800308,-0.12950357324841547,-0.11945525577825464,-0.13502408144173605,-0.09505134801588888,-0.12041895193198986,-0.0911198224385287,-0.1399169339587067,0.05658798960800614,0.05069830087599542,0.02238460726862254,0.13277106563802196,-0.10776237151260762,-0.02507324741897612,-0.1516762307229169,-0.019801610349712874,-0.018839935430258352,-0.14504376900564928,-0.14387938977820602,-0.09932317134307767,-0.02507324741897606,-0.1714780438230177,-0.15167623072291633,-0.09387238722796244,-0.14530540545840973,-0.10776237151260742,-0.2956807163443848,-0.12221237225279383,-0.07579139585987876,-0.03875311159575327,-0.04474711595800308,-0.030643119742782395,-0.03016363557368606,-0.592591116527454,0.05658798960800614,0.05809240354183973,,,,,,,,,-0.03875311159575332,-0.03875311159575334,-0.0387531115957534,1.0,-0.038753111595753405,-0.04474711595800311,-0.04474711595800291,-0.04474711595800296,-0.04474711595800296
revenue_yield,0.0024883829182842016,,0.07110272736717181,0.6925154790393813,0.6933447882034414,,-0.02312515620078242,-0.017106504208401922,-0.020819487135647265,-0.016051941386480716,-0.02889609145820012,-0.06544479234972739,-0.0497911827388602,0.10705742605375874,-0.04807048882377769,-0.05329042181936371,-0.10670071386252653,0.057030752847724506,-0.05510049398628722,-0.07087232732288672,,-0.00818990206495919,-0.026697537724875504,-0.017559658693678135,-0.03975275561733747,-0.033781827030509075,-0.04480092395872673,-0.04663536690463658,-0.016166572459885828,-0.030091323609765862,-0.06880137838595031,0.47750947006168326,0.00818866370080844,0.026662647157692364,0.03742984925453568,0.0054980793508130725,-0.020405576663174108,0.03801319640269681,-0.0008662807410272176,0.018797127228021925,-0.050497977068921875,0.30639291522711953,-0.005064315777735497,-0.040960368523954946,0.9855458954487486,0.5626204344428064,0.945958912168289,0.6616410136891085,-0.0634885357282615,-0.02063466792340301,-0.13668523964755128,0.9855458954487536,0.14490263158109096,0.5626204344428052,-0.033781827030509255,-0.0606636668119138,-0.040960368523954994,0.039752755617337446,-0.06880137838595013,-0.030079719528829343,0.9999999999999976,0.47750947006168326,0.9673391173091933,0.9976993367325935,0.3217963367566391,0.018797127228021925,0.02866743248980486,,,,,,,,,0.9999999999999976,1.000000000000005,1.0,-0.038753111595753405,1.0,0.47750947006168326,0.47750947006168243,0.4775094700616829,0.4775094700616829
annual_cash_flow_booked,-0.025499290048053236,,0.012950675619667715,0.3312675917171435,0.33277688261914,,-0.007255934910412435,-0.04587234353725662,0.06981449160958927,0.051966122281167405,0.049220625943481935,0.049132303697385984,-0.0723815042481591,0.06637746340550431,-0.07886000945459425,-0.07874812210242645,-0.016922716408196477,0.06290191182652796,-0.08179448171741337,-0.0004151267728520782,,0.006532632066724561,0.010105812904483001,0.018115851449229146,0.016303980905390814,0.0750113414810024,0.12954891372883728,0.08202485496008496,0.019216715625525703,0.12659776493591698,0.14739426439674813,1.0,0.03128940186288691,0.047834796935045686,0.04909965246606527,0.01500913030905974,-0.0052269174540833544,0.05317884358684081,0.02625981631566802,-0.0025811845404406955,-0.027675449115172408,0.11124640788465334,-0.010551649980196523,0.0949716221544998,0.5224063004436948,0.36543304787780817,0.6159393443220497,0.349906736954844,0.1293406898415112,0.061313043846198005,0.009756917471329903,0.5224063004436945,0.1675851648402758,0.36543304787780706,0.0750113414810022,0.12942703868865252,0.09497162215450018,-0.016303980905390925,0.14739426439674877,0.09322657240089126,0.47750947006168154,1.0,0.5754403958425597,0.4747278882889499,0.1822795258082677,-0.0025811845404406955,-0.021204342460232697,,,,,,,,,0.4775094700616816,0.47750947006168276,0.47750947006168326,-0.04474711595800311,0.47750947006168326,1.0,0.9999999999999982,0.9999999999999977,0.9999999999999977
cash_on_cash_roi_booked,-0.025499290048053246,,0.012950675619667736,0.3312675917171441,0.33277688261914,,-0.007255934910412397,-0.04587234353725654,0.06981449160958923,0.051966122281167426,0.04922062594348157,0.04913230369738594,-0.07238150424815909,0.06637746340550396,-0.07886000945459434,-0.07874812210242671,-0.016922716408196432,0.06290191182652811,-0.08179448171741356,-0.0004151267728520299,,0.006532632066724546,0.010105812904483038,0.018115851449229184,0.01630398090539079,0.07501134148100248,0.1295489137288374,0.08202485496008463,0.01921671562552573,0.12659776493591707,0.14739426439674833,0.9999999999999982,0.031289401862886805,0.047834796935045686,0.0490996524660653,0.015009130309059713,-0.005226917454083345,0.05317884358684062,0.02625981631566798,-0.002581184540440683,-0.02767544911517232,0.11124640788465298,-0.010551649980196484,0.09497162215449972,0.5224063004436919,0.365433047877809,0.6159393443220477,0.34990673695484303,0.12934068984151134,0.06131304384619792,0.009756917471329861,0.5224063004436943,0.16758516484027558,0.3654330478778071,0.07501134148100216,0.12942703868865255,0.09497162215449996,-0.016303980905390876,0.14739426439674835,0.09322657240089129,0.47750947006168143,0.9999999999999982,0.5754403958425582,0.47472788828894946,0.18227952580826745,-0.002581184540440683,-0.02120434246023269,,,,,,,,,0.47750947006168154,0.4775094700616828,0.47750947006168243,-0.04474711595800291,0.47750947006168243,0.9999999999999982,1.0,0.9999999999999987,0.9999999999999987
cap_rate_booked,-0.025499290048053153,,0.012950675619667758,0.3312675917171434,0.3327768826191409,,-0.007255934910412414,-0.045872343537256575,0.06981449160958922,0.05196612228116746,0.04922062594348172,0.04913230369738591,-0.07238150424815894,0.0663774634055039,-0.07886000945459397,-0.07874812210242649,-0.0169227164081964,0.06290191182652796,-0.08179448171741342,-0.0004151267728520062,,0.006532632066724551,0.010105812904483027,0.018115851449229156,0.016303980905390775,0.0750113414810023,0.12954891372883712,0.08202485496008484,0.01921671562552581,0.12659776493591676,0.1473942643967483,0.9999999999999977,0.031289401862886757,0.04783479693504559,0.04909965246606519,0.01500913030905966,-0.005226917454083295,0.05317884358684058,0.026259816315667928,-0.0025811845404406725,-0.02767544911517232,0.11124640788465291,-0.01055164998019651,0.09497162215449952,0.522406300443691,0.36543304787780817,0.6159393443220493,0.3499067369548436,0.12934068984151087,0.061313043846197936,0.00975691747132987,0.5224063004436929,0.16758516484027572,0.36543304787780756,0.07501134148100218,0.12942703868865255,0.09497162215449967,-0.016303980905390904,0.14739426439674802,0.09322657240089126,0.47750947006168154,0.9999999999999977,0.5754403958425571,0.47472788828895013,0.18227952580826778,-0.0025811845404406725,-0.021204342460232704,,,,,,,,,0.4775094700616815,0.4775094700616821,0.4775094700616829,-0.04474711595800296,0.4775094700616829,0.9999999999999977,0.9999999999999987,1.0,1.0
revenue_yield_booked,-0.025499290048053153,,0.012950675619667758,0.3312675917171434,0.3327768826191409,,-0.007255934910412414,-0.045872343537256575,0.06981449160958922,0.05196612228116746,0.04922062594348172,0.04913230369738591,-0.07238150424815894,0.0663774634055039,-0.07886000945459397,-0.07874812210242649,-0.0169227164081964,0.06290191182652796,-0.08179448171741342,-0.0004151267728520062,,0.006532632066724551,0.010105812904483027,0.018115851449229156,0.016303980905390775,0.0750113414810023,0.12954891372883712,0.08202485496008484,0.01921671562552581,0.12659776493591676,0.1473942643967483,0.9999999999999977,0.031289401862886757,0.04783479693504559,0.04909965246606519,0.01500913030905966,-0.005226917454083295,0.05317884358684058,0.026259816315667928,-0.0025811845404406725,-0.02767544911517232,0.11124640788465291,-0.01055164998019651,0.09497162215449952,0.522406300443691,0.36543304787780817,0.6159393443220493,0.3499067369548436,0.12934068984151087,0.061313043846197936,0.00975691747132987,0.5224063004436929,0.16758516484027572,0.36543304787780756,0.07501134148100218,0.12942703868865255,0.09497162215449967,-0.016303980905390904,0.14739426439674802,0.09322657240089126,0.47750947006168154,0.9999999999999977,0.5754403958425571,0.47472788828895013,0.18227952580826778,-0.0025811845404406725,-0.021204342460232704,,,,,,,,,0.4775094700616815,0.4775094700616821,0.4775094700616829,-0.04474711595800296,0.4775094700616829,0.9999999999999977,0.9999999999999987,1.0,1.0
