,id,scrape_id,host_id,host_listings_count,host_total_listings_count,neighbourhood_group_cleansed,latitude,longitude,accommodates,bathrooms,bedrooms,beds,minimum_nights,maximum_nights,minimum_minimum_nights,maximum_minimum_nights,minimum_maximum_nights,maximum_maximum_nights,minimum_nights_avg_ntm,maximum_nights_avg_ntm,calendar_updated,availability_30,availability_60,availability_90,availability_365,number_of_reviews,number_of_reviews_ltm,number_of_reviews_l30d,availability_eoy,number_of_reviews_ly,estimated_occupancy_l365d,estimated_revenue_l365d,review_scores_rating,review_scores_accuracy,review_scores_cleanliness,review_scores_checkin,review_scores_communication,review_scores_location,review_scores_value,calculated_host_listings_count,calculated_host_listings_count_entire_homes,calculated_host_listings_count_private_rooms,calculated_host_listings_count_shared_rooms,reviews_per_month,price_clean,log_price,price_per_accommodates,log_price_per_accommodates,log_reviews,log_accommodates,log_beds,price_zscore,price_percentile,log_price_zscore,reviews_zscore,reviews_percentile,reviews_per_month_zscore,occupancy_rate,occupancy_rate_booked,occupancy_is_capped,est_annual_revenue,est_annual_revenue_booked,revenue_per_accommodates,revenue_per_bedroom,log_est_revenue,host_listings_in_city,host_is_professional,pct_professional_hosts,pct_large_operators,median_host_listings,gini_host_concentration,market_professionalization_score,purchase_price,monthly_payment,zori_rent,annual_cash_flow,cash_on_cash_roi,cap_rate,price_to_rent_ratio,revenue_yield,annual_cash_flow_booked,cash_on_cash_roi_booked,cap_rate_booked,revenue_yield_booked
id,1.0,,0.5318812676194126,0.11861573088875892,0.12124229536243256,,0.10850959953186887,0.07267388511281812,0.046647661573890116,0.021699838308662966,0.0001716874900697875,-0.004542861993110042,-0.1375630863131612,-0.01587996184188464,-0.13653035796368493,-0.1015751192737492,-0.04628936720820196,-0.04628927608874071,-0.13628115692332174,-0.04628047325667436,,0.1815846276982201,0.1863234532090475,0.17825882846125968,0.1349057302124718,-0.331025683339184,-0.05533341148325583,0.006365003825504488,0.1727715931785985,-0.14674521551365924,-0.1567643245238064,-0.11678677427374651,-0.07995527903535898,-0.11475312393558967,-0.06592924159952644,-0.06792953083852137,-0.07979064959212988,-0.08662331825434214,-0.06592886241742829,0.17229332359254987,0.035526315881867054,0.17543058054212296,-0.015098706653442692,0.08764206401360378,0.04780164288063546,0.09583005035485954,0.026227656265920028,0.08900888760735032,-0.4837721561379605,0.035513760859384395,-0.008997517716451625,0.04780164288063561,0.10880417224103217,0.09583005035486031,-0.3310256833391839,-0.4839749492856005,0.08764206401360443,-0.1349057302124707,-0.15676432452380776,-0.09368891784341622,-0.02257368651663352,-0.11678677427374651,-0.030435188484486755,-0.01986018309374878,-0.03880250384065817,0.17229332359254987,0.14189748737388386,,,,,,,,,-0.02257368651663352,-0.022573686516633246,-0.02257368651663221,0.0007730928237670534,-0.02257368651663221,-0.1167867742737447,-0.11678677427374405,-0.11678677427374413,-0.11678677427374413
scrape_id,,,,,,,,,,,,,,,,,,,,,,,,,,,,,,,,,,,,,,,,,,,,,,,,,,,,,,,,,,,,,,,,,,,,,,,,,,,,,,,,,,,,
host_id,0.5318812676194126,,1.0,0.11033241565381348,0.11018901819476744,,0.1656600542822047,0.07191827520448303,-0.011513050311154209,-0.0005542132693101129,-0.08302798690538017,-0.059383903283530416,-0.08417584024196652,-0.011173577368859268,-0.08146049617581672,-0.08961397393855623,0.019203630345383315,0.019203813120656592,-0.08288332297608349,0.01912906752361852,,0.2667764844905632,0.26700974909821973,0.25612630464484426,0.17825981060561827,-0.19326804479449475,0.009373530198658522,0.03608535787865597,0.249985773452877,-0.045176636305586056,-0.11978840944130331,-0.1243129430428598,-0.18261080060548096,-0.20199683470017432,-0.14341187156861418,-0.12526202734159012,-0.1663639440002341,-0.17412028661860066,-0.1511611647986876,0.2945497413482815,-0.0021826294626472015,0.3415482048995906,-0.012586047650075245,0.12270427048401733,0.009254270295733462,0.021151207312201062,0.014376909014911359,0.03985710948648148,-0.3239963593684288,-0.02139269617142024,-0.07041907870635357,0.00925427029573352,0.03685552085851233,0.021151207312201117,-0.19326804479449447,-0.3328599800771608,0.12270427048401779,-0.1782598106056181,-0.11978840944130452,-0.04099136426414349,-0.09324953638421277,-0.1243129430428598,-0.08188585216509585,-0.08042475087337705,-0.11926124657796776,0.2945497413482815,0.24532722802572937,,,,,,,,,-0.09324953638421277,-0.09324953638421317,-0.09324953638421223,0.02567055338258681,-0.09324953638421223,-0.12431294304285885,-0.12431294304285806,-0.12431294304285798,-0.12431294304285798
host_listings_count,0.11861573088875892,,0.11033241565381348,1.0,0.9976301436809646,,0.19771050040783653,0.21204401728581806,0.0375690102258453,-0.0140842688612955,-0.06671583782135335,-0.046142786468706135,-0.02347686042103486,0.005615637893296709,-0.02422367000139162,0.42901657732460996,-0.004435095097214011,-0.004435111444656872,-0.009363416658565042,-0.00441952857897711,,0.048027978157167604,0.039490462376170946,0.026760175037114066,0.12760313934793274,-0.12317116506034897,-0.10138821787754215,-0.09453815204521593,0.032718097633723936,-0.10730012281104537,-0.20736089335251306,-0.15739922763162367,-0.07344100039949546,-0.056507883958016925,-0.020913814227238717,-0.08552857103915686,-0.17263877254189644,-0.08817403697574146,-0.1119058461009293,0.488531635281868,0.8659810636897621,-0.011314159300219402,-0.022338550706253058,-0.08679969597021621,0.11215684078787838,0.2708390122794197,0.12233839383810488,0.3135939857618242,-0.27613121232069143,0.039252322946549706,-0.03632986419053513,0.11215684078787813,0.2890480418508778,0.27083901227942037,-0.12317116506034874,-0.29232770767724403,-0.08679969597021639,-0.12760313934793252,-0.20736089335251395,-0.11219360084965244,0.019923308582212074,-0.15739922763162367,0.048940583033561316,0.05672716276951805,0.007618804275923802,0.488531635281868,0.20403811578000094,,,,,,,,,0.019923308582212074,0.019923308582212116,0.019923308582212106,-0.005291342472640643,0.019923308582212106,-0.1573992276316242,-0.1573992276316247,-0.15739922763162545,-0.15739922763162545
host_total_listings_count,0.12124229536243256,,0.11018901819476744,0.9976301436809646,1.0,,0.19846597125633275,0.21284495303473713,0.03560612715997663,-0.01439411877151647,-0.0659431661251717,-0.04740839135362949,-0.02235610895367065,0.0057996978859052774,-0.02323325331373071,0.41967002365400724,-0.0035042490574113913,-0.0035042573048539374,-0.008603127501659707,-0.003488425175123689,,0.051308389415324764,0.04273436434292169,0.03008853114488968,0.12793610913416026,-0.12439175790575274,-0.10207967659056423,-0.0945146934389867,0.03617968144530744,-0.10745054279497128,-0.20813061226394663,-0.15699922858583729,-0.07127371711142726,-0.05465458120348741,-0.020472138532524768,-0.08724905684789241,-0.1725342369721893,-0.0845248745931971,-0.11174298253414419,0.47517089362463893,0.8515927785035703,-0.017695976430184293,-0.021862787617594845,-0.08799783243334482,0.11080107041959363,0.2680287453217884,0.12289222490123737,0.3128032513167003,-0.2769140998317714,0.0364735700429541,-0.03825477677114026,0.11080107041959364,0.28622866664943447,0.26802874532178805,-0.12439175790575313,-0.29290345533769097,-0.08799783243334483,-0.12793610913416043,-0.20813061226394808,-0.1133300229956691,0.017917923082994166,-0.15699922858583729,0.04662253441835075,0.05364629557766253,-0.0001950840705398807,0.47517089362463893,0.20674744697618494,,,,,,,,,0.017917923082994166,0.01791792308299414,0.017917923082994072,-0.0025148908199111456,0.017917923082994072,-0.1569992285858378,-0.15699922858583812,-0.1569992285858388,-0.1569992285858388
neighbourhood_group_cleansed,,,,,,,,,,,,,,,,,,,,,,,,,,,,,,,,,,,,,,,,,,,,,,,,,,,,,,,,,,,,,,,,,,,,,,,,,,,,,,,,,,,,
latitude,0.10850959953186887,,0.1656600542822047,0.19771050040783653,0.19846597125633275,,1.0,0.2647797792043874,-0.021805997211925828,0.0018470703530254103,-0.1486675494600752,-0.07001146404676539,0.040387862171449865,0.010556356327947068,0.04680285193757758,0.08740628730373445,0.04057863695854473,0.040578770045347115,0.041825375822815695,0.040533699699827876,,0.05379350994899085,0.026420754988951283,0.007698547396146866,0.025144768392416944,-0.168826058952024,-0.13482106906465266,-0.12270165288411305,0.0036091641594742283,-0.1633397994429957,-0.23929139330593657,-0.03992923925703875,-0.08081917646904475,-0.07895398615601532,-0.06408843730190884,-0.08049166569899396,-0.09483690774890124,0.027974457550266466,-0.09550558692812024,0.256521181545926,0.18638038100362656,0.1715600408397083,0.036251532395669236,-0.1197460468104825,0.1353596908530008,0.27419898744993343,0.1332248334132354,0.3608229532335808,-0.28162965906235654,-0.0036369285975155798,-0.07713896649579764,0.13535969085300043,0.27516622039665356,0.2741989874499337,-0.16882605895202368,-0.2835270915502281,-0.11974604681048225,-0.025144768392416923,-0.23929139330593657,-0.17536063155952752,0.07530149374000923,-0.03992923925703875,0.07668452461976062,0.1067964414684708,0.07945363974461872,0.256521181545926,0.20544941320774107,,,,,,,,,0.07530149374000923,0.07530149374000958,0.07530149374000979,-0.019853488313463116,0.07530149374000979,-0.03992923925703847,-0.039929239257038354,-0.03992923925703843,-0.03992923925703843
longitude,0.07267388511281812,,0.07191827520448303,0.21204401728581806,0.21284495303473713,,0.2647797792043874,1.0,-0.06942778968561707,-0.01407071949341262,-0.13754503340380234,-0.11851254360393104,0.04151489572159969,-0.015790260392814785,0.04080447279763383,0.12518900982545303,0.01783941012420063,0.017839519091636582,0.0436477097837223,0.017806427910880947,,-0.0033616649549330023,-0.007354112773657136,-0.030130111017833583,-0.008158817635589873,-0.18995823525341968,-0.1619415996363682,-0.15530762928581737,-0.03456790646705163,-0.19018044991810662,-0.23250592505508227,-0.12551966181201615,-0.03769034295444878,-0.03616843273975862,-0.02295813673981274,-0.05802618588727404,-0.05349145927850043,-0.12834116539352966,-0.05341848565925563,0.1855230865456666,0.21968948224989826,0.06811657122894692,-0.01475656518810861,-0.16369751935634996,0.02709427439979646,0.10237424723326287,0.07282554701376505,0.19683351140499408,-0.2486193794470589,-0.04950417949616189,-0.11184000250601824,0.02709427439979639,0.11794303051199614,0.10237424723326334,-0.18995823525342,-0.2447464847212862,-0.16369751935635032,0.00815881763558992,-0.2325059250550801,-0.20356841629338057,0.004734122641296465,-0.12551966181201615,0.04882480860328217,0.05561839930870559,0.02082668422955698,0.1855230865456666,0.14201214671206908,,,,,,,,,0.004734122641296467,0.004734122641296522,0.004734122641296575,-6.049149161947593e-06,0.004734122641296575,-0.12551966181201604,-0.1255196618120153,-0.1255196618120162,-0.1255196618120162
accommodates,0.046647661573890116,,-0.011513050311154209,0.0375690102258453,0.03560612715997663,,-0.021805997211925828,-0.06942778968561707,1.0,0.43782969961434737,0.746279854553142,0.8238490458357579,-0.09026722671410774,-0.008357094054674325,-0.08875119409279611,-0.09555668793553286,-0.01304108648548259,-0.013041121983478877,-0.09027666752352917,-0.01304075220926942,,-0.01510580231527562,-0.03535743052200743,-0.04384836502387472,-0.034326278685359854,-0.021092967759636944,0.012386606791418838,0.023992004479124647,-0.04809572749102923,0.0173852089672361,0.012724078876194754,0.3470478048167863,0.09689549737560527,0.08006717810067941,0.10302498300824586,0.08203104711683544,0.06318825195873493,0.08857007194740309,0.06541339513025314,-0.11552828044047131,0.010840240986671214,-0.14031218745166243,-0.04062729385544316,0.013227871303683417,0.3216019873340317,0.5953964688173198,-0.03900857401944385,-0.1335238097139041,0.036201440843724154,0.9322369091068995,0.8030130869443557,0.32160198733403206,0.565266227060746,0.5953964688173199,-0.021092967759637083,0.04000691826746065,0.013227871303683449,0.03432627868535988,0.012724078876194525,0.008529782863290612,0.3103194828968289,0.3470478048167863,-0.025721124494579865,0.06783386628570202,0.31423819394786756,-0.11552828044047131,-0.1437320303228444,,,,,,,,,0.31031948289682887,0.31031948289682854,0.3103194828968284,-0.10836640053997844,0.3103194828968284,0.34704780481678627,0.34704780481678466,0.34704780481678393,0.34704780481678393
bathrooms,0.021699838308662966,,-0.0005542132693101129,-0.0140842688612955,-0.01439411877151647,,0.0018470703530254103,-0.01407071949341262,0.43782969961434737,1.0,0.4887688531086627,0.4336993424964059,0.27005432432857784,-0.004170453090320263,0.27112018485001077,0.16686792632472425,-0.020878134295351496,-0.020878160717878298,0.26759534401672425,-0.020876224156142504,,0.061973735422324566,0.04815372049614496,0.031114216341883008,0.05374200038021314,-0.07507433220915721,-0.05036948334822288,-0.04297134889156991,0.025441422216156463,-0.06518422039258882,-0.08811731194650009,0.1589199962532285,0.038809068669818494,0.035089818108317766,-0.014092847798866232,0.014538466741972426,0.03139939938763117,0.014087214852896634,0.017315590091193676,-0.04183222404283268,-0.019578497415719563,-0.03566907952892669,-0.014318073332078969,-0.06938956558617085,0.22637898226105269,0.25190008584413276,0.010876153633227897,-0.0018939839881142197,-0.09034317785065173,0.33736820060748496,0.3891127588816095,0.22637898226105374,0.1955257156272026,0.25190008584413237,-0.07507433220915716,-0.09011488131499959,-0.06938956558617065,-0.05374200038021332,-0.08811731194650088,-0.07198446235347096,0.21031326326501806,0.1589199962532285,0.0015847289798213654,-0.0009493647397631662,0.11415534274380902,-0.04183222404283268,-0.005183376727893092,,,,,,,,,0.21031326326501806,0.21031326326501848,0.21031326326501643,0.036728691637871444,0.21031326326501643,0.1589199962532288,0.15891999625322842,0.1589199962532281,0.1589199962532281
bedrooms,0.0001716874900697875,,-0.08302798690538017,-0.06671583782135335,-0.0659431661251717,,-0.1486675494600752,-0.13754503340380234,0.746279854553142,0.4887688531086627,1.0,0.756359258043707,-0.024223227720075916,-0.0063959336380672695,-0.022766186142720864,-0.04313240791450722,-0.02799915139859739,-0.027999238453500167,-0.02540634672155724,-0.027980056135040014,,-0.07784077536303993,-0.10521985262043725,-0.11284086215408777,-0.06921744177418597,-0.07482997111805645,-0.03932128899864517,-0.011529053355596062,-0.1136318731495505,-0.04192755849678345,-0.028188641525176045,0.32196454657661056,0.08027993236701761,0.06805342625241331,0.04745092558074998,0.07321640604062016,0.06514325997731651,0.08885859869523975,0.05615606439883331,-0.13746094920540028,-0.07886304622527575,-0.10619619777662953,-0.03132701933679292,-0.06213934583601373,0.27733907069004593,0.48791464562199555,0.005621266021721826,-0.009141349839501484,0.0015835810951174063,0.6507321060668123,0.7127280765948933,0.27733907069004493,0.4598072217515917,0.487914645621994,-0.07482997111805649,0.01263425092903673,-0.06213934583601358,0.06921744177418561,-0.028188641525175535,-0.049586599745660036,0.2981440723952511,0.32196454657661056,0.010744536397665648,0.004935667212612746,0.24874798881249438,-0.13746094920540028,-0.17441622354704955,,,,,,,,,0.29814407239525115,0.29814407239525054,0.29814407239524987,-0.04215358225603607,0.29814407239524987,0.32196454657661056,0.3219645465766126,0.321964546576613,0.321964546576613
beds,-0.004542861993110042,,-0.059383903283530416,-0.046142786468706135,-0.04740839135362949,,-0.07001146404676539,-0.11851254360393104,0.8238490458357579,0.4336993424964059,0.756359258043707,1.0,-0.0761509483637083,-0.020710719222884717,-0.07360623659166889,-0.09743695495092303,-0.0128116099676072,-0.012811631310210776,-0.07796740845437222,-0.012819423908240483,,-0.023762249278002398,-0.05511743735805782,-0.06547411855333368,-0.05558549334289825,-0.022999683755678565,0.0008881871864292536,0.012201436391559657,-0.07055826668150367,0.002319155353878157,0.008235218044834349,0.31725247124714595,0.08474956789034407,0.0688012079450291,0.07491081550421126,0.07656700705097222,0.06431561649589039,0.08998714586834884,0.05742388928509246,-0.14800249177310904,-0.04757669107808926,-0.14260627465437806,0.021252242631403222,-0.018829332814953054,0.2585919758455528,0.4788116045026436,-0.03386472963618992,-0.11560298199438009,0.05725948490249485,0.7573273853090274,0.9603898652955392,0.25859197584555205,0.457100156887211,0.4788116045026447,-0.022999683755678558,0.06559812900853723,-0.018829332814953085,0.055585493342898536,0.008235218044834283,-0.003300629980810225,0.29280880419393884,0.31725247124714595,-0.0015608910447201954,0.03625333677687387,0.2882363190225518,-0.14800249177310904,-0.15816727412093634,,,,,,,,,0.29280880419393884,0.29280880419393956,0.2928088041939379,-0.08191245742854233,0.2928088041939379,0.31725247124714623,0.31725247124714795,0.3172524712471467,0.3172524712471467
minimum_nights,-0.1375630863131612,,-0.08417584024196652,-0.02347686042103486,-0.02235610895367065,,0.040387862171449865,0.04151489572159969,-0.09026722671410774,0.27005432432857784,-0.024223227720075916,-0.0761509483637083,1.0,0.011127035795743395,0.9925030435720898,0.7509314981579527,-0.019325591366743645,-0.019325675041330325,0.9946017847214097,-0.019301586743635975,,0.05995801983427305,0.04845192261302953,0.03673179797407148,0.08020728967436873,-0.13357641323799252,-0.13846679118868943,-0.12954547185319656,0.03639575367252799,-0.1437336581499872,-0.14341318771290787,-0.14957393215019676,-0.02410310910320488,-0.017891715868688214,-0.07906782666364044,-0.01894191372157018,-0.026073011304468315,-0.015245202300992187,-0.04300302089270326,-0.024603194729521886,-0.007750463881380906,-0.022636179486279155,-0.03272398257623697,-0.18284886791792848,-0.05985056793932259,-0.1826031771845328,-0.024360536822918253,-0.10708870950480684,-0.17682762903132057,-0.1124760438634297,-0.08424669466971818,-0.059850567939322495,-0.18014597892205078,-0.18260317718453364,-0.13357641323799296,-0.17493395994453184,-0.18284886791792937,-0.0802072896743693,-0.1434131877129074,-0.10687886449464694,-0.1105590319299081,-0.14957393215019676,-0.08172296533674565,-0.10058724639875198,-0.2473905996210008,-0.024603194729521886,-0.012628344421790644,,,,,,,,,-0.1105590319299081,-0.11055903192990846,-0.11055903192990865,0.30815998515094833,-0.11055903192990865,-0.1495739321501971,-0.14957393215019613,-0.1495739321501967,-0.1495739321501967
maximum_nights,-0.01587996184188464,,-0.011173577368859268,0.005615637893296709,0.0057996978859052774,,0.010556356327947068,-0.015790260392814785,-0.008357094054674325,-0.004170453090320263,-0.0063959336380672695,-0.020710719222884717,0.011127035795743395,1.0,0.011184918327767355,0.01309823960802776,0.001324724413590828,0.001324722078201938,0.011172589979048228,0.001326158123186721,,-0.01106743706640726,-0.013477751687055145,-0.015434360468573305,-0.003537349716803373,-0.008784209256334512,-0.008936644849855983,-0.009004023571544612,-0.015834963027930946,-0.00996599709703228,-0.0009740692421527504,-0.007855418500957615,-0.021040575596173176,-0.009063744861749984,-0.008505874049572709,-0.006739042710903263,-0.0014022562015814427,-0.0023809428581987656,-0.013780270458821303,0.008254774938897069,0.006573540794385299,0.005192936568137678,-0.0023499809279257018,-0.012689092144832022,-0.005012880926089132,-0.013629155538927308,-0.0030843079039972513,-0.008901374508714905,-0.001598308014853552,-0.008018618297935978,-0.03618384091581624,-0.005012880926089122,-0.015449197925845783,-0.013629155538927292,-0.008784209256334509,2.81201009044643e-05,-0.012689092144832026,0.003537349716803387,-0.0009740692421527046,-0.00974105690137059,-0.005183833341061388,-0.007855418500957615,-0.0015432654904158367,-0.002331826537044676,0.00011420876738215381,0.008254774938897069,0.011930079685743361,,,,,,,,,-0.005183833341061388,-0.005183833341061409,-0.005183833341061435,-0.0009740129718961519,-0.005183833341061435,-0.007855418500957652,-0.00785541850095759,-0.007855418500957606,-0.007855418500957606
minimum_minimum_nights,-0.13653035796368493,,-0.08146049617581672,-0.02422367000139162,-0.02323325331373071,,0.04680285193757758,0.04080447279763383,-0.08875119409279611,0.27112018485001077,-0.022766186142720864,-0.07360623659166889,0.9925030435720898,0.011184918327767355,1.0,0.745713764848725,-0.018856129714313854,-0.018856212724671032,0.9895806531728698,-0.01885618100376609,,0.0604689498049422,0.048094070691106,0.035973557784668084,0.07721448888110324,-0.1335694027914844,-0.13795273897522206,-0.12978686820961682,0.03490946552705486,-0.14361359808511825,-0.14767397077013622,-0.15111687258261622,-0.026687707291122312,-0.01916976419777656,-0.08216263142890294,-0.01980777384538554,-0.029609581769004977,-0.015250737999302232,-0.04349443264721882,-0.024465194099102035,-0.00863997085769741,-0.021893012264991116,-0.032324930776796046,-0.18185487003444914,-0.0587217397040856,-0.17983691054118503,-0.023618166580626838,-0.10606753779378632,-0.17836813131013776,-0.11085955363354436,-0.08190556107824126,-0.05872173970408551,-0.17676939518924573,-0.17983691054118445,-0.13356940279148358,-0.17678659223190918,-0.1818548700344484,-0.07721448888110315,-0.14767397077013603,-0.11141633802359387,-0.11040022792425798,-0.15111687258261622,-0.08196767093097258,-0.10021436841203916,-0.2440324471551817,-0.024465194099102035,-0.014050838893473189,,,,,,,,,-0.11040022792425798,-0.11040022792425773,-0.11040022792425722,0.30663231523648493,-0.11040022792425722,-0.15111687258261633,-0.15111687258261763,-0.15111687258261802,-0.15111687258261802
maximum_minimum_nights,-0.1015751192737492,,-0.08961397393855623,0.42901657732460996,0.41967002365400724,,0.08740628730373445,0.12518900982545303,-0.09555668793553286,0.16686792632472425,-0.04313240791450722,-0.09743695495092303,0.7509314981579527,0.01309823960802776,0.745713764848725,1.0,-0.017615214478437734,-0.017615289816042188,0.7715416751955202,-0.017615261770263676,,-0.017203478057332543,-0.03141474010853533,-0.044544652201446044,0.0792838332518326,-0.1414210092096947,-0.13266783546748423,-0.12388764506080605,-0.03910939609526848,-0.14305748809111127,-0.17907983998351878,-0.16935280445796932,-0.05478750399810088,-0.03141433774176562,-0.07545318548132482,-0.055705413903217545,-0.09892368354072414,-0.04548853036999018,-0.08808746919392996,0.25831894813105405,0.5153150683797211,-0.04330541728190195,-0.032259841440471386,-0.16398254644507124,-0.004657499445187657,-0.0008518935209462778,0.04789974407084034,0.10135031955415036,-0.23358359816157725,-0.10066981981870979,-0.09986473090659047,-0.004657499445187594,0.021360659485708734,-0.0008518935209462791,-0.14142100920969417,-0.23908980435671112,-0.16398254644507096,-0.07928383325183237,-0.1790798399835196,-0.11611974332173298,-0.029916032209919514,-0.16935280445796932,0.02415633348945503,0.003920229561408292,-0.022028424005479722,0.25831894813105405,0.06281160653069232,,,,,,,,,-0.029916032209919514,-0.02991603220991974,-0.02991603220991964,0.11809343864559262,-0.02991603220991964,-0.1693528044579696,-0.16935280445796996,-0.16935280445796913,-0.16935280445796913
minimum_maximum_nights,-0.04628936720820196,,0.019203630345383315,-0.004435095097214011,-0.0035042490574113913,,0.04057863695854473,0.01783941012420063,-0.01304108648548259,-0.020878134295351496,-0.02799915139859739,-0.0128116099676072,-0.019325591366743645,0.001324724413590828,-0.018856129714313854,-0.017615214478437734,1.0,0.9999999999991391,-0.019199761561197796,0.9999999999996223,,0.056913244906394024,0.0459747762273259,0.04160243011713661,0.011223493507879453,-0.01725717746514108,-0.0051338966307338555,-0.0012786605088808017,0.038276784011341866,-0.01622905584307065,-0.028420620026210732,-0.01972190762461768,-0.00886718097655282,-0.02029012249144823,-0.004473172398329206,-0.012680916007387058,-0.03772242466969604,0.00043537545753731944,-0.0020800994239628095,-0.01185810134810355,-0.015825660835811852,-0.003549945016888185,-0.004262490236965804,-0.019384497788064833,-0.0027630764993443933,0.013813700855987009,0.0015591390669401298,0.01720368226864147,-0.023691297419518274,-0.006631723875582686,-0.009481368685237083,-0.002763076499344388,0.02076913249139758,0.013813700855987212,-0.017257177465141063,-0.022081457891418767,-0.0193844977880648,-0.011223493507879526,-0.02842062002621094,-0.013153120696945709,0.005567123534312081,-0.01972190762461768,0.00844984363958058,0.0195975408797666,0.02382842718190037,-0.01185810134810355,0.03684748926088718,,,,,,,,,0.005567123534312081,0.005567123534312035,0.005567123534312092,-0.009331086526675563,0.005567123534312092,-0.019721907624617795,-0.019721907624617938,-0.019721907624617792,-0.019721907624617792
maximum_maximum_nights,-0.04628927608874071,,0.019203813120656592,-0.004435111444656872,-0.0035042573048539374,,0.040578770045347115,0.017839519091636582,-0.013041121983478877,-0.020878160717878298,-0.027999238453500167,-0.012811631310210776,-0.019325675041330325,0.001324722078201938,-0.018856212724671032,-0.017615289816042188,0.9999999999991391,1.0,-0.019199842323267213,0.9999999999997938,,0.0569134061690202,0.04597493244595139,0.041602578771621435,0.011223433045785674,-0.017257113738036095,-0.005133762492844602,-0.001278482679959517,0.03827690333527294,-0.016228936984555593,-0.02842060810853896,-0.019721817350212223,-0.008867238405176227,-0.02029017326528956,-0.0044731977307269875,-0.012680969230143906,-0.037722493758430405,0.00043530457241004093,-0.002080137138262663,-0.011858152780662998,-0.015825719925788656,-0.003549967354149208,-0.004262402697398391,-0.019384310506428682,-0.0027630681260252445,0.013813724322359621,0.0015591809163526323,0.017203736265390644,-0.023691300685324324,-0.006631751113954822,-0.009481413420253706,-0.002763068126025225,0.02076915108055491,0.013813724322360034,-0.01725711373803621,-0.022081473155530766,-0.019384310506428637,-0.011223433045785573,-0.028420608108538897,-0.013153078579628191,0.0055671484200558626,-0.019721817350212223,0.008449906830834688,0.019597594177033426,0.02382847804401569,-0.011858152780662998,0.03684761524686915,,,,,,,,,0.0055671484200558626,0.005567148420055785,0.005567148420055842,-0.009331111917669221,0.005567148420055842,-0.01972181735021233,-0.019721817350212303,-0.01972181735021213,-0.01972181735021213
minimum_nights_avg_ntm,-0.13628115692332174,,-0.08288332297608349,-0.009363416658565042,-0.008603127501659707,,0.041825375822815695,0.0436477097837223,-0.09027666752352917,0.26759534401672425,-0.02540634672155724,-0.07796740845437222,0.9946017847214097,0.011172589979048228,0.9895806531728698,0.7715416751955202,-0.019199761561197796,-0.019199842323267213,1.0,-0.019175358516129858,,0.05774024211239007,0.0462958984533938,0.034609294011612474,0.07965613610359921,-0.13291556217156467,-0.13655845135340855,-0.12817373523152015,0.03454080121099591,-0.14246947857530212,-0.14333451308401918,-0.151620210095805,-0.024234200726339625,-0.018390283839258212,-0.07958571431102306,-0.01887430877408038,-0.028320624059282224,-0.014687233199855071,-0.04331656363721994,-0.01657378950949929,0.008477471088789705,-0.02413607121339757,-0.03294332287814664,-0.179500812732262,-0.05896578702049558,-0.17888838232321128,-0.022417048145693647,-0.10170634068015684,-0.17720173619894808,-0.1119403812911971,-0.0858868320133914,-0.05896578702049563,-0.17599401243428445,-0.1788883823232107,-0.1329155621715643,-0.17559183881774282,-0.17950081273226168,-0.07965613610359992,-0.14333451308401818,-0.10645782291455769,-0.109322131002448,-0.151620210095805,-0.07885657602754235,-0.09805168224359506,-0.24016609556486654,-0.01657378950949929,-0.011345796931733591,,,,,,,,,-0.109322131002448,-0.10932213100244825,-0.10932213100244827,0.30178268118783025,-0.10932213100244827,-0.15162021009580504,-0.15162021009580504,-0.15162021009580545,-0.15162021009580545
maximum_nights_avg_ntm,-0.04628047325667436,,0.01912906752361852,-0.00441952857897711,-0.003488425175123689,,0.040533699699827876,0.017806427910880947,-0.01304075220926942,-0.020876224156142504,-0.027980056135040014,-0.012819423908240483,-0.019301586743635975,0.001326158123186721,-0.01885618100376609,-0.017615261770263676,0.9999999999996223,0.9999999999997938,-0.019175358516129858,1.0,,0.056938358135842936,0.046005894876763806,0.04163679029570532,0.011292705516573564,-0.01727108758964496,-0.0051817549494540495,-0.0012999936811797673,0.03831411208053707,-0.0162566013337563,-0.0284337182267193,-0.019741557089878303,-0.008884076630723168,-0.020305466814945904,-0.004492388117095377,-0.012652520490166139,-0.037733529217609876,0.00048007677149325813,-0.0020999177463330025,-0.01183992712954051,-0.015809683847614168,-0.0035398953653229567,-0.004257358650912801,-0.01940347917015148,-0.002768179179207323,0.013781246026744095,0.001560658574222919,0.017190668034079887,-0.023716606699237797,-0.00663874335786686,-0.009493997412794782,-0.0027681791792073247,0.02072667057005734,0.013781246026744203,-0.017271087589645063,-0.022109917753198267,-0.01940347917015165,-0.011292705516573822,-0.028433718226718894,-0.013167037311221942,0.005496318504827722,-0.019741557089878303,0.008398436319096259,0.01951981771748327,0.023739927189849342,-0.01183992712954051,0.03682280924318799,,,,,,,,,0.005496318504827722,0.005496318504827738,0.005496318504827706,-0.009319432063833129,0.005496318504827706,-0.01974155708987836,-0.01974155708987835,-0.019741557089878337,-0.019741557089878337
calendar_updated,,,,,,,,,,,,,,,,,,,,,,,,,,,,,,,,,,,,,,,,,,,,,,,,,,,,,,,,,,,,,,,,,,,,,,,,,,,,,,,,,,,,
availability_30,0.1815846276982201,,0.2667764844905632,0.048027978157167604,0.051308389415324764,,0.05379350994899085,-0.0033616649549330023,-0.01510580231527562,0.061973735422324566,-0.07784077536303993,-0.023762249278002398,0.05995801983427305,-0.01106743706640726,0.0604689498049422,-0.017203478057332543,0.056913244906394024,0.0569134061690202,0.05774024211239007,0.056938358135842936,,1.0,0.9193590752837333,0.8429822026418305,0.5044892311766352,-0.01719869949130588,0.02116616535288088,0.05023756128665267,0.7796201149570704,-0.007099164725779416,-0.08009502931794123,-0.09755973877856282,-0.1790883561339538,-0.18882007534082346,-0.14688871043982307,-0.11327304324341596,-0.12739937151641717,-0.14372876176758936,-0.15676398353436577,0.24989125464879397,-0.10271006391149315,0.35652776726936924,0.018783678393356304,0.1000192482646688,0.07282130695327581,0.0740695982629256,0.09036686074288973,0.11297333636836732,-0.10764159869216772,-0.039480336338197405,-0.033129668705152236,0.07282130695327602,0.06474759307588612,0.07406959826292572,-0.017198699491305678,-0.12092132502471162,0.1000192482646691,-0.5044892311766362,-0.08009502931794135,-0.021811307492739636,-0.16846563292580577,-0.09755973877856282,-0.15556279907972595,-0.15322115861334343,-0.3489675491661291,0.24989125464879397,0.14639770597353008,,,,,,,,,-0.16846563292580577,-0.16846563292580652,-0.16846563292580619,0.2853435250880142,-0.16846563292580619,-0.09755973877856239,-0.09755973877856196,-0.09755973877856235,-0.09755973877856235
availability_60,0.1863234532090475,,0.26700974909821973,0.039490462376170946,0.04273436434292169,,0.026420754988951283,-0.007354112773657136,-0.03535743052200743,0.04815372049614496,-0.10521985262043725,-0.05511743735805782,0.04845192261302953,-0.013477751687055145,0.048094070691106,-0.03141474010853533,0.0459747762273259,0.04597493244595139,0.0462958984533938,0.046005894876763806,,0.9193590752837333,1.0,0.963437048229961,0.5961893969193991,0.012166692092598987,0.044087719812720826,0.07077441605754385,0.9073524790362794,0.01892434994882696,-0.028646058421351726,-0.10291145395010125,-0.18942437482345995,-0.1894483742831312,-0.14912766631809896,-0.11786125831753191,-0.12853283694251186,-0.16480955799548036,-0.16464954958843958,0.22115220454639717,-0.10860166487281248,0.3273717264254179,0.00862576175400542,0.12545453081973806,0.051540459617890125,0.022556256997757134,0.07765616160394147,0.08417053562825574,-0.0711401163219994,-0.06517537951356948,-0.06697179144930433,0.05154045961789033,0.008785660254818793,0.022556256997757217,0.012166692092599319,-0.08538876608781994,0.12545453081973756,-0.5961893969193962,-0.028646058421351855,0.009664477090014292,-0.22409520982693434,-0.10291145395010125,-0.19860826574620186,-0.20018080373878,-0.43521647574849254,0.22115220454639717,0.15915563409896677,,,,,,,,,-0.22409520982693434,-0.22409520982693573,-0.22409520982693337,0.27598164182169077,-0.22409520982693337,-0.10291145395010086,-0.10291145395010058,-0.10291145395010061,-0.10291145395010061
availability_90,0.17825882846125968,,0.25612630464484426,0.026760175037114066,0.03008853114488968,,0.007698547396146866,-0.030130111017833583,-0.04384836502387472,0.031114216341883008,-0.11284086215408777,-0.06547411855333368,0.03673179797407148,-0.015434360468573305,0.035973557784668084,-0.044544652201446044,0.04160243011713661,0.041602578771621435,0.034609294011612474,0.04163679029570532,,0.8429822026418305,0.963437048229961,1.0,0.65900722244508,0.048277421195282506,0.07471540032770535,0.09936332658593529,0.9709633694646306,0.05360922870502878,0.03214776048060333,-0.08424905155479652,-0.1805238154190015,-0.17669130514881584,-0.14409370097697952,-0.11015760365850792,-0.11969472119788206,-0.15950162938729193,-0.15601748601209006,0.18677923706280128,-0.11858080567943535,0.29446952093206824,-0.0019585222905419506,0.15342637452316385,0.03021027803756292,-0.01705327609531672,0.05964574452542232,0.05199513022845773,-0.025858762562675625,-0.07679244504916093,-0.0790539699939261,0.03021027803756295,-0.031290751359721584,-0.017053276095316382,0.04827742119528304,-0.0407476539912602,0.1534263745231649,-0.6590072224450754,0.032147760480602354,0.04943065334675987,-0.26999058099047285,-0.08424905155479652,-0.23722497782771867,-0.242351127923905,-0.4768980119064348,0.18677923706280128,0.1470211655362008,,,,,,,,,-0.2699905809904728,-0.2699905809904752,-0.2699905809904727,0.2523167672853605,-0.2699905809904727,-0.08424905155479624,-0.0842490515547959,-0.08424905155479602,-0.08424905155479602
availability_365,0.1349057302124718,,0.17825981060561827,0.12760313934793274,0.12793610913416026,,0.025144768392416944,-0.008158817635589873,-0.034326278685359854,0.05374200038021314,-0.06921744177418597,-0.05558549334289825,0.08020728967436873,-0.003537349716803373,0.07721448888110324,0.0792838332518326,0.011223493507879453,0.011223433045785674,0.07965613610359921,0.011292705516573564,,0.5044892311766352,0.5961893969193991,0.65900722244508,1.0,0.014970694817870785,0.014945714961542384,0.024196433683106786,0.7511332914966187,0.012438479871198116,0.07245475691807284,-0.11415239164228581,-0.17081147057814747,-0.1640523164524242,-0.16754757736239126,-0.10261675139347476,-0.12041197964303084,-0.14362904605843,-0.1658353381194807,0.2408924184229614,0.021840443249370997,0.26402080560441105,-0.022752595038468007,0.050061947794481934,0.031270994523942906,-0.01525781152091237,0.044238695768329055,0.048709251824885946,-0.055105549817929374,-0.07057305525985613,-0.07197696104928131,0.03127099452394295,-0.026655266669670368,-0.015257811520912158,0.014970694817871073,-0.06422849932259238,0.050061947794482205,-1.0000000000000027,0.07245475691807247,0.044193291311255066,-0.4769481224096898,-0.11415239164228581,-0.470987829957336,-0.48741222511172544,-0.7441172113421778,0.2408924184229614,0.14935232562353554,,,,,,,,,-0.4769481224096898,-0.47694812240969003,-0.4769481224096905,0.25344152158495503,-0.4769481224096905,-0.11415239164228573,-0.11415239164228518,-0.11415239164228566,-0.11415239164228566
number_of_reviews,-0.331025683339184,,-0.19326804479449475,-0.12317116506034897,-0.12439175790575274,,-0.168826058952024,-0.18995823525341968,-0.021092967759636944,-0.07507433220915721,-0.07482997111805645,-0.022999683755678565,-0.13357641323799252,-0.008784209256334512,-0.1335694027914844,-0.1414210092096947,-0.01725717746514108,-0.017257113738036095,-0.13291556217156467,-0.01727108758964496,,-0.01719869949130588,0.012166692092598987,0.048277421195282506,0.014970694817870785,1.0,0.6135237467394692,0.45704172267811677,0.059838297834539624,0.7387101160719678,0.5399946288736415,0.2543433889819819,0.06882259922938035,0.09172503763127782,0.0948785086453084,0.0759046677447437,0.08387331992597324,0.05498313352465626,0.10069870653187402,-0.16478005670387474,-0.1294262830261133,-0.10449360793067418,0.011159554861256554,0.6631919743013586,-0.07779365255132414,-0.12617826692945772,-0.06653497363061633,-0.1541991630630474,0.7215993494410808,0.00331184571758285,-0.016864424996241547,-0.07779365255132425,-0.1372488320873162,-0.12617826692945872,1.0000000000000002,0.6485820924731406,0.6631919743013601,-0.014970694817870578,0.5399946288736426,0.566791206219873,-0.039844994511353295,0.2543433889819819,-0.018522805044901513,-0.00883843768976877,0.0036008187891613578,-0.16478005670387474,-0.14723527390995014,,,,,,,,,-0.039844994511353295,-0.03984499451135334,-0.03984499451135351,-0.04911486123726248,-0.03984499451135351,0.2543433889819812,0.25434338898198,0.2543433889819801,0.2543433889819801
number_of_reviews_ltm,-0.05533341148325583,,0.009373530198658522,-0.10138821787754215,-0.10207967659056423,,-0.13482106906465266,-0.1619415996363682,0.012386606791418838,-0.05036948334822288,-0.03932128899864517,0.0008881871864292536,-0.13846679118868943,-0.008936644849855983,-0.13795273897522206,-0.13266783546748423,-0.0051338966307338555,-0.005133762492844602,-0.13655845135340855,-0.0051817549494540495,,0.02116616535288088,0.044087719812720826,0.07471540032770535,0.014945714961542384,0.6135237467394692,1.0,0.8353262280656831,0.08493835470911457,0.8236641355430817,0.5812085904111411,0.31935588410346843,0.06383018594432223,0.06799979120543817,0.08540718272263828,0.05638086634109296,0.05954656885337668,0.037817998951566206,0.09184311562523395,-0.13956598074602294,-0.10996883968388656,-0.08799436263082384,-0.0030429521917601783,0.8725145936937826,-0.058344369949004576,-0.0860882695803671,-0.05851416679436831,-0.13468568141121634,0.5243056931976422,0.03282769202460763,0.006430143192081798,-0.058344369949004465,-0.09119562374311212,-0.08608826958036778,0.6135237467394724,0.4859626725837448,0.8725145936937806,-0.014945714961542404,0.5812085904111397,0.6360765332699444,-0.013801934556224752,0.31935588410346843,-0.007937457174483933,0.0050646269473041,0.03101806062564965,-0.13956598074602294,-0.11448160162372797,,,,,,,,,-0.013801934556224752,-0.013801934556224915,-0.01380193455622492,-0.04744494267838844,-0.01380193455622492,0.3193558841034683,0.3193558841034663,0.3193558841034681,0.3193558841034681
number_of_reviews_l30d,0.006365003825504488,,0.03608535787865597,-0.09453815204521593,-0.0945146934389867,,-0.12270165288411305,-0.15530762928581737,0.023992004479124647,-0.04297134889156991,-0.011529053355596062,0.012201436391559657,-0.12954547185319656,-0.009004023571544612,-0.12978686820961682,-0.12388764506080605,-0.0012786605088808017,-0.001278482679959517,-0.12817373523152015,-0.0012999936811797673,,0.05023756128665267,0.07077441605754385,0.09936332658593529,0.024196433683106786,0.45704172267811677,0.8353262280656831,1.0,0.10629310380297186,0.6144875504850172,0.4834706347825582,0.2747059645977497,0.05246898291794546,0.05531149342458229,0.07084009221031505,0.04358606159903566,0.043533702991001906,0.027318415178404488,0.07548498287734876,-0.13406066805065,-0.10631873548538116,-0.08437873445083946,0.010430581357696547,0.7883250596929129,-0.04574022193428586,-0.06419014528814743,-0.051263291900108914,-0.1142443101336885,0.42742544431552004,0.03998445792040788,0.017080873099936632,-0.045740221934285896,-0.06744840520128009,-0.06419014528814768,0.45704172267811527,0.40294195257942306,0.7883250596929131,-0.024196433683106793,0.48347063478255836,0.49282983231392913,0.0009417784890569156,0.2747059645977497,-0.0005968548370098548,0.008588272143137463,0.03746874314176982,-0.13406066805065,-0.11980010148848878,,,,,,,,,0.0009417784890569156,0.0009417784890569159,0.0009417784890568724,-0.027649670869968817,0.0009417784890568724,0.27470596459775004,0.2747059645977485,0.2747059645977486,0.2747059645977486
availability_eoy,0.1727715931785985,,0.249985773452877,0.032718097633723936,0.03617968144530744,,0.0036091641594742283,-0.03456790646705163,-0.04809572749102923,0.025441422216156463,-0.1136318731495505,-0.07055826668150367,0.03639575367252799,-0.015834963027930946,0.03490946552705486,-0.03910939609526848,0.038276784011341866,0.03827690333527294,0.03454080121099591,0.03831411208053707,,0.7796201149570704,0.9073524790362794,0.9709633694646306,0.7511332914966187,0.059838297834539624,0.08493835470911457,0.10629310380297186,1.0,0.06709884932477256,0.07160565253992002,-0.08069340375302751,-0.17859879426754002,-0.17271194166679144,-0.14738169595541092,-0.10822066677999628,-0.11756989413000363,-0.1596480705214269,-0.1584808500139626,0.18046579836535057,-0.11035240397240281,0.28179680256584155,-0.007443343317399155,0.15612249117112578,0.017399755829443083,-0.044214756547389954,0.04859507714483897,0.02946232890848015,-0.008465532076344835,-0.0835327112772528,-0.0870274757416169,0.017399755829443107,-0.05878984429850015,-0.044214756547390245,0.0598382978345394,-0.022386811702152974,0.1561224911711266,-0.7511332914966165,0.07160565253991973,0.07368386387986085,-0.33187919518979464,-0.08069340375302751,-0.29995396585398937,-0.3097317185406169,-0.5472874142948462,0.18046579836535057,0.14976958830235734,,,,,,,,,-0.3318791951897946,-0.3318791951897933,-0.33187919518979303,0.24628757309732868,-0.33187919518979303,-0.08069340375302725,-0.08069340375302714,-0.08069340375302715,-0.08069340375302715
number_of_reviews_ly,-0.14674521551365924,,-0.045176636305586056,-0.10730012281104537,-0.10745054279497128,,-0.1633397994429957,-0.19018044991810662,0.0173852089672361,-0.06518422039258882,-0.04192755849678345,0.002319155353878157,-0.1437336581499872,-0.00996599709703228,-0.14361359808511825,-0.14305748809111127,-0.01622905584307065,-0.016228936984555593,-0.14246947857530212,-0.0162566013337563,,-0.007099164725779416,0.01892434994882696,0.05360922870502878,0.012438479871198116,0.7387101160719678,0.8236641355430817,0.6144875504850172,0.06709884932477256,1.0,0.6088985406962133,0.3347031550091294,0.07458038140628172,0.07933274528477988,0.09611464566028594,0.0665819241503613,0.07311025091864853,0.04439609167972594,0.10194833588229761,-0.14937503662064835,-0.11539720596305501,-0.09575496658280074,-0.019828326927998217,0.8001062861480698,-0.06511784433564415,-0.09479135673641532,-0.06617207972216473,-0.15516992051581954,0.6043689063426089,0.042053096623816504,0.011408852453161124,-0.06511784433564412,-0.10070354372534279,-0.09479135673641613,0.7387101160719654,0.5549718631677539,0.8001062861480702,-0.012438479871198378,0.60889854069621,0.672672702631765,-0.021252533268197645,0.3347031550091294,-0.01723472033612542,-0.006683992725626995,0.02837334630839933,-0.14937503662064835,-0.12696064866459475,,,,,,,,,-0.021252533268197635,-0.021252533268197753,-0.02125253326819792,-0.05582707834595288,-0.02125253326819792,0.33470315500912906,0.3347031550091281,0.33470315500912845,0.33470315500912845
estimated_occupancy_l365d,-0.1567643245238064,,-0.11978840944130331,-0.20736089335251306,-0.20813061226394663,,-0.23929139330593657,-0.23250592505508227,0.012724078876194754,-0.08811731194650009,-0.028188641525176045,0.008235218044834349,-0.14341318771290787,-0.0009740692421527504,-0.14767397077013622,-0.17907983998351878,-0.028420620026210732,-0.02842060810853896,-0.14333451308401918,-0.0284337182267193,,-0.08009502931794123,-0.028646058421351726,0.03214776048060333,0.07245475691807284,0.5399946288736415,0.5812085904111411,0.4834706347825582,0.07160565253992002,0.6088985406962133,1.0,0.601901157314411,0.12156832285973465,0.12870799817784054,0.12012108545133698,0.10309033736764993,0.12282671900056184,0.07078537479978032,0.13743932612898774,-0.27333730399941325,-0.20897525996557428,-0.1762534150350564,-0.028005380217309236,0.5413559947531397,-0.11960917098614492,-0.1896942923031136,-0.12251095803254354,-0.25458859773198317,0.7214383623146535,0.03232383790813065,0.020949130427352955,-0.11960917098614494,-0.19643142684966616,-0.1896942923031149,0.5399946288736442,0.7138056859174359,0.541355994753139,-0.07245475691807303,1.0000000000000058,0.7345845039078386,-0.041705091390104226,0.601901157314411,-0.038786929990575224,-0.027888464309103394,0.02880145418220326,-0.27333730399941325,-0.19143281359102485,,,,,,,,,-0.041705091390104226,-0.04170509139010429,-0.041705091390104615,-0.07201773279426657,-0.041705091390104615,0.6019011573144105,0.6019011573144071,0.6019011573144087,0.6019011573144087
estimated_revenue_l365d,-0.11678677427374651,,-0.1243129430428598,-0.15739922763162367,-0.15699922858583729,,-0.03992923925703875,-0.12551966181201615,0.3470478048167863,0.1589199962532285,0.32196454657661056,0.31725247124714595,-0.14957393215019676,-0.007855418500957615,-0.15111687258261622,-0.16935280445796932,-0.01972190762461768,-0.019721817350212223,-0.151620210095805,-0.019741557089878303,,-0.09755973877856282,-0.10291145395010125,-0.08424905155479652,-0.11415239164228581,0.2543433889819819,0.31935588410346843,0.2747059645977497,-0.08069340375302751,0.3347031550091294,0.601901157314411,1.0,0.1489175689753045,0.14047844128301265,0.1549651674395313,0.1035769925591596,0.11721593851339916,0.1328416994232774,0.12669202503783528,-0.21290717657017383,-0.16105395480010037,-0.13503894759896573,-0.029444724878976116,0.2395335170657404,0.17831573870554318,0.3391876887557218,0.030069365213895766,0.114151372369501,0.45935028138301726,0.32998667073144955,0.3078562158908903,0.1783157387055431,0.30989193109303204,0.33918768875572164,0.2543433889819822,0.46818982198203113,0.2395335170657402,0.11415239164228577,0.6019011573144116,0.3925423188302443,0.29634036289028653,1.0,0.11418120148606395,0.13780814944088807,0.29099513774402275,-0.21290717657017383,-0.239620826326475,,,,,,,,,0.29634036289028653,0.2963403628902889,0.2963403628902865,-0.09387152949254972,0.2963403628902865,1.0000000000000002,1.0000000000000007,1.0000000000000024,1.0000000000000024
review_scores_rating,-0.07995527903535898,,-0.18261080060548096,-0.07344100039949546,-0.07127371711142726,,-0.08081917646904475,-0.03769034295444878,0.09689549737560527,0.038809068669818494,0.08027993236701761,0.08474956789034407,-0.02410310910320488,-0.021040575596173176,-0.026687707291122312,-0.05478750399810088,-0.00886718097655282,-0.008867238405176227,-0.024234200726339625,-0.008884076630723168,,-0.1790883561339538,-0.18942437482345995,-0.1805238154190015,-0.17081147057814747,0.06882259922938035,0.06383018594432223,0.05246898291794546,-0.17859879426754002,0.07458038140628172,0.12156832285973465,0.1489175689753045,1.0,0.8561628150658608,0.794153307810533,0.6965528410755778,0.755003550551284,0.6253576902993728,0.8469073728030092,-0.3925784345004944,-0.04103687570595241,-0.43455656711978247,-0.013751494353151116,0.06557597686995759,0.08388099201784588,0.1402831528596866,0.023948102177720847,0.0873364682672933,0.14646509431805346,0.09930860761822832,0.09871335252358576,0.08388099201784639,0.1330607847081645,0.14028315285968626,0.06882259922937994,0.15390215736795726,0.06557597686995716,0.1708114705781476,0.12156832285973397,0.08120122779725521,0.12324653188924822,0.14891756897530456,0.09682916289133098,0.10880281390852521,0.20452422536984738,-0.3925784345004944,-0.14893168105017587,,,,,,,,,0.12324653188924822,0.12324653188924785,0.12324653188924761,-0.08302369462248152,0.12324653188924761,0.14891756897530464,0.14891756897530425,0.14891756897530448,0.14891756897530448
review_scores_accuracy,-0.11475312393558967,,-0.20199683470017432,-0.056507883958016925,-0.05465458120348741,,-0.07895398615601532,-0.03616843273975862,0.08006717810067941,0.035089818108317766,0.06805342625241331,0.0688012079450291,-0.017891715868688214,-0.009063744861749984,-0.01916976419777656,-0.03141433774176562,-0.02029012249144823,-0.02029017326528956,-0.018390283839258212,-0.020305466814945904,,-0.18882007534082346,-0.1894483742831312,-0.17669130514881584,-0.1640523164524242,0.09172503763127782,0.06799979120543817,0.05531149342458229,-0.17271194166679144,0.07933274528477988,0.12870799817784054,0.14047844128301265,0.8561628150658608,1.0,0.7668638025535794,0.6692137031627722,0.680159297599748,0.5722352049390252,0.7953901515201162,-0.39634883648032865,-0.019293663195686966,-0.45418714351061207,-0.0025190342485538935,0.07550726377191469,0.06044638908862801,0.11051524471927707,0.016147235098892477,0.06345970219433611,0.17739222698387047,0.0846238999571425,0.08051484430791984,0.06044638908862806,0.10404576237382145,0.110515244719277,0.09172503763127751,0.18473254531429925,0.07550726377191443,0.16405231645242413,0.1287079981778408,0.08395203331865318,0.10280380116950245,0.1404784412830126,0.08908236743953143,0.0984429000638963,0.18640406336674767,-0.39634883648032865,-0.14474119459136006,,,,,,,,,0.10280380116950245,0.1028038011695024,0.10280380116950177,-0.08660373098488923,0.10280380116950177,0.14047844128301273,0.1404784412830123,0.14047844128301215,0.14047844128301215
review_scores_cleanliness,-0.06592924159952644,,-0.14341187156861418,-0.020913814227238717,-0.020472138532524768,,-0.06408843730190884,-0.02295813673981274,0.10302498300824586,-0.014092847798866232,0.04745092558074998,0.07491081550421126,-0.07906782666364044,-0.008505874049572709,-0.08216263142890294,-0.07545318548132482,-0.004473172398329206,-0.0044731977307269875,-0.07958571431102306,-0.004492388117095377,,-0.14688871043982307,-0.14912766631809896,-0.14409370097697952,-0.16754757736239126,0.0948785086453084,0.08540718272263828,0.07084009221031505,-0.14738169595541092,0.09611464566028594,0.12012108545133698,0.1549651674395313,0.794153307810533,0.7668638025535794,1.0,0.5910449455279724,0.6144120841581088,0.5196402114098386,0.7344046184317524,-0.3683716783395423,0.013369960395569102,-0.44261657250415937,-0.05137458004872668,0.09566087449214189,0.10286011846899619,0.19164299184070532,0.04708047460183038,0.12403754709457947,0.175988212431897,0.12182130193524605,0.09280515421527268,0.1028601184689964,0.18268064129035969,0.19164299184070496,0.09487850864530809,0.18238676146009078,0.09566087449214215,0.1675475773623918,0.12012108545133646,0.09500057470569417,0.12853100803916606,0.1549651674395312,0.10845097426571317,0.12607415774457578,0.2308667657415239,-0.3683716783395423,-0.13957321644800944,,,,,,,,,0.12853100803916606,0.12853100803916562,0.12853100803916556,-0.12979989278802825,0.12853100803916556,0.15496516743953126,0.1549651674395313,0.15496516743953137,0.15496516743953137
review_scores_checkin,-0.06792953083852137,,-0.12526202734159012,-0.08552857103915686,-0.08724905684789241,,-0.08049166569899396,-0.05802618588727404,0.08203104711683544,0.014538466741972426,0.07321640604062016,0.07656700705097222,-0.01894191372157018,-0.006739042710903263,-0.01980777384538554,-0.055705413903217545,-0.012680916007387058,-0.012680969230143906,-0.01887430877408038,-0.012652520490166139,,-0.11327304324341596,-0.11786125831753191,-0.11015760365850792,-0.10261675139347476,0.0759046677447437,0.05638086634109296,0.04358606159903566,-0.10822066677999628,0.0665819241503613,0.10309033736764993,0.1035769925591596,0.6965528410755778,0.6692137031627722,0.5910449455279724,1.0,0.7150013036902791,0.5189635245281794,0.6493593133434218,-0.2689897952722759,-0.0750834223421279,-0.2655214572738345,-0.008670186056591648,0.06191282869650026,0.04331267938154554,0.06811267411740876,-0.002384217061241097,0.010417088555668117,0.13704417835067503,0.07884877356095057,0.09148967691062672,0.043312679381545476,0.06223952360282571,0.06811267411740869,0.07590466774474351,0.14180809772625913,0.061912828696500374,0.10261675139347491,0.10309033736765025,0.06787976465161545,0.05982874581109778,0.10357699255915952,0.036152362784592953,0.04380377236334812,0.12815702262527812,-0.2689897952722759,-0.11688964529054265,,,,,,,,,0.059828745811097775,0.05982874581109804,0.059828745811097844,-0.07087150961069197,0.059828745811097844,0.1035769925591596,0.10357699255916011,0.1035769925591597,0.1035769925591597
review_scores_communication,-0.07979064959212988,,-0.1663639440002341,-0.17263877254189644,-0.1725342369721893,,-0.09483690774890124,-0.05349145927850043,0.06318825195873493,0.03139939938763117,0.06514325997731651,0.06431561649589039,-0.026073011304468315,-0.0014022562015814427,-0.029609581769004977,-0.09892368354072414,-0.03772242466969604,-0.037722493758430405,-0.028320624059282224,-0.037733529217609876,,-0.12739937151641717,-0.12853283694251186,-0.11969472119788206,-0.12041197964303084,0.08387331992597324,0.05954656885337668,0.043533702991001906,-0.11756989413000363,0.07311025091864853,0.12282671900056184,0.11721593851339916,0.755003550551284,0.680159297599748,0.6144120841581088,0.7150013036902791,1.0,0.5176277042906257,0.6978127768368405,-0.30719371211535373,-0.13714579067894184,-0.2682802103261778,-0.007782697406310541,0.0674682808556965,0.04321015781763734,0.04650318734507754,0.000654627394417104,0.0006850406290133334,0.1663787343481112,0.06177115257076979,0.07460834620114518,0.04321015781763736,0.03665506642733352,0.04650318734507776,0.0838733199259731,0.17362978717535835,0.06746828085569664,0.12041197964303098,0.12282671900056123,0.07881374339194439,0.07132148040898971,0.1172159385133992,0.047932683236830885,0.05926919702989197,0.1253952603138787,-0.30719371211535373,-0.12914653751636504,,,,,,,,,0.07132148040898971,0.07132148040898963,0.07132148040898945,-0.06461068538542887,0.07132148040898945,0.11721593851339926,0.11721593851339944,0.11721593851339944,0.11721593851339944
review_scores_location,-0.08662331825434214,,-0.17412028661860066,-0.08817403697574146,-0.0845248745931971,,0.027974457550266466,-0.12834116539352966,0.08857007194740309,0.014087214852896634,0.08885859869523975,0.08998714586834884,-0.015245202300992187,-0.0023809428581987656,-0.015250737999302232,-0.04548853036999018,0.00043537545753731944,0.00043530457241004093,-0.014687233199855071,0.00048007677149325813,,-0.14372876176758936,-0.16480955799548036,-0.15950162938729193,-0.14362904605843,0.05498313352465626,0.037817998951566206,0.027318415178404488,-0.1596480705214269,0.04439609167972594,0.07078537479978032,0.1328416994232774,0.6253576902993728,0.5722352049390252,0.5196402114098386,0.5189635245281794,0.5176277042906257,1.0,0.5987422577877395,-0.3027466388605787,-0.05946000881432593,-0.31589032819934465,-0.0005672382854152376,0.03867226817970065,0.08895593871256477,0.16235878128364065,0.0336467252501251,0.11378867118840964,0.10997794123192993,0.0908342323545316,0.10031200800228772,0.08895593871256463,0.15542607366791392,0.16235878128364062,0.05498313352465619,0.11533861613018273,0.038672268179700695,0.14362904605843102,0.07078537479978006,0.05454774672060722,0.10323780007132438,0.13284169942327742,0.07361580758445001,0.08493068462994809,0.16596085996700674,-0.3027466388605787,-0.12079133953875927,,,,,,,,,0.10323780007132437,0.10323780007132419,0.10323780007132398,-0.08415877542724748,0.10323780007132398,0.13284169942327728,0.13284169942327748,0.13284169942327737,0.13284169942327737
review_scores_value,-0.06592886241742829,,-0.1511611647986876,-0.1119058461009293,-0.11174298253414419,,-0.09550558692812024,-0.05341848565925563,0.06541339513025314,0.017315590091193676,0.05615606439883331,0.05742388928509246,-0.04300302089270326,-0.013780270458821303,-0.04349443264721882,-0.08808746919392996,-0.0020800994239628095,-0.002080137138262663,-0.04331656363721994,-0.0020999177463330025,,-0.15676398353436577,-0.16464954958843958,-0.15601748601209006,-0.1658353381194807,0.10069870653187402,0.09184311562523395,0.07548498287734876,-0.1584808500139626,0.10194833588229761,0.13743932612898774,0.12669202503783528,0.8469073728030092,0.7953901515201162,0.7344046184317524,0.6493593133434218,0.6978127768368405,0.5987422577877395,1.0,-0.350214655009348,-0.09862509599743956,-0.34552615850269175,0.001256386071423239,0.10222688721331977,0.04025563532710361,0.06224308266884041,0.006685045859736231,0.02750593337804405,0.18587559487347305,0.0687980787478941,0.0728016474229637,0.040255635327103606,0.055189161285530614,0.06224308266884029,0.10069870653187378,0.19280934022088803,0.10222688721331948,0.16583533811948117,0.1374393261289875,0.10492619192935973,0.07913964427925058,0.12669202503783522,0.0678872317982677,0.07429433910723442,0.15508866552029144,-0.350214655009348,-0.144782456178915,,,,,,,,,0.07913964427925056,0.0791396442792506,0.07913964427925063,-0.09074149580429357,0.07913964427925063,0.12669202503783542,0.12669202503783525,0.1266920250378356,0.1266920250378356
calculated_host_listings_count,0.17229332359254987,,0.2945497413482815,0.488531635281868,0.47517089362463893,,0.256521181545926,0.1855230865456666,-0.11552828044047131,-0.04183222404283268,-0.13746094920540028,-0.14800249177310904,-0.024603194729521886,0.008254774938897069,-0.024465194099102035,0.25831894813105405,-0.01185810134810355,-0.011858152780662998,-0.01657378950949929,-0.01183992712954051,,0.24989125464879397,0.22115220454639717,0.18677923706280128,0.2408924184229614,-0.16478005670387474,-0.13956598074602294,-0.13406066805065,0.18046579836535057,-0.14937503662064835,-0.27333730399941325,-0.21290717657017383,-0.3925784345004944,-0.39634883648032865,-0.3683716783395423,-0.2689897952722759,-0.30719371211535373,-0.3027466388605787,-0.350214655009348,1.0,0.5048287314790654,0.8195671451807612,-0.010634587728112627,-0.143024408856951,0.043773593162976174,0.16907329759246115,0.10601475823453603,0.3092681029525636,-0.33953235851815794,-0.10336640567200187,-0.15413116504907906,0.043773593162976125,0.21292741568076548,0.1690732975924613,-0.16478005670387422,-0.35496274566135705,-0.14302440885695125,-0.24089241842296163,-0.27333730399941286,-0.15415290979643273,-0.06551421175012473,-0.21290717657017377,-0.032873264788988846,-0.044054761779238866,0.04565430896257364,1.0,0.29689739120902203,,,,,,,,,-0.06551421175012473,-0.06551421175012494,-0.0655142117501246,-0.004160051954432702,-0.0655142117501246,-0.21290717657017347,-0.21290717657017277,-0.21290717657017327,-0.21290717657017327
calculated_host_listings_count_entire_homes,0.035526315881867054,,-0.0021826294626472015,0.8659810636897621,0.8515927785035703,,0.18638038100362656,0.21968948224989826,0.010840240986671214,-0.019578497415719563,-0.07886304622527575,-0.04757669107808926,-0.007750463881380906,0.006573540794385299,-0.00863997085769741,0.5153150683797211,-0.015825660835811852,-0.015825719925788656,0.008477471088789705,-0.015809683847614168,,-0.10271006391149315,-0.10860166487281248,-0.11858080567943535,0.021840443249370997,-0.1294262830261133,-0.10996883968388656,-0.10631873548538116,-0.11035240397240281,-0.11539720596305501,-0.20897525996557428,-0.16105395480010037,-0.04103687570595241,-0.019293663195686966,0.013369960395569102,-0.0750834223421279,-0.13714579067894184,-0.05946000881432593,-0.09862509599743956,0.5048287314790654,1.0,-0.08062821272424162,-0.028089897619977544,-0.13145416338922278,0.08955905741817718,0.2333986580044628,0.10093171009384411,0.2685134835695628,-0.24882966597641168,0.028562773279949626,-0.036536495543501066,0.08955905741817693,0.2552753658746699,0.23339865800446238,-0.12942628302611328,-0.2581730553932317,-0.13145416338922353,-0.021840443249371243,-0.20897525996557445,-0.12101818990644361,0.05627691649222622,-0.16105395480010043,0.10213607704357673,0.10628662355167555,0.10319758554694947,0.5048287314790654,0.223860741234709,,,,,,,,,0.05627691649222622,0.05627691649222602,0.05627691649222627,-0.038014941840573656,0.05627691649222627,-0.16105395480010026,-0.16105395480009968,-0.16105395480009976,-0.16105395480009976
calculated_host_listings_count_private_rooms,0.17543058054212296,,0.3415482048995906,-0.011314159300219402,-0.017695976430184293,,0.1715600408397083,0.06811657122894692,-0.14031218745166243,-0.03566907952892669,-0.10619619777662953,-0.14260627465437806,-0.022636179486279155,0.005192936568137678,-0.021893012264991116,-0.04330541728190195,-0.003549945016888185,-0.003549967354149208,-0.02413607121339757,-0.0035398953653229567,,0.35652776726936924,0.3273717264254179,0.29446952093206824,0.26402080560441105,-0.10449360793067418,-0.08799436263082384,-0.08437873445083946,0.28179680256584155,-0.09575496658280074,-0.1762534150350564,-0.13503894759896573,-0.43455656711978247,-0.45418714351061207,-0.44261657250415937,-0.2655214572738345,-0.2682802103261778,-0.31589032819934465,-0.34552615850269175,0.8195671451807612,-0.08062821272424162,1.0,-0.004959186218421477,-0.07948618603693652,-0.014503633772511928,0.028796245824828537,0.05182352914733134,0.1710702137863953,-0.22728525285766546,-0.13784237562571047,-0.1580506541725022,-0.014503633772511904,0.06514647873008894,0.028796245824828554,-0.10449360793067465,-0.2389115502954843,-0.07948618603693643,-0.26402080560440955,-0.17625341503505637,-0.09744437055952052,-0.12110511469364163,-0.13503894759896573,-0.11640913793476731,-0.12537264125693426,-0.21057691773513923,0.8195671451807612,0.19296140522716515,,,,,,,,,-0.12110511469364163,-0.12110511469364225,-0.12110511469364138,0.11947515897226738,-0.12110511469364138,-0.13503894759896534,-0.13503894759896468,-0.1350389475989649,-0.1350389475989649
calculated_host_listings_count_shared_rooms,-0.015098706653442692,,-0.012586047650075245,-0.022338550706253058,-0.021862787617594845,,0.036251532395669236,-0.01475656518810861,-0.04062729385544316,-0.014318073332078969,-0.03132701933679292,0.021252242631403222,-0.03272398257623697,-0.0023499809279257018,-0.032324930776796046,-0.032259841440471386,-0.004262490236965804,-0.004262402697398391,-0.03294332287814664,-0.004257358650912801,,0.018783678393356304,0.00862576175400542,-0.0019585222905419506,-0.022752595038468007,0.011159554861256554,-0.0030429521917601783,0.010430581357696547,-0.007443343317399155,-0.019828326927998217,-0.028005380217309236,-0.029444724878976116,-0.013751494353151116,-0.0025190342485538935,-0.05137458004872668,-0.008670186056591648,-0.007782697406310541,-0.0005672382854152376,0.001256386071423239,-0.010634587728112627,-0.028089897619977544,-0.004959186218421477,1.0,0.019265632322752125,-0.017089229440573863,-0.09419300753776692,-0.0027068905971848,-0.06993614148224142,0.04785498431394842,-0.054775259731671154,-0.008664111433899597,-0.01708922944057383,-0.08950442453677955,-0.09419300753776702,0.011159554861256499,0.05127387766356628,0.019265632322752177,0.022752595038468302,-0.02800538021730894,-0.004583034749513457,-0.023098804551464108,-0.029444724878976127,-0.011785394245439533,-0.007167501389946342,-0.12551486785634483,-0.010634587728112628,0.06320220517104772,,,,,,,,,-0.023098804551464108,-0.023098804551464115,-0.023098804551464076,0.1943011889792572,-0.023098804551464076,-0.029444724878975988,-0.029444724878975977,-0.029444724878975932,-0.029444724878975932
reviews_per_month,0.08764206401360378,,0.12270427048401733,-0.08679969597021621,-0.08799783243334482,,-0.1197460468104825,-0.16369751935634996,0.013227871303683417,-0.06938956558617085,-0.06213934583601373,-0.018829332814953054,-0.18284886791792848,-0.012689092144832022,-0.18185487003444914,-0.16398254644507124,-0.019384497788064833,-0.019384310506428682,-0.179500812732262,-0.01940347917015148,,0.1000192482646688,0.12545453081973806,0.15342637452316385,0.050061947794481934,0.6631919743013586,0.8725145936937826,0.7883250596929129,0.15612249117112578,0.8001062861480698,0.5413559947531397,0.2395335170657404,0.06557597686995759,0.07550726377191469,0.09566087449214189,0.06191282869650026,0.0674682808556965,0.03867226817970065,0.10222688721331977,-0.143024408856951,-0.13145416338922278,-0.07948618603693652,0.019265632322752125,1.0,-0.0771120790885163,-0.07711796939955334,-0.061082114193635705,-0.1312830947384552,0.5782990512886408,0.03605883379776589,-0.014096473769859202,-0.07711207908851668,-0.07524098298217555,-0.07711796939955334,0.663191974301358,0.5426406704567448,1.0000000000000004,-0.050061947794482455,0.541355994753139,0.5951365002099669,-0.03931941367254742,0.2395335170657404,-0.025639762964783527,-0.009027993538407088,0.005828160783273739,-0.143024408856951,-0.1097371954145655,,,,,,,,,-0.03931941367254742,-0.03931941367254739,-0.0393194136725473,-0.03698550068159011,-0.0393194136725473,0.23953351706574025,0.2395335170657401,0.23953351706574078,0.23953351706574078
price_clean,0.04780164288063546,,0.009254270295733462,0.11215684078787838,0.11080107041959363,,0.1353596908530008,0.02709427439979646,0.3216019873340317,0.22637898226105269,0.27733907069004593,0.2585919758455528,-0.05985056793932259,-0.005012880926089132,-0.0587217397040856,-0.004657499445187657,-0.0027630764993443933,-0.0027630681260252445,-0.05896578702049558,-0.002768179179207323,,0.07282130695327581,0.051540459617890125,0.03021027803756292,0.031270994523942906,-0.07779365255132414,-0.058344369949004576,-0.04574022193428586,0.017399755829443083,-0.06511784433564415,-0.11960917098614492,0.17831573870554318,0.08388099201784588,0.06044638908862801,0.10286011846899619,0.04331267938154554,0.04321015781763734,0.08895593871256477,0.04025563532710361,0.043773593162976174,0.08955905741817718,-0.014503633772511928,-0.017089229440573863,-0.0771120790885163,1.0,0.5805804124712642,0.8326380294847732,0.456490017853082,-0.08968675881314235,0.2891388989131032,0.25007380945209534,0.9999999999999998,0.4273384508092512,0.5805804124712647,-0.0777936525513241,-0.08972973660513364,-0.07711207908851644,-0.031270994523942844,-0.11960917098614486,-0.0804731841145949,0.43343046515721234,0.17831573870554315,0.3392477020074004,0.35810578254751585,0.32054900448485524,0.04377359316297618,-0.040043451693886185,,,,,,,,,0.43343046515721234,0.43343046515721323,0.4334304651572134,-0.07437434802853977,0.4334304651572134,0.17831573870554326,0.17831573870554232,0.17831573870554238,0.17831573870554238
log_price,0.09583005035485954,,0.021151207312201062,0.2708390122794197,0.2680287453217884,,0.27419898744993343,0.10237424723326287,0.5953964688173198,0.25190008584413276,0.48791464562199555,0.4788116045026436,-0.1826031771845328,-0.013629155538927308,-0.17983691054118503,-0.0008518935209462778,0.013813700855987009,0.013813724322359621,-0.17888838232321128,0.013781246026744095,,0.0740695982629256,0.022556256997757134,-0.01705327609531672,-0.01525781152091237,-0.12617826692945772,-0.0860882695803671,-0.06419014528814743,-0.044214756547389954,-0.09479135673641532,-0.1896942923031136,0.3391876887557218,0.1402831528596866,0.11051524471927707,0.19164299184070532,0.06811267411740876,0.04650318734507754,0.16235878128364065,0.06224308266884041,0.16907329759246115,0.2333986580044628,0.028796245824828537,-0.09419300753776692,-0.07711796939955334,0.5805804124712642,1.0,0.38671449821913506,0.669925461912865,-0.1428615877058008,0.6208586319477576,0.4920664988383629,0.580580412471265,0.9656133892744053,1.0000000000000016,-0.12617826692945827,-0.1433647201677459,-0.07711796939955338,0.015257811520912445,-0.1896942923031142,-0.12431317988027751,0.49990301774675366,0.33918768875572197,0.3012889707609979,0.355814207495422,0.4891157625371087,0.16907329759246115,-0.14512246312458096,,,,,,,,,0.49990301774675366,0.4999030177467553,0.4999030177467547,-0.16120918084346014,0.4999030177467547,0.33918768875572186,0.3391876887557199,0.33918768875571986,0.33918768875571986
price_per_accommodates,0.026227656265920028,,0.014376909014911359,0.12233839383810488,0.12289222490123737,,0.1332248334132354,0.07282554701376505,-0.03900857401944385,0.010876153633227897,0.005621266021721826,-0.03386472963618992,-0.024360536822918253,-0.0030843079039972513,-0.023618166580626838,0.04789974407084034,0.0015591390669401298,0.0015591809163526323,-0.022417048145693647,0.001560658574222919,,0.09036686074288973,0.07765616160394147,0.05964574452542232,0.044238695768329055,-0.06653497363061633,-0.05851416679436831,-0.051263291900108914,0.04859507714483897,-0.06617207972216473,-0.12251095803254354,0.030069365213895766,0.023948102177720847,0.016147235098892477,0.04708047460183038,-0.002384217061241097,0.000654627394417104,0.0336467252501251,0.006685045859736231,0.10601475823453603,0.10093171009384411,0.05182352914733134,-0.0027068905971848,-0.061082114193635705,0.8326380294847732,0.38671449821913506,1.0,0.5322464802572573,-0.0997204350293182,-0.04834934582909198,-0.03665219285316889,0.8326380294847718,0.27069732024369897,0.3867144982191368,-0.06653497363061639,-0.10190380009215388,-0.0610821141936359,-0.04423869576832927,-0.12251095803254318,-0.07705399229944455,0.34296303441150155,0.030069365213895752,0.5134956295994945,0.45431552422238175,0.17077202723363774,0.10601475823453603,0.0030129027303337705,,,,,,,,,0.34296303441150155,0.34296303441150344,0.34296303441150067,-0.031674225268079184,0.34296303441150067,0.03006936521389587,0.03006936521389574,0.03006936521389579,0.03006936521389579
log_price_per_accommodates,0.08900888760735032,,0.03985710948648148,0.3135939857618242,0.3128032513167003,,0.3608229532335808,0.19683351140499408,-0.1335238097139041,-0.0018939839881142197,-0.009141349839501484,-0.11560298199438009,-0.10708870950480684,-0.008901374508714905,-0.10606753779378632,0.10135031955415036,0.01720368226864147,0.017203736265390644,-0.10170634068015684,0.017190668034079887,,0.11297333636836732,0.08417053562825574,0.05199513022845773,0.048709251824885946,-0.1541991630630474,-0.13468568141121634,-0.1142443101336885,0.02946232890848015,-0.15516992051581954,-0.25458859773198317,0.114151372369501,0.0873364682672933,0.06345970219433611,0.12403754709457947,0.010417088555668117,0.0006850406290133334,0.11378867118840964,0.02750593337804405,0.3092681029525636,0.2685134835695628,0.1710702137863953,-0.06993614148224142,-0.1312830947384552,0.456490017853082,0.669925461912865,0.5322464802572573,1.0,-0.2307415864985736,-0.1660773279162476,-0.12338381584619855,0.4564900178530849,0.6306032816912944,0.6699254619128667,-0.15419916306304723,-0.2350910769109042,-0.13128309473845493,-0.04870925182488567,-0.2545885977319825,-0.18319153335917965,0.337118758421026,0.11415137236950103,0.40160761467658956,0.3539070690445025,0.27265911169381446,0.30926810295256374,7.447837547959986e-05,,,,,,,,,0.337118758421026,0.33711875842102645,0.3371187584210278,-0.06222286289069487,0.3371187584210278,0.1141513723695012,0.11415137236950153,0.11415137236950125,0.11415137236950125
log_reviews,-0.4837721561379605,,-0.3239963593684288,-0.27613121232069143,-0.2769140998317714,,-0.28162965906235654,-0.2486193794470589,0.036201440843724154,-0.09034317785065173,0.0015835810951174063,0.05725948490249485,-0.17682762903132057,-0.001598308014853552,-0.17836813131013776,-0.23358359816157725,-0.023691297419518274,-0.023691300685324324,-0.17720173619894808,-0.023716606699237797,,-0.10764159869216772,-0.0711401163219994,-0.025858762562675625,-0.055105549817929374,0.7215993494410808,0.5243056931976422,0.42742544431552004,-0.008465532076344835,0.6043689063426089,0.7214383623146535,0.45935028138301726,0.14646509431805346,0.17739222698387047,0.175988212431897,0.13704417835067503,0.1663787343481112,0.10997794123192993,0.18587559487347305,-0.33953235851815794,-0.24882966597641168,-0.22728525285766546,0.04785498431394842,0.5782990512886408,-0.08968675881314235,-0.1428615877058008,-0.0997204350293182,-0.2307415864985736,1.0,0.06170464808365857,0.06831989915869247,-0.08968675881314273,-0.1606152167622842,-0.14286158770580132,0.7215993494410798,0.9935232368956248,0.5782990512886401,0.05510554981792935,0.7214383623146516,0.5470431723537041,0.03072811333488848,0.45935028138301726,0.01657959178683956,0.029054736119423653,0.07430152899908267,-0.33953235851815794,-0.22822371196433916,,,,,,,,,0.030728113334888486,0.030728113334888445,0.0307281133348876,-0.07041141079202427,0.0307281133348876,0.4593502813830162,0.45935028138301526,0.45935028138301726,0.45935028138301726
log_accommodates,0.035513760859384395,,-0.02139269617142024,0.039252322946549706,0.0364735700429541,,-0.0036369285975155798,-0.04950417949616189,0.9322369091068995,0.33736820060748496,0.6507321060668123,0.7573273853090274,-0.1124760438634297,-0.008018618297935978,-0.11085955363354436,-0.10066981981870979,-0.006631723875582686,-0.006631751113954822,-0.1119403812911971,-0.00663874335786686,,-0.039480336338197405,-0.06517537951356948,-0.07679244504916093,-0.07057305525985613,0.00331184571758285,0.03282769202460763,0.03998445792040788,-0.0835327112772528,0.042053096623816504,0.03232383790813065,0.32998667073144955,0.09930860761822832,0.0846238999571425,0.12182130193524605,0.07884877356095057,0.06177115257076979,0.0908342323545316,0.0687980787478941,-0.10336640567200187,0.028562773279949626,-0.13784237562571047,-0.054775259731671154,0.03605883379776589,0.2891388989131032,0.6208586319477576,-0.04834934582909198,-0.1660773279162476,0.06170464808365857,1.0,0.7830497618277672,0.2891388989131018,0.6167053275288975,0.6208586319477593,0.003311845717582929,0.06468937846735533,0.03605883379776597,0.07057305525985604,0.03232383790813051,0.033176809954103166,0.3080239741761655,0.32998667073144944,-0.023873513848662792,0.09756252650896323,0.3644404583360277,-0.10336640567200187,-0.1771486637222262,,,,,,,,,0.3080239741761655,0.30802397417616684,0.3080239741761658,-0.14843868673281274,0.3080239741761658,0.3299866707314496,0.3299866707314487,0.32998667073144816,0.32998667073144816
log_beds,-0.008997517716451625,,-0.07041907870635357,-0.03632986419053513,-0.03825477677114026,,-0.07713896649579764,-0.11184000250601824,0.8030130869443557,0.3891127588816095,0.7127280765948933,0.9603898652955392,-0.08424669466971818,-0.03618384091581624,-0.08190556107824126,-0.09986473090659047,-0.009481368685237083,-0.009481413420253706,-0.0858868320133914,-0.009493997412794782,,-0.033129668705152236,-0.06697179144930433,-0.0790539699939261,-0.07197696104928131,-0.016864424996241547,0.006430143192081798,0.017080873099936632,-0.0870274757416169,0.011408852453161124,0.020949130427352955,0.3078562158908903,0.09871335252358576,0.08051484430791984,0.09280515421527268,0.09148967691062672,0.07460834620114518,0.10031200800228772,0.0728016474229637,-0.15413116504907906,-0.036536495543501066,-0.1580506541725022,-0.008664111433899597,-0.014096473769859202,0.25007380945209534,0.4920664988383629,-0.03665219285316889,-0.12338381584619855,0.06831989915869247,0.7830497618277672,1.0,0.25007380945209484,0.480382778107791,0.4920664988383627,-0.016864424996241533,0.0769483855515381,-0.014096473769859228,0.0719769610492814,0.020949130427352903,0.00928649411771274,0.291027674499486,0.3078562158908904,0.0006589891575688873,0.04859307842708755,0.3074751840954304,-0.15413116504907906,-0.17709011198955865,,,,,,,,,0.291027674499486,0.29102767449948574,0.2910276744994858,-0.08998039275421468,0.2910276744994858,0.3078562158908907,0.3078562158908898,0.3078562158908908,0.3078562158908908
price_zscore,0.04780164288063561,,0.00925427029573352,0.11215684078787813,0.11080107041959364,,0.13535969085300043,0.02709427439979639,0.32160198733403206,0.22637898226105374,0.27733907069004493,0.25859197584555205,-0.059850567939322495,-0.005012880926089122,-0.05872173970408551,-0.004657499445187594,-0.002763076499344388,-0.002763068126025225,-0.05896578702049563,-0.0027681791792073247,,0.07282130695327602,0.05154045961789033,0.03021027803756295,0.03127099452394295,-0.07779365255132425,-0.058344369949004465,-0.045740221934285896,0.017399755829443107,-0.06511784433564412,-0.11960917098614494,0.1783157387055431,0.08388099201784639,0.06044638908862806,0.1028601184689964,0.043312679381545476,0.04321015781763736,0.08895593871256463,0.040255635327103606,0.043773593162976125,0.08955905741817693,-0.014503633772511904,-0.01708922944057383,-0.07711207908851668,0.9999999999999998,0.580580412471265,0.8326380294847718,0.4564900178530849,-0.08968675881314273,0.2891388989131018,0.25007380945209484,1.0,0.4273384508092507,0.5805804124712648,-0.07779365255132409,-0.08972973660513373,-0.0771120790885161,-0.0312709945239429,-0.11960917098614407,-0.08047318411459486,0.4334304651572103,0.1783157387055431,0.33924770200739907,0.3581057825475175,0.3205490044848541,0.043773593162976125,-0.040043451693885984,,,,,,,,,0.4334304651572103,0.43343046515721134,0.4334304651572119,-0.07437434802853962,0.4334304651572119,0.1783157387055431,0.17831573870554254,0.1783157387055421,0.1783157387055421
price_percentile,0.10880417224103217,,0.03685552085851233,0.2890480418508778,0.28622866664943447,,0.27516622039665356,0.11794303051199614,0.565266227060746,0.1955257156272026,0.4598072217515917,0.457100156887211,-0.18014597892205078,-0.015449197925845783,-0.17676939518924573,0.021360659485708734,0.02076913249139758,0.02076915108055491,-0.17599401243428445,0.02072667057005734,,0.06474759307588612,0.008785660254818793,-0.031290751359721584,-0.026655266669670368,-0.1372488320873162,-0.09119562374311212,-0.06744840520128009,-0.05878984429850015,-0.10070354372534279,-0.19643142684966616,0.30989193109303204,0.1330607847081645,0.10404576237382145,0.18268064129035969,0.06223952360282571,0.03665506642733352,0.15542607366791392,0.055189161285530614,0.21292741568076548,0.2552753658746699,0.06514647873008894,-0.08950442453677955,-0.07524098298217555,0.4273384508092512,0.9656133892744053,0.27069732024369897,0.6306032816912944,-0.1606152167622842,0.6167053275288975,0.480382778107791,0.4273384508092507,1.0,0.9656133892744092,-0.1372488320873163,-0.16141663806427262,-0.07524098298217591,0.026655266669670746,-0.19643142684966608,-0.12695555667912314,0.4200017598155176,0.309891931093032,0.24403551135181345,0.300083884313148,0.49461245676603555,0.21292741568076548,-0.14562555761802817,,,,,,,,,0.4200017598155175,0.42000175981552085,0.42000175981551946,-0.1612147522825938,0.42000175981551946,0.30989193109303215,0.30989193109303126,0.30989193109303176,0.30989193109303176
log_price_zscore,0.09583005035486031,,0.021151207312201117,0.27083901227942037,0.26802874532178805,,0.2741989874499337,0.10237424723326334,0.5953964688173199,0.25190008584413237,0.487914645621994,0.4788116045026447,-0.18260317718453364,-0.013629155538927292,-0.17983691054118445,-0.0008518935209462791,0.013813700855987212,0.013813724322360034,-0.1788883823232107,0.013781246026744203,,0.07406959826292572,0.022556256997757217,-0.017053276095316382,-0.015257811520912158,-0.12617826692945872,-0.08608826958036778,-0.06419014528814768,-0.044214756547390245,-0.09479135673641613,-0.1896942923031149,0.33918768875572164,0.14028315285968626,0.110515244719277,0.19164299184070496,0.06811267411740869,0.04650318734507776,0.16235878128364062,0.06224308266884029,0.1690732975924613,0.23339865800446238,0.028796245824828554,-0.09419300753776702,-0.07711796939955334,0.5805804124712647,1.0000000000000016,0.3867144982191368,0.6699254619128667,-0.14286158770580132,0.6208586319477593,0.4920664988383627,0.5805804124712648,0.9656133892744092,1.0,-0.12617826692945885,-0.14336472016774657,-0.07711796939955372,0.015257811520912637,-0.1896942923031135,-0.12431317988027742,0.4999030177467541,0.3391876887557217,0.3012889707609997,0.35581420749542264,0.4891157625371115,0.1690732975924613,-0.145122463124581,,,,,,,,,0.4999030177467541,0.49990301774675533,0.49990301774675394,-0.1612091808434606,0.49990301774675394,0.33918768875572164,0.33918768875572075,0.339187688755721,0.339187688755721
reviews_zscore,-0.3310256833391839,,-0.19326804479449447,-0.12317116506034874,-0.12439175790575313,,-0.16882605895202368,-0.18995823525342,-0.021092967759637083,-0.07507433220915716,-0.07482997111805649,-0.022999683755678558,-0.13357641323799296,-0.008784209256334509,-0.13356940279148358,-0.14142100920969417,-0.017257177465141063,-0.01725711373803621,-0.1329155621715643,-0.017271087589645063,,-0.017198699491305678,0.012166692092599319,0.04827742119528304,0.014970694817871073,1.0000000000000002,0.6135237467394724,0.45704172267811527,0.0598382978345394,0.7387101160719654,0.5399946288736442,0.2543433889819822,0.06882259922937994,0.09172503763127751,0.09487850864530809,0.07590466774474351,0.0838733199259731,0.05498313352465619,0.10069870653187378,-0.16478005670387422,-0.12942628302611328,-0.10449360793067465,0.011159554861256499,0.663191974301358,-0.0777936525513241,-0.12617826692945827,-0.06653497363061639,-0.15419916306304723,0.7215993494410798,0.003311845717582929,-0.016864424996241533,-0.07779365255132409,-0.1372488320873163,-0.12617826692945885,1.0,0.6485820924731415,0.6631919743013565,-0.014970694817871024,0.539994628873642,0.5667912062198693,-0.03984499451135289,0.2543433889819822,-0.018522805044901846,-0.008838437689768714,0.003600818789161447,-0.16478005670387424,-0.14723527390995042,,,,,,,,,-0.039844994511352885,-0.039844994511353246,-0.03984499451135366,-0.04911486123726263,-0.03984499451135366,0.2543433889819816,0.2543433889819805,0.25434338898198117,0.25434338898198117
reviews_percentile,-0.4839749492856005,,-0.3328599800771608,-0.29232770767724403,-0.29290345533769097,,-0.2835270915502281,-0.2447464847212862,0.04000691826746065,-0.09011488131499959,0.01263425092903673,0.06559812900853723,-0.17493395994453184,2.81201009044643e-05,-0.17678659223190918,-0.23908980435671112,-0.022081457891418767,-0.022081473155530766,-0.17559183881774282,-0.022109917753198267,,-0.12092132502471162,-0.08538876608781994,-0.0407476539912602,-0.06422849932259238,0.6485820924731406,0.4859626725837448,0.40294195257942306,-0.022386811702152974,0.5549718631677539,0.7138056859174359,0.46818982198203113,0.15390215736795726,0.18473254531429925,0.18238676146009078,0.14180809772625913,0.17362978717535835,0.11533861613018273,0.19280934022088803,-0.35496274566135705,-0.2581730553932317,-0.2389115502954843,0.05127387766356628,0.5426406704567448,-0.08972973660513364,-0.1433647201677459,-0.10190380009215388,-0.2350910769109042,0.9935232368956248,0.06468937846735533,0.0769483855515381,-0.08972973660513373,-0.16141663806427262,-0.14336472016774657,0.6485820924731415,1.0,0.5426406704567444,0.06422849932259186,0.7138056859174337,0.5133840024621413,0.040183668749384116,0.468189821982031,0.021042123343318047,0.03320495764659949,0.08062705754425012,-0.35496274566135705,-0.227621509947784,,,,,,,,,0.040183668749384116,0.04018366874938406,0.040183668749383235,-0.06976159056503989,0.040183668749383235,0.4681898219820294,0.4681898219820292,0.4681898219820294,0.4681898219820294
reviews_per_month_zscore,0.08764206401360443,,0.12270427048401779,-0.08679969597021639,-0.08799783243334483,,-0.11974604681048225,-0.16369751935635032,0.013227871303683449,-0.06938956558617065,-0.06213934583601358,-0.018829332814953085,-0.18284886791792937,-0.012689092144832026,-0.1818548700344484,-0.16398254644507096,-0.0193844977880648,-0.019384310506428637,-0.17950081273226168,-0.01940347917015165,,0.1000192482646691,0.12545453081973756,0.1534263745231649,0.050061947794482205,0.6631919743013601,0.8725145936937806,0.7883250596929131,0.1561224911711266,0.8001062861480702,0.541355994753139,0.2395335170657402,0.06557597686995716,0.07550726377191443,0.09566087449214215,0.061912828696500374,0.06746828085569664,0.038672268179700695,0.10222688721331948,-0.14302440885695125,-0.13145416338922353,-0.07948618603693643,0.019265632322752177,1.0000000000000004,-0.07711207908851644,-0.07711796939955338,-0.0610821141936359,-0.13128309473845493,0.5782990512886401,0.03605883379776597,-0.014096473769859228,-0.0771120790885161,-0.07524098298217591,-0.07711796939955372,0.6631919743013565,0.5426406704567444,1.0,-0.05006194779448275,0.5413559947531391,0.5951365002099667,-0.0393194136725474,0.2395335170657401,-0.025639762964783434,-0.00902799353840713,0.005828160783273679,-0.14302440885695122,-0.10973719541456582,,,,,,,,,-0.03931941367254741,-0.03931941367254735,-0.03931941367254706,-0.036985500681590025,-0.03931941367254706,0.23953351706574033,0.23953351706573978,0.23953351706574075,0.23953351706574075
occupancy_rate,-0.1349057302124707,,-0.1782598106056181,-0.12760313934793252,-0.12793610913416043,,-0.025144768392416923,0.00815881763558992,0.03432627868535988,-0.05374200038021332,0.06921744177418561,0.055585493342898536,-0.0802072896743693,0.003537349716803387,-0.07721448888110315,-0.07928383325183237,-0.011223493507879526,-0.011223433045785573,-0.07965613610359992,-0.011292705516573822,,-0.5044892311766362,-0.5961893969193962,-0.6590072224450754,-1.0000000000000027,-0.014970694817870578,-0.014945714961542404,-0.024196433683106793,-0.7511332914966165,-0.012438479871198378,-0.07245475691807303,0.11415239164228577,0.1708114705781476,0.16405231645242413,0.1675475773623918,0.10261675139347491,0.12041197964303098,0.14362904605843102,0.16583533811948117,-0.24089241842296163,-0.021840443249371243,-0.26402080560440955,0.022752595038468302,-0.050061947794482455,-0.031270994523942844,0.015257811520912445,-0.04423869576832927,-0.04870925182488567,0.05510554981792935,0.07057305525985604,0.0719769610492814,-0.0312709945239429,0.026655266669670746,0.015257811520912637,-0.014970694817871024,0.06422849932259186,-0.05006194779448275,1.0,-0.07245475691807261,-0.04419329131125513,0.4769481224096917,0.11415239164228579,0.4709878299573356,0.48741222511172394,0.7441172113421802,-0.24089241842296158,-0.1493523256235356,,,,,,,,,0.4769481224096917,0.4769481224096936,0.4769481224096915,-0.2534415215849548,0.4769481224096915,0.11415239164228538,0.11415239164228509,0.1141523916422851,0.1141523916422851
occupancy_rate_booked,-0.15676432452380776,,-0.11978840944130452,-0.20736089335251395,-0.20813061226394808,,-0.23929139330593657,-0.2325059250550801,0.012724078876194525,-0.08811731194650088,-0.028188641525175535,0.008235218044834283,-0.1434131877129074,-0.0009740692421527046,-0.14767397077013603,-0.1790798399835196,-0.02842062002621094,-0.028420608108538897,-0.14333451308401818,-0.028433718226718894,,-0.08009502931794135,-0.028646058421351855,0.032147760480602354,0.07245475691807247,0.5399946288736426,0.5812085904111397,0.48347063478255836,0.07160565253991973,0.60889854069621,1.0000000000000058,0.6019011573144116,0.12156832285973397,0.1287079981778408,0.12012108545133646,0.10309033736765025,0.12282671900056123,0.07078537479978006,0.1374393261289875,-0.27333730399941286,-0.20897525996557445,-0.17625341503505637,-0.02800538021730894,0.541355994753139,-0.11960917098614486,-0.1896942923031142,-0.12251095803254318,-0.2545885977319825,0.7214383623146516,0.03232383790813051,0.020949130427352903,-0.11960917098614407,-0.19643142684966608,-0.1896942923031135,0.539994628873642,0.7138056859174337,0.5413559947531391,-0.07245475691807261,1.0,0.7345845039078427,-0.04170509139010411,0.6019011573144116,-0.038786929990574884,-0.027888464309103366,0.028801454182203253,-0.27333730399941286,-0.19143281359102526,,,,,,,,,-0.04170509139010411,-0.041705091390104136,-0.04170509139010443,-0.07201773279426671,-0.04170509139010443,0.601901157314411,0.601901157314407,0.6019011573144097,0.6019011573144097
occupancy_is_capped,-0.09368891784341622,,-0.04099136426414349,-0.11219360084965244,-0.1133300229956691,,-0.17536063155952752,-0.20356841629338057,0.008529782863290612,-0.07198446235347096,-0.049586599745660036,-0.003300629980810225,-0.10687886449464694,-0.00974105690137059,-0.11141633802359387,-0.11611974332173298,-0.013153120696945709,-0.013153078579628191,-0.10645782291455769,-0.013167037311221942,,-0.021811307492739636,0.009664477090014292,0.04943065334675987,0.044193291311255066,0.566791206219873,0.6360765332699444,0.49282983231392913,0.07368386387986085,0.672672702631765,0.7345845039078386,0.3925423188302443,0.08120122779725521,0.08395203331865318,0.09500057470569417,0.06787976465161545,0.07881374339194439,0.05454774672060722,0.10492619192935973,-0.15415290979643273,-0.12101818990644361,-0.09744437055952052,-0.004583034749513457,0.5951365002099669,-0.0804731841145949,-0.12431317988027751,-0.07705399229944455,-0.18319153335917965,0.5470431723537041,0.033176809954103166,0.00928649411771274,-0.08047318411459486,-0.12695555667912314,-0.12431317988027742,0.5667912062198693,0.5133840024621413,0.5951365002099667,-0.04419329131125513,0.7345845039078427,1.0,-0.048850805229572046,0.39254231883024426,-0.03930731925056599,-0.02396129013626704,0.012622930919137547,-0.15415290979643267,-0.15581270876418193,,,,,,,,,-0.048850805229572046,-0.04885080522957216,-0.04885080522957227,-0.04583817317546474,-0.04885080522957227,0.39254231883024415,0.3925423188302421,0.3925423188302439,0.3925423188302439
est_annual_revenue,-0.02257368651663352,,-0.09324953638421277,0.019923308582212074,0.017917923082994166,,0.07530149374000923,0.004734122641296465,0.3103194828968289,0.21031326326501806,0.2981440723952511,0.29280880419393884,-0.1105590319299081,-0.005183833341061388,-0.11040022792425798,-0.029916032209919514,0.005567123534312081,0.0055671484200558626,-0.109322131002448,0.005496318504827722,,-0.16846563292580577,-0.22409520982693434,-0.26999058099047285,-0.4769481224096898,-0.039844994511353295,-0.013801934556224752,0.0009417784890569156,-0.33187919518979464,-0.021252533268197645,-0.041705091390104226,0.29634036289028653,0.12324653188924822,0.10280380116950245,0.12853100803916606,0.05982874581109778,0.07132148040898971,0.10323780007132438,0.07913964427925058,-0.06551421175012473,0.05627691649222622,-0.12110511469364163,-0.023098804551464108,-0.03931941367254742,0.43343046515721234,0.49990301774675366,0.34296303441150155,0.337118758421026,0.03072811333488848,0.3080239741761655,0.291027674499486,0.4334304651572103,0.4200017598155176,0.4999030177467541,-0.03984499451135289,0.040183668749384116,-0.0393194136725474,0.4769481224096917,-0.04170509139010411,-0.048850805229572046,1.0,0.29634036289028653,0.7998733739995301,0.8307124748521125,0.595775648127706,-0.06551421175012473,-0.12472561870444139,,,,,,,,,1.0,1.0000000000000033,1.000000000000003,-0.1177352249667278,1.000000000000003,0.2963403628902868,0.29634036289028703,0.2963403628902861,0.2963403628902861
est_annual_revenue_booked,-0.11678677427374651,,-0.1243129430428598,-0.15739922763162367,-0.15699922858583729,,-0.03992923925703875,-0.12551966181201615,0.3470478048167863,0.1589199962532285,0.32196454657661056,0.31725247124714595,-0.14957393215019676,-0.007855418500957615,-0.15111687258261622,-0.16935280445796932,-0.01972190762461768,-0.019721817350212223,-0.151620210095805,-0.019741557089878303,,-0.09755973877856282,-0.10291145395010125,-0.08424905155479652,-0.11415239164228581,0.2543433889819819,0.31935588410346843,0.2747059645977497,-0.08069340375302751,0.3347031550091294,0.601901157314411,1.0,0.14891756897530456,0.1404784412830126,0.1549651674395312,0.10357699255915952,0.1172159385133992,0.13284169942327742,0.12669202503783522,-0.21290717657017377,-0.16105395480010043,-0.13503894759896573,-0.029444724878976127,0.2395335170657404,0.17831573870554315,0.33918768875572197,0.030069365213895752,0.11415137236950103,0.45935028138301726,0.32998667073144944,0.3078562158908904,0.1783157387055431,0.309891931093032,0.3391876887557217,0.2543433889819822,0.468189821982031,0.2395335170657401,0.11415239164228579,0.6019011573144116,0.39254231883024426,0.29634036289028653,1.0,0.11418120148606395,0.13780814944088807,0.29099513774402275,-0.21290717657017383,-0.239620826326475,,,,,,,,,0.29634036289028653,0.2963403628902889,0.2963403628902865,-0.09387152949254972,0.2963403628902865,1.0000000000000002,1.0000000000000007,1.0000000000000024,1.0000000000000024
revenue_per_accommodates,-0.030435188484486755,,-0.08188585216509585,0.048940583033561316,0.04662253441835075,,0.07668452461976062,0.04882480860328217,-0.025721124494579865,0.0015847289798213654,0.010744536397665648,-0.0015608910447201954,-0.08172296533674565,-0.0015432654904158367,-0.08196767093097258,0.02415633348945503,0.00844984363958058,0.008449906830834688,-0.07885657602754235,0.008398436319096259,,-0.15556279907972595,-0.19860826574620186,-0.23722497782771867,-0.470987829957336,-0.018522805044901513,-0.007937457174483933,-0.0005968548370098548,-0.29995396585398937,-0.01723472033612542,-0.038786929990575224,0.11418120148606395,0.09682916289133098,0.08908236743953143,0.10845097426571317,0.036152362784592953,0.047932683236830885,0.07361580758445001,0.0678872317982677,-0.032873264788988846,0.10213607704357673,-0.11640913793476731,-0.011785394245439533,-0.025639762964783527,0.3392477020074004,0.3012889707609979,0.5134956295994945,0.40160761467658956,0.01657959178683956,-0.023873513848662792,0.0006589891575688873,0.33924770200739907,0.24403551135181345,0.3012889707609997,-0.018522805044901846,0.021042123343318047,-0.025639762964783434,0.4709878299573356,-0.038786929990574884,-0.03930731925056599,0.7998733739995301,0.11418120148606395,1.0,0.9476856696773458,0.49015572127610685,-0.03287326478898884,-0.08173310109992918,,,,,,,,,0.7998733739995301,0.7998733739995356,0.7998733739995312,-0.11623771925176225,0.7998733739995312,0.114181201486064,0.11418120148606327,0.11418120148606367,0.11418120148606367
revenue_per_bedroom,-0.01986018309374878,,-0.08042475087337705,0.05672716276951805,0.05364629557766253,,0.1067964414684708,0.05561839930870559,0.06783386628570202,-0.0009493647397631662,0.004935667212612746,0.03625333677687387,-0.10058724639875198,-0.002331826537044676,-0.10021436841203916,0.003920229561408292,0.0195975408797666,0.019597594177033426,-0.09805168224359506,0.01951981771748327,,-0.15322115861334343,-0.20018080373878,-0.242351127923905,-0.48741222511172544,-0.00883843768976877,0.0050646269473041,0.008588272143137463,-0.3097317185406169,-0.006683992725626995,-0.027888464309103394,0.13780814944088807,0.10880281390852521,0.0984429000638963,0.12607415774457578,0.04380377236334812,0.05926919702989197,0.08493068462994809,0.07429433910723442,-0.044054761779238866,0.10628662355167555,-0.12537264125693426,-0.007167501389946342,-0.009027993538407088,0.35810578254751585,0.355814207495422,0.45431552422238175,0.3539070690445025,0.029054736119423653,0.09756252650896323,0.04859307842708755,0.3581057825475175,0.300083884313148,0.35581420749542264,-0.008838437689768714,0.03320495764659949,-0.00902799353840713,0.48741222511172394,-0.027888464309103366,-0.02396129013626704,0.8307124748521125,0.13780814944088807,0.9476856696773458,1.0,0.5175481582740759,-0.044054761779238893,-0.10197065353678858,,,,,,,,,0.8307124748521126,0.8307124748521102,0.8307124748521126,-0.12001761083901859,0.8307124748521126,0.13780814944088798,0.13780814944088773,0.13780814944088773,0.13780814944088773
log_est_revenue,-0.03880250384065817,,-0.11926124657796776,0.007618804275923802,-0.0001950840705398807,,0.07945363974461872,0.02082668422955698,0.31423819394786756,0.11415534274380902,0.24874798881249438,0.2882363190225518,-0.2473905996210008,0.00011420876738215381,-0.2440324471551817,-0.022028424005479722,0.02382842718190037,0.02382847804401569,-0.24016609556486654,0.023739927189849342,,-0.3489675491661291,-0.43521647574849254,-0.4768980119064348,-0.7441172113421778,0.0036008187891613578,0.03101806062564965,0.03746874314176982,-0.5472874142948462,0.02837334630839933,0.02880145418220326,0.29099513774402275,0.20452422536984738,0.18640406336674767,0.2308667657415239,0.12815702262527812,0.1253952603138787,0.16596085996700674,0.15508866552029144,0.04565430896257364,0.10319758554694947,-0.21057691773513923,-0.12551486785634483,0.005828160783273739,0.32054900448485524,0.4891157625371087,0.17077202723363774,0.27265911169381446,0.07430152899908267,0.3644404583360277,0.3074751840954304,0.3205490044848541,0.49461245676603555,0.4891157625371115,0.003600818789161447,0.08062705754425012,0.005828160783273679,0.7441172113421802,0.028801454182203253,0.012622930919137547,0.595775648127706,0.29099513774402275,0.49015572127610685,0.5175481582740759,1.0,0.045654308962573664,-0.19845446288371524,,,,,,,,,0.595775648127706,0.5957756481277054,0.5957756481277069,-0.5420633957307681,0.5957756481277069,0.2909951377440231,0.29099513774402314,0.29099513774402286,0.29099513774402286
host_listings_in_city,0.17229332359254987,,0.2945497413482815,0.488531635281868,0.47517089362463893,,0.256521181545926,0.1855230865456666,-0.11552828044047131,-0.04183222404283268,-0.13746094920540028,-0.14800249177310904,-0.024603194729521886,0.008254774938897069,-0.024465194099102035,0.25831894813105405,-0.01185810134810355,-0.011858152780662998,-0.01657378950949929,-0.01183992712954051,,0.24989125464879397,0.22115220454639717,0.18677923706280128,0.2408924184229614,-0.16478005670387474,-0.13956598074602294,-0.13406066805065,0.18046579836535057,-0.14937503662064835,-0.27333730399941325,-0.21290717657017383,-0.3925784345004944,-0.39634883648032865,-0.3683716783395423,-0.2689897952722759,-0.30719371211535373,-0.3027466388605787,-0.350214655009348,1.0,0.5048287314790654,0.8195671451807612,-0.010634587728112628,-0.143024408856951,0.04377359316297618,0.16907329759246115,0.10601475823453603,0.30926810295256374,-0.33953235851815794,-0.10336640567200187,-0.15413116504907906,0.043773593162976125,0.21292741568076548,0.1690732975924613,-0.16478005670387424,-0.35496274566135705,-0.14302440885695122,-0.24089241842296158,-0.27333730399941286,-0.15415290979643267,-0.06551421175012473,-0.21290717657017383,-0.03287326478898884,-0.044054761779238893,0.045654308962573664,1.0,0.29689739120902203,,,,,,,,,-0.06551421175012473,-0.06551421175012494,-0.0655142117501246,-0.004160051954432702,-0.0655142117501246,-0.21290717657017347,-0.21290717657017277,-0.21290717657017327,-0.21290717657017327
host_is_professional,0.14189748737388386,,0.24532722802572937,0.20403811578000094,0.20674744697618494,,0.20544941320774107,0.14201214671206908,-0.1437320303228444,-0.005183376727893092,-0.17441622354704955,-0.15816727412093634,-0.012628344421790644,0.011930079685743361,-0.014050838893473189,0.06281160653069232,0.03684748926088718,0.03684761524686915,-0.011345796931733591,0.03682280924318799,,0.14639770597353008,0.15915563409896677,0.1470211655362008,0.14935232562353554,-0.14723527390995014,-0.11448160162372797,-0.11980010148848878,0.14976958830235734,-0.12696064866459475,-0.19143281359102485,-0.239620826326475,-0.14893168105017587,-0.14474119459136006,-0.13957321644800944,-0.11688964529054265,-0.12914653751636504,-0.12079133953875927,-0.144782456178915,0.29689739120902203,0.223860741234709,0.19296140522716515,0.06320220517104772,-0.1097371954145655,-0.040043451693886185,-0.14512246312458096,0.0030129027303337705,7.447837547959986e-05,-0.22822371196433916,-0.1771486637222262,-0.17709011198955865,-0.040043451693885984,-0.14562555761802817,-0.145122463124581,-0.14723527390995042,-0.227621509947784,-0.10973719541456582,-0.1493523256235356,-0.19143281359102526,-0.15581270876418193,-0.12472561870444139,-0.239620826326475,-0.08173310109992918,-0.10197065353678858,-0.19845446288371524,0.29689739120902203,1.0,,,,,,,,,-0.12472561870444142,-0.12472561870444153,-0.12472561870444121,0.08593914541886294,-0.12472561870444121,-0.23962082632647486,-0.23962082632647333,-0.2396208263264738,-0.2396208263264738
pct_professional_hosts,,,,,,,,,,,,,,,,,,,,,,,,,,,,,,,,,,,,,,,,,,,,,,,,,,,,,,,,,,,,,,,,,,,,,,,,,,,,,,,,,,,,
pct_large_operators,,,,,,,,,,,,,,,,,,,,,,,,,,,,,,,,,,,,,,,,,,,,,,,,,,,,,,,,,,,,,,,,,,,,,,,,,,,,,,,,,,,,
median_host_listings,,,,,,,,,,,,,,,,,,,,,,,,,,,,,,,,,,,,,,,,,,,,,,,,,,,,,,,,,,,,,,,,,,,,,,,,,,,,,,,,,,,,
gini_host_concentration,,,,,,,,,,,,,,,,,,,,,,,,,,,,,,,,,,,,,,,,,,,,,,,,,,,,,,,,,,,,,,,,,,,,,,,,,,,,,,,,,,,,
market_professionalization_score,,,,,,,,,,,,,,,,,,,,,,,,,,,,,,,,,,,,,,,,,,,,,,,,,,,,,,,,,,,,,,,,,,,,,,,,,,,,,,,,,,,,
purchase_price,,,,,,,,,,,,,,,,,,,,,,,,,,,,,,,,,,,,,,,,,,,,,,,,,,,,,,,,,,,,,,,,,,,,,,,,,,,,,,,,,,,,
monthly_payment,,,,,,,,,,,,,,,,,,,,,,,,,,,,,,,,,,,,,,,,,,,,,,,,,,,,,,,,,,,,,,,,,,,,,,,,,,,,,,,,,,,,
zori_rent,,,,,,,,,,,,,,,,,,,,,,,,,,,,,,,,,,,,,,,,,,,,,,,,,,,,,,,,,,,,,,,,,,,,,,,,,,,,,,,,,,,,
annual_cash_flow,-0.02257368651663352,,-0.09324953638421277,0.019923308582212074,0.017917923082994166,,0.07530149374000923,0.004734122641296467,0.31031948289682887,0.21031326326501806,0.29814407239525115,0.29280880419393884,-0.1105590319299081,-0.005183833341061388,-0.11040022792425798,-0.029916032209919514,0.005567123534312081,0.0055671484200558626,-0.109322131002448,0.005496318504827722,,-0.16846563292580577,-0.22409520982693434,-0.2699905809904728,-0.4769481224096898,-0.039844994511353295,-0.013801934556224752,0.0009417784890569156,-0.3318791951897946,-0.021252533268197635,-0.041705091390104226,0.29634036289028653,0.12324653188924822,0.10280380116950245,0.12853100803916606,0.059828745811097775,0.07132148040898971,0.10323780007132437,0.07913964427925056,-0.06551421175012473,0.05627691649222622,-0.12110511469364163,-0.023098804551464108,-0.03931941367254742,0.43343046515721234,0.49990301774675366,0.34296303441150155,0.337118758421026,0.030728113334888486,0.3080239741761655,0.291027674499486,0.4334304651572103,0.4200017598155175,0.4999030177467541,-0.039844994511352885,0.040183668749384116,-0.03931941367254741,0.4769481224096917,-0.04170509139010411,-0.048850805229572046,1.0,0.29634036289028653,0.7998733739995301,0.8307124748521126,0.595775648127706,-0.06551421175012473,-0.12472561870444142,,,,,,,,,1.0,1.0000000000000033,1.000000000000003,-0.11773522496672782,1.000000000000003,0.2963403628902868,0.29634036289028703,0.2963403628902861,0.2963403628902861
cash_on_cash_roi,-0.022573686516633246,,-0.09324953638421317,0.019923308582212116,0.01791792308299414,,0.07530149374000958,0.004734122641296522,0.31031948289682854,0.21031326326501848,0.29814407239525054,0.29280880419393956,-0.11055903192990846,-0.005183833341061409,-0.11040022792425773,-0.02991603220991974,0.005567123534312035,0.005567148420055785,-0.10932213100244825,0.005496318504827738,,-0.16846563292580652,-0.22409520982693573,-0.2699905809904752,-0.47694812240969003,-0.03984499451135334,-0.013801934556224915,0.0009417784890569159,-0.3318791951897933,-0.021252533268197753,-0.04170509139010429,0.2963403628902889,0.12324653188924785,0.1028038011695024,0.12853100803916562,0.05982874581109804,0.07132148040898963,0.10323780007132419,0.0791396442792506,-0.06551421175012494,0.05627691649222602,-0.12110511469364225,-0.023098804551464115,-0.03931941367254739,0.43343046515721323,0.4999030177467553,0.34296303441150344,0.33711875842102645,0.030728113334888445,0.30802397417616684,0.29102767449948574,0.43343046515721134,0.42000175981552085,0.49990301774675533,-0.039844994511353246,0.04018366874938406,-0.03931941367254735,0.4769481224096936,-0.041705091390104136,-0.04885080522957216,1.0000000000000033,0.2963403628902889,0.7998733739995356,0.8307124748521102,0.5957756481277054,-0.06551421175012494,-0.12472561870444153,,,,,,,,,1.0000000000000033,1.0,1.0000000000000022,-0.11773522496672774,1.0000000000000022,0.2963403628902887,0.29634036289028753,0.29634036289028676,0.29634036289028676
cap_rate,-0.02257368651663221,,-0.09324953638421223,0.019923308582212106,0.017917923082994072,,0.07530149374000979,0.004734122641296575,0.3103194828968284,0.21031326326501643,0.29814407239524987,0.2928088041939379,-0.11055903192990865,-0.005183833341061435,-0.11040022792425722,-0.02991603220991964,0.005567123534312092,0.005567148420055842,-0.10932213100244827,0.005496318504827706,,-0.16846563292580619,-0.22409520982693337,-0.2699905809904727,-0.4769481224096905,-0.03984499451135351,-0.01380193455622492,0.0009417784890568724,-0.33187919518979303,-0.02125253326819792,-0.041705091390104615,0.2963403628902865,0.12324653188924761,0.10280380116950177,0.12853100803916556,0.059828745811097844,0.07132148040898945,0.10323780007132398,0.07913964427925063,-0.0655142117501246,0.05627691649222627,-0.12110511469364138,-0.023098804551464076,-0.0393194136725473,0.4334304651572134,0.4999030177467547,0.34296303441150067,0.3371187584210278,0.0307281133348876,0.3080239741761658,0.2910276744994858,0.4334304651572119,0.42000175981551946,0.49990301774675394,-0.03984499451135366,0.040183668749383235,-0.03931941367254706,0.4769481224096915,-0.04170509139010443,-0.04885080522957227,1.000000000000003,0.2963403628902865,0.7998733739995312,0.8307124748521126,0.5957756481277069,-0.0655142117501246,-0.12472561870444121,,,,,,,,,1.000000000000003,1.0000000000000022,1.0,-0.11773522496672806,1.0,0.2963403628902864,0.29634036289028565,0.29634036289028587,0.29634036289028587
price_to_rent_ratio,0.0007730928237670534,,0.02567055338258681,-0.005291342472640643,-0.0025148908199111456,,-0.019853488313463116,-6.049149161947593e-06,-0.10836640053997844,0.036728691637871444,-0.04215358225603607,-0.08191245742854233,0.30815998515094833,-0.0009740129718961519,0.30663231523648493,0.11809343864559262,-0.009331086526675563,-0.009331111917669221,0.30178268118783025,-0.009319432063833129,,0.2853435250880142,0.27598164182169077,0.2523167672853605,0.25344152158495503,-0.04911486123726248,-0.04744494267838844,-0.027649670869968817,0.24628757309732868,-0.05582707834595288,-0.07201773279426657,-0.09387152949254972,-0.08302369462248152,-0.08660373098488923,-0.12979989278802825,-0.07087150961069197,-0.06461068538542887,-0.08415877542724748,-0.09074149580429357,-0.004160051954432702,-0.038014941840573656,0.11947515897226738,0.1943011889792572,-0.03698550068159011,-0.07437434802853977,-0.16120918084346014,-0.031674225268079184,-0.06222286289069487,-0.07041141079202427,-0.14843868673281274,-0.08998039275421468,-0.07437434802853962,-0.1612147522825938,-0.1612091808434606,-0.04911486123726263,-0.06976159056503989,-0.036985500681590025,-0.2534415215849548,-0.07201773279426671,-0.04583817317546474,-0.1177352249667278,-0.09387152949254972,-0.11623771925176225,-0.12001761083901859,-0.5420633957307681,-0.004160051954432702,0.08593914541886294,,,,,,,,,-0.11773522496672782,-0.11773522496672774,-0.11773522496672806,1.0,-0.11773522496672806,-0.09387152949254968,-0.09387152949254943,-0.09387152949254982,-0.09387152949254982
revenue_yield,-0.02257368651663221,,-0.09324953638421223,0.019923308582212106,0.017917923082994072,,0.07530149374000979,0.004734122641296575,0.3103194828968284,0.21031326326501643,0.29814407239524987,0.2928088041939379,-0.11055903192990865,-0.005183833341061435,-0.11040022792425722,-0.02991603220991964,0.005567123534312092,0.005567148420055842,-0.10932213100244827,0.005496318504827706,,-0.16846563292580619,-0.22409520982693337,-0.2699905809904727,-0.4769481224096905,-0.03984499451135351,-0.01380193455622492,0.0009417784890568724,-0.33187919518979303,-0.02125253326819792,-0.041705091390104615,0.2963403628902865,0.12324653188924761,0.10280380116950177,0.12853100803916556,0.059828745811097844,0.07132148040898945,0.10323780007132398,0.07913964427925063,-0.0655142117501246,0.05627691649222627,-0.12110511469364138,-0.023098804551464076,-0.0393194136725473,0.4334304651572134,0.4999030177467547,0.34296303441150067,0.3371187584210278,0.0307281133348876,0.3080239741761658,0.2910276744994858,0.4334304651572119,0.42000175981551946,0.49990301774675394,-0.03984499451135366,0.040183668749383235,-0.03931941367254706,0.4769481224096915,-0.04170509139010443,-0.04885080522957227,1.000000000000003,0.2963403628902865,0.7998733739995312,0.8307124748521126,0.5957756481277069,-0.0655142117501246,-0.12472561870444121,,,,,,,,,1.000000000000003,1.0000000000000022,1.0,-0.11773522496672806,1.0,0.2963403628902864,0.29634036289028565,0.29634036289028587,0.29634036289028587
annual_cash_flow_booked,-0.1167867742737447,,-0.12431294304285885,-0.1573992276316242,-0.1569992285858378,,-0.03992923925703847,-0.12551966181201604,0.34704780481678627,0.1589199962532288,0.32196454657661056,0.31725247124714623,-0.1495739321501971,-0.007855418500957652,-0.15111687258261633,-0.1693528044579696,-0.019721907624617795,-0.01972181735021233,-0.15162021009580504,-0.01974155708987836,,-0.09755973877856239,-0.10291145395010086,-0.08424905155479624,-0.11415239164228573,0.2543433889819812,0.3193558841034683,0.27470596459775004,-0.08069340375302725,0.33470315500912906,0.6019011573144105,1.0000000000000002,0.14891756897530464,0.14047844128301273,0.15496516743953126,0.1035769925591596,0.11721593851339926,0.13284169942327728,0.12669202503783542,-0.21290717657017347,-0.16105395480010026,-0.13503894759896534,-0.029444724878975988,0.23953351706574025,0.17831573870554326,0.33918768875572186,0.03006936521389587,0.1141513723695012,0.4593502813830162,0.3299866707314496,0.3078562158908907,0.1783157387055431,0.30989193109303215,0.33918768875572164,0.2543433889819816,0.4681898219820294,0.23953351706574033,0.11415239164228538,0.601901157314411,0.39254231883024415,0.2963403628902868,1.0000000000000002,0.114181201486064,0.13780814944088798,0.2909951377440231,-0.21290717657017347,-0.23962082632647486,,,,,,,,,0.2963403628902868,0.2963403628902887,0.2963403628902864,-0.09387152949254968,0.2963403628902864,1.0,1.000000000000001,1.0000000000000024,1.0000000000000024
cash_on_cash_roi_booked,-0.11678677427374405,,-0.12431294304285806,-0.1573992276316247,-0.15699922858583812,,-0.039929239257038354,-0.1255196618120153,0.34704780481678466,0.15891999625322842,0.3219645465766126,0.31725247124714795,-0.14957393215019613,-0.00785541850095759,-0.15111687258261763,-0.16935280445796996,-0.019721907624617938,-0.019721817350212303,-0.15162021009580504,-0.01974155708987835,,-0.09755973877856196,-0.10291145395010058,-0.0842490515547959,-0.11415239164228518,0.25434338898198,0.3193558841034663,0.2747059645977485,-0.08069340375302714,0.3347031550091281,0.6019011573144071,1.0000000000000007,0.14891756897530425,0.1404784412830123,0.1549651674395313,0.10357699255916011,0.11721593851339944,0.13284169942327748,0.12669202503783525,-0.21290717657017277,-0.16105395480009968,-0.13503894759896468,-0.029444724878975977,0.2395335170657401,0.17831573870554232,0.3391876887557199,0.03006936521389574,0.11415137236950153,0.45935028138301526,0.3299866707314487,0.3078562158908898,0.17831573870554254,0.30989193109303126,0.33918768875572075,0.2543433889819805,0.4681898219820292,0.23953351706573978,0.11415239164228509,0.601901157314407,0.3925423188302421,0.29634036289028703,1.0000000000000007,0.11418120148606327,0.13780814944088773,0.29099513774402314,-0.21290717657017277,-0.23962082632647333,,,,,,,,,0.29634036289028703,0.29634036289028753,0.29634036289028565,-0.09387152949254943,0.29634036289028565,1.000000000000001,1.0,0.9999999999999962,0.9999999999999962
cap_rate_booked,-0.11678677427374413,,-0.12431294304285798,-0.15739922763162545,-0.1569992285858388,,-0.03992923925703843,-0.1255196618120162,0.34704780481678393,0.1589199962532281,0.321964546576613,0.3172524712471467,-0.1495739321501967,-0.007855418500957606,-0.15111687258261802,-0.16935280445796913,-0.019721907624617792,-0.01972181735021213,-0.15162021009580545,-0.019741557089878337,,-0.09755973877856235,-0.10291145395010061,-0.08424905155479602,-0.11415239164228566,0.2543433889819801,0.3193558841034681,0.2747059645977486,-0.08069340375302715,0.33470315500912845,0.6019011573144087,1.0000000000000024,0.14891756897530448,0.14047844128301215,0.15496516743953137,0.1035769925591597,0.11721593851339944,0.13284169942327737,0.1266920250378356,-0.21290717657017327,-0.16105395480009976,-0.1350389475989649,-0.029444724878975932,0.23953351706574078,0.17831573870554238,0.33918768875571986,0.03006936521389579,0.11415137236950125,0.45935028138301726,0.32998667073144816,0.3078562158908908,0.1783157387055421,0.30989193109303176,0.339187688755721,0.25434338898198117,0.4681898219820294,0.23953351706574075,0.1141523916422851,0.6019011573144097,0.3925423188302439,0.2963403628902861,1.0000000000000024,0.11418120148606367,0.13780814944088773,0.29099513774402286,-0.21290717657017327,-0.2396208263264738,,,,,,,,,0.2963403628902861,0.29634036289028676,0.29634036289028587,-0.09387152949254982,0.29634036289028587,1.0000000000000024,0.9999999999999962,1.0,1.0
revenue_yield_booked,-0.11678677427374413,,-0.12431294304285798,-0.15739922763162545,-0.1569992285858388,,-0.03992923925703843,-0.1255196618120162,0.34704780481678393,0.1589199962532281,0.321964546576613,0.3172524712471467,-0.1495739321501967,-0.007855418500957606,-0.15111687258261802,-0.16935280445796913,-0.019721907624617792,-0.01972181735021213,-0.15162021009580545,-0.019741557089878337,,-0.09755973877856235,-0.10291145395010061,-0.08424905155479602,-0.11415239164228566,0.2543433889819801,0.3193558841034681,0.2747059645977486,-0.08069340375302715,0.33470315500912845,0.6019011573144087,1.0000000000000024,0.14891756897530448,0.14047844128301215,0.15496516743953137,0.1035769925591597,0.11721593851339944,0.13284169942327737,0.1266920250378356,-0.21290717657017327,-0.16105395480009976,-0.1350389475989649,-0.029444724878975932,0.23953351706574078,0.17831573870554238,0.33918768875571986,0.03006936521389579,0.11415137236950125,0.45935028138301726,0.32998667073144816,0.3078562158908908,0.1783157387055421,0.30989193109303176,0.339187688755721,0.25434338898198117,0.4681898219820294,0.23953351706574075,0.1141523916422851,0.6019011573144097,0.3925423188302439,0.2963403628902861,1.0000000000000024,0.11418120148606367,0.13780814944088773,0.29099513774402286,-0.21290717657017327,-0.2396208263264738,,,,,,,,,0.2963403628902861,0.29634036289028676,0.29634036289028587,-0.09387152949254982,0.29634036289028587,1.0000000000000024,0.9999999999999962,1.0,1.0
