,id,scrape_id,host_id,host_listings_count,host_total_listings_count,neighbourhood_group_cleansed,latitude,longitude,accommodates,bathrooms,bedrooms,beds,minimum_nights,maximum_nights,minimum_minimum_nights,maximum_minimum_nights,minimum_maximum_nights,maximum_maximum_nights,minimum_nights_avg_ntm,maximum_nights_avg_ntm,calendar_updated,availability_30,availability_60,availability_90,availability_365,number_of_reviews,number_of_reviews_ltm,number_of_reviews_l30d,availability_eoy,number_of_reviews_ly,estimated_occupancy_l365d,estimated_revenue_l365d,review_scores_rating,review_scores_accuracy,review_scores_cleanliness,review_scores_checkin,review_scores_communication,review_scores_location,review_scores_value,calculated_host_listings_count,calculated_host_listings_count_entire_homes,calculated_host_listings_count_private_rooms,calculated_host_listings_count_shared_rooms,reviews_per_month,price_clean,log_price,price_per_accommodates,log_price_per_accommodates,log_reviews,log_accommodates,log_beds,price_zscore,price_percentile,log_price_zscore,reviews_zscore,reviews_percentile,reviews_per_month_zscore,occupancy_rate,occupancy_rate_booked,occupancy_is_capped,est_annual_revenue,est_annual_revenue_booked,revenue_per_accommodates,revenue_per_bedroom,log_est_revenue,host_listings_in_city,host_is_professional,pct_professional_hosts,pct_large_operators,median_host_listings,gini_host_concentration,market_professionalization_score,purchase_price,monthly_payment,zori_rent,annual_cash_flow,cash_on_cash_roi,cap_rate,price_to_rent_ratio,revenue_yield,annual_cash_flow_booked,cash_on_cash_roi_booked,cap_rate_booked,revenue_yield_booked
id,1.0,,0.4325546117924171,-0.03522166244616465,-0.03274475672586718,,0.061351563925575746,0.06176863801905775,0.08931083266391932,0.12928050936190366,0.10050563947805342,0.16570139115249388,-0.05109420115984432,-0.22868284657429705,-0.05715845122890369,-0.05297123275003248,-0.258678464396082,-0.2534658943805809,-0.05351142695682346,-0.24776778832076493,,0.09423419977248987,0.1420226335318873,0.14282957107336433,0.04521516643042704,-0.37697920002759083,-0.06073729250651925,0.010460272887589868,0.14004936247859742,-0.2002241096730489,-0.08836624190364097,-0.07067791142721559,-0.01083540220644706,-0.05073264627599995,-0.03525573186216441,-0.03246559379857482,-0.026440925950237146,-0.009546707494688817,-0.018942819680179013,0.08862007759911664,0.007851692445277333,0.22950459900750284,-0.02995870157588428,0.14699678836295338,0.07344974075655097,0.040951186706850475,-0.03901585771111707,-0.09581805000238776,-0.42617251861965394,0.04282929195452566,0.14542009261497307,0.07344974075655018,0.03803525602548849,0.04095118670684902,-0.37697920002759094,-0.4202296652956035,0.14699678836295416,-0.04521516643042577,-0.08836624190364209,-0.034982042039166245,0.016230942119537135,-0.07067791142721559,-0.06667713267250794,-0.046449623365518264,-0.06351208653661793,0.08862007759911664,0.10568637391670785,,,,,,,,,0.016230942119537784,0.016230942119537822,0.016230942119537968,0.07359379644572035,0.016230942119537968,-0.0706779114272158,-0.07067791142721506,-0.07067791142721543,-0.07067791142721543
scrape_id,,,,,,,,,,,,,,,,,,,,,,,,,,,,,,,,,,,,,,,,,,,,,,,,,,,,,,,,,,,,,,,,,,,,,,,,,,,,,,,,,,,,
host_id,0.4325546117924171,,1.0,-0.11130011571783696,-0.10612509763476559,,0.13011104418546385,-0.08707154783636444,0.024016533174568234,0.05168449246634513,0.06623495830524974,0.13402133848283895,-0.01568125067096154,-0.16682470031536217,-0.07250774743835758,-0.10842292906715342,-0.15174123280031065,-0.11119677217893163,-0.037069767756368166,-0.11686818256540356,,0.03406161205482149,0.05269413019382935,0.06349064740534023,-0.028832929788183824,-0.16502675067824074,0.043951775979974864,0.03264493415920363,0.06571149953648087,-0.044165331178454795,0.12452736592179887,0.09162230153461572,-0.0698183488710362,-0.08743384170960994,-0.0565635070555581,-0.06324126640982532,-0.06701772677463207,-0.06048125459855376,-0.027929410765356762,-0.023926989704202994,-0.10097583838382299,0.20583523293069403,-0.011591024519470703,0.10867005053022051,0.002911168370986229,-0.09272141504566513,-0.05817880093832014,-0.21712072471817154,-0.1313145045165195,0.0004474715141346525,0.1353547633777855,0.0029111683709859104,-0.10271566585758114,-0.09272141504566572,-0.16502675067824055,-0.1277036513110469,0.10867005053022101,0.02883292978818448,0.12452736592179828,0.14659826909364126,-0.004250558112038224,0.09162230153461572,-0.0333220925909733,-0.007446148934321007,0.010298138949812167,-0.023926989704202994,0.10977841597671432,,,,,,,,,-0.00425055811203795,-0.004250558112037934,-0.004250558112037964,-0.06319847926929119,-0.004250558112037964,0.09162230153461555,0.0916223015346159,0.0916223015346157,0.0916223015346157
host_listings_count,-0.03522166244616465,,-0.11130011571783696,1.0,0.99582785635093,,-0.13459323529933737,0.21469407027373766,-0.10061239772746809,-0.05208671132385964,-0.10637250122791514,-0.14953296954980655,0.112275719550317,0.43084392873685207,0.12279653170381752,0.8574003759149593,0.2749108724435658,0.26550351502009706,0.15865946599391803,0.26969824348324684,,-0.2270081140311242,-0.2901510645042262,-0.30103458000791117,0.06915678850194765,-0.2045660971544998,-0.22760963199831521,-0.21137619134108382,-0.29517778644230974,-0.20790808241833442,-0.32123732720352083,-0.2760016566971824,-0.24199454438883497,-0.1914852358427829,-0.16415539396520867,-0.3075499300885052,-0.3747804347764309,-0.1574360650543166,-0.35593824512973926,0.8809367652110763,0.9830065506214589,-0.1702525508236419,-0.011496688205715297,-0.19625415847886232,0.09823473752078489,0.2694400147430626,0.1527818879781454,0.41660309081098257,-0.4412226783560002,-0.04322665602202333,-0.13742703312687932,0.09823473752078486,0.31374467558534447,0.2694400147430627,-0.20456609715449928,-0.44871831261168443,-0.19625415847886205,-0.06915678850194756,-0.32123732720352133,-0.17724135229439658,0.07059463794456962,-0.2760016566971824,0.12508499199780615,0.11238017156388219,0.18539989392465578,0.8809367652110763,0.22393316698831847,,,,,,,,,0.07059463794456955,0.07059463794456944,0.07059463794456954,-0.0885625371250885,0.07059463794456954,-0.2760016566971826,-0.2760016566971821,-0.27600165669718213,-0.27600165669718213
host_total_listings_count,-0.03274475672586718,,-0.10612509763476559,0.99582785635093,1.0,,-0.14081979653114957,0.22458977148226994,-0.1049173112011461,-0.05846195117363956,-0.10148021465194175,-0.15276583606554756,0.12101651021894612,0.4335246549651807,0.13161159708621115,0.853851848371021,0.27748973315023107,0.26781513528706247,0.16685861329944277,0.2719435732789605,,-0.2251523085420154,-0.289675802600429,-0.3013523289072098,0.06721653232784693,-0.21503162716506002,-0.23854436208271187,-0.22136201401953734,-0.2954019215556387,-0.21844898214029906,-0.3332776680100526,-0.28285947308541065,-0.24478318780373554,-0.19580597586146092,-0.16758010966420267,-0.30811947384239524,-0.37861689745308486,-0.1539621278425685,-0.3554168207334739,0.8784770761450713,0.9772119304503636,-0.16151479512303704,-0.012156073703219725,-0.2110126849346098,0.0958544502911317,0.26508689020082793,0.15103461800604406,0.4129427100677397,-0.457881656197996,-0.0472284095559659,-0.140234382983793,0.09585445029113158,0.3099789534511695,0.26508689020082804,-0.21503162716506044,-0.4651112550471741,-0.21101268493460995,-0.0672165323278467,-0.33327766801005215,-0.18243721329103071,0.06537690886480028,-0.28285947308541065,0.12160988886581199,0.10761450585846674,0.17869359682714017,0.8784770761450713,0.23387461653105987,,,,,,,,,0.0653769088648002,0.0653769088648002,0.0653769088648001,-0.08546513993995608,0.0653769088648001,-0.2828594730854108,-0.28285947308541054,-0.2828594730854109,-0.2828594730854109
neighbourhood_group_cleansed,,,,,,,,,,,,,,,,,,,,,,,,,,,,,,,,,,,,,,,,,,,,,,,,,,,,,,,,,,,,,,,,,,,,,,,,,,,,,,,,,,,,
latitude,0.061351563925575746,,0.13011104418546385,-0.13459323529933737,-0.14081979653114957,,1.0,-0.6933744505023061,-0.0925052076454292,-0.012495609420307759,0.032247235488891086,-0.07065652777106078,-0.013952400974962417,-0.1319922143949781,-0.04399478672505532,-0.10542817274186576,-0.14291649694944264,-0.16398474217190695,-0.029311772951227003,-0.15546343955183473,,-0.01691406458642508,-0.0024665910840121143,-0.01779224486767304,-0.14722797427545214,-0.017833688482438347,-0.020323196794459205,0.009025484404095913,-0.021415146503442575,-0.017285414987922892,0.0567364814170669,-0.03841285483883112,-0.03092540269918914,-0.04735406306401254,0.0014292866758211485,0.028087180652775004,0.006187054319482362,-0.06654790726643374,-0.005030092389067834,-0.027941986828828317,-0.138189485930615,0.2952802519908088,-0.013795114410485558,-0.03146075013534762,-0.13686886263516448,-0.19679196366890417,-0.0778944575288582,-0.17298472925474406,0.02920269528020389,-0.11815745471998265,-0.048789452138193634,-0.1368688626351641,-0.20441726471079605,-0.19679196366890428,-0.017833688482438364,0.03161149458811729,-0.03146075013534754,0.1472279742754521,0.05673648141706667,0.043881217651302595,-0.05502224652117531,-0.03841285483883112,-0.018318454814155505,-0.046766305943192206,0.011280060637636001,-0.027941986828828317,-0.03100044694412306,,,,,,,,,-0.055022246521175315,-0.05502224652117535,-0.05502224652117528,-0.03688093993899354,-0.05502224652117528,-0.03841285483883112,-0.03841285483883124,-0.03841285483883118,-0.03841285483883118
longitude,0.06176863801905775,,-0.08707154783636444,0.21469407027373766,0.22458977148226994,,-0.6933744505023061,1.0,0.06205611238852745,0.0836636109845149,-0.05483438585315312,0.06032118745657774,0.004608356811539589,0.1176416972976804,0.03832712210266894,0.13169049887698195,0.1438688367099196,0.15092514262653978,0.01831267907490587,0.14812953618671404,,0.002192102944254273,0.0016428893380828957,0.013135832354970562,0.1438503372925058,-0.05924430123866175,-0.008821606068597948,-0.035329145564488726,0.015413714704913602,-0.04358744085483046,-0.1163941726338244,-0.04740720893426032,-0.01935332228123959,-0.016888414871080754,-0.03848662501371989,-0.04003995706117782,-0.0493928982432468,0.021598206839749216,-0.07120578620133615,0.17704533263218059,0.24029482295408353,-0.14997346831022174,-0.004830148760659905,0.0449479690720288,0.16817974579616435,0.21384336897459422,0.11328595563846869,0.22735923995595778,-0.14310345800823754,0.07259499118517308,0.03965345781928656,0.1681797457961645,0.21439247689585933,0.21384336897459413,-0.05924430123866168,-0.14559250079346614,0.04494796907202888,-0.14385033729250546,-0.11639417263382397,-0.06429928822461632,0.07819212058049878,-0.04740720893426032,0.04629740366727797,0.06677981986853486,0.0005111036128917054,0.17704533263218059,0.12803139987882092,,,,,,,,,0.07819212058049893,0.07819212058049896,0.07819212058049875,0.010548262022855939,0.07819212058049875,-0.04740720893426035,-0.04740720893426027,-0.04740720893426035,-0.04740720893426035
accommodates,0.08931083266391932,,0.024016533174568234,-0.10061239772746809,-0.1049173112011461,,-0.0925052076454292,0.06205611238852745,1.0,0.5685293983096946,0.7640494625790173,0.8644610301424768,-0.12433127665330798,0.00013800549629070787,-0.1126304531448496,-0.10840213318833482,0.08023243341157543,0.07657811222292085,-0.11546647636310947,0.07759110763039921,,0.12666253693389012,0.1642030382402506,0.14944926389966726,0.05411144617360856,-0.005572058913239454,0.04434951401412291,0.08445696732064444,0.14646122384272794,-0.0034668340173423903,-0.0045420921325692015,0.4087061223508783,0.09514002252424018,0.07861797244329476,0.1527483554799999,0.04145932934452927,0.05218648774861906,0.03878258584295728,0.09556861026078825,-0.13296031225023844,-0.07274261696488737,-0.17910759912180715,-0.026908152269669052,0.11071086598589969,0.4220312629505167,0.624697423701461,-0.10838066331204192,-0.22216801039610287,0.07488611603908282,0.923912056580452,0.8342910840665373,0.4220312629505159,0.6194622450442203,0.6246974237014614,-0.005572058913239396,0.07898980727314606,0.1107108659858998,-0.05411144617360846,-0.004542092132569369,-0.026283349364637217,0.3294987310677722,0.4087061223508783,-0.09320291695029827,0.0027127501318569332,0.34202042297038066,-0.13296031225023844,-0.12654372801083508,,,,,,,,,0.3294987310677724,0.32949873106777244,0.32949873106777183,-0.07870674489210543,0.32949873106777183,0.4087061223508783,0.40870612235087855,0.4087061223508779,0.4087061223508779
bathrooms,0.12928050936190366,,0.05168449246634513,-0.05208671132385964,-0.05846195117363956,,-0.012495609420307759,0.0836636109845149,0.5685293983096946,1.0,0.465931676640756,0.5266496128412255,-0.06965151077098942,0.07915662904824584,-0.058899799747966,-0.05549316275554723,0.08955270671674248,0.07966936600510204,-0.06044736614665973,0.08384957196518028,,0.06903729040181975,0.08210321671727396,0.0698655844641673,0.04907724385427037,-0.07526416547121656,-0.03616219416920575,-0.0003972045852006444,0.0688026407520405,-0.06406640941006153,-0.011966803895719452,0.19004376619762742,0.013194344806078959,0.03368208410985617,0.027389452845272416,0.03252036865176545,0.018111153029805746,0.03144020743115554,0.033541801328062386,-0.09224073220673454,-0.05006207509237686,-0.1365939195467036,,0.03468375965990919,0.2550500224685387,0.30736087756602565,-0.07099044715005076,-0.13127607409590086,0.0005402638197328579,0.47652317688746404,0.49510826132519653,0.2550500224685386,0.30018735695816573,0.3073608775660257,-0.07526416547121645,0.007814182203941812,0.034683759659909094,-0.04907724385427046,-0.01196680389571952,-0.059320751165445745,0.19967341361252636,0.19004376619762742,-0.07303532398674539,-0.039587889798191014,0.13935671680536776,-0.09224073220673454,-0.026807656299254808,,,,,,,,,0.1996734136125265,0.19967341361252652,0.19967341361252638,-0.04378224624790123,0.19967341361252638,0.19004376619762745,0.19004376619762753,0.19004376619762758,0.19004376619762758
bedrooms,0.10050563947805342,,0.06623495830524974,-0.10637250122791514,-0.10148021465194175,,0.032247235488891086,-0.05483438585315312,0.7640494625790173,0.465931676640756,1.0,0.756972757170353,-0.02611618900725785,-0.01647758133209291,-0.009347119926104298,-0.10176197556121049,-0.01484305236371758,-0.025767408554837525,-0.024290268015041958,-0.022369258400697287,,-0.0038833120274818877,-0.00025544583484099124,-0.02264985402138013,-0.10556266943755777,-0.06540332471201978,-0.048613999240875144,-0.02228382899158488,-0.025292040973607936,-0.06761344156363501,-0.08879568389878818,0.3129055107620989,0.04377993758475197,0.025023470115987014,0.07502586230583712,0.049995924038874234,0.04836637803428221,0.010269701139857054,0.05557763354650735,-0.08191781811439393,-0.09100111958912367,0.02063158890546939,,0.012826557159026813,0.34313925955274366,0.48639775308367983,-0.08777272496734674,-0.16659405757858484,-0.04955354207763136,0.676185709477312,0.7403821418771943,0.34313925955274305,0.4901296349826687,0.48639775308368,-0.06540332471201966,-0.05027104713456734,0.012826557159026815,0.10556266943755788,-0.08879568389878828,-0.07062794993860705,0.29176027942927096,0.3129055107620989,-0.06542373431008057,-0.060299213357592064,0.2986075815991113,-0.08191781811439393,-0.13490639407901853,,,,,,,,,0.2917602794292708,0.29176027942927063,0.2917602794292706,-0.08214855007386009,0.2917602794292706,0.312905510762099,0.31290551076209877,0.31290551076209927,0.31290551076209927
beds,0.16570139115249388,,0.13402133848283895,-0.14953296954980655,-0.15276583606554756,,-0.07065652777106078,0.06032118745657774,0.8644610301424768,0.5266496128412255,0.756972757170353,1.0,-0.14804504807230703,-0.028709302586052976,-0.12226418973660233,-0.16924702007023656,0.08451861793679256,0.07978740120907858,-0.1429175297716716,0.083014887863046,,0.15037286070817385,0.17172129306601916,0.15151116620313118,-0.01668484947317912,-0.02183604756217612,0.013241230078275875,0.024447755638313078,0.14969383700236247,-0.026214026444914704,-0.03394766509261726,0.37610001883581157,0.07828553357516566,0.060950066484045565,0.13270229687994903,0.037311901215171875,0.05482000748456559,0.04012445641443821,0.08100750491022117,-0.1228966587108951,-0.10300283885214155,-0.07303780741240766,,0.08318162982290822,0.37988857393949854,0.5531507696448491,-0.08759773625402167,-0.1619918197953386,0.033696604036099066,0.7884312696333959,0.9627087573593961,0.37988857393949815,0.5517438309660108,0.5531507696448493,-0.021836047562176043,0.03568420227388584,0.08318162982290828,0.01668484947317895,-0.03394766509261727,-0.05178174388178799,0.3121483693430244,0.37610001883581157,-0.06988659551543855,0.001412235398368093,0.32078518680666074,-0.1228966587108951,-0.09902089888851817,,,,,,,,,0.3121483693430243,0.3121483693430242,0.312148369343024,-0.07882335753366712,0.312148369343024,0.3761000188358113,0.37610001883581157,0.3761000188358118,0.3761000188358118
minimum_nights,-0.05109420115984432,,-0.01568125067096154,0.112275719550317,0.12101651021894612,,-0.013952400974962417,0.004608356811539589,-0.12433127665330798,-0.06965151077098942,-0.02611618900725785,-0.14804504807230703,1.0,0.22265541061857927,0.9660461836470082,0.41814530957657975,0.1313890860893575,0.11764371478869282,0.986618218961843,0.12296546077552471,,0.04268655923565771,-0.03983364179544331,-0.06136045432641221,0.03545806425622724,-0.23524418930430338,-0.28361795354689884,-0.25779757159586364,-0.061617866118997874,-0.25951314567662453,-0.19859329541603243,-0.2825099047667395,-0.07066309564866854,-0.07361509517836727,-0.11835398288264692,-0.04793656829769556,-0.05543006794573869,-0.03401048611495491,-0.09413988591438048,0.09960625330128949,0.10611800178060686,-0.005703793274901927,0.05515129781796902,-0.2724312163221824,-0.08451187671869828,-0.15297231773957368,0.010845346271417939,-0.0037604576639216902,-0.3438612143246053,-0.13068633482233075,-0.13515146720026122,-0.08451187671869821,-0.14294934120789854,-0.1529723177395737,-0.2352441893043032,-0.34377308125284084,-0.27243121632218253,-0.03545806425622729,-0.19859329541603254,-0.07416612963181293,-0.12821310216312354,-0.2825099047667395,-0.055859471001453075,-0.09051689570921555,-0.16701400582212098,0.09960625330128949,-0.015734624482621466,,,,,,,,,-0.12821310216312365,-0.1282131021631238,-0.12821310216312345,0.1249362477776885,-0.12821310216312345,-0.2825099047667395,-0.2825099047667395,-0.28250990476674015,-0.28250990476674015
maximum_nights,-0.22868284657429705,,-0.16682470031536217,0.43084392873685207,0.4335246549651807,,-0.1319922143949781,0.1176416972976804,0.00013800549629070787,0.07915662904824584,-0.01647758133209291,-0.028709302586052976,0.22265541061857927,1.0,0.22346299790783003,0.43056232696150276,0.7730427839035614,0.7808181990765468,0.24657052346935104,0.7764617572191871,,-0.09879953832789974,-0.16453245109282907,-0.17593000444945198,0.07160573439335745,-0.12493884258394682,-0.1960914475131289,-0.16670575133001317,-0.17177407677325324,-0.1811756384191855,-0.2201778759263874,-0.17462051105092505,-0.11579657001022789,-0.05030844705216315,-0.08497675347848306,-0.0973805052833748,-0.14864042463095345,-0.05267798099659205,-0.15331672238805194,0.347961621899554,0.41086775739794656,-0.1284850370996936,0.031023357327676783,-0.1732706177295174,0.0601423893550856,0.11277360466990628,0.07753899994240396,0.11192851500802989,-0.22191556533716772,0.018042753457278283,-0.01744743359735932,0.06014238935508546,0.13771711320539612,0.11277360466990637,-0.1249388425839467,-0.22224422591043966,-0.17327061772951727,-0.07160573439335773,-0.22017787592638668,-0.12921653388533197,-0.004143774912063182,-0.17462051105092505,0.026733492406600497,0.012454521401035298,0.0018270171120613825,0.347961621899554,0.1082950233136132,,,,,,,,,-0.004143774912063287,-0.004143774912063279,-0.004143774912063322,-0.01590153728133692,-0.004143774912063322,-0.17462051105092513,-0.1746205110509254,-0.17462051105092524,-0.17462051105092524
minimum_minimum_nights,-0.05715845122890369,,-0.07250774743835758,0.12279653170381752,0.13161159708621115,,-0.04399478672505532,0.03832712210266894,-0.1126304531448496,-0.058899799747966,-0.009347119926104298,-0.12226418973660233,0.9660461836470082,0.22346299790783003,1.0,0.42091962386005743,0.137062807050078,0.12495976296083189,0.9718480960497066,0.12914470763127053,,0.044657787888239396,-0.058861190670509586,-0.09186983493365704,0.01181429652351763,-0.21860743769290839,-0.2765581174570059,-0.2601048994848807,-0.09375473949748032,-0.23962983399996574,-0.283286488039231,-0.3144918327930301,-0.055610934339759485,-0.060304489278982354,-0.10533362454826496,-0.04558097815207723,-0.057656385799916776,-0.030686208248263316,-0.09023179021148081,0.0884399683217896,0.11424479209370518,-0.059312584259701956,0.05724015929735875,-0.24982944440530225,-0.038770097159319526,-0.07434608639017143,0.041035420867754975,0.08625428159862705,-0.3590537139579169,-0.1319529398159746,-0.11842778125528466,-0.03877009715931943,-0.06073403114116718,-0.07434608639017118,-0.21860743769290839,-0.3612730978160025,-0.24982944440530241,-0.011814296523517724,-0.28328648803923057,-0.16518138602275967,-0.09412863162498503,-0.3144918327930301,-0.031120778931640624,-0.06485430961670192,-0.13648398373443113,0.0884399683217896,-0.04630345344532715,,,,,,,,,-0.09412863162498511,-0.09412863162498519,-0.0941286316249851,0.1326299443758715,-0.0941286316249851,-0.3144918327930301,-0.3144918327930305,-0.3144918327930308,-0.3144918327930308
maximum_minimum_nights,-0.05297123275003248,,-0.10842292906715342,0.8574003759149593,0.853851848371021,,-0.10542817274186576,0.13169049887698195,-0.10840213318833482,-0.05549316275554723,-0.10176197556121049,-0.16924702007023656,0.41814530957657975,0.43056232696150276,0.42091962386005743,1.0,0.2768011791608993,0.26576637664753044,0.4736555011176051,0.2703658519483375,,-0.1617133522094299,-0.24522337017958626,-0.25873521591841675,0.13414458848005775,-0.2360966220981745,-0.2717642600958427,-0.25254577321983673,-0.25229970911794203,-0.24670166922600476,-0.3263075628190611,-0.31957908395039764,-0.24146883833017682,-0.2012779689212669,-0.1889471987575578,-0.29572784401970087,-0.3396181797729611,-0.163523317772313,-0.33442316672369105,0.7389929688562317,0.8384618259011912,-0.18034930554370895,0.009507573810206685,-0.26633132212254607,0.06922004122891097,0.21406234989096345,0.14209516972192676,0.38129610263016084,-0.4561545846340055,-0.06150218973626812,-0.15578917099872325,0.06922004122891103,0.25667862763354365,0.21406234989096307,-0.2360966220981748,-0.46043132724203895,-0.26633132212254607,-0.13414458848005775,-0.3263075628190594,-0.17535913102604955,0.021525058399003812,-0.31957908395039764,0.08923582755510111,0.07453765689593835,0.12531235606234298,0.7389929688562317,0.16271990964690078,,,,,,,,,0.021525058399003802,0.021525058399003892,0.0215250583990038,-0.05561354225193609,0.0215250583990038,-0.31957908395039764,-0.3195790839503979,-0.3195790839503976,-0.3195790839503976
minimum_maximum_nights,-0.258678464396082,,-0.15174123280031065,0.2749108724435658,0.27748973315023107,,-0.14291649694944264,0.1438688367099196,0.08023243341157543,0.08955270671674248,-0.01484305236371758,0.08451861793679256,0.1313890860893575,0.7730427839035614,0.137062807050078,0.2768011791608993,1.0,0.9759613278451762,0.14849281194799077,0.9881807872549361,,-0.029698234724231824,-0.05473163558800936,-0.0634502573415756,0.10016541697667862,0.010708413011844619,-0.07303683621144279,-0.06160271767008818,-0.05942281904700227,-0.03508048748684046,-0.0940807043824218,-0.04137027186132103,-0.03454304389187884,0.0031728157748286746,-0.009372391968469524,-0.043751741629588975,-0.059580343661486984,0.00343693615888776,-0.07549943240208716,0.18373516856988312,0.2642128188047521,-0.19587439903599504,0.0256387876104423,-0.06685685667700937,0.08994024048127101,0.1745220152988868,0.06075220522530403,0.11787985874030289,-0.035755800469737475,0.09754052034212575,0.08035497736781012,0.08994024048127107,0.19593490442317063,0.17452201529888745,0.010708413011844954,-0.037677114799423796,-0.06685685667700958,-0.10016541697667884,-0.09408070438242176,-0.07066849079801703,0.022446802383241614,-0.04137027186132103,0.011803126831503355,0.03340230293355681,0.04827950133002678,0.18373516856988312,0.058260294249030446,,,,,,,,,0.0224468023832415,0.02244680238324146,0.022446802383241385,-0.031191459197159148,0.022446802383241385,-0.04137027186132112,-0.04137027186132137,-0.04137027186132116,-0.04137027186132116
maximum_maximum_nights,-0.2534658943805809,,-0.11119677217893163,0.26550351502009706,0.26781513528706247,,-0.16398474217190695,0.15092514262653978,0.07657811222292085,0.07966936600510204,-0.025767408554837525,0.07978740120907858,0.11764371478869282,0.7808181990765468,0.12495976296083189,0.26576637664753044,0.9759613278451762,1.0,0.13432020229157712,0.9937111422931457,,0.00032250512310567653,-0.036970626144473974,-0.05067691322098975,0.08886839120889423,0.01081425986985011,-0.05873755583045914,-0.05607208948509874,-0.04733387570468322,-0.03503734734837191,-0.0940703857489022,-0.019399477956265215,-0.05027868256929907,-0.009695023804666351,-0.016591297439179736,-0.061855952341520706,-0.08425214200005854,-0.012139361259858617,-0.0873080408812876,0.168460858819953,0.25323805516667686,-0.20936153680385924,0.025097469267589798,-0.05059067233068395,0.09905292019184243,0.19443794698279487,0.06964581299453676,0.13857560992800477,-0.035357768810426536,0.09713932155722341,0.07685095637435434,0.09905292019184256,0.21907752110971135,0.19443794698279573,0.01081425986985025,-0.03689531409568199,-0.05059067233068409,-0.0888683912088946,-0.09407038574890178,-0.06786854533048652,0.03492510365997431,-0.019399477956265215,0.024210258480907243,0.049011950513645305,0.06515703731245626,0.168460858819953,0.07036915717582519,,,,,,,,,0.03492510365997416,0.034925103659974185,0.03492510365997412,-0.037664904547258495,0.03492510365997412,-0.019399477956265204,-0.01939947795626538,-0.019399477956265367,-0.019399477956265367
minimum_nights_avg_ntm,-0.05351142695682346,,-0.037069767756368166,0.15865946599391803,0.16685861329944277,,-0.029311772951227003,0.01831267907490587,-0.11546647636310947,-0.06044736614665973,-0.024290268015041958,-0.1429175297716716,0.986618218961843,0.24657052346935104,0.9718480960497066,0.4736555011176051,0.14849281194799077,0.13432020229157712,1.0,0.13923426581749987,,0.03252387395454785,-0.056527365086110844,-0.08067797813503597,0.04719234240476595,-0.24555972664874387,-0.29596465926709464,-0.2708654546684048,-0.08057804819591048,-0.26823624764768783,-0.236601620187977,-0.31395630427896026,-0.0727799092216154,-0.07431301348876958,-0.11420800291713934,-0.059285576474017866,-0.06921113305379124,-0.04015191615225904,-0.10169084514557662,0.13224268490808946,0.1504750022738592,-0.03351544899591618,0.05416745437763804,-0.2835327973450931,-0.06752256579560352,-0.10900073553077118,0.023588084984118324,0.03679886534936321,-0.3661177569013325,-0.12161142875504063,-0.1307596702080756,-0.0675225657956035,-0.09503005552816732,-0.10900073553077114,-0.24555972664874445,-0.36597687404247037,-0.2835327973450927,-0.04719234240476607,-0.23660162018797617,-0.11075744767521369,-0.12135716795408064,-0.31395630427896026,-0.04728139795833432,-0.08075197370631512,-0.14187560037518895,0.13224268490808946,-0.015216225769712722,,,,,,,,,-0.12135716795408072,-0.12135716795408076,-0.1213571679540805,0.10682566092130268,-0.1213571679540805,-0.31395630427896004,-0.3139563042789604,-0.3139563042789604,-0.3139563042789604
maximum_nights_avg_ntm,-0.24776778832076493,,-0.11686818256540356,0.26969824348324684,0.2719435732789605,,-0.15546343955183473,0.14812953618671404,0.07759110763039921,0.08384957196518028,-0.022369258400697287,0.083014887863046,0.12296546077552471,0.7764617572191871,0.12914470763127053,0.2703658519483375,0.9881807872549361,0.9937111422931457,0.13923426581749987,1.0,,-0.011351400822185147,-0.046514192943691336,-0.05987994893773891,0.08648790077264809,0.006254161096129121,-0.06946002092791248,-0.058885218423362036,-0.056445944275387974,-0.04019400215671368,-0.0992392795029519,-0.03257140499448951,-0.04587723140993508,-0.006225231849928208,-0.01609191692645289,-0.05629914737081409,-0.07842514756297089,-0.00889871453155818,-0.08412673883349119,0.17451329333531654,0.2582568091137562,-0.20583223917011106,0.02538021657332014,-0.0593075002136718,0.09588174526964922,0.18630718705172913,0.06598743954203293,0.12879081548093593,-0.04234941089369405,0.09667631907263638,0.07939331498994402,0.09588174526964935,0.20943133538066197,0.1863071870517296,0.006254161096129245,-0.04396692487460951,-0.05930750021367193,-0.08648790077264858,-0.09923927950295171,-0.07175605018316744,0.03356277948506153,-0.03257140499448951,0.022989848428986524,0.04692045948791585,0.060478615820272225,0.17451329333531654,0.06594675155173364,,,,,,,,,0.03356277948506146,0.03356277948506143,0.03356277948506133,-0.03495952389210784,0.03356277948506133,-0.0325714049944895,-0.03257140499448953,-0.03257140499448957,-0.03257140499448957
calendar_updated,,,,,,,,,,,,,,,,,,,,,,,,,,,,,,,,,,,,,,,,,,,,,,,,,,,,,,,,,,,,,,,,,,,,,,,,,,,,,,,,,,,,
availability_30,0.09423419977248987,,0.03406161205482149,-0.2270081140311242,-0.2251523085420154,,-0.01691406458642508,0.002192102944254273,0.12666253693389012,0.06903729040181975,-0.0038833120274818877,0.15037286070817385,0.04268655923565771,-0.09879953832789974,0.044657787888239396,-0.1617133522094299,-0.029698234724231824,0.00032250512310567653,0.03252387395454785,-0.011351400822185147,,1.0,0.8711657035036279,0.7641477921726562,0.30148814460390844,-0.009276603238827395,0.06961269125458314,0.06305862515094746,0.7493876077828647,-0.0010152556280920207,0.010766251493577001,0.03977822159154765,-0.009914137929180958,-0.0027308941762387642,0.00966351199145722,-0.0470731999889787,-0.006795643138405407,0.000806891625094299,-0.028213514755503107,-0.22448884593133558,-0.21199084032928303,-0.06089215989361593,-0.020253661486256663,0.10033134946964413,0.14081523301591548,0.2092484410407403,0.03969698274215081,0.10455048962917267,0.05688896961627557,0.1457935695796726,0.15101728793476507,0.14081523301591528,0.20134930911193852,0.20924844104074034,-0.009276603238827398,0.06085849622981513,0.10033134946964416,-0.30148814460390827,0.01076625149357677,-0.032885103270295424,-0.02562479650686347,0.03977822159154765,-0.07471336302328503,-0.04208995520910197,-0.16205431496417888,-0.22448884593133558,-0.0337085823568778,,,,,,,,,-0.025624796506863407,-0.02562479650686339,-0.025624796506863366,0.32346086545062863,-0.025624796506863366,0.0397782215915477,0.039778221591547695,0.03977822159154754,0.03977822159154754
availability_60,0.1420226335318873,,0.05269413019382935,-0.2901510645042262,-0.289675802600429,,-0.0024665910840121143,0.0016428893380828957,0.1642030382402506,0.08210321671727396,-0.00025544583484099124,0.17172129306601916,-0.03983364179544331,-0.16453245109282907,-0.058861190670509586,-0.24522337017958626,-0.05473163558800936,-0.036970626144473974,-0.056527365086110844,-0.046514192943691336,,0.8711657035036279,1.0,0.9595875438644661,0.4404250662557733,0.054118734786459795,0.18819542270978176,0.19535691597137453,0.9495049863698527,0.10776950775188514,0.16663666115306322,0.12636286012327136,-0.011195994583018329,-0.012193075228895317,0.007013173866068662,-0.02301790755082684,0.018104805795250364,-0.004278650476200446,-0.009446732739852562,-0.26465429584848976,-0.26825166686312546,-0.022127681462460677,-0.026982705234764964,0.20818720022410883,0.08924748154071524,0.1295942614345284,-0.024931062972380562,-0.0252663367089199,0.17095601537579427,0.18305784880944026,0.16354457045763307,0.08924748154071507,0.11881622790512414,0.1295942614345282,0.05411873478645973,0.17608687859981728,0.20818720022410897,-0.4404250662557738,0.166636661153063,0.08176321602824142,-0.08289175554728356,0.12636286012327136,-0.15086757149884097,-0.10826660412218801,-0.24370300927033214,-0.26465429584848976,0.006404867021369974,,,,,,,,,-0.08289175554728351,-0.08289175554728355,-0.08289175554728347,0.2917433460857948,-0.08289175554728347,0.1263628601232714,0.12636286012327158,0.12636286012327144,0.12636286012327144
availability_90,0.14282957107336433,,0.06349064740534023,-0.30103458000791117,-0.3013523289072098,,-0.01779224486767304,0.013135832354970562,0.14944926389966726,0.0698655844641673,-0.02264985402138013,0.15151116620313118,-0.06136045432641221,-0.17593000444945198,-0.09186983493365704,-0.25873521591841675,-0.0634502573415756,-0.05067691322098975,-0.08067797813503597,-0.05987994893773891,,0.7641477921726562,0.9595875438644661,1.0,0.5231228782389081,0.0968300252695946,0.2430269829304803,0.24591092558869146,0.9984373384529232,0.1653530672534767,0.2492789092197996,0.15267251412773028,0.005152949419159195,0.003303678199438046,0.020879538403284156,-0.01171766637215388,0.0428914494566947,0.0006716230525242135,0.012550334785005317,-0.27468310812911995,-0.28022151624603275,-0.018072485811846863,-0.03186851461702495,0.2505992544084657,0.04266992810122765,0.06347454511417912,-0.05893972746494071,-0.08670540029762779,0.22252887281690528,0.16891398098038182,0.14135440091274218,0.042669928101227515,0.051936370244911795,0.06347454511417906,0.09683002526959447,0.2268621904405478,0.2505992544084654,-0.5231228782389075,0.24927890921979956,0.15131888053401182,-0.14383147078170228,0.15267251412773028,-0.20330993326523855,-0.1604018696498914,-0.3006513054170334,-0.27468310812911995,0.017288415248859493,,,,,,,,,-0.1438314707817021,-0.14383147078170266,-0.14383147078170225,0.2696013931137254,-0.14383147078170225,0.15267251412773022,0.1526725141277306,0.15267251412773053,0.15267251412773053
availability_365,0.04521516643042704,,-0.028832929788183824,0.06915678850194765,0.06721653232784693,,-0.14722797427545214,0.1438503372925058,0.05411144617360856,0.04907724385427037,-0.10556266943755777,-0.01668484947317912,0.03545806425622724,0.07160573439335745,0.01181429652351763,0.13414458848005775,0.10016541697667862,0.08886839120889423,0.04719234240476595,0.08648790077264809,,0.30148814460390844,0.4404250662557733,0.5231228782389081,1.0,0.043790563245253884,0.11369871361249918,0.10683853452084,0.5460598402938039,0.10362454703496783,0.20097501271777754,-0.06465408981990928,-0.07335303531138575,-0.07627204166033821,-0.07046702513954622,-0.07613484305170327,-0.034666723371020336,-0.05831523159559126,-0.07492660477350363,0.04838333599769834,0.08073943654424266,-0.08175633337249674,-0.040145937071051886,0.1089365281148061,-0.00993622598969405,-0.046267719824758975,-0.009493173207851733,-0.06512654114002227,0.06390031096677877,0.08703983815207633,-0.021394943974457948,-0.009936225989694148,-0.05158626001839289,-0.04626771982475911,0.043790563245253815,0.0653960911132015,0.1089365281148063,-0.9999999999999996,0.20097501271777657,0.1137438342474018,-0.47060585443916647,-0.06465408981990928,-0.4057562413254083,-0.3992510491204268,-0.7472995811269373,0.04838333599769834,0.12405615056957738,,,,,,,,,-0.4706058544391663,-0.47060585443916647,-0.4706058544391666,0.34817507359018585,-0.4706058544391666,-0.06465408981990921,-0.06465408981990924,-0.06465408981990929,-0.06465408981990929
number_of_reviews,-0.37697920002759083,,-0.16502675067824074,-0.2045660971544998,-0.21503162716506002,,-0.017833688482438347,-0.05924430123866175,-0.005572058913239454,-0.07526416547121656,-0.06540332471201978,-0.02183604756217612,-0.23524418930430338,-0.12493884258394682,-0.21860743769290839,-0.2360966220981745,0.010708413011844619,0.01081425986985011,-0.24555972664874387,0.006254161096129121,,-0.009276603238827395,0.054118734786459795,0.0968300252695946,0.043790563245253884,1.0,0.6564663662882605,0.48906213426321604,0.09793189544751692,0.7576967412739688,0.4781112393951695,0.3623451430180279,0.08168930863966459,0.10532161111808375,0.1066901327370161,0.09440868133987233,0.10820402803829218,0.03267689480073963,0.1338624333158239,-0.2749081097788981,-0.2284724205715074,-0.15890802290987113,-0.01355000809368014,0.5868058716600029,-0.09065855451784026,-0.08125381062266417,-0.05738769955835107,-0.0709122912793445,0.7218691055708165,0.01377575450589835,-0.031690085949022825,-0.09065855451783988,-0.08568025102427866,-0.08125381062266358,1.0000000000000022,0.674037489800989,0.586805871660002,-0.04379056324525477,0.47811123939516853,0.38199047044437096,-0.047779297993705123,0.3623451430180279,-0.027950797137406235,-0.022968811561009325,-0.007071340509384493,-0.2749081097788981,-0.1721587012098869,,,,,,,,,-0.0477792979937053,-0.04777929799370543,-0.04777929799370525,-0.04313427945914045,-0.04777929799370525,0.36234514301802806,0.36234514301802806,0.36234514301802817,0.36234514301802817
number_of_reviews_ltm,-0.06073729250651925,,0.043951775979974864,-0.22760963199831521,-0.23854436208271187,,-0.020323196794459205,-0.008821606068597948,0.04434951401412291,-0.03616219416920575,-0.048613999240875144,0.013241230078275875,-0.28361795354689884,-0.1960914475131289,-0.2765581174570059,-0.2717642600958427,-0.07303683621144279,-0.05873755583045914,-0.29596465926709464,-0.06946002092791248,,0.06961269125458314,0.18819542270978176,0.2430269829304803,0.11369871361249918,0.6564663662882605,1.0,0.7637360365435959,0.24363156452975399,0.8049318215610312,0.6858706528712843,0.5410759261210892,0.07300959384744685,0.08169236174595634,0.09941219858174595,0.08149668307452193,0.09298715913158194,0.015551886318798485,0.12702229713098095,-0.2721404542443968,-0.2470258813690427,-0.10081843957255338,-0.015617928782328353,0.8840328197799102,-0.08434844408440031,-0.09019699469875048,-0.08235618789878421,-0.13050409990719872,0.6475239638266705,0.054715741305041254,-0.0029344941521498766,-0.08434844408440009,-0.09896403726487936,-0.09019699469875042,0.6564663662882586,0.6258555579681374,0.8840328197799083,-0.11369871361249949,0.6858706528712842,0.6095264436233738,-0.038959331832673125,0.5410759261210892,-0.043736665665127336,-0.025892474039322152,-0.008533404675864942,-0.2721404542443968,-0.0892777311398715,,,,,,,,,-0.03895933183267326,-0.03895933183267321,-0.03895933183267328,-0.04791999714096094,-0.03895933183267328,0.5410759261210891,0.54107592612109,0.5410759261210902,0.5410759261210902
number_of_reviews_l30d,0.010460272887589868,,0.03264493415920363,-0.21137619134108382,-0.22136201401953734,,0.009025484404095913,-0.035329145564488726,0.08445696732064444,-0.0003972045852006444,-0.02228382899158488,0.024447755638313078,-0.25779757159586364,-0.16670575133001317,-0.2601048994848807,-0.25254577321983673,-0.06160271767008818,-0.05607208948509874,-0.2708654546684048,-0.058885218423362036,,0.06305862515094746,0.19535691597137453,0.24591092558869146,0.10683853452084,0.48906213426321604,0.7637360365435959,1.0,0.24654801373059795,0.5812504159508416,0.5450114852180153,0.43018647713663233,0.08549904495861348,0.08273617928480394,0.10343105240978559,0.08666372761933568,0.10296938401824582,0.02907828915793856,0.1276449852844184,-0.2510873023661077,-0.23304099045387186,-0.07913563122473764,-0.014514162999630948,0.7267679763237518,-0.05964254880409929,-0.058115608805099125,-0.08125839307378271,-0.13544308098695917,0.5159684625756776,0.08079942308137963,0.003236714197118748,-0.059642548804099166,-0.07063058735683723,-0.058115608805099105,0.48906213426321704,0.5014606045708064,0.7267679763237508,-0.10683853452083973,0.5450114852180152,0.44432850617213776,-0.015571599143699488,0.43018647713663233,-0.03782144468881768,-0.019213697467532317,0.014065689749026283,-0.2510873023661077,-0.0933652293028804,,,,,,,,,-0.01557159914369951,-0.015571599143699499,-0.01557159914369955,-0.057409654383881084,-0.01557159914369955,0.4301864771366324,0.4301864771366327,0.43018647713663205,0.43018647713663205
availability_eoy,0.14004936247859742,,0.06571149953648087,-0.29517778644230974,-0.2954019215556387,,-0.021415146503442575,0.015413714704913602,0.14646122384272794,0.0688026407520405,-0.025292040973607936,0.14969383700236247,-0.061617866118997874,-0.17177407677325324,-0.09375473949748032,-0.25229970911794203,-0.05942281904700227,-0.04733387570468322,-0.08057804819591048,-0.056445944275387974,,0.7493876077828647,0.9495049863698527,0.9984373384529232,0.5460598402938039,0.09793189544751692,0.24363156452975399,0.24654801373059795,1.0,0.16727229163027216,0.25708595243844373,0.1516623122279192,0.005917769415912076,0.003017543991904082,0.022411589531155254,-0.013726345885853398,0.04501401549292831,-0.000404902275490189,0.012398156387935136,-0.2698285376914577,-0.27492662836814086,-0.01867868511707497,-0.032760832587729896,0.2481175533079201,0.03693806460001123,0.05743970518398654,-0.062453577787430395,-0.09165950029131474,0.2243600166583651,0.16731966987557226,0.13994823967628944,0.03693806460001112,0.04604005846435818,0.05743970518398647,0.09793189544751678,0.2287492040719167,0.24811755330792049,-0.5460598402938048,0.2570859524384439,0.15633362957339628,-0.15741581445399289,0.1516623122279192,-0.21541887399377418,-0.1722638325918217,-0.31597150201828805,-0.2698285376914577,0.02260459471389532,,,,,,,,,-0.1574158144539927,-0.15741581445399247,-0.15741581445399222,0.2705830735798238,-0.15741581445399222,0.151662312227919,0.15166231222791934,0.15166231222791915,0.15166231222791915
number_of_reviews_ly,-0.2002241096730489,,-0.044165331178454795,-0.20790808241833442,-0.21844898214029906,,-0.017285414987922892,-0.04358744085483046,-0.0034668340173423903,-0.06406640941006153,-0.06761344156363501,-0.026214026444914704,-0.25951314567662453,-0.1811756384191855,-0.23962983399996574,-0.24670166922600476,-0.03508048748684046,-0.03503734734837191,-0.26823624764768783,-0.04019400215671368,,-0.0010152556280920207,0.10776950775188514,0.1653530672534767,0.10362454703496783,0.7576967412739688,0.8049318215610312,0.5812504159508416,0.16727229163027216,1.0,0.6077173086877881,0.44041326122520513,0.06998164545319446,0.07877873364095402,0.09706641554150736,0.0803406051826304,0.09033949147403109,0.02181377320949588,0.11787594650090288,-0.25716998023127957,-0.22750642935871992,-0.11133727535714616,-0.014264952505436537,0.6712826092794375,-0.0978276702052962,-0.10712744142570249,-0.07291235820761234,-0.09869963203339513,0.6705157268927642,0.01411733035727351,-0.05314332969623572,-0.097827670205296,-0.11488644470919952,-0.10712744142570191,0.7576967412739666,0.6412456887533015,0.6712826092794365,-0.10362454703496804,0.6077173086877894,0.5154896935183303,-0.06265959879625589,0.44041326122520513,-0.05397924560415555,-0.0435652013730165,-0.03260760295109722,-0.25716998023127957,-0.09339213835382644,,,,,,,,,-0.062659598796256,-0.06265959879625616,-0.0626595987962561,-0.055434664357202755,-0.0626595987962561,0.44041326122520524,0.4404132612252051,0.440413261225206,0.440413261225206
estimated_occupancy_l365d,-0.08836624190364097,,0.12452736592179887,-0.32123732720352083,-0.3332776680100526,,0.0567364814170669,-0.1163941726338244,-0.0045420921325692015,-0.011966803895719452,-0.08879568389878818,-0.03394766509261726,-0.19859329541603243,-0.2201778759263874,-0.283286488039231,-0.3263075628190611,-0.0940807043824218,-0.0940703857489022,-0.236601620187977,-0.0992392795029519,,0.010766251493577001,0.16663666115306322,0.2492789092197996,0.20097501271777754,0.4781112393951695,0.6858706528712843,0.5450114852180153,0.25708595243844373,0.6077173086877881,1.0,0.6505670202040614,0.052582198781634996,0.04425028337244218,0.0391425065350636,0.10184909284258672,0.12566172630447273,0.039688138081329746,0.12044986387904774,-0.30292720295480163,-0.3340104193089282,0.04770613069462849,-0.024424809338430935,0.5173261288280927,-0.21716018885979693,-0.3265150143832509,-0.17136008653866774,-0.354472004123852,0.6820069500143495,0.016024456292278326,-0.03651531828445089,-0.2171601888597967,-0.34492178971400766,-0.3265150143832516,0.47811123939516814,0.6790292769699268,0.5173261288280939,-0.20097501271777704,0.9999999999999978,0.7642287079753239,-0.1459191547150823,0.6505670202040614,-0.1243413483151564,-0.12300575891532439,-0.1329149592099452,-0.30292720295480163,-0.005397712023888348,,,,,,,,,-0.14591915471508232,-0.14591915471508257,-0.14591915471508257,0.00038781370827255707,-0.14591915471508257,0.6505670202040614,0.6505670202040614,0.6505670202040611,0.6505670202040611
estimated_revenue_l365d,-0.07067791142721559,,0.09162230153461572,-0.2760016566971824,-0.28285947308541065,,-0.03841285483883112,-0.04740720893426032,0.4087061223508783,0.19004376619762742,0.3129055107620989,0.37610001883581157,-0.2825099047667395,-0.17462051105092505,-0.3144918327930301,-0.31957908395039764,-0.04137027186132103,-0.019399477956265215,-0.31395630427896026,-0.03257140499448951,,0.03977822159154765,0.12636286012327136,0.15267251412773028,-0.06465408981990928,0.3623451430180279,0.5410759261210892,0.43018647713663233,0.1516623122279192,0.44041326122520513,0.6505670202040614,1.0,0.14532307006334544,0.1309432778165187,0.21463036043670838,0.11209347023082428,0.11280909686299827,0.09114864654780232,0.15183614623623562,-0.294144666638913,-0.2733623053054641,-0.09422624117496545,,0.4281277704045598,0.1531305042640167,0.26752096336472986,-0.07626878847979437,-0.08585281057841496,0.5644875138006017,0.3877790558766585,0.3611885407899214,0.15313050426401673,0.26414394979407957,0.26752096336473,0.36234514301802884,0.5655787376487672,0.4281277704045593,0.06465408981990932,0.6505670202040608,0.4197729500638699,0.14607929049036164,1.0,-0.03512477182455252,0.016272828513250903,0.24138497296848863,-0.294144666638913,-0.14460396262915648,,,,,,,,,0.14607929049036156,0.14607929049036164,0.1460792904903613,-0.10943303535454539,0.1460792904903613,1.0,0.9999999999999996,1.0000000000000002,1.0000000000000002
review_scores_rating,-0.01083540220644706,,-0.0698183488710362,-0.24199454438883497,-0.24478318780373554,,-0.03092540269918914,-0.01935332228123959,0.09514002252424018,0.013194344806078959,0.04377993758475197,0.07828553357516566,-0.07066309564866854,-0.11579657001022789,-0.055610934339759485,-0.24146883833017682,-0.03454304389187884,-0.05027868256929907,-0.0727799092216154,-0.04587723140993508,,-0.009914137929180958,-0.011195994583018329,0.005152949419159195,-0.07335303531138575,0.08168930863966459,0.07300959384744685,0.08549904495861348,0.005917769415912076,0.06998164545319446,0.052582198781634996,0.14532307006334544,1.0,0.8414263116232932,0.7970864531079862,0.5334901387975808,0.7849281860114674,0.7366777366442754,0.7886436138374856,-0.23979664493062489,-0.23264025863301746,-0.08209177655315464,0.017921068999729315,0.06602357114293497,0.037299647800850974,0.08550430445113384,-0.01730550317366116,-0.0005972805613860218,0.12663792995259215,0.08781972396268449,0.07411539670358185,0.03729964780085098,0.07370362073386143,0.08550430445113408,0.08168930863966445,0.12693817825583065,0.06602357114293492,0.07335303531138566,0.05258219878163486,0.016587046363956675,0.05228094830747009,0.1453230700633454,0.004236608532674716,0.018800090092456475,0.08950780450382786,-0.23979664493062489,-0.15956586198775957,,,,,,,,,0.05228094830747011,0.052280948307470126,0.05228094830747013,-0.0052114535359303205,0.05228094830747013,0.1453230700633454,0.14532307006334558,0.14532307006334547,0.14532307006334547
review_scores_accuracy,-0.05073264627599995,,-0.08743384170960994,-0.1914852358427829,-0.19580597586146092,,-0.04735406306401254,-0.016888414871080754,0.07861797244329476,0.03368208410985617,0.025023470115987014,0.060950066484045565,-0.07361509517836727,-0.05030844705216315,-0.060304489278982354,-0.2012779689212669,0.0031728157748286746,-0.009695023804666351,-0.07431301348876958,-0.006225231849928208,,-0.0027308941762387642,-0.012193075228895317,0.003303678199438046,-0.07627204166033821,0.10532161111808375,0.08169236174595634,0.08273617928480394,0.003017543991904082,0.07877873364095402,0.04425028337244218,0.1309432778165187,0.8414263116232932,1.0,0.6959256004767954,0.5075354809351014,0.6640232733193295,0.739533704522775,0.7166502147224953,-0.23666119980799258,-0.2004752311781659,-0.14190679577450113,0.01695451689035501,0.07264316801620847,0.050783924203537646,0.08278798318859718,0.011930696258168335,0.010679486960462224,0.15460478870872976,0.07641089240535821,0.05679210854252729,0.05078392420353774,0.07087195527981098,0.08278798318859765,0.1053216111180838,0.15436054420806644,0.07264316801620838,0.07627204166033837,0.04425028337244214,0.021720506469621315,0.07183143425508316,0.1309432778165188,0.04276436791126065,0.05484447780194099,0.0987724762271265,-0.23666119980799258,-0.1649051228375695,,,,,,,,,0.07183143425508305,0.07183143425508312,0.07183143425508316,-0.002339776563430516,0.07183143425508316,0.1309432778165188,0.1309432778165187,0.1309432778165187,0.1309432778165187
review_scores_cleanliness,-0.03525573186216441,,-0.0565635070555581,-0.16415539396520867,-0.16758010966420267,,0.0014292866758211485,-0.03848662501371989,0.1527483554799999,0.027389452845272416,0.07502586230583712,0.13270229687994903,-0.11835398288264692,-0.08497675347848306,-0.10533362454826496,-0.1889471987575578,-0.009372391968469524,-0.016591297439179736,-0.11420800291713934,-0.01609191692645289,,0.00966351199145722,0.007013173866068662,0.020879538403284156,-0.07046702513954622,0.1066901327370161,0.09941219858174595,0.10343105240978559,0.022411589531155254,0.09706641554150736,0.0391425065350636,0.21463036043670838,0.7970864531079862,0.6959256004767954,1.0,0.48493166024044887,0.6391960829131408,0.5961319402945365,0.6707921553557304,-0.19229087690067642,-0.15883120986636695,-0.12379495330122751,0.019186785179534625,0.09204367747113468,0.07787448966475166,0.2185716543995747,-0.01863115969667259,0.06034801001451359,0.17586398945786066,0.1617491408011915,0.1311130742864608,0.0778744896647517,0.21411151838068848,0.21857165439957532,0.1066901327370161,0.17769065307507376,0.09204367747113434,0.07046702513954621,0.039142506535063695,0.017832890900135536,0.08380549669163968,0.2146303604367083,0.0003948034239486973,0.029543925523520174,0.1751863920111578,-0.19229087690067642,-0.14512753772501524,,,,,,,,,0.08380549669163964,0.08380549669163975,0.08380549669163968,-0.02913762497418757,0.08380549669163968,0.2146303604367083,0.21463036043670763,0.21463036043670794,0.21463036043670794
review_scores_checkin,-0.03246559379857482,,-0.06324126640982532,-0.3075499300885052,-0.30811947384239524,,0.028087180652775004,-0.04003995706117782,0.04145932934452927,0.03252036865176545,0.049995924038874234,0.037311901215171875,-0.04793656829769556,-0.0973805052833748,-0.04558097815207723,-0.29572784401970087,-0.043751741629588975,-0.061855952341520706,-0.059285576474017866,-0.05629914737081409,,-0.0470731999889787,-0.02301790755082684,-0.01171766637215388,-0.07613484305170327,0.09440868133987233,0.08149668307452193,0.08666372761933568,-0.013726345885853398,0.0803406051826304,0.10184909284258672,0.11209347023082428,0.5334901387975808,0.5075354809351014,0.48493166024044887,1.0,0.6304548509138684,0.42460848148549496,0.48989652123308436,-0.2793733415684458,-0.30818990187408957,-0.017947418970406852,0.013401491987378786,0.07782868943922847,-0.004268405422214569,-0.0461713356827276,-0.020428133931630975,-0.08999529014960152,0.1582745231242917,0.015793351714700546,0.0331145558485002,-0.004268405422214593,-0.05754444681829433,-0.04617133568272745,0.09440868133987237,0.15695358029132603,0.07782868943922833,0.07613484305170339,0.10184909284258668,0.05122556170046228,0.0357266388749272,0.1120934702308244,0.013357465118655945,0.015403780870232513,0.02419698229324922,-0.2793733415684458,-0.13197997949921295,,,,,,,,,0.03572663887492717,0.035726638874927205,0.03572663887492718,-0.013752540622515906,0.03572663887492718,0.1120934702308244,0.1120934702308243,0.11209347023082444,0.11209347023082444
review_scores_communication,-0.026440925950237146,,-0.06701772677463207,-0.3747804347764309,-0.37861689745308486,,0.006187054319482362,-0.0493928982432468,0.05218648774861906,0.018111153029805746,0.04836637803428221,0.05482000748456559,-0.05543006794573869,-0.14864042463095345,-0.057656385799916776,-0.3396181797729611,-0.059580343661486984,-0.08425214200005854,-0.06921113305379124,-0.07842514756297089,,-0.006795643138405407,0.018104805795250364,0.0428914494566947,-0.034666723371020336,0.10820402803829218,0.09298715913158194,0.10296938401824582,0.04501401549292831,0.09033949147403109,0.12566172630447273,0.11280909686299827,0.7849281860114674,0.6640232733193295,0.6391960829131408,0.6304548509138684,1.0,0.5816830142468029,0.6862830499554565,-0.3258945369081383,-0.370017267735105,0.0010370957074000034,0.013200150075044794,0.09421086759436964,-0.007334531465417152,-0.05659866631955118,-0.025787107491262302,-0.1008072233787586,0.2028419139899297,0.026254688659763624,0.048394971624006494,-0.007334531465417221,-0.07185361446839499,-0.05659866631955097,0.10820402803829182,0.20140418325369727,0.09421086759436954,0.034666723371020405,0.12566172630447295,0.06384935886411852,0.002743738250543648,0.11280909686299831,-0.021851632856865637,-0.02274096102578073,-0.017518238104979395,-0.3258945369081383,-0.1468594169146266,,,,,,,,,0.0027437382505436417,0.0027437382505436534,0.0027437382505436088,0.02113018999100508,0.0027437382505436088,0.11280909686299831,0.11280909686299827,0.11280909686299842,0.11280909686299842
review_scores_location,-0.009546707494688817,,-0.06048125459855376,-0.1574360650543166,-0.1539621278425685,,-0.06654790726643374,0.021598206839749216,0.03878258584295728,0.03144020743115554,0.010269701139857054,0.04012445641443821,-0.03401048611495491,-0.05267798099659205,-0.030686208248263316,-0.163523317772313,0.00343693615888776,-0.012139361259858617,-0.04015191615225904,-0.00889871453155818,,0.000806891625094299,-0.004278650476200446,0.0006716230525242135,-0.05831523159559126,0.03267689480073963,0.015551886318798485,0.02907828915793856,-0.000404902275490189,0.02181377320949588,0.039688138081329746,0.09114864654780232,0.7366777366442754,0.739533704522775,0.5961319402945365,0.42460848148549496,0.5816830142468029,1.0,0.6604566945192455,-0.15046280765603798,-0.15153177285242936,-0.039891104243115406,0.014203426228171832,-0.0013513539105266617,0.03955286188080934,0.05301616346907297,0.012416297532956498,0.021054912012988862,0.0742392851102047,0.03131229710448435,0.02810253092497529,0.039552861880809406,0.038992333541967614,0.053016163469073126,0.0326768948007396,0.0747053923007868,-0.001351353910526633,0.058315231595591405,0.03968813808132984,0.010592165587056812,0.05661567297016663,0.09114864654780232,0.03089222277442297,0.04128806273244356,0.06952579007890725,-0.15046280765603798,-0.0843583374895946,,,,,,,,,0.05661567297016665,0.056615672970166696,0.056615672970166696,-0.006913497777321703,0.056615672970166696,0.09114864654780232,0.0911486465478024,0.09114864654780222,0.09114864654780222
review_scores_value,-0.018942819680179013,,-0.027929410765356762,-0.35593824512973926,-0.3554168207334739,,-0.005030092389067834,-0.07120578620133615,0.09556861026078825,0.033541801328062386,0.05557763354650735,0.08100750491022117,-0.09413988591438048,-0.15331672238805194,-0.09023179021148081,-0.33442316672369105,-0.07549943240208716,-0.0873080408812876,-0.10169084514557662,-0.08412673883349119,,-0.028213514755503107,-0.009446732739852562,0.012550334785005317,-0.07492660477350363,0.1338624333158239,0.12702229713098095,0.1276449852844184,0.012398156387935136,0.11787594650090288,0.12044986387904774,0.15183614623623562,0.7886436138374856,0.7166502147224953,0.6707921553557304,0.48989652123308436,0.6862830499554565,0.6604566945192455,1.0,-0.3283522813451639,-0.3520103704290059,-0.04245730791712562,0.02499428616586891,0.1293855766200323,-0.03490360822106057,-0.015251529529594614,-0.08871700984714641,-0.13040238873937954,0.21667685295492728,0.08710018589086035,0.07148575706512672,-0.03490360822106075,-0.0232286946038071,-0.015251529529594455,0.13386243331582365,0.21701959511947647,0.12938557662003222,0.07492660477350375,0.12044986387904798,0.07647377984325321,-0.015648698000610268,0.15183614623623562,-0.05485317839132878,-0.04799279897044482,0.03230128838302522,-0.3283522813451639,-0.17028143292174125,,,,,,,,,-0.015648698000610296,-0.015648698000610303,-0.015648698000610303,-0.0025445258467510857,-0.015648698000610303,0.15183614623623562,0.15183614623623579,0.15183614623623548,0.15183614623623548
calculated_host_listings_count,0.08862007759911664,,-0.023926989704202994,0.8809367652110763,0.8784770761450713,,-0.027941986828828317,0.17704533263218059,-0.13296031225023844,-0.09224073220673454,-0.08191781811439393,-0.1228966587108951,0.09960625330128949,0.347961621899554,0.0884399683217896,0.7389929688562317,0.18373516856988312,0.168460858819953,0.13224268490808946,0.17451329333531654,,-0.22448884593133558,-0.26465429584848976,-0.27468310812911995,0.04838333599769834,-0.2749081097788981,-0.2721404542443968,-0.2510873023661077,-0.2698285376914577,-0.25716998023127957,-0.30292720295480163,-0.294144666638913,-0.23979664493062489,-0.23666119980799258,-0.19229087690067642,-0.2793733415684458,-0.3258945369081383,-0.15046280765603798,-0.3283522813451639,1.0,0.9357090405344499,0.29473751762993994,-0.018188464304114083,-0.263719988282596,0.06460577521255027,0.1810726728693402,0.12140116648195291,0.295666331147958,-0.5004938360550512,-0.09169580484675778,-0.11061732114701395,0.06460577521255015,0.2163806529881982,0.1810726728693398,-0.27490810977889785,-0.5058902621413478,-0.26371998828259563,-0.04838333599769801,-0.3029272029548012,-0.13945995471354106,0.02294804948495347,-0.294144666638913,0.0747424653482812,0.05949253529298484,0.09701558136934982,1.0,0.3571182554846557,,,,,,,,,0.022948049484953482,0.022948049484953593,0.022948049484953513,-0.03850444727981369,0.022948049484953513,-0.29414466663891314,-0.2941446666389138,-0.2941446666389137,-0.2941446666389137
calculated_host_listings_count_entire_homes,0.007851692445277333,,-0.10097583838382299,0.9830065506214589,0.9772119304503636,,-0.138189485930615,0.24029482295408353,-0.07274261696488737,-0.05006207509237686,-0.09100111958912367,-0.10300283885214155,0.10611800178060686,0.41086775739794656,0.11424479209370518,0.8384618259011912,0.2642128188047521,0.25323805516667686,0.1504750022738592,0.2582568091137562,,-0.21199084032928303,-0.26825166686312546,-0.28022151624603275,0.08073943654424266,-0.2284724205715074,-0.2470258813690427,-0.23304099045387186,-0.27492662836814086,-0.22750642935871992,-0.3340104193089282,-0.2733623053054641,-0.23264025863301746,-0.2004752311781659,-0.15883120986636695,-0.30818990187408957,-0.370017267735105,-0.15153177285242936,-0.3520103704290059,0.9357090405344499,1.0,-0.061313042919094556,-0.013906371808092592,-0.22336118625895401,0.11579124817320573,0.29121622450760054,0.14982883601825098,0.3999206130542067,-0.46936405619711186,-0.013803257999142,-0.09409722552280021,0.11579124817320571,0.3342869127774087,0.2912162245076,-0.2284724205715073,-0.476321386445041,-0.22336118625895382,-0.08073943654424244,-0.33401041930892783,-0.18298026615921317,0.07369373525157615,-0.2733623053054641,0.11042853258517199,0.10495556339623477,0.17303533853176015,0.9357090405344499,0.26545036085078655,,,,,,,,,0.07369373525157613,0.07369373525157596,0.07369373525157577,-0.0661916735806622,0.07369373525157577,-0.273362305305464,-0.27336230530546407,-0.2733623053054644,-0.2733623053054644
calculated_host_listings_count_private_rooms,0.22950459900750284,,0.20583523293069403,-0.1702525508236419,-0.16151479512303704,,0.2952802519908088,-0.14997346831022174,-0.17910759912180715,-0.1365939195467036,0.02063158890546939,-0.07303780741240766,-0.005703793274901927,-0.1284850370996936,-0.059312584259701956,-0.18034930554370895,-0.19587439903599504,-0.20936153680385924,-0.03351544899591618,-0.20583223917011106,,-0.06089215989361593,-0.022127681462460677,-0.018072485811846863,-0.08175633337249674,-0.15890802290987113,-0.10081843957255338,-0.07913563122473764,-0.01867868511707497,-0.11133727535714616,0.04770613069462849,-0.09422624117496545,-0.08209177655315464,-0.14190679577450113,-0.12379495330122751,-0.017947418970406852,0.0010370957074000034,-0.039891104243115406,-0.04245730791712562,0.29473751762993994,-0.061313042919094556,1.0,-0.015140764576498291,-0.1581314345990104,-0.14630690455844467,-0.31026016821775143,-0.07196130550989352,-0.2801629901711271,-0.14463188769158883,-0.22198691591167113,-0.06158780537120563,-0.14630690455844444,-0.32967608860721515,-0.31026016821775226,-0.15890802290987102,-0.1410586253033377,-0.15813143459901025,0.08175633337249714,0.047706130694628375,0.10108755056499162,-0.14951739762901606,-0.09422624117496546,-0.0987757354320322,-0.12260462104923824,-0.21583880531033317,0.29473751762993994,0.2914285145467749,,,,,,,,,-0.14951739762901614,-0.14951739762901572,-0.14951739762901584,0.07826746701209736,-0.14951739762901584,-0.09422624117496557,-0.09422624117496549,-0.09422624117496563,-0.09422624117496563
calculated_host_listings_count_shared_rooms,-0.02995870157588428,,-0.011591024519470703,-0.011496688205715297,-0.012156073703219725,,-0.013795114410485558,-0.004830148760659905,-0.026908152269669052,,,,0.05515129781796902,0.031023357327676783,0.05724015929735875,0.009507573810206685,0.0256387876104423,0.025097469267589798,0.05416745437763804,0.02538021657332014,,-0.020253661486256663,-0.026982705234764964,-0.03186851461702495,-0.040145937071051886,-0.01355000809368014,-0.015617928782328353,-0.014514162999630948,-0.032760832587729896,-0.014264952505436537,-0.024424809338430935,,0.017921068999729315,0.01695451689035501,0.019186785179534625,0.013401491987378786,0.013200150075044794,0.014203426228171832,0.02499428616586891,-0.018188464304114083,-0.013906371808092592,-0.015140764576498291,1.0,-0.025183585770978442,,,,,-0.024383965451900812,-0.04317739309394479,,,,,-0.013550008093680163,-0.02128808481824084,-0.0251835857709784,0.040145937071051865,-0.02442480933843098,-0.012619485272833079,,,,,,-0.018188464304114083,-0.05093120842962775,,,,,,,,,,,,,,,,,
reviews_per_month,0.14699678836295338,,0.10867005053022051,-0.19625415847886232,-0.2110126849346098,,-0.03146075013534762,0.0449479690720288,0.11071086598589969,0.03468375965990919,0.012826557159026813,0.08318162982290822,-0.2724312163221824,-0.1732706177295174,-0.24982944440530225,-0.26633132212254607,-0.06685685667700937,-0.05059067233068395,-0.2835327973450931,-0.0593075002136718,,0.10033134946964413,0.20818720022410883,0.2505992544084657,0.1089365281148061,0.5868058716600029,0.8840328197799102,0.7267679763237518,0.2481175533079201,0.6712826092794375,0.5173261288280927,0.4281277704045598,0.06602357114293497,0.07264316801620847,0.09204367747113468,0.07782868943922847,0.09421086759436964,-0.0013513539105266617,0.1293855766200323,-0.263719988282596,-0.22336118625895401,-0.1581314345990104,-0.025183585770978442,1.0,-0.015643806881138436,0.011274095262199758,-0.0606909905008766,-0.09590501180609178,0.5914348318138758,0.10413572533162008,0.060342565855999314,-0.0156438068811386,0.009621643698215904,0.011274095262199668,0.5868058716600036,0.579656424039998,0.9999999999999996,-0.10893652811480635,0.5173261288280953,0.44958796704098164,-0.021104882091241468,0.4281277704045598,-0.048907582673264456,-0.032374497393256096,-0.0009436143164776996,-0.26371998828259596,-0.08877585589300144,,,,,,,,,-0.02110488209124141,-0.021104882091241506,-0.021104882091241478,-0.03139046265110818,-0.021104882091241478,0.4281277704045598,0.4281277704045599,0.4281277704045592,0.4281277704045592
price_clean,0.07344974075655097,,0.002911168370986229,0.09823473752078489,0.0958544502911317,,-0.13686886263516448,0.16817974579616435,0.4220312629505167,0.2550500224685387,0.34313925955274366,0.37988857393949854,-0.08451187671869828,0.0601423893550856,-0.038770097159319526,0.06922004122891097,0.08994024048127101,0.09905292019184243,-0.06752256579560352,0.09588174526964922,,0.14081523301591548,0.08924748154071524,0.04266992810122765,-0.00993622598969405,-0.09065855451784026,-0.08434844408440031,-0.05964254880409929,0.03693806460001123,-0.0978276702052962,-0.21716018885979693,0.1531305042640167,0.037299647800850974,0.050783924203537646,0.07787448966475166,-0.004268405422214569,-0.007334531465417152,0.03955286188080934,-0.03490360822106057,0.06460577521255027,0.11579124817320573,-0.14630690455844467,,-0.015643806881138436,1.0,0.7043613203079191,0.8010511184143692,0.46433223111135985,-0.1366642869090037,0.39621940862819255,0.3557588011664377,1.0,0.5975533725926001,0.7043613203079182,-0.09065855451784045,-0.1372089059379498,-0.015643806881138592,0.009936225989694,-0.2171601888597968,-0.1632613052155695,0.803373547885364,0.15313050426401673,0.6968325957404184,0.7405209676842874,0.3712453595870387,0.06460577521255025,-0.04037322099631523,,,,,,,,,0.803373547885364,0.8033735478853647,0.8033735478853626,-0.08756629664225159,0.8033735478853626,0.15313050426401673,0.1531305042640167,0.15313050426401656,0.15313050426401656
log_price,0.040951186706850475,,-0.09272141504566513,0.2694400147430626,0.26508689020082793,,-0.19679196366890417,0.21384336897459422,0.624697423701461,0.30736087756602565,0.48639775308367983,0.5531507696448491,-0.15297231773957368,0.11277360466990628,-0.07434608639017143,0.21406234989096345,0.1745220152988868,0.19443794698279487,-0.10900073553077118,0.18630718705172913,,0.2092484410407403,0.1295942614345284,0.06347454511417912,-0.046267719824758975,-0.08125381062266417,-0.09019699469875048,-0.058115608805099125,0.05743970518398654,-0.10712744142570249,-0.3265150143832509,0.26752096336472986,0.08550430445113384,0.08278798318859718,0.2185716543995747,-0.0461713356827276,-0.05659866631955118,0.05301616346907297,-0.015251529529594614,0.1810726728693402,0.29121622450760054,-0.31026016821775143,,0.011274095262199758,0.7043613203079191,1.0,0.34345875834799455,0.5541205066208402,-0.15117567594407716,0.6576392751777815,0.5502415758267976,0.7043613203079185,0.9810458038928517,1.0000000000000004,-0.08125381062266429,-0.15512851720154922,0.01127409526219978,0.04626771982475898,-0.32651501438325103,-0.2653541053199125,0.5498052476878319,0.2675209633647298,0.2844701615532776,0.3604925515065192,0.5642755033326008,0.1810726728693402,-0.11784549093159649,,,,,,,,,0.549805247687832,0.5498052476878305,0.5498052476878303,-0.1881194558999594,0.5498052476878303,0.2675209633647299,0.2675209633647301,0.2675209633647301,0.2675209633647301
price_per_accommodates,-0.03901585771111707,,-0.05817880093832014,0.1527818879781454,0.15103461800604406,,-0.0778944575288582,0.11328595563846869,-0.10838066331204192,-0.07099044715005076,-0.08777272496734674,-0.08759773625402167,0.010845346271417939,0.07753899994240396,0.041035420867754975,0.14209516972192676,0.06075220522530403,0.06964581299453676,0.023588084984118324,0.06598743954203293,,0.03969698274215081,-0.024931062972380562,-0.05893972746494071,-0.009493173207851733,-0.05738769955835107,-0.08235618789878421,-0.08125839307378271,-0.062453577787430395,-0.07291235820761234,-0.17136008653866774,-0.07626878847979437,-0.01730550317366116,0.011930696258168335,-0.01863115969667259,-0.020428133931630975,-0.025787107491262302,0.012416297532956498,-0.08871700984714641,0.12140116648195291,0.14982883601825098,-0.07196130550989352,,-0.0606909905008766,0.8010511184143692,0.34345875834799455,1.0,0.5772581834708667,-0.1307169320674681,-0.12429907904133863,-0.09743147092511935,0.8010511184143688,0.23889322280063777,0.34345875834799483,-0.05738769955835106,-0.13202453099435923,-0.06069099050087653,0.009493173207851811,-0.1713600865386676,-0.11947589455318663,0.651550016734726,-0.07626878847979437,0.853814944125169,0.8317341819607242,0.17428725780111753,0.1214011664819529,0.02385726214813067,,,,,,,,,0.6515500167347258,0.6515500167347266,0.6515500167347256,-0.045347171344549964,0.6515500167347256,-0.07626878847979433,-0.07626878847979457,-0.07626878847979444,-0.07626878847979444
log_price_per_accommodates,-0.09581805000238776,,-0.21712072471817154,0.41660309081098257,0.4129427100677397,,-0.17298472925474406,0.22735923995595778,-0.22216801039610287,-0.13127607409590086,-0.16659405757858484,-0.1619918197953386,-0.0037604576639216902,0.11192851500802989,0.08625428159862705,0.38129610263016084,0.11787985874030289,0.13857560992800477,0.03679886534936321,0.12879081548093593,,0.10455048962917267,-0.0252663367089199,-0.08670540029762779,-0.06512654114002227,-0.0709122912793445,-0.13050409990719872,-0.13544308098695917,-0.09165950029131474,-0.09869963203339513,-0.354472004123852,-0.08585281057841496,-0.0005972805613860218,0.010679486960462224,0.06034801001451359,-0.08999529014960152,-0.1008072233787586,0.021054912012988862,-0.13040238873937954,0.295666331147958,0.3999206130542067,-0.2801629901711271,,-0.09590501180609178,0.46433223111135985,0.5541205066208402,0.5772581834708667,1.0,-0.22389286897406,-0.26269043539571263,-0.18816596689302117,0.46433223111135924,0.5215260011852327,0.5541205066208406,-0.07091229127934466,-0.2316231637441716,-0.09590501180609162,0.06512654114002242,-0.3544720041238523,-0.291714752967211,0.3631412242354243,-0.0858528105784149,0.47898302334285275,0.4408016103689901,0.3300332634387234,0.295666331147958,-0.014288460268074359,,,,,,,,,0.3631412242354239,0.3631412242354238,0.36314122423542416,-0.15747333843785088,0.36314122423542416,-0.08585281057841493,-0.08585281057841485,-0.08585281057841476,-0.08585281057841476
log_reviews,-0.42617251861965394,,-0.1313145045165195,-0.4412226783560002,-0.457881656197996,,0.02920269528020389,-0.14310345800823754,0.07488611603908282,0.0005402638197328579,-0.04955354207763136,0.033696604036099066,-0.3438612143246053,-0.22191556533716772,-0.3590537139579169,-0.4561545846340055,-0.035755800469737475,-0.035357768810426536,-0.3661177569013325,-0.04234941089369405,,0.05688896961627557,0.17095601537579427,0.22252887281690528,0.06390031096677877,0.7218691055708165,0.6475239638266705,0.5159684625756776,0.2243600166583651,0.6705157268927642,0.6820069500143495,0.5644875138006017,0.12663792995259215,0.15460478870872976,0.17586398945786066,0.1582745231242917,0.2028419139899297,0.0742392851102047,0.21667685295492728,-0.5004938360550512,-0.46936405619711186,-0.14463188769158883,-0.024383965451900812,0.5914348318138758,-0.1366642869090037,-0.15117567594407716,-0.1307169320674681,-0.22389286897406,1.0,0.09960327242413024,0.021947477870212458,-0.1366642869090032,-0.16547600311818383,-0.15117567594407666,0.7218691055708135,0.9961434437654791,0.5914348318138747,-0.06390031096677963,0.6820069500143487,0.44264483528847354,-0.04148986359635625,0.5644875138006017,-0.05264735293562726,-0.03402737600358438,0.0034537998396766455,-0.5004938360550512,-0.17361109419731197,,,,,,,,,-0.04148986359635657,-0.04148986359635653,-0.04148986359635649,-0.053984854411704766,-0.04148986359635649,0.5644875138006016,0.5644875138006031,0.5644875138006012,0.5644875138006012
log_accommodates,0.04282929195452566,,0.0004474715141346525,-0.04322665602202333,-0.0472284095559659,,-0.11815745471998265,0.07259499118517308,0.923912056580452,0.47652317688746404,0.676185709477312,0.7884312696333959,-0.13068633482233075,0.018042753457278283,-0.1319529398159746,-0.06150218973626812,0.09754052034212575,0.09713932155722341,-0.12161142875504063,0.09667631907263638,,0.1457935695796726,0.18305784880944026,0.16891398098038182,0.08703983815207633,0.01377575450589835,0.054715741305041254,0.08079942308137963,0.16731966987557226,0.01411733035727351,0.016024456292278326,0.3877790558766585,0.08781972396268449,0.07641089240535821,0.1617491408011915,0.015793351714700546,0.026254688659763624,0.03131229710448435,0.08710018589086035,-0.09169580484675778,-0.013803257999142,-0.22198691591167113,-0.04317739309394479,0.10413572533162008,0.39621940862819255,0.6576392751777815,-0.12429907904133863,-0.26269043539571263,0.09960327242413024,1.0,0.8087086293019108,0.39621940862819194,0.6651665621373478,0.6576392751777821,0.01377575450589831,0.10283996343092393,0.10413572533162004,-0.08703983815207637,0.01602445629227828,0.00038975329068491023,0.30864808129384974,0.38777905587665845,-0.10373655774973313,0.022171818442879743,0.3549262503194526,-0.09169580484675775,-0.14549476446969667,,,,,,,,,0.3086480812938498,0.30864808129384985,0.3086480812938498,-0.0755420910133122,0.3086480812938498,0.3877790558766586,0.38777905587666006,0.38777905587665873,0.38777905587665873
log_beds,0.14542009261497307,,0.1353547633777855,-0.13742703312687932,-0.140234382983793,,-0.048789452138193634,0.03965345781928656,0.8342910840665373,0.49510826132519653,0.7403821418771943,0.9627087573593961,-0.13515146720026122,-0.01744743359735932,-0.11842778125528466,-0.15578917099872325,0.08035497736781012,0.07685095637435434,-0.1307596702080756,0.07939331498994402,,0.15101728793476507,0.16354457045763307,0.14135440091274218,-0.021394943974457948,-0.031690085949022825,-0.0029344941521498766,0.003236714197118748,0.13994823967628944,-0.05314332969623572,-0.03651531828445089,0.3611885407899214,0.07411539670358185,0.05679210854252729,0.1311130742864608,0.0331145558485002,0.048394971624006494,0.02810253092497529,0.07148575706512672,-0.11061732114701395,-0.09409722552280021,-0.06158780537120563,,0.060342565855999314,0.3557588011664377,0.5502415758267976,-0.09743147092511935,-0.18816596689302117,0.021947477870212458,0.8087086293019108,1.0,0.3557588011664384,0.5580318306547678,0.5502415758267968,-0.031690085949022756,0.023844450117109197,0.0603425658559993,0.02139494397445766,-0.036515318284450975,-0.04530470911337336,0.2886578527906116,0.36118854078992146,-0.0769899808993868,-0.005677208713018754,0.31689644071274914,-0.11061732114701395,-0.12132766444827561,,,,,,,,,0.28865785279061157,0.28865785279061185,0.28865785279061085,-0.07858505800766874,0.28865785279061085,0.36118854078992124,0.361188540789922,0.3611885407899217,0.3611885407899217
price_zscore,0.07344974075655018,,0.0029111683709859104,0.09823473752078486,0.09585445029113158,,-0.1368688626351641,0.1681797457961645,0.4220312629505159,0.2550500224685386,0.34313925955274305,0.37988857393949815,-0.08451187671869821,0.06014238935508546,-0.03877009715931943,0.06922004122891103,0.08994024048127107,0.09905292019184256,-0.0675225657956035,0.09588174526964935,,0.14081523301591528,0.08924748154071507,0.042669928101227515,-0.009936225989694148,-0.09065855451783988,-0.08434844408440009,-0.059642548804099166,0.03693806460001112,-0.097827670205296,-0.2171601888597967,0.15313050426401673,0.03729964780085098,0.05078392420353774,0.0778744896647517,-0.004268405422214593,-0.007334531465417221,0.039552861880809406,-0.03490360822106075,0.06460577521255015,0.11579124817320571,-0.14630690455844444,,-0.0156438068811386,1.0,0.7043613203079185,0.8010511184143688,0.46433223111135924,-0.1366642869090032,0.39621940862819194,0.3557588011664384,1.0,0.5975533725926006,0.7043613203079181,-0.09065855451784019,-0.13720890593794963,-0.015643806881138624,0.00993622598969409,-0.21716018885979627,-0.163261305215569,0.8033735478853633,0.15313050426401673,0.6968325957404182,0.7405209676842881,0.3712453595870386,0.06460577521255015,-0.04037322099631526,,,,,,,,,0.8033735478853636,0.8033735478853622,0.8033735478853623,-0.08756629664225164,0.8033735478853623,0.15313050426401686,0.15313050426401684,0.15313050426401678,0.15313050426401678
price_percentile,0.03803525602548849,,-0.10271566585758114,0.31374467558534447,0.3099789534511695,,-0.20441726471079605,0.21439247689585933,0.6194622450442203,0.30018735695816573,0.4901296349826687,0.5517438309660108,-0.14294934120789854,0.13771711320539612,-0.06073403114116718,0.25667862763354365,0.19593490442317063,0.21907752110971135,-0.09503005552816732,0.20943133538066197,,0.20134930911193852,0.11881622790512414,0.051936370244911795,-0.05158626001839289,-0.08568025102427866,-0.09896403726487936,-0.07063058735683723,0.04604005846435818,-0.11488644470919952,-0.34492178971400766,0.26414394979407957,0.07370362073386143,0.07087195527981098,0.21411151838068848,-0.05754444681829433,-0.07185361446839499,0.038992333541967614,-0.0232286946038071,0.2163806529881982,0.3342869127774087,-0.32967608860721515,,0.009621643698215904,0.5975533725926001,0.9810458038928517,0.23889322280063777,0.5215260011852327,-0.16547600311818383,0.6651665621373478,0.5580318306547678,0.5975533725926006,1.0,0.9810458038928507,-0.08568025102427876,-0.17035114601671195,0.009621643698215868,0.05158626001839297,-0.34492178971400617,-0.2801217276352993,0.469888611229968,0.2641439497940797,0.20187347505859185,0.2769167541538106,0.5600037952705248,0.21638065298819817,-0.11885736551864742,,,,,,,,,0.4698886112299681,0.4698886112299687,0.46988861122996767,-0.18223325449704592,0.46988861122996767,0.2641439497940795,0.26414394979407985,0.26414394979407974,0.26414394979407974
log_price_zscore,0.04095118670684902,,-0.09272141504566572,0.2694400147430627,0.26508689020082804,,-0.19679196366890428,0.21384336897459413,0.6246974237014614,0.3073608775660257,0.48639775308368,0.5531507696448493,-0.1529723177395737,0.11277360466990637,-0.07434608639017118,0.21406234989096307,0.17452201529888745,0.19443794698279573,-0.10900073553077114,0.1863071870517296,,0.20924844104074034,0.1295942614345282,0.06347454511417906,-0.04626771982475911,-0.08125381062266358,-0.09019699469875042,-0.058115608805099105,0.05743970518398647,-0.10712744142570191,-0.3265150143832516,0.26752096336473,0.08550430445113408,0.08278798318859765,0.21857165439957532,-0.04617133568272745,-0.05659866631955097,0.053016163469073126,-0.015251529529594455,0.1810726728693398,0.2912162245076,-0.31026016821775226,,0.011274095262199668,0.7043613203079182,1.0000000000000004,0.34345875834799483,0.5541205066208406,-0.15117567594407666,0.6576392751777821,0.5502415758267968,0.7043613203079181,0.9810458038928507,1.0,-0.08125381062266335,-0.15512851720154874,0.011274095262199652,0.04626771982475906,-0.32651501438325087,-0.2653541053199126,0.5498052476878309,0.26752096336473,0.28447016155327737,0.36049255150651877,0.564275503332599,0.1810726728693398,-0.11784549093159682,,,,,,,,,0.5498052476878311,0.5498052476878311,0.5498052476878309,-0.18811945589995943,0.5498052476878309,0.2675209633647301,0.26752096336473,0.2675209633647298,0.2675209633647298
reviews_zscore,-0.37697920002759094,,-0.16502675067824055,-0.20456609715449928,-0.21503162716506044,,-0.017833688482438364,-0.05924430123866168,-0.005572058913239396,-0.07526416547121645,-0.06540332471201966,-0.021836047562176043,-0.2352441893043032,-0.1249388425839467,-0.21860743769290839,-0.2360966220981748,0.010708413011844954,0.01081425986985025,-0.24555972664874445,0.006254161096129245,,-0.009276603238827398,0.05411873478645973,0.09683002526959447,0.043790563245253815,1.0000000000000022,0.6564663662882586,0.48906213426321704,0.09793189544751678,0.7576967412739666,0.47811123939516814,0.36234514301802884,0.08168930863966445,0.1053216111180838,0.1066901327370161,0.09440868133987237,0.10820402803829182,0.0326768948007396,0.13386243331582365,-0.27490810977889785,-0.2284724205715073,-0.15890802290987102,-0.013550008093680163,0.5868058716600036,-0.09065855451784045,-0.08125381062266429,-0.05738769955835106,-0.07091229127934466,0.7218691055708135,0.01377575450589831,-0.031690085949022756,-0.09065855451784019,-0.08568025102427876,-0.08125381062266335,1.0,0.6740374898009901,0.5868058716600015,-0.0437905632452546,0.47811123939516886,0.3819904704443714,-0.047779297993705026,0.36234514301802884,-0.027950797137406228,-0.022968811561009266,-0.0070713405093845464,-0.2749081097788978,-0.1721587012098868,,,,,,,,,-0.04777929799370538,-0.04777929799370539,-0.047779297993705346,-0.04313427945914049,-0.047779297993705346,0.36234514301802895,0.36234514301802856,0.36234514301802917,0.36234514301802917
reviews_percentile,-0.4202296652956035,,-0.1277036513110469,-0.44871831261168443,-0.4651112550471741,,0.03161149458811729,-0.14559250079346614,0.07898980727314606,0.007814182203941812,-0.05027104713456734,0.03568420227388584,-0.34377308125284084,-0.22224422591043966,-0.3612730978160025,-0.46043132724203895,-0.037677114799423796,-0.03689531409568199,-0.36597687404247037,-0.04396692487460951,,0.06085849622981513,0.17608687859981728,0.2268621904405478,0.0653960911132015,0.674037489800989,0.6258555579681374,0.5014606045708064,0.2287492040719167,0.6412456887533015,0.6790292769699268,0.5655787376487672,0.12693817825583065,0.15436054420806644,0.17769065307507376,0.15695358029132603,0.20140418325369727,0.0747053923007868,0.21701959511947647,-0.5058902621413478,-0.476321386445041,-0.1410586253033377,-0.02128808481824084,0.579656424039998,-0.1372089059379498,-0.15512851720154922,-0.13202453099435923,-0.2316231637441716,0.9961434437654791,0.10283996343092393,0.023844450117109197,-0.13720890593794963,-0.17035114601671195,-0.15512851720154874,0.6740374898009901,1.0,0.5796564240399965,-0.06539609111320216,0.6790292769699267,0.4320478774029449,-0.038503138608053426,0.5655787376487672,-0.05079503110638935,-0.03134089837702824,0.004699398825556899,-0.5058902621413476,-0.16886413019981958,,,,,,,,,-0.038503138608053725,-0.038503138608053794,-0.038503138608053766,-0.05194535334227112,-0.038503138608053766,0.5655787376487674,0.5655787376487671,0.565578737648768,0.565578737648768
reviews_per_month_zscore,0.14699678836295416,,0.10867005053022101,-0.19625415847886205,-0.21101268493460995,,-0.03146075013534754,0.04494796907202888,0.1107108659858998,0.034683759659909094,0.012826557159026815,0.08318162982290828,-0.27243121632218253,-0.17327061772951727,-0.24982944440530241,-0.26633132212254607,-0.06685685667700958,-0.05059067233068409,-0.2835327973450927,-0.05930750021367193,,0.10033134946964416,0.20818720022410897,0.2505992544084654,0.1089365281148063,0.586805871660002,0.8840328197799083,0.7267679763237508,0.24811755330792049,0.6712826092794365,0.5173261288280939,0.4281277704045593,0.06602357114293492,0.07264316801620838,0.09204367747113434,0.07782868943922833,0.09421086759436954,-0.001351353910526633,0.12938557662003222,-0.26371998828259563,-0.22336118625895382,-0.15813143459901025,-0.0251835857709784,0.9999999999999996,-0.015643806881138592,0.01127409526219978,-0.06069099050087653,-0.09590501180609162,0.5914348318138747,0.10413572533162004,0.0603425658559993,-0.015643806881138624,0.009621643698215868,0.011274095262199652,0.5868058716600015,0.5796564240399965,1.0,-0.10893652811480638,0.5173261288280951,0.44958796704098186,-0.021104882091241506,0.4281277704045594,-0.048907582673264505,-0.03237449739325615,-0.0009436143164777063,-0.26371998828259563,-0.08877585589300105,,,,,,,,,-0.021104882091241485,-0.021104882091241492,-0.021104882091241547,-0.03139046265110823,-0.021104882091241547,0.4281277704045594,0.42812777040455924,0.42812777040455957,0.42812777040455957
occupancy_rate,-0.04521516643042577,,0.02883292978818448,-0.06915678850194756,-0.0672165323278467,,0.1472279742754521,-0.14385033729250546,-0.05411144617360846,-0.04907724385427046,0.10556266943755788,0.01668484947317895,-0.03545806425622729,-0.07160573439335773,-0.011814296523517724,-0.13414458848005775,-0.10016541697667884,-0.0888683912088946,-0.04719234240476607,-0.08648790077264858,,-0.30148814460390827,-0.4404250662557738,-0.5231228782389075,-0.9999999999999996,-0.04379056324525477,-0.11369871361249949,-0.10683853452083973,-0.5460598402938048,-0.10362454703496804,-0.20097501271777704,0.06465408981990932,0.07335303531138566,0.07627204166033837,0.07046702513954621,0.07613484305170339,0.034666723371020405,0.058315231595591405,0.07492660477350375,-0.04838333599769801,-0.08073943654424244,0.08175633337249714,0.040145937071051865,-0.10893652811480635,0.009936225989694,0.04626771982475898,0.009493173207851811,0.06512654114002242,-0.06390031096677963,-0.08703983815207637,0.02139494397445766,0.00993622598969409,0.05158626001839297,0.04626771982475906,-0.0437905632452546,-0.06539609111320216,-0.10893652811480638,1.0,-0.20097501271777715,-0.11374383424740189,0.4706058544391673,0.06465408981990932,0.40575624132540755,0.39925104912042664,0.747299581126938,-0.048383335997698035,-0.12405615056957686,,,,,,,,,0.470605854439167,0.4706058544391663,0.4706058544391662,-0.3481750735901857,0.4706058544391662,0.06465408981990928,0.0646540898199093,0.06465408981990925,0.06465408981990925
occupancy_rate_booked,-0.08836624190364209,,0.12452736592179828,-0.32123732720352133,-0.33327766801005215,,0.05673648141706667,-0.11639417263382397,-0.004542092132569369,-0.01196680389571952,-0.08879568389878828,-0.03394766509261727,-0.19859329541603254,-0.22017787592638668,-0.28328648803923057,-0.3263075628190594,-0.09408070438242176,-0.09407038574890178,-0.23660162018797617,-0.09923927950295171,,0.01076625149357677,0.166636661153063,0.24927890921979956,0.20097501271777657,0.47811123939516853,0.6858706528712842,0.5450114852180152,0.2570859524384439,0.6077173086877894,0.9999999999999978,0.6505670202040608,0.05258219878163486,0.04425028337244214,0.039142506535063695,0.10184909284258668,0.12566172630447295,0.03968813808132984,0.12044986387904798,-0.3029272029548012,-0.33401041930892783,0.047706130694628375,-0.02442480933843098,0.5173261288280953,-0.2171601888597968,-0.32651501438325103,-0.1713600865386676,-0.3544720041238523,0.6820069500143487,0.01602445629227828,-0.036515318284450975,-0.21716018885979627,-0.34492178971400617,-0.32651501438325087,0.47811123939516886,0.6790292769699267,0.5173261288280951,-0.20097501271777715,1.0,0.7642287079753228,-0.14591915471508238,0.6505670202040608,-0.12434134831515636,-0.1230057589153246,-0.1329149592099447,-0.3029272029548012,-0.005397712023888478,,,,,,,,,-0.14591915471508243,-0.14591915471508243,-0.1459191547150822,0.0003878137082724928,-0.1459191547150822,0.6505670202040608,0.6505670202040621,0.6505670202040608,0.6505670202040608
occupancy_is_capped,-0.034982042039166245,,0.14659826909364126,-0.17724135229439658,-0.18243721329103071,,0.043881217651302595,-0.06429928822461632,-0.026283349364637217,-0.059320751165445745,-0.07062794993860705,-0.05178174388178799,-0.07416612963181293,-0.12921653388533197,-0.16518138602275967,-0.17535913102604955,-0.07066849079801703,-0.06786854533048652,-0.11075744767521369,-0.07175605018316744,,-0.032885103270295424,0.08176321602824142,0.15131888053401182,0.1137438342474018,0.38199047044437096,0.6095264436233738,0.44432850617213776,0.15633362957339628,0.5154896935183303,0.7642287079753239,0.4197729500638699,0.016587046363956675,0.021720506469621315,0.017832890900135536,0.05122556170046228,0.06384935886411852,0.010592165587056812,0.07647377984325321,-0.13945995471354106,-0.18298026615921317,0.10108755056499162,-0.012619485272833079,0.44958796704098164,-0.1632613052155695,-0.2653541053199125,-0.11947589455318663,-0.291714752967211,0.44264483528847354,0.00038975329068491023,-0.04530470911337336,-0.163261305215569,-0.2801217276352993,-0.2653541053199126,0.3819904704443714,0.4320478774029449,0.44958796704098186,-0.11374383424740189,0.7642287079753228,1.0,-0.12495847685039463,0.4197729500638701,-0.0937814287389086,-0.09289884414655936,-0.11486199294476511,-0.13945995471354106,0.043652109038088985,,,,,,,,,-0.12495847685039463,-0.12495847685039471,-0.12495847685039475,0.00026262513930037684,-0.12495847685039475,0.4197729500638697,0.41977295006387033,0.4197729500638702,0.4197729500638702
est_annual_revenue,0.016230942119537135,,-0.004250558112038224,0.07059463794456962,0.06537690886480028,,-0.05502224652117531,0.07819212058049878,0.3294987310677722,0.19967341361252636,0.29176027942927096,0.3121483693430244,-0.12821310216312354,-0.004143774912063182,-0.09412863162498503,0.021525058399003812,0.022446802383241614,0.03492510365997431,-0.12135716795408064,0.03356277948506153,,-0.02562479650686347,-0.08289175554728356,-0.14383147078170228,-0.47060585443916647,-0.047779297993705123,-0.038959331832673125,-0.015571599143699488,-0.15741581445399289,-0.06265959879625589,-0.1459191547150823,0.14607929049036164,0.05228094830747009,0.07183143425508316,0.08380549669163968,0.0357266388749272,0.002743738250543648,0.05661567297016663,-0.015648698000610268,0.02294804948495347,0.07369373525157615,-0.14951739762901606,,-0.021104882091241468,0.803373547885364,0.5498052476878319,0.651550016734726,0.3631412242354243,-0.04148986359635625,0.30864808129384974,0.2886578527906116,0.8033735478853633,0.469888611229968,0.5498052476878309,-0.047779297993705026,-0.038503138608053426,-0.021104882091241506,0.4706058544391673,-0.14591915471508238,-0.12495847685039463,1.0,0.14607929049036164,0.8170455532757767,0.8619812756424878,0.6467211016052746,0.0229480494849535,-0.1039188823035585,,,,,,,,,1.0,1.0000000000000013,0.9999999999999991,-0.18778384231743395,0.9999999999999991,0.14607929049036175,0.14607929049036192,0.14607929049036164,0.14607929049036164
est_annual_revenue_booked,-0.07067791142721559,,0.09162230153461572,-0.2760016566971824,-0.28285947308541065,,-0.03841285483883112,-0.04740720893426032,0.4087061223508783,0.19004376619762742,0.3129055107620989,0.37610001883581157,-0.2825099047667395,-0.17462051105092505,-0.3144918327930301,-0.31957908395039764,-0.04137027186132103,-0.019399477956265215,-0.31395630427896026,-0.03257140499448951,,0.03977822159154765,0.12636286012327136,0.15267251412773028,-0.06465408981990928,0.3623451430180279,0.5410759261210892,0.43018647713663233,0.1516623122279192,0.44041326122520513,0.6505670202040614,1.0,0.1453230700633454,0.1309432778165188,0.2146303604367083,0.1120934702308244,0.11280909686299831,0.09114864654780232,0.15183614623623562,-0.294144666638913,-0.2733623053054641,-0.09422624117496546,,0.4281277704045598,0.15313050426401673,0.2675209633647298,-0.07626878847979437,-0.0858528105784149,0.5644875138006017,0.38777905587665845,0.36118854078992146,0.15313050426401673,0.2641439497940797,0.26752096336473,0.36234514301802884,0.5655787376487672,0.4281277704045594,0.06465408981990932,0.6505670202040608,0.4197729500638701,0.14607929049036164,1.0,-0.03512477182455252,0.016272828513250903,0.24138497296848863,-0.294144666638913,-0.14460396262915648,,,,,,,,,0.14607929049036156,0.14607929049036164,0.1460792904903613,-0.10943303535454539,0.1460792904903613,1.0,0.9999999999999996,1.0000000000000002,1.0000000000000002
revenue_per_accommodates,-0.06667713267250794,,-0.0333220925909733,0.12508499199780615,0.12160988886581199,,-0.018318454814155505,0.04629740366727797,-0.09320291695029827,-0.07303532398674539,-0.06542373431008057,-0.06988659551543855,-0.055859471001453075,0.026733492406600497,-0.031120778931640624,0.08923582755510111,0.011803126831503355,0.024210258480907243,-0.04728139795833432,0.022989848428986524,,-0.07471336302328503,-0.15086757149884097,-0.20330993326523855,-0.4057562413254083,-0.027950797137406235,-0.043736665665127336,-0.03782144468881768,-0.21541887399377418,-0.05397924560415555,-0.1243413483151564,-0.03512477182455252,0.004236608532674716,0.04276436791126065,0.0003948034239486973,0.013357465118655945,-0.021851632856865637,0.03089222277442297,-0.05485317839132878,0.0747424653482812,0.11042853258517199,-0.0987757354320322,,-0.048907582673264456,0.6968325957404184,0.2844701615532776,0.853814944125169,0.47898302334285275,-0.05264735293562726,-0.10373655774973313,-0.0769899808993868,0.6968325957404182,0.20187347505859185,0.28447016155327737,-0.027950797137406228,-0.05079503110638935,-0.048907582673264505,0.40575624132540755,-0.12434134831515636,-0.0937814287389086,0.8170455532757767,-0.03512477182455252,1.0,0.9667800623622133,0.44525580889187705,0.07474246534828122,-0.03629384001066964,,,,,,,,,0.8170455532757767,0.8170455532757794,0.8170455532757783,-0.14744423430988032,0.8170455532757783,-0.03512477182455251,-0.03512477182455252,-0.035124771824552495,-0.035124771824552495
revenue_per_bedroom,-0.046449623365518264,,-0.007446148934321007,0.11238017156388219,0.10761450585846674,,-0.046766305943192206,0.06677981986853486,0.0027127501318569332,-0.039587889798191014,-0.060299213357592064,0.001412235398368093,-0.09051689570921555,0.012454521401035298,-0.06485430961670192,0.07453765689593835,0.03340230293355681,0.049011950513645305,-0.08075197370631512,0.04692045948791585,,-0.04208995520910197,-0.10826660412218801,-0.1604018696498914,-0.3992510491204268,-0.022968811561009325,-0.025892474039322152,-0.019213697467532317,-0.1722638325918217,-0.0435652013730165,-0.12300575891532439,0.016272828513250903,0.018800090092456475,0.05484447780194099,0.029543925523520174,0.015403780870232513,-0.02274096102578073,0.04128806273244356,-0.04799279897044482,0.05949253529298484,0.10495556339623477,-0.12260462104923824,,-0.032374497393256096,0.7405209676842874,0.3604925515065192,0.8317341819607242,0.4408016103689901,-0.03402737600358438,0.022171818442879743,-0.005677208713018754,0.7405209676842881,0.2769167541538106,0.36049255150651877,-0.022968811561009266,-0.03134089837702824,-0.03237449739325615,0.39925104912042664,-0.1230057589153246,-0.09289884414655936,0.8619812756424878,0.016272828513250903,0.9667800623622133,1.0,0.48692988628968586,0.05949253529298481,-0.05210987734153584,,,,,,,,,0.8619812756424877,0.8619812756424898,0.8619812756424869,-0.15747929421488446,0.8619812756424869,0.01627282851325093,0.016272828513250865,0.016272828513250955,0.016272828513250955
log_est_revenue,-0.06351208653661793,,0.010298138949812167,0.18539989392465578,0.17869359682714017,,0.011280060637636001,0.0005111036128917054,0.34202042297038066,0.13935671680536776,0.2986075815991113,0.32078518680666074,-0.16701400582212098,0.0018270171120613825,-0.13648398373443113,0.12531235606234298,0.04827950133002678,0.06515703731245626,-0.14187560037518895,0.060478615820272225,,-0.16205431496417888,-0.24370300927033214,-0.3006513054170334,-0.7472995811269373,-0.007071340509384493,-0.008533404675864942,0.014065689749026283,-0.31597150201828805,-0.03260760295109722,-0.1329149592099452,0.24138497296848863,0.08950780450382786,0.0987724762271265,0.1751863920111578,0.02419698229324922,-0.017518238104979395,0.06952579007890725,0.03230128838302522,0.09701558136934982,0.17303533853176015,-0.21583880531033317,,-0.0009436143164776996,0.3712453595870387,0.5642755033326008,0.17428725780111753,0.3300332634387234,0.0034537998396766455,0.3549262503194526,0.31689644071274914,0.3712453595870386,0.5600037952705248,0.564275503332599,-0.0070713405093845464,0.004699398825556899,-0.0009436143164777063,0.747299581126938,-0.1329149592099447,-0.11486199294476511,0.6467211016052746,0.24138497296848863,0.44525580889187705,0.48692988628968586,1.0,0.09701558136934979,-0.18265015823215028,,,,,,,,,0.6467211016052743,0.6467211016052747,0.6467211016052743,-0.6093857280292689,0.6467211016052743,0.2413849729684885,0.24138497296848846,0.24138497296848868,0.24138497296848868
host_listings_in_city,0.08862007759911664,,-0.023926989704202994,0.8809367652110763,0.8784770761450713,,-0.027941986828828317,0.17704533263218059,-0.13296031225023844,-0.09224073220673454,-0.08191781811439393,-0.1228966587108951,0.09960625330128949,0.347961621899554,0.0884399683217896,0.7389929688562317,0.18373516856988312,0.168460858819953,0.13224268490808946,0.17451329333531654,,-0.22448884593133558,-0.26465429584848976,-0.27468310812911995,0.04838333599769834,-0.2749081097788981,-0.2721404542443968,-0.2510873023661077,-0.2698285376914577,-0.25716998023127957,-0.30292720295480163,-0.294144666638913,-0.23979664493062489,-0.23666119980799258,-0.19229087690067642,-0.2793733415684458,-0.3258945369081383,-0.15046280765603798,-0.3283522813451639,1.0,0.9357090405344499,0.29473751762993994,-0.018188464304114083,-0.26371998828259596,0.06460577521255025,0.1810726728693402,0.1214011664819529,0.295666331147958,-0.5004938360550512,-0.09169580484675775,-0.11061732114701395,0.06460577521255015,0.21638065298819817,0.1810726728693398,-0.2749081097788978,-0.5058902621413476,-0.26371998828259563,-0.048383335997698035,-0.3029272029548012,-0.13945995471354106,0.0229480494849535,-0.294144666638913,0.07474246534828122,0.05949253529298481,0.09701558136934979,1.0,0.3571182554846557,,,,,,,,,0.022948049484953482,0.022948049484953593,0.022948049484953513,-0.03850444727981369,0.022948049484953513,-0.29414466663891314,-0.2941446666389138,-0.2941446666389137,-0.2941446666389137
host_is_professional,0.10568637391670785,,0.10977841597671432,0.22393316698831847,0.23387461653105987,,-0.03100044694412306,0.12803139987882092,-0.12654372801083508,-0.026807656299254808,-0.13490639407901853,-0.09902089888851817,-0.015734624482621466,0.1082950233136132,-0.04630345344532715,0.16271990964690078,0.058260294249030446,0.07036915717582519,-0.015216225769712722,0.06594675155173364,,-0.0337085823568778,0.006404867021369974,0.017288415248859493,0.12405615056957738,-0.1721587012098869,-0.0892777311398715,-0.0933652293028804,0.02260459471389532,-0.09339213835382644,-0.005397712023888348,-0.14460396262915648,-0.15956586198775957,-0.1649051228375695,-0.14512753772501524,-0.13197997949921295,-0.1468594169146266,-0.0843583374895946,-0.17028143292174125,0.3571182554846557,0.26545036085078655,0.2914285145467749,-0.05093120842962775,-0.08877585589300144,-0.04037322099631523,-0.11784549093159649,0.02385726214813067,-0.014288460268074359,-0.17361109419731197,-0.14549476446969667,-0.12132766444827561,-0.04037322099631526,-0.11885736551864742,-0.11784549093159682,-0.1721587012098868,-0.16886413019981958,-0.08877585589300105,-0.12405615056957686,-0.005397712023888478,0.043652109038088985,-0.1039188823035585,-0.14460396262915648,-0.03629384001066964,-0.05210987734153584,-0.18265015823215028,0.3571182554846557,1.0,,,,,,,,,-0.1039188823035584,-0.10391888230355827,-0.10391888230355813,0.020508637129580815,-0.10391888230355813,-0.1446039626291565,-0.14460396262915665,-0.14460396262915678,-0.14460396262915678
pct_professional_hosts,,,,,,,,,,,,,,,,,,,,,,,,,,,,,,,,,,,,,,,,,,,,,,,,,,,,,,,,,,,,,,,,,,,,,,,,,,,,,,,,,,,,
pct_large_operators,,,,,,,,,,,,,,,,,,,,,,,,,,,,,,,,,,,,,,,,,,,,,,,,,,,,,,,,,,,,,,,,,,,,,,,,,,,,,,,,,,,,
median_host_listings,,,,,,,,,,,,,,,,,,,,,,,,,,,,,,,,,,,,,,,,,,,,,,,,,,,,,,,,,,,,,,,,,,,,,,,,,,,,,,,,,,,,
gini_host_concentration,,,,,,,,,,,,,,,,,,,,,,,,,,,,,,,,,,,,,,,,,,,,,,,,,,,,,,,,,,,,,,,,,,,,,,,,,,,,,,,,,,,,
market_professionalization_score,,,,,,,,,,,,,,,,,,,,,,,,,,,,,,,,,,,,,,,,,,,,,,,,,,,,,,,,,,,,,,,,,,,,,,,,,,,,,,,,,,,,
purchase_price,,,,,,,,,,,,,,,,,,,,,,,,,,,,,,,,,,,,,,,,,,,,,,,,,,,,,,,,,,,,,,,,,,,,,,,,,,,,,,,,,,,,
monthly_payment,,,,,,,,,,,,,,,,,,,,,,,,,,,,,,,,,,,,,,,,,,,,,,,,,,,,,,,,,,,,,,,,,,,,,,,,,,,,,,,,,,,,
zori_rent,,,,,,,,,,,,,,,,,,,,,,,,,,,,,,,,,,,,,,,,,,,,,,,,,,,,,,,,,,,,,,,,,,,,,,,,,,,,,,,,,,,,
annual_cash_flow,0.016230942119537784,,-0.00425055811203795,0.07059463794456955,0.0653769088648002,,-0.055022246521175315,0.07819212058049893,0.3294987310677724,0.1996734136125265,0.2917602794292708,0.3121483693430243,-0.12821310216312365,-0.004143774912063287,-0.09412863162498511,0.021525058399003802,0.0224468023832415,0.03492510365997416,-0.12135716795408072,0.03356277948506146,,-0.025624796506863407,-0.08289175554728351,-0.1438314707817021,-0.4706058544391663,-0.0477792979937053,-0.03895933183267326,-0.01557159914369951,-0.1574158144539927,-0.062659598796256,-0.14591915471508232,0.14607929049036156,0.05228094830747011,0.07183143425508305,0.08380549669163964,0.03572663887492717,0.0027437382505436417,0.05661567297016665,-0.015648698000610296,0.022948049484953482,0.07369373525157613,-0.14951739762901614,,-0.02110488209124141,0.803373547885364,0.549805247687832,0.6515500167347258,0.3631412242354239,-0.04148986359635657,0.3086480812938498,0.28865785279061157,0.8033735478853636,0.4698886112299681,0.5498052476878311,-0.04777929799370538,-0.038503138608053725,-0.021104882091241485,0.470605854439167,-0.14591915471508243,-0.12495847685039463,1.0,0.14607929049036156,0.8170455532757767,0.8619812756424877,0.6467211016052743,0.022948049484953482,-0.1039188823035584,,,,,,,,,1.0,1.000000000000001,0.999999999999999,-0.18778384231743395,0.999999999999999,0.14607929049036156,0.14607929049036172,0.14607929049036159,0.14607929049036159
cash_on_cash_roi,0.016230942119537822,,-0.004250558112037934,0.07059463794456944,0.0653769088648002,,-0.05502224652117535,0.07819212058049896,0.32949873106777244,0.19967341361252652,0.29176027942927063,0.3121483693430242,-0.1282131021631238,-0.004143774912063279,-0.09412863162498519,0.021525058399003892,0.02244680238324146,0.034925103659974185,-0.12135716795408076,0.03356277948506143,,-0.02562479650686339,-0.08289175554728355,-0.14383147078170266,-0.47060585443916647,-0.04777929799370543,-0.03895933183267321,-0.015571599143699499,-0.15741581445399247,-0.06265959879625616,-0.14591915471508257,0.14607929049036164,0.052280948307470126,0.07183143425508312,0.08380549669163975,0.035726638874927205,0.0027437382505436534,0.056615672970166696,-0.015648698000610303,0.022948049484953593,0.07369373525157596,-0.14951739762901572,,-0.021104882091241506,0.8033735478853647,0.5498052476878305,0.6515500167347266,0.3631412242354238,-0.04148986359635653,0.30864808129384985,0.28865785279061185,0.8033735478853622,0.4698886112299687,0.5498052476878311,-0.04777929799370539,-0.038503138608053794,-0.021104882091241492,0.4706058544391663,-0.14591915471508243,-0.12495847685039471,1.0000000000000013,0.14607929049036164,0.8170455532757794,0.8619812756424898,0.6467211016052747,0.022948049484953593,-0.10391888230355827,,,,,,,,,1.000000000000001,1.0,1.0000000000000009,-0.18778384231743375,1.0000000000000009,0.14607929049036164,0.14607929049036167,0.14607929049036178,0.14607929049036178
cap_rate,0.016230942119537968,,-0.004250558112037964,0.07059463794456954,0.0653769088648001,,-0.05502224652117528,0.07819212058049875,0.32949873106777183,0.19967341361252638,0.2917602794292706,0.312148369343024,-0.12821310216312345,-0.004143774912063322,-0.0941286316249851,0.0215250583990038,0.022446802383241385,0.03492510365997412,-0.1213571679540805,0.03356277948506133,,-0.025624796506863366,-0.08289175554728347,-0.14383147078170225,-0.4706058544391666,-0.04777929799370525,-0.03895933183267328,-0.01557159914369955,-0.15741581445399222,-0.0626595987962561,-0.14591915471508257,0.1460792904903613,0.05228094830747013,0.07183143425508316,0.08380549669163968,0.03572663887492718,0.0027437382505436088,0.056615672970166696,-0.015648698000610303,0.022948049484953513,0.07369373525157577,-0.14951739762901584,,-0.021104882091241478,0.8033735478853626,0.5498052476878303,0.6515500167347256,0.36314122423542416,-0.04148986359635649,0.3086480812938498,0.28865785279061085,0.8033735478853623,0.46988861122996767,0.5498052476878309,-0.047779297993705346,-0.038503138608053766,-0.021104882091241547,0.4706058544391662,-0.1459191547150822,-0.12495847685039475,0.9999999999999991,0.1460792904903613,0.8170455532757783,0.8619812756424869,0.6467211016052743,0.022948049484953513,-0.10391888230355813,,,,,,,,,0.999999999999999,1.0000000000000009,1.0,-0.187783842317434,1.0,0.14607929049036136,0.14607929049036164,0.14607929049036156,0.14607929049036156
price_to_rent_ratio,0.07359379644572035,,-0.06319847926929119,-0.0885625371250885,-0.08546513993995608,,-0.03688093993899354,0.010548262022855939,-0.07870674489210543,-0.04378224624790123,-0.08214855007386009,-0.07882335753366712,0.1249362477776885,-0.01590153728133692,0.1326299443758715,-0.05561354225193609,-0.031191459197159148,-0.037664904547258495,0.10682566092130268,-0.03495952389210784,,0.32346086545062863,0.2917433460857948,0.2696013931137254,0.34817507359018585,-0.04313427945914045,-0.04791999714096094,-0.057409654383881084,0.2705830735798238,-0.055434664357202755,0.00038781370827255707,-0.10943303535454539,-0.0052114535359303205,-0.002339776563430516,-0.02913762497418757,-0.013752540622515906,0.02113018999100508,-0.006913497777321703,-0.0025445258467510857,-0.03850444727981369,-0.0661916735806622,0.07826746701209736,,-0.03139046265110818,-0.08756629664225159,-0.1881194558999594,-0.045347171344549964,-0.15747333843785088,-0.053984854411704766,-0.0755420910133122,-0.07858505800766874,-0.08756629664225164,-0.18223325449704592,-0.18811945589995943,-0.04313427945914049,-0.05194535334227112,-0.03139046265110823,-0.3481750735901857,0.0003878137082724928,0.00026262513930037684,-0.18778384231743395,-0.10943303535454539,-0.14744423430988032,-0.15747929421488446,-0.6093857280292689,-0.03850444727981369,0.020508637129580815,,,,,,,,,-0.18778384231743395,-0.18778384231743375,-0.187783842317434,1.0,-0.18778384231743395,-0.10943303535454535,-0.10943303535454525,-0.10943303535454542,-0.10943303535454542
revenue_yield,0.016230942119537968,,-0.004250558112037964,0.07059463794456954,0.0653769088648001,,-0.05502224652117528,0.07819212058049875,0.32949873106777183,0.19967341361252638,0.2917602794292706,0.312148369343024,-0.12821310216312345,-0.004143774912063322,-0.0941286316249851,0.0215250583990038,0.022446802383241385,0.03492510365997412,-0.1213571679540805,0.03356277948506133,,-0.025624796506863366,-0.08289175554728347,-0.14383147078170225,-0.4706058544391666,-0.04777929799370525,-0.03895933183267328,-0.01557159914369955,-0.15741581445399222,-0.0626595987962561,-0.14591915471508257,0.1460792904903613,0.05228094830747013,0.07183143425508316,0.08380549669163968,0.03572663887492718,0.0027437382505436088,0.056615672970166696,-0.015648698000610303,0.022948049484953513,0.07369373525157577,-0.14951739762901584,,-0.021104882091241478,0.8033735478853626,0.5498052476878303,0.6515500167347256,0.36314122423542416,-0.04148986359635649,0.3086480812938498,0.28865785279061085,0.8033735478853623,0.46988861122996767,0.5498052476878309,-0.047779297993705346,-0.038503138608053766,-0.021104882091241547,0.4706058544391662,-0.1459191547150822,-0.12495847685039475,0.9999999999999991,0.1460792904903613,0.8170455532757783,0.8619812756424869,0.6467211016052743,0.022948049484953513,-0.10391888230355813,,,,,,,,,0.999999999999999,1.0000000000000009,1.0,-0.18778384231743395,1.0,0.14607929049036136,0.14607929049036164,0.14607929049036156,0.14607929049036156
annual_cash_flow_booked,-0.0706779114272158,,0.09162230153461555,-0.2760016566971826,-0.2828594730854108,,-0.03841285483883112,-0.04740720893426035,0.4087061223508783,0.19004376619762745,0.312905510762099,0.3761000188358113,-0.2825099047667395,-0.17462051105092513,-0.3144918327930301,-0.31957908395039764,-0.04137027186132112,-0.019399477956265204,-0.31395630427896004,-0.0325714049944895,,0.0397782215915477,0.1263628601232714,0.15267251412773022,-0.06465408981990921,0.36234514301802806,0.5410759261210891,0.4301864771366324,0.151662312227919,0.44041326122520524,0.6505670202040614,1.0,0.1453230700633454,0.1309432778165188,0.2146303604367083,0.1120934702308244,0.11280909686299831,0.09114864654780232,0.15183614623623562,-0.29414466663891314,-0.273362305305464,-0.09422624117496557,,0.4281277704045598,0.15313050426401673,0.2675209633647299,-0.07626878847979433,-0.08585281057841493,0.5644875138006016,0.3877790558766586,0.36118854078992124,0.15313050426401686,0.2641439497940795,0.2675209633647301,0.36234514301802895,0.5655787376487674,0.4281277704045594,0.06465408981990928,0.6505670202040608,0.4197729500638697,0.14607929049036175,1.0,-0.03512477182455251,0.01627282851325093,0.2413849729684885,-0.29414466663891314,-0.1446039626291565,,,,,,,,,0.14607929049036156,0.14607929049036164,0.14607929049036136,-0.10943303535454535,0.14607929049036136,1.0,0.9999999999999996,1.0000000000000004,1.0000000000000004
cash_on_cash_roi_booked,-0.07067791142721506,,0.0916223015346159,-0.2760016566971821,-0.28285947308541054,,-0.03841285483883124,-0.04740720893426027,0.40870612235087855,0.19004376619762753,0.31290551076209877,0.37610001883581157,-0.2825099047667395,-0.1746205110509254,-0.3144918327930305,-0.3195790839503979,-0.04137027186132137,-0.01939947795626538,-0.3139563042789604,-0.03257140499448953,,0.039778221591547695,0.12636286012327158,0.1526725141277306,-0.06465408981990924,0.36234514301802806,0.54107592612109,0.4301864771366327,0.15166231222791934,0.4404132612252051,0.6505670202040614,0.9999999999999996,0.14532307006334558,0.1309432778165187,0.21463036043670763,0.1120934702308243,0.11280909686299827,0.0911486465478024,0.15183614623623579,-0.2941446666389138,-0.27336230530546407,-0.09422624117496549,,0.4281277704045599,0.1531305042640167,0.2675209633647301,-0.07626878847979457,-0.08585281057841485,0.5644875138006031,0.38777905587666006,0.361188540789922,0.15313050426401684,0.26414394979407985,0.26752096336473,0.36234514301802856,0.5655787376487671,0.42812777040455924,0.0646540898199093,0.6505670202040621,0.41977295006387033,0.14607929049036192,0.9999999999999996,-0.03512477182455252,0.016272828513250865,0.24138497296848846,-0.2941446666389138,-0.14460396262915665,,,,,,,,,0.14607929049036172,0.14607929049036167,0.14607929049036164,-0.10943303535454525,0.14607929049036164,0.9999999999999996,1.0,1.0000000000000002,1.0000000000000002
cap_rate_booked,-0.07067791142721543,,0.0916223015346157,-0.27600165669718213,-0.2828594730854109,,-0.03841285483883118,-0.04740720893426035,0.4087061223508779,0.19004376619762758,0.31290551076209927,0.3761000188358118,-0.28250990476674015,-0.17462051105092524,-0.3144918327930308,-0.3195790839503976,-0.04137027186132116,-0.019399477956265367,-0.3139563042789604,-0.03257140499448957,,0.03977822159154754,0.12636286012327144,0.15267251412773053,-0.06465408981990929,0.36234514301802817,0.5410759261210902,0.43018647713663205,0.15166231222791915,0.440413261225206,0.6505670202040611,1.0000000000000002,0.14532307006334547,0.1309432778165187,0.21463036043670794,0.11209347023082444,0.11280909686299842,0.09114864654780222,0.15183614623623548,-0.2941446666389137,-0.2733623053054644,-0.09422624117496563,,0.4281277704045592,0.15313050426401656,0.2675209633647301,-0.07626878847979444,-0.08585281057841476,0.5644875138006012,0.38777905587665873,0.3611885407899217,0.15313050426401678,0.26414394979407974,0.2675209633647298,0.36234514301802917,0.565578737648768,0.42812777040455957,0.06465408981990925,0.6505670202040608,0.4197729500638702,0.14607929049036164,1.0000000000000002,-0.035124771824552495,0.016272828513250955,0.24138497296848868,-0.2941446666389137,-0.14460396262915678,,,,,,,,,0.14607929049036159,0.14607929049036178,0.14607929049036156,-0.10943303535454542,0.14607929049036156,1.0000000000000004,1.0000000000000002,1.0,1.0
revenue_yield_booked,-0.07067791142721543,,0.0916223015346157,-0.27600165669718213,-0.2828594730854109,,-0.03841285483883118,-0.04740720893426035,0.4087061223508779,0.19004376619762758,0.31290551076209927,0.3761000188358118,-0.28250990476674015,-0.17462051105092524,-0.3144918327930308,-0.3195790839503976,-0.04137027186132116,-0.019399477956265367,-0.3139563042789604,-0.03257140499448957,,0.03977822159154754,0.12636286012327144,0.15267251412773053,-0.06465408981990929,0.36234514301802817,0.5410759261210902,0.43018647713663205,0.15166231222791915,0.440413261225206,0.6505670202040611,1.0000000000000002,0.14532307006334547,0.1309432778165187,0.21463036043670794,0.11209347023082444,0.11280909686299842,0.09114864654780222,0.15183614623623548,-0.2941446666389137,-0.2733623053054644,-0.09422624117496563,,0.4281277704045592,0.15313050426401656,0.2675209633647301,-0.07626878847979444,-0.08585281057841476,0.5644875138006012,0.38777905587665873,0.3611885407899217,0.15313050426401678,0.26414394979407974,0.2675209633647298,0.36234514301802917,0.565578737648768,0.42812777040455957,0.06465408981990925,0.6505670202040608,0.4197729500638702,0.14607929049036164,1.0000000000000002,-0.035124771824552495,0.016272828513250955,0.24138497296848868,-0.2941446666389137,-0.14460396262915678,,,,,,,,,0.14607929049036159,0.14607929049036178,0.14607929049036156,-0.10943303535454542,0.14607929049036156,1.0000000000000004,1.0000000000000002,1.0,1.0
