,id,scrape_id,host_id,host_listings_count,host_total_listings_count,neighbourhood_group_cleansed,latitude,longitude,accommodates,bathrooms,bedrooms,beds,minimum_nights,maximum_nights,minimum_minimum_nights,maximum_minimum_nights,minimum_maximum_nights,maximum_maximum_nights,minimum_nights_avg_ntm,maximum_nights_avg_ntm,calendar_updated,availability_30,availability_60,availability_90,availability_365,number_of_reviews,number_of_reviews_ltm,number_of_reviews_l30d,availability_eoy,number_of_reviews_ly,estimated_occupancy_l365d,estimated_revenue_l365d,review_scores_rating,review_scores_accuracy,review_scores_cleanliness,review_scores_checkin,review_scores_communication,review_scores_location,review_scores_value,license,calculated_host_listings_count,calculated_host_listings_count_entire_homes,calculated_host_listings_count_private_rooms,calculated_host_listings_count_shared_rooms,reviews_per_month,price_clean,log_price,price_per_accommodates,log_price_per_accommodates,log_reviews,log_accommodates,log_beds,price_zscore,price_percentile,log_price_zscore,reviews_zscore,reviews_percentile,reviews_per_month_zscore,occupancy_rate,occupancy_rate_booked,occupancy_is_capped,est_annual_revenue,est_annual_revenue_booked,revenue_per_accommodates,revenue_per_bedroom,log_est_revenue,host_listings_in_city,host_is_professional,pct_professional_hosts,pct_large_operators,median_host_listings,gini_host_concentration,market_professionalization_score,purchase_price,monthly_payment,zori_rent,annual_cash_flow,cash_on_cash_roi,cap_rate,price_to_rent_ratio,revenue_yield,annual_cash_flow_booked,cash_on_cash_roi_booked,cap_rate_booked,revenue_yield_booked
id,1.0,,0.462600535753889,0.0774129868365896,0.04684471871411628,,-0.0719040777919887,-0.04247557784449499,0.016906118444604788,0.0031319127572032087,-0.007837478146700893,-0.029895486122738957,-0.1955690135207962,-0.18544457716823431,-0.1682697050490224,-0.17962663661383216,-0.005451832630628437,-0.0054517306780868,-0.1848510090007726,-0.005475351403600718,,0.136647553146286,0.1610442106097936,0.16015377591120178,0.10359202744617695,-0.41931750058800304,-0.05179750089721046,0.11584891203657462,0.1547110211337097,-0.24834966257983562,-0.12936105977114207,-0.07029038826410058,-0.07767762472506334,-0.08140804136811318,-0.05711705468056499,-0.08521357514752687,-0.04525073441148314,-0.13961457991160092,-0.0742143190166516,,-0.06361328469668451,-0.06537291265212733,0.01426224354599072,0.01899156436879839,0.19215191294867442,-0.010848269653596079,-0.12256350216535662,-0.0075461126338713476,-0.15483836543660637,-0.46088688984775744,0.022796549549538234,-0.032520356903408196,-0.01084826965359636,-0.1403496350843552,-0.12256350216536498,-0.4193175005880044,-0.4539059762113167,0.1921519129486748,-0.10359202744617961,-0.1293610597711424,-0.07855630481094603,-0.005525072699851688,-0.07029038826410058,-0.00423745639128059,-0.004115114500049598,-0.16293080372979166,-0.06361328469668451,0.029577981844758475,,,,,,,,,-0.005525072699851646,-0.005525072699851726,-0.005525072699851673,0.07865871897867424,-0.005525072699851673,-0.07029038826410082,-0.07029038826410015,-0.07029038826409947,-0.07029038826409947
scrape_id,,,,,,,,,,,,,,,,,,,,,,,,,,,,,,,,,,,,,,,,,,,,,,,,,,,,,,,,,,,,,,,,,,,,,,,,,,,,,,,,,,,,,
host_id,0.462600535753889,,1.0,0.16661192053402304,0.124591562620881,,-0.0549778180866368,-0.06915768453887237,0.041479993097528214,0.014656727650749877,-0.0018018420669886736,0.009852182719648014,-0.16326218732199532,-0.05021025745520025,-0.1408429551449895,-0.1491192651870976,-0.007759802483535257,-0.007759476498098745,-0.1539509081851467,-0.007774581743531457,,0.14095843105751793,0.1505628907809187,0.14151346479894947,0.07841739516930252,-0.19498284969026985,0.0017722653038763775,0.09766300496121634,0.13347146488109912,-0.10203685052500823,-0.08025585840087453,-0.036122133100447956,-0.12203943249050249,-0.12346934131579852,-0.09625872826013893,-0.12792508909961536,-0.10904556141373567,-0.14829382235447897,-0.10455961844561393,,0.019078773809384844,0.01737132525687512,0.0013890521817593023,-0.003830750733465554,0.17694410161211496,0.02363113112455168,-0.06432703119348468,0.021751127319129586,-0.1231355763351725,-0.21200787363333198,0.05091133722052536,0.004192910874427915,0.023631131124551643,-0.08288149420760871,-0.0643270311934904,-0.19498284969026913,-0.20407156413231115,0.17694410161211505,-0.07841739516930399,-0.0802558584008747,-0.03859130544078692,0.026629771314884573,-0.036122133100447956,0.022871170527637846,0.028275246347561362,-0.10724716178798938,0.019078773809384844,0.04202545869505942,,,,,,,,,0.026629771314884608,0.026629771314884625,0.02662977131488466,0.04084801604625243,0.02662977131488466,-0.03612213310044804,-0.03612213310044766,-0.036122133100447325,-0.036122133100447325
host_listings_count,0.0774129868365896,,0.16661192053402304,1.0,0.9282769609305002,,0.12460682329853735,-0.014931426207133782,-0.022230896184314206,-0.03742130544429105,-0.029176311967082175,-0.034620327715093005,-0.020209096034718033,0.2038974529121289,-0.02540212074014889,-0.024399222746161717,-0.003822372034413574,-0.003820858884198273,-0.021977078561940235,-0.0038139330358466336,,0.0890857573343862,0.07564630626704227,0.06846566378934299,0.0023918488063843896,-0.08305158812110137,-0.10346331469808256,-0.07575093943194218,0.07029836059556,-0.08339648398715102,-0.13457578268792544,0.12816953137776516,-0.1847299766251977,-0.19315092752308377,-0.1364292701387434,-0.15355430479743248,-0.18227537046993003,-0.10807927329874564,-0.20398348868863328,,0.32816168518174227,0.2802690647213391,0.38110567769648296,-0.011281252940349824,-0.0829458921313509,0.2950388449318195,0.0799083882554775,0.2651421982333641,0.1131412374919415,-0.18489140858125364,-0.017462089259540316,-0.03103573683025729,0.2950388449318231,0.014244733730703072,0.07990838825547593,-0.08305158812110182,-0.1830127494470055,-0.08294589213135131,-0.0023918488063843727,-0.13457578268792572,-0.057273084187608084,0.29533044175058526,0.12816953137776516,0.2549265717397505,0.2981153655876644,0.04003332793802289,0.32816168518174227,0.13939414025968644,,,,,,,,,0.2953304417505853,0.29533044175058576,0.295330441750585,0.008001980336277165,0.295330441750585,0.12816953137776513,0.1281695313777639,0.12816953137776502,0.12816953137776502
host_total_listings_count,0.04684471871411628,,0.124591562620881,0.9282769609305002,1.0,,0.1149474880197238,-0.01470155763142497,-0.02130667872489519,-0.036725247798222733,-0.031420201566373276,-0.0332849737029224,-0.004758898438546671,0.19729453911515857,-0.005995963845657604,-0.004759743513817908,-0.0021052158513022745,-0.002103863774852408,-0.002428416892704673,-0.0020963903752216134,,0.056677524105382106,0.04149045416994493,0.0362028175579565,0.0008307428483881105,-0.0808499360247905,-0.10422751592089646,-0.07567612317196,0.03905884230141439,-0.08309129835299953,-0.13316311972561598,0.11799631683092496,-0.16302813112881026,-0.17079251110987143,-0.12294806368409401,-0.14061136930057241,-0.16882252597641648,-0.08905224799446183,-0.18054453215058347,,0.2963061595578656,0.2518488390574747,0.34787991946248503,-0.011691761605123727,-0.09558909950770263,0.2758127019723203,0.092121623167955,0.2473895791880914,0.12122528080314202,-0.1739905906971692,-0.014608452300838556,-0.028960758852654252,0.2758127019723207,0.0362697980833985,0.0921216231679542,-0.08084993602479029,-0.1730961856753656,-0.09558909950770243,-0.0008307428483880556,-0.13316311972561617,-0.055924889656411535,0.27487395072426574,0.11799631683092496,0.23707674928090375,0.28955011106379464,0.04476847347305706,0.2963061595578656,0.12849235912933055,,,,,,,,,0.2748739507242658,0.27487395072426735,0.2748739507242664,0.018917776895237385,0.2748739507242664,0.11799631683092496,0.11799631683092413,0.11799631683092421,0.11799631683092421
neighbourhood_group_cleansed,,,,,,,,,,,,,,,,,,,,,,,,,,,,,,,,,,,,,,,,,,,,,,,,,,,,,,,,,,,,,,,,,,,,,,,,,,,,,,,,,,,,,
latitude,-0.0719040777919887,,-0.0549778180866368,0.12460682329853735,0.1149474880197238,,1.0,0.13906436855377968,-0.06060265945499349,-0.004370850458618366,-0.010225394670610337,-0.030040855757829867,0.1447556349571152,0.07293298157784803,0.1232835484428792,0.13076659921142422,-0.007595219470576111,-0.007595033633932442,0.13734889798727273,-0.007596020106358609,,-0.027773577497039487,-0.020465819670295655,-0.017380063167869962,-0.0036067780493126353,-0.06659789337521921,-0.12440128056620062,-0.09325922944037486,-0.009082728394225732,-0.08795733466765907,-0.07114171222617559,0.02583145444361225,-0.05096740041473354,-0.04771160929422497,-0.056858040172200267,-0.018788782992970827,-0.04035202227813905,0.05272282608995533,-0.08111225720235968,,0.02307008491432922,0.025764256303601577,-0.04554658733920377,-0.05505633201595113,-0.15490429773323466,0.04460590434421245,0.0829047850183558,0.03885034231076042,0.14564859735442365,-0.10270760135398298,-0.04585757829826641,-0.03609951017336428,0.044605904344212424,0.05393978203511096,0.08290478501835566,-0.06659789337521972,-0.10221014285209222,-0.15490429773323516,0.0036067780493129133,-0.07114171222617564,-0.04068628549986294,0.038878084331358455,0.02583145444361225,0.03397800481786651,0.038717569909321715,0.03642830591533624,0.02307008491432922,-0.0011146225589236212,,,,,,,,,0.038878084331358455,0.038878084331358705,0.03887808433135867,-0.000491663371762128,0.03887808433135867,0.02583145444361225,0.025831454443612012,0.02583145444361214,0.02583145444361214
longitude,-0.04247557784449499,,-0.06915768453887237,-0.014931426207133782,-0.01470155763142497,,0.13906436855377968,1.0,-0.04260453407971944,-0.058824034632284077,-0.04266416009218252,-0.007848451801257482,0.031055110025664787,0.01570125056623465,0.010092793458421276,0.023357111455553945,-0.01236939471949178,-0.012369436395809154,0.025186904728220785,-0.012369571397970147,,-0.010280544602481581,-0.023513705215980552,-0.026136334278589808,-0.0050254051175785235,0.005988003301402219,-0.05601902003480483,-0.05747448083065765,-0.02290586101576958,-0.023837552474573278,-0.022820499300743823,-0.006046241022603897,-0.04788231784540593,-0.03835881588231797,-0.062480557909549414,-0.026096750074803495,-0.03131355243310633,-0.04883344953164022,-0.052166859871866485,,-0.0033089791636340864,-0.003262406606917335,0.015585210216011816,-0.044690288441725456,-0.07873257115845064,0.00863659171130715,-0.05661936692412845,0.010220806304387854,-0.024737545606956304,-0.013381746975995607,-0.035937428457939,-0.003640196512847299,0.0086365917113072,-0.05301229816783407,-0.05661936692412809,0.005988003301402214,-0.016416994623265162,-0.07873257115845073,0.005025405117578765,-0.022820499300743882,-0.015230537799074878,0.011608373890203999,-0.006046241022603897,0.012108743772604574,0.014108180360231783,-0.014232369074032079,-0.0033089791636340864,-0.03052536047494222,,,,,,,,,0.011608373890203996,0.011608373890204008,0.011608373890203975,0.016725877317970823,0.011608373890203975,-0.006046241022603905,-0.0060462410226038606,-0.006046241022603976,-0.006046241022603976
accommodates,0.016906118444604788,,0.041479993097528214,-0.022230896184314206,-0.02130667872489519,,-0.06060265945499349,-0.04260453407971944,1.0,0.6616731758129207,0.7910273268149057,0.8501782018559251,-0.09905421995101346,0.044443966299130805,-0.09404301586706713,-0.09322005936998444,-0.021706781174908804,-0.02170678259302276,-0.09889085152594855,-0.021689779498029027,,0.07080335738012765,0.06933181454696509,0.07887108651615478,0.035143516162094615,0.05057951918535552,0.10211477923569533,0.10547005940893381,0.07206240833266049,0.06559875175028249,0.09389599448389128,0.16672616329739331,0.027931989542158617,0.01925709330466001,0.019084554429411153,0.04808714689159097,0.04992235305012844,-0.07715218225771256,0.022345540543709297,,-0.07911854122580361,-0.06425255492553605,-0.17145948331221467,-0.07816827145631382,0.1012208473301758,0.0344769587389846,0.5116754600114533,-0.03224844435287467,-0.41139704998978915,0.14459293171706933,0.9334895423975392,0.8264115097469937,0.034476958738984514,0.5470149388768136,0.5116754600114531,0.0505795191853557,0.1517908767481969,0.10122084733017601,-0.03514351616209417,0.09389599448389106,0.001209726651935543,0.00416758200065994,0.16672616329739331,-0.020827527958230004,-0.0166139697634419,0.21721653647528227,-0.07911854122580361,-0.021273710117232208,,,,,,,,,0.004167582000659946,0.004167582000659951,0.004167582000659948,-0.1508263033205645,0.004167582000659948,0.16672616329739331,0.16672616329739265,0.16672616329739323,0.16672616329739323
bathrooms,0.0031319127572032087,,0.014656727650749877,-0.03742130544429105,-0.036725247798222733,,-0.004370850458618366,-0.058824034632284077,0.6616731758129207,1.0,0.8032429990578124,0.6346413541610975,-0.024664980426815968,0.02615071038785058,-0.025999388975238305,-0.0276440438449375,-0.00998178713935559,-0.009981824368950707,-0.03048180115234437,-0.00997296074232179,,0.014718172677911869,-0.0034520275457530698,0.003840858487135102,-0.06261992575262092,-0.026151914554707962,-0.029653352719076747,-0.01644055220305164,-0.022021141206495343,-0.01760378926394834,-0.025843399182200088,0.1337319667978157,0.05557347509667812,0.039640043609208905,0.04267248676092077,0.05742127300768796,0.030719640123458715,0.02065992277965664,0.04267535058094447,,-0.126887415772548,-0.1192810058799324,-0.09405403654412577,-0.0070066357832572835,-0.041941605118373436,0.04499066819004755,0.5693044133519828,-0.017751238311345896,-0.021619488611369433,0.01061724467659783,0.6183397762335353,0.6183731177475972,0.0449906681900475,0.5733781840630197,0.5693044133519833,-0.026151914554708253,0.01578985542769729,-0.04194160511837363,0.06261992575262092,-0.02584339918220021,-0.0596797480282775,0.007630082166903786,0.1337319667978157,-0.01608483570819026,-0.020797593467165507,0.2802101087326561,-0.126887415772548,-0.06761415074700765,,,,,,,,,0.0076300821669037944,0.007630082166903822,0.0076300821669037745,-0.11027330819231275,0.0076300821669037745,0.1337319667978156,0.1337319667978156,0.13373196679781427,0.13373196679781427
bedrooms,-0.007837478146700893,,-0.0018018420669886736,-0.029176311967082175,-0.031420201566373276,,-0.010225394670610337,-0.04266416009218252,0.7910273268149057,0.8032429990578124,1.0,0.8043793547006631,-0.03027617267166783,0.03705167880007809,-0.03238374786206182,-0.032887920227084845,-0.021717579946171947,-0.02171759779965948,-0.03573461956174093,-0.021707491752968735,,0.019896566256232394,0.006839503092831279,0.01497211087307473,-0.02406672394842229,0.0020734337068900916,0.003945542402990813,0.011821658861311547,0.004772369236792582,0.017775621250385183,0.007711774216710275,0.1491539056340977,0.053930001557425104,0.03923297892327339,0.041780243080787774,0.07993222671663654,0.05114766107154911,-0.0273664319393515,0.0359709758724839,,-0.13093624676774715,-0.12101852355491928,-0.11527070310795047,-0.0493872087493537,-0.01419384934810393,0.038515105852940865,0.5731103146659041,-0.024316750305133087,-0.1463584511541609,0.05512816976788584,0.7437741586148533,0.748170626272581,0.038515105852940906,0.603518574188438,0.5731103146659022,0.0020734337068901024,0.06159513785950265,-0.014193849348104,0.02406672394842237,0.0077117742167102715,-0.038181481249303394,0.002377296796420456,0.1491539056340977,-0.018830995577443898,-0.024649546641658672,0.27625624045953195,-0.13093624676774715,-0.09626088347101967,,,,,,,,,0.002377296796420479,0.0023772967964204553,0.0023772967964204327,-0.15083725776704687,0.0023772967964204327,0.14915390563409772,0.1491539056340979,0.14915390563409836,0.14915390563409836
beds,-0.029895486122738957,,0.009852182719648014,-0.034620327715093005,-0.0332849737029224,,-0.030040855757829867,-0.007848451801257482,0.8501782018559251,0.6346413541610975,0.8043793547006631,1.0,-0.06377402458854069,0.03172134120459401,-0.06515209749686204,-0.05693308043121829,-0.019117402907033915,-0.01911741043116714,-0.0627865253916718,-0.01910081041051808,,0.024492041362932065,0.01787061666286888,0.02512905317730432,0.006038354806077871,0.04700131201311081,0.06296694398418654,0.06461319034346055,0.020957213665132597,0.050217059632273166,0.06768302778162198,0.15355740381668362,0.029078927507095783,0.01427597855573154,0.019288879308212756,0.05311176122621322,0.04579348226323397,-0.05526852408165511,0.01879337403085464,,-0.08241236202718878,-0.07021389309300853,-0.14791020720650772,-0.025688641026242635,0.054495758443169805,0.029006791692729576,0.4576445822106436,-0.027666104426212854,-0.29389600971407415,0.1263747789913646,0.7636879907504257,0.9326094337282093,0.02900679169272956,0.4846352584621819,0.4576445822106433,0.047001312013110794,0.1335721568584808,0.0544957584431699,-0.006038354806078081,0.06768302778162202,-0.011204920659497655,0.001287813534630085,0.15355740381668362,-0.018985817098396997,-0.018423145625625723,0.19284895561179133,-0.08241236202718878,-0.046966636021921596,,,,,,,,,0.0012878135346300688,0.0012878135346300829,0.0012878135346300677,-0.11979240041553008,0.0012878135346300677,0.15355740381668356,0.15355740381668465,0.15355740381668342,0.15355740381668342
minimum_nights,-0.1955690135207962,,-0.16326218732199532,-0.020209096034718033,-0.004758898438546671,,0.1447556349571152,0.031055110025664787,-0.09905421995101346,-0.024664980426815968,-0.03027617267166783,-0.06377402458854069,1.0,0.0036593579019768272,0.9252459648390119,0.913561131355982,-0.012044363124359017,-0.012044482834391093,0.9472317603240882,-0.012028234869134298,,-0.10647438477208716,-0.11048943383763002,-0.11209958061400015,-0.03247604655757259,-0.12194214058032997,-0.20716433356670405,-0.1772961572753168,-0.10267785343256433,-0.16045946046213366,-0.06513257145016275,-0.012502651351883727,0.025538193661298593,0.027280056829939323,0.004614926079425788,0.03364965048331729,0.004485290140309099,0.0728652232533301,0.00919315212257645,,0.09779912688115364,0.10224212591551214,-0.03995811230266799,-0.02370771952961182,-0.2619786735113995,-0.005877186088906128,0.028768944301284467,-0.004948372444265437,0.132219913815919,-0.19914896008462704,-0.09274260186670015,-0.061407414308692516,-0.005877186088906051,0.028682150667173313,0.02876894430128566,-0.12194214058033068,-0.20022692212444002,-0.2619786735113997,0.03247604655757304,-0.06513257145016274,0.023340008255888688,-0.011211000618056804,-0.012502651351883727,-0.008908729457495837,-0.011590519437009138,0.02914009818634995,0.09779912688115364,-0.009745646976652532,,,,,,,,,-0.01121100061805683,-0.011211000618056851,-0.011211000618056795,0.018935290484514092,-0.011211000618056795,-0.012502651351883708,-0.012502651351883944,-0.012502651351884069,-0.012502651351884069
maximum_nights,-0.18544457716823431,,-0.05021025745520025,0.2038974529121289,0.19729453911515857,,0.07293298157784803,0.01570125056623465,0.044443966299130805,0.02615071038785058,0.03705167880007809,0.03172134120459401,0.0036593579019768272,1.0,-0.005560787498525198,0.005792518848463253,-0.008310491800524426,-0.008310118924710664,0.0033185572872222934,-0.008297748153943161,,0.020025166581817765,0.029606482875275304,0.032644838255254355,0.09762159572685523,0.09601995542200298,0.0022224910981568425,-0.02036557903882451,0.057379300089793604,0.04108955301692542,0.027415402841376998,0.049868501752502944,-0.06235752535740761,-0.05618468946795524,-0.05718954023846276,-0.02446399004864518,-0.05168003055569668,-0.03710838209674259,-0.07634621551749048,,-0.008140194391357056,-0.01815826623888791,0.08033540571548894,-0.013829565092471614,-0.035751787485822514,0.06356514014575962,0.04721153372796855,0.051935104059797454,0.013339896501902806,0.12368601071690548,0.045424480357211125,0.037002346248868785,0.06356514014575994,0.03119729446407677,0.04721153372797001,0.09601995542200273,0.12385966125932532,-0.03575178748582262,-0.09762159572685494,0.027415402841377078,-0.001115080412390588,0.05982488885142805,0.049868501752502944,0.0502958402950185,0.06047893133598774,-0.050924180794757946,-0.008140194391357056,0.06117696644929067,,,,,,,,,0.05982488885142803,0.05982488885142836,0.059824888851428365,0.041000844310960426,0.059824888851428365,0.049868501752503014,0.04986850175250268,0.04986850175250277,0.04986850175250277
minimum_minimum_nights,-0.1682697050490224,,-0.1408429551449895,-0.02540212074014889,-0.005995963845657604,,0.1232835484428792,0.010092793458421276,-0.09404301586706713,-0.025999388975238305,-0.03238374786206182,-0.06515209749686204,0.9252459648390119,-0.005560787498525198,1.0,0.9113658220548118,-0.010429601445359843,-0.01042971282618413,0.9506972730073843,-0.010429666480137857,,-0.099721679434802,-0.10491870994846264,-0.11132942598237296,-0.04664878291719451,-0.11271681823725405,-0.18883589615469187,-0.15734906756804373,-0.10941748206382317,-0.1466437112602299,-0.11139895370476466,-0.05023424291185177,0.01673119640793652,0.0206725445303244,-0.006864823792913723,0.025133560979447096,-0.001564692226265203,0.058808700448996644,0.007648651049280136,,0.05035462586943429,0.053850560657353164,-0.029880191058042294,-0.02196881662874868,-0.22851912197404967,-0.004954507885616531,0.020123201286525706,-0.0035373839970486353,0.11689920053248408,-0.1994372631749138,-0.08785722877123373,-0.06627363983767838,-0.004954507885616499,0.02070295959773189,0.0201232012865242,-0.1127168182372535,-0.2008366932717437,-0.22851912197405064,0.0466487829171941,-0.11139895370476498,-0.026705456806433533,-0.011004567351404357,-0.05023424291185177,-0.007635310443797302,-0.009952501087473576,0.024001681387514844,0.05035462586943429,-0.03516203248078091,,,,,,,,,-0.011004567351404357,-0.011004567351404409,-0.011004567351404409,0.027973538168641884,-0.011004567351404409,-0.05023424291185166,-0.05023424291185149,-0.05023424291185174,-0.05023424291185174
maximum_minimum_nights,-0.17962663661383216,,-0.1491192651870976,-0.024399222746161717,-0.004759743513817908,,0.13076659921142422,0.023357111455553945,-0.09322005936998444,-0.0276440438449375,-0.032887920227084845,-0.05693308043121829,0.913561131355982,0.005792518848463253,0.9113658220548118,1.0,0.018589822516006292,0.018589708121361136,0.9818548421544117,0.018589759277643725,,-0.09527121980050957,-0.09551270556412916,-0.09653576257253998,-0.014727499371604847,-0.11985093672356135,-0.1964004172176621,-0.167646073583322,-0.08488535636519302,-0.156712981837901,-0.07053037918108385,-0.03801031251332753,0.027142338358830558,0.026464886776388533,0.007756014710547536,0.03072051743725493,0.008388579339998679,0.07054780854667006,0.013953714769403366,,0.10539462306640432,0.1114031652728485,-0.05686082435747431,-0.02788403490197788,-0.2500743500115716,-0.01079598633328077,0.01448751164839429,-0.008038449571037942,0.10772738348044039,-0.18332146898797932,-0.08449853458755859,-0.054627568195493255,-0.010795986333280688,0.02087427824265152,0.014487511648392605,-0.11985093672356062,-0.184801100826922,-0.25007435001157147,0.014727499371604613,-0.07053037918108403,0.0027122332143344136,-0.015985833868826606,-0.03801031251332753,-0.011493818612036386,-0.01446637883973684,0.005929061573966818,0.10539462306640432,0.005211500044981702,,,,,,,,,-0.015985833868826602,-0.01598583386882659,-0.01598583386882662,0.020094086561771182,-0.01598583386882662,-0.0380103125133275,-0.03801031251332704,-0.03801031251332742,-0.03801031251332742
minimum_maximum_nights,-0.005451832630628437,,-0.007759802483535257,-0.003822372034413574,-0.0021052158513022745,,-0.007595219470576111,-0.01236939471949178,-0.021706781174908804,-0.00998178713935559,-0.021717579946171947,-0.019117402907033915,-0.012044363124359017,-0.008310491800524426,-0.010429601445359843,0.018589822516006292,1.0,0.9999999999976892,-0.011207110134010698,0.9999999999988657,,0.005951930893431344,0.01262645032111125,0.015146103357987004,0.012720920498449867,0.0006120920176669879,-0.006645893617250584,0.0034600233953259473,0.01879498793224286,0.0064723857444685794,-0.009893550957260966,-0.0013895914112372172,0.003095337432768067,0.002806684365149879,0.00021085446942227805,-0.01100653911187966,1.146488899534967e-05,0.016086039016806736,-0.004610107788106934,,-0.00910869339913538,-0.008224387028740718,-0.00956660219724807,-0.002453867984299816,-0.010915970490594298,-0.0005761813620160333,0.01964418853558156,0.0013170588268360056,0.04606719699946496,0.021620790368471164,-0.022641978181665086,-0.0202822617297206,-0.000576181362016024,0.031096781269095118,0.019644188535581125,0.0006120920176670165,0.024031260460324506,-0.010915970490594343,-0.012720920498449879,-0.009893550957261004,-0.0112169386943028,-0.0014177900019937744,-0.0013895914112372172,-0.0006712465194041186,-0.0008542735519866385,0.013940615609944577,-0.00910869339913538,0.020945890058183664,,,,,,,,,-0.0014177900019937703,-0.00141779000199377,-0.0014177900019937651,-0.01111680665112877,-0.0014177900019937651,-0.0013895914112372226,-0.0013895914112371489,-0.0013895914112371983,-0.0013895914112371983
maximum_maximum_nights,-0.0054517306780868,,-0.007759476498098745,-0.003820858884198273,-0.002103863774852408,,-0.007595033633932442,-0.012369436395809154,-0.02170678259302276,-0.009981824368950707,-0.02171759779965948,-0.01911741043116714,-0.012044482834391093,-0.008310118924710664,-0.01042971282618413,0.018589708121361136,0.9999999999976892,1.0,-0.011207232624941148,0.9999999999995517,,0.005952129620494742,0.012626639080723054,0.015146285633163862,0.01272094592032838,0.00061204797873635,-0.006645962527374142,0.0034599498225925326,0.01879517336644986,0.006472379366456172,-0.009893654337645903,-0.0013894594196398732,0.00309515881522822,0.0028064798385920887,0.00021072746525601093,-0.0110066862505288,1.1296104901113437e-05,0.0160858895159496,-0.004610313828754177,,-0.009108364340834722,-0.008224135243385815,-0.009565989609653075,-0.002453897148558004,-0.010915992296282654,-0.0005758257396552873,0.01964431936458746,0.0013173279205044327,0.04606734206347413,0.021620630340575285,-0.022641964804142076,-0.020282273920192627,-0.0005758257396552915,0.03109680594621519,0.019644319364587055,0.0006120479787363917,0.024031107160411663,-0.010915992296282649,-0.012720945920328365,-0.009893654337645922,-0.011216961311324039,-0.0014174644542723535,-0.0013894594196398732,-0.000671015272528795,-0.0008538774798585362,0.013940704715798374,-0.009108364340834722,0.020946080963116405,,,,,,,,,-0.0014174644542723478,-0.0014174644542723333,-0.0014174644542723355,-0.01111685803784653,-0.0014174644542723355,-0.0013894594196398775,-0.0013894594196398565,-0.001389459419639854,-0.001389459419639854
minimum_nights_avg_ntm,-0.1848510090007726,,-0.1539509081851467,-0.021977078561940235,-0.002428416892704673,,0.13734889798727273,0.025186904728220785,-0.09889085152594855,-0.03048180115234437,-0.03573461956174093,-0.0627865253916718,0.9472317603240882,0.0033185572872222934,0.9506972730073843,0.9818548421544117,-0.011207110134010698,-0.011207232624941148,1.0,-0.011191553747977862,,-0.09762295137304003,-0.09871820827426568,-0.10054772343003855,-0.01797502486787958,-0.1251111972487124,-0.2033089268081235,-0.17320370613777306,-0.09008617756980863,-0.16179337732933727,-0.07851518127574814,-0.04131217842079277,0.022259386094049847,0.024280564977978612,0.0027842362958020576,0.02819387044138587,0.0036058667009399117,0.06648805173366842,0.009232660863446283,,0.1070652534201349,0.11256609744162728,-0.05141893819213917,-0.026714142580074558,-0.2582394993106959,-0.009976474030273779,0.012814152410279578,-0.007222102869670831,0.11167286547571717,-0.19656808403867895,-0.08990255542322143,-0.06088950520152282,-0.009976474030273628,0.01763288477570958,0.012814152410280843,-0.1251111972487132,-0.19780772453680753,-0.25823949931069773,0.017975024867880145,-0.07851518127574832,-0.00035127411095803936,-0.015499268685606638,-0.04131217842079277,-0.010947645426489898,-0.013873538964510445,0.004263472768453741,0.1070652534201349,0.0022824625566527897,,,,,,,,,-0.01549926868560665,-0.015499268685606811,-0.01549926868560662,0.02385665890734025,-0.01549926868560662,-0.041312178420792704,-0.04131217842079277,-0.041312178420793176,-0.041312178420793176
maximum_nights_avg_ntm,-0.005475351403600718,,-0.007774581743531457,-0.0038139330358466336,-0.0020963903752216134,,-0.007596020106358609,-0.012369571397970147,-0.021689779498029027,-0.00997296074232179,-0.021707491752968735,-0.01910081041051808,-0.012028234869134298,-0.008297748153943161,-0.010429666480137857,0.018589759277643725,0.9999999999988657,0.9999999999995517,-0.011191553747977862,1.0,,0.0060179686009347744,0.012681914955642214,0.015195461532741542,0.012777998331621219,0.0006094352599637374,-0.006664145404023533,0.003384266855970449,0.018831699417821538,0.006469284972977316,-0.009912227270131569,-0.0013946831979192275,0.0030689487856440305,0.002787367457027742,0.00018824454025832566,-0.01102186747725439,-4.7839202265617e-06,0.016082981635299934,-0.004626962948716353,,-0.009108831405477986,-0.00822666520784583,-0.009555102160333616,-0.0024504126197179357,-0.010954993178042553,-0.0005730862607400693,0.019641309117864974,0.0013193408746093283,0.046058399770489526,0.021590491628238083,-0.02262418343826186,-0.020251085282821973,-0.0005730862607400681,0.031078344128093,0.019641309117865286,0.0006094352599636641,0.0239998392217701,-0.010954993178042544,-0.012777998331621108,-0.009912227270131631,-0.011210584909146773,-0.0014197501664750644,-0.0013946831979192275,-0.000672065386126853,-0.0008544316880678347,0.013862667168952458,-0.009108831405477986,0.020945979563330903,,,,,,,,,-0.001419750166475062,-0.001419750166475063,-0.001419750166475047,-0.011096043336578171,-0.001419750166475047,-0.0013946831979192303,-0.0013946831979192653,-0.0013946831979192507,-0.0013946831979192507
calendar_updated,,,,,,,,,,,,,,,,,,,,,,,,,,,,,,,,,,,,,,,,,,,,,,,,,,,,,,,,,,,,,,,,,,,,,,,,,,,,,,,,,,,,,
availability_30,0.136647553146286,,0.14095843105751793,0.0890857573343862,0.056677524105382106,,-0.027773577497039487,-0.010280544602481581,0.07080335738012765,0.014718172677911869,0.019896566256232394,0.024492041362932065,-0.10647438477208716,0.020025166581817765,-0.099721679434802,-0.09527121980050957,0.005951930893431344,0.005952129620494742,-0.09762295137304003,0.0060179686009347744,,1.0,0.9322315162752843,0.8688005959361617,0.44782278951697546,-0.008825147213664645,0.021470294634018085,0.04457672762106857,0.7752771826517654,-0.006637846865316927,-0.04473736173450944,-0.051091391770957825,-0.10388797882053116,-0.10701336690281363,-0.0887989784299537,-0.08466159411639347,-0.08693871142560951,-0.1157715512037501,-0.10364123636155192,,-0.023175359300510148,-0.03248620276278122,0.0789295450833141,0.06854537516465152,0.0676320385597102,-0.010904848742572642,-0.006047180519278981,-0.022210938911784932,-0.039042402072873336,-0.05964774279934037,0.055173565145075175,0.010147706007510327,-0.010904848742572724,-0.004535897062661076,-0.006047180519280979,-0.008825147213664408,-0.0582839374208074,0.06763203855971067,-0.4478227895169774,-0.044737361734509366,-0.03652817168485034,-0.030499603337154364,-0.051091391770957825,-0.034767141438856806,-0.026025155915271176,-0.327856745678328,-0.023175359300510148,0.043688465072141906,,,,,,,,,-0.03049960333715437,-0.03049960333715434,-0.030499603337154315,0.25391077804704,-0.030499603337154315,-0.05109139177095786,-0.051091391770957645,-0.05109139177095769,-0.05109139177095769
availability_60,0.1610442106097936,,0.1505628907809187,0.07564630626704227,0.04149045416994493,,-0.020465819670295655,-0.023513705215980552,0.06933181454696509,-0.0034520275457530698,0.006839503092831279,0.01787061666286888,-0.11048943383763002,0.029606482875275304,-0.10491870994846264,-0.09551270556412916,0.01262645032111125,0.012626639080723054,-0.09871820827426568,0.012681914955642214,,0.9322315162752843,1.0,0.9736324574432157,0.5472487467562243,-0.02375637292564668,0.03313480379511401,0.06105831015760995,0.8943318771582704,-0.012525882862572968,-0.024366180310385007,-0.060494599295087687,-0.0908897860876814,-0.09217819331472615,-0.07983513384660101,-0.07367014597687607,-0.06836205337179531,-0.10759945529982887,-0.09252157122976591,,-0.01984840929800797,-0.02879711475122503,0.07899128774165128,0.06525592253428304,0.08549879486687616,-0.018431611377792697,-0.03509758216752753,-0.02718024789803722,-0.059794340421038414,-0.05309593206504473,0.04970844984417721,-0.0014377445858528557,-0.01843161137779267,-0.040404007318941906,-0.035097582167529805,-0.023756372925646377,-0.050530321491523714,0.08549879486687609,-0.5472487467562247,-0.02436618031038484,-0.025590778132766393,-0.04156035733960357,-0.060494599295087687,-0.04188057779871836,-0.035153118437129226,-0.4173316824726353,-0.01984840929800797,0.06760192245446549,,,,,,,,,-0.04156035733960356,-0.041560357339603726,-0.04156035733960364,0.26655236886938,-0.04156035733960364,-0.06049459929508774,-0.06049459929508733,-0.06049459929508729,-0.06049459929508729
availability_90,0.16015377591120178,,0.14151346479894947,0.06846566378934299,0.0362028175579565,,-0.017380063167869962,-0.026136334278589808,0.07887108651615478,0.003840858487135102,0.01497211087307473,0.02512905317730432,-0.11209958061400015,0.032644838255254355,-0.11132942598237296,-0.09653576257253998,0.015146103357987004,0.015146285633163862,-0.10054772343003855,0.015195461532741542,,0.8688005959361617,0.9736324574432157,1.0,0.6048050587347285,-0.01733867190911996,0.047560834087526996,0.07730687868094019,0.9503732244949931,-0.005803614919027754,0.0015158992569584652,-0.05288121519499127,-0.07870409851256159,-0.08217216369727812,-0.06715188401338217,-0.06182727996006395,-0.05407526914228223,-0.1030424451279596,-0.08109409385178999,,-0.028089815057144096,-0.03664956427156385,0.0765712734519993,0.06013683395985789,0.09776833254034506,-0.018186151999531688,-0.040676790037953964,-0.027736268111049556,-0.07362886579488208,-0.03465667154702225,0.05905039998652302,0.006914423375003324,-0.018186151999531802,-0.04773261747163154,-0.04067679003795619,-0.01733867190911979,-0.03216400945998869,0.0977683325403455,-0.6048050587347298,0.001515899256958418,-0.010816676961528778,-0.04463198314925773,-0.05288121519499127,-0.04429252421279988,-0.03722871245336406,-0.4457288660789236,-0.028089815057144096,0.07238430258137069,,,,,,,,,-0.04463198314925772,-0.04463198314925799,-0.04463198314925778,0.2538501650844764,-0.04463198314925778,-0.052881215194991275,-0.052881215194990956,-0.052881215194991116,-0.052881215194991116
availability_365,0.10359202744617695,,0.07841739516930252,0.0023918488063843896,0.0008307428483881105,,-0.0036067780493126353,-0.0050254051175785235,0.035143516162094615,-0.06261992575262092,-0.02406672394842229,0.006038354806077871,-0.03247604655757259,0.09762159572685523,-0.04664878291719451,-0.014727499371604847,0.012720920498449867,0.01272094592032838,-0.01797502486787958,0.012777998331621219,,0.44782278951697546,0.5472487467562243,0.6048050587347285,1.0,-0.036149051328132425,0.017329313042875473,0.044841710621836166,0.7445602712875581,-0.03549198197684971,0.03357525879672977,-0.05158962166931936,-0.0757507552031374,-0.0698653733827744,-0.061596671678571295,-0.061033213672361565,-0.060495888674567,-0.07297340220388601,-0.07035612767537285,,0.07145843079003283,0.06775211483102207,0.03805687001257435,0.05658256660518726,0.04793461951310578,-0.05320289082850617,-0.06670023819824991,-0.04958103509826984,-0.06717610494786194,-0.023593908967554613,0.03049326558382566,-0.004527449639133369,-0.05320289082850598,-0.07478151433068542,-0.06670023819825147,-0.036149051328132384,-0.023920953596513302,0.04793461951310598,-1.0000000000000024,0.03357525879672947,0.01239424287599892,-0.09894893726465775,-0.05158962166931936,-0.07582030633852782,-0.07986980488410682,-0.7859251735734768,0.07145843079003283,0.11578268229650351,,,,,,,,,-0.09894893726465778,-0.0989489372646577,-0.09894893726465798,0.3212116566191971,-0.09894893726465798,-0.05158962166931936,-0.05158962166931916,-0.05158962166931941,-0.05158962166931941
number_of_reviews,-0.41931750058800304,,-0.19498284969026985,-0.08305158812110137,-0.0808499360247905,,-0.06659789337521921,0.005988003301402219,0.05057951918535552,-0.026151914554707962,0.0020734337068900916,0.04700131201311081,-0.12194214058032997,0.09601995542200298,-0.11271681823725405,-0.11985093672356135,0.0006120920176669879,0.00061204797873635,-0.1251111972487124,0.0006094352599637374,,-0.008825147213664645,-0.02375637292564668,-0.01733867190911996,-0.036149051328132425,1.0,0.6415517405124489,0.3677338916310477,-0.02557743528847721,0.7593395130633815,0.5072568263813438,0.1566955994797624,0.09691039034110528,0.09642169794597204,0.09775326999964781,0.10247507743413897,0.09314869629396277,0.09637578900104543,0.1097087610409946,,-0.09045448780629597,-0.08556184634907835,-0.05100045719001215,0.0020339854978471974,0.5523521252174847,-0.020032944507706093,-0.02442340267792038,-0.017427417795178167,-0.07959904069275987,0.6794907244950038,0.05242897833062393,0.0490885712902915,-0.020032944507706128,-0.011917150628621708,-0.02442340267791651,1.0000000000000022,0.6342841356396645,0.5523521252174889,0.03614905132813368,0.5072568263813466,0.423190734236372,-0.012320101569813795,0.1566955994797624,-0.009852182413356048,-0.012112277782877575,0.05900344522500152,-0.09045448780629597,0.021282881609250785,,,,,,,,,-0.012320101569813799,-0.01232010156981386,-0.012320101569813835,-0.07801419056537318,-0.012320101569813835,0.15669559947976247,0.15669559947976175,0.1566955994797614,0.1566955994797614
number_of_reviews_ltm,-0.05179750089721046,,0.0017722653038763775,-0.10346331469808256,-0.10422751592089646,,-0.12440128056620062,-0.05601902003480483,0.10211477923569533,-0.029653352719076747,0.003945542402990813,0.06296694398418654,-0.20716433356670405,0.0022224910981568425,-0.18883589615469187,-0.1964004172176621,-0.006645893617250584,-0.006645962527374142,-0.2033089268081235,-0.006664145404023533,,0.021470294634018085,0.03313480379511401,0.047560834087526996,0.017329313042875473,0.6415517405124489,1.0,0.6924068143708582,0.04760635804677224,0.8235543991570154,0.7945201621893611,0.23881737401249092,0.11968735190275198,0.1160753312427265,0.12025981642127902,0.09391625581610356,0.11983548456579783,0.05116990047234914,0.1356032126934694,,-0.05854903016772491,-0.05099217199433204,-0.08087974300301229,0.0007788609653229316,0.8275458976566453,-0.03384594501960834,-0.07445586922194,-0.029142423326186263,-0.19171809709453233,0.6700917563002728,0.11191997836869762,0.06232050170019878,-0.03384594501960852,-0.0545381228715444,-0.07445586922193527,0.6415517405124497,0.6627800852747331,0.8275458976566488,-0.017329313042875084,0.7945201621893634,0.6655377181727867,-0.021539654170890054,0.23881737401249092,-0.017524300963247946,-0.019750290159999972,0.0003796240558718223,-0.05854903016772491,0.06819476929050851,,,,,,,,,-0.02153965417089006,-0.021539654170890137,-0.021539654170890165,-0.0674429871674758,-0.021539654170890165,0.23881737401249092,0.2388173740124899,0.23881737401249056,0.23881737401249056
number_of_reviews_l30d,0.11584891203657462,,0.09766300496121634,-0.07575093943194218,-0.07567612317196,,-0.09325922944037486,-0.05747448083065765,0.10547005940893381,-0.01644055220305164,0.011821658861311547,0.06461319034346055,-0.1772961572753168,-0.02036557903882451,-0.15734906756804373,-0.167646073583322,0.0034600233953259473,0.0034599498225925326,-0.17320370613777306,0.003384266855970449,,0.04457672762106857,0.06105831015760995,0.07730687868094019,0.044841710621836166,0.3677338916310477,0.6924068143708582,1.0,0.07639092573881143,0.44244662711682,0.4933774158982163,0.1409439352279608,0.09303017208595453,0.08249932662212435,0.09489797784936409,0.0614682721085835,0.08479261902759552,0.04069248824350109,0.10208977760215361,,-0.06419594628968883,-0.05765629016562292,-0.06880324713906939,-0.014861729263218491,0.7652558646419599,-0.03184157062329417,-0.05988197101255233,-0.027995586253881863,-0.17867860185886567,0.3985723913905138,0.11542741798777069,0.07041516914475793,-0.031841570623294076,-0.039694493252672,-0.05988197101255261,0.3677338916310492,0.3852349949083961,0.7652558646419607,-0.04484171062183669,0.49337741589821477,0.40763300480053205,-0.02196913948875324,0.1409439352279608,-0.01843100947116921,-0.02059562400772332,-0.027614983302007616,-0.06419594628968883,0.03323609964624387,,,,,,,,,-0.021969139488753245,-0.021969139488753252,-0.02196913948875325,-0.048072196308663294,-0.02196913948875325,0.14094393522796086,0.14094393522796106,0.14094393522796123,0.14094393522796123
availability_eoy,0.1547110211337097,,0.13347146488109912,0.07029836059556,0.03905884230141439,,-0.009082728394225732,-0.02290586101576958,0.07206240833266049,-0.022021141206495343,0.004772369236792582,0.020957213665132597,-0.10267785343256433,0.057379300089793604,-0.10941748206382317,-0.08488535636519302,0.01879498793224286,0.01879517336644986,-0.09008617756980863,0.018831699417821538,,0.7752771826517654,0.8943318771582704,0.9503732244949931,0.7445602712875581,-0.02557743528847721,0.04760635804677224,0.07639092573881143,1.0,-0.009755885612321626,0.021385162978274756,-0.046633756086310346,-0.08498986156705565,-0.08693014293430736,-0.06988950172038225,-0.0659934476534512,-0.05732186178411084,-0.10597706099970271,-0.08601703560765725,,-0.00996835106484741,-0.018522570395692748,0.07799312782282172,0.05693539273955127,0.08740056275996506,-0.021559808971870736,-0.054962247587269114,-0.029698638481269683,-0.08532991637378486,-0.023339985684265385,0.056844452820730945,0.005289010666841,-0.021559808971870695,-0.0655425194876415,-0.05496224758727124,-0.025577435288476856,-0.020479503040994735,0.08740056275996522,-0.7445602712875592,0.021385162978274492,-0.0012082353437649189,-0.05541776247520275,-0.046633756086310346,-0.050617753365634,-0.043975892805349116,-0.5449996222790878,-0.00996835106484741,0.0895886391030414,,,,,,,,,-0.05541776247520275,-0.055417762475202706,-0.0554177624752026,0.2640787861168667,-0.0554177624752026,-0.04663375608631044,-0.046633756086310374,-0.046633756086310395,-0.046633756086310395
number_of_reviews_ly,-0.24834966257983562,,-0.10203685052500823,-0.08339648398715102,-0.08309129835299953,,-0.08795733466765907,-0.023837552474573278,0.06559875175028249,-0.01760378926394834,0.017775621250385183,0.050217059632273166,-0.16045946046213366,0.04108955301692542,-0.1466437112602299,-0.156712981837901,0.0064723857444685794,0.006472379366456172,-0.16179337732933727,0.006469284972977316,,-0.006637846865316927,-0.012525882862572968,-0.005803614919027754,-0.03549198197684971,0.7593395130633815,0.8235543991570154,0.44244662711682,-0.009755885612321626,1.0,0.6356026208345401,0.21075435545300833,0.10499718601936382,0.10104773257945175,0.10409610328456798,0.0942117918136567,0.10311016075147905,0.06433523554888068,0.1123983504252401,,-0.06482055507802088,-0.060005226158319824,-0.049029829398945214,-0.0035913281583568367,0.6218717669506484,-0.018779140560284128,-0.022799193032453702,-0.014448429108554489,-0.09973240982223028,0.6723190620448737,0.07422489201712477,0.04877401489969835,-0.01877914056028407,-0.006240200639701193,-0.02279919303244816,0.7593395130633844,0.6576703746960224,0.6218717669506529,0.035491981976850946,0.635602620834541,0.552243173868913,-0.009766192459354677,0.21075435545300833,-0.00583246012354118,-0.009004168990795796,0.057578597593444934,-0.06482055507802088,0.04301940672943405,,,,,,,,,-0.009766192459354698,-0.009766192459354691,-0.009766192459354712,-0.07248391115863691,-0.009766192459354712,0.21075435545300836,0.21075435545300777,0.21075435545300836,0.21075435545300836
estimated_occupancy_l365d,-0.12936105977114207,,-0.08025585840087453,-0.13457578268792544,-0.13316311972561598,,-0.07114171222617559,-0.022820499300743823,0.09389599448389128,-0.025843399182200088,0.007711774216710275,0.06768302778162198,-0.06513257145016275,0.027415402841376998,-0.11139895370476466,-0.07053037918108385,-0.009893550957260966,-0.009893654337645903,-0.07851518127574814,-0.009912227270131569,,-0.04473736173450944,-0.024366180310385007,0.0015158992569584652,0.03357525879672977,0.5072568263813438,0.7945201621893611,0.4933774158982163,0.021385162978274756,0.6356026208345401,1.0,0.3300889525170807,0.14458212113502508,0.13853426416640988,0.13777798627132867,0.1321245960401622,0.14928129268142284,0.06492835012556794,0.14733761319873223,,-0.01973124928188275,-0.009532478446039598,-0.1079935884949151,-0.0005831048024913947,0.6193625297964397,-0.04373772016428728,-0.0830898595112667,-0.03699722131612111,-0.19365767890018368,0.7180317503169634,0.10247418977651875,0.07145506548850289,-0.043737720164287355,-0.056622827274532474,-0.08308985951126138,0.5072568263813455,0.7204684426589232,0.6193625297964398,-0.03357525879672892,0.999999999999998,0.6658478074475764,-0.029688994433800155,0.3300889525170807,-0.02432235997907926,-0.028001016472309435,-0.002567520158089069,-0.01973124928188275,0.080728250224263,,,,,,,,,-0.029688994433800166,-0.0296889944338005,-0.02968899443380038,-0.08002541739008237,-0.02968899443380038,0.3300889525170807,0.3300889525170796,0.3300889525170813,0.3300889525170813
estimated_revenue_l365d,-0.07029038826410058,,-0.036122133100447956,0.12816953137776516,0.11799631683092496,,0.02583145444361225,-0.006046241022603897,0.16672616329739331,0.1337319667978157,0.1491539056340977,0.15355740381668362,-0.012502651351883727,0.049868501752502944,-0.05023424291185177,-0.03801031251332753,-0.0013895914112372172,-0.0013894594196398732,-0.04131217842079277,-0.0013946831979192275,,-0.051091391770957825,-0.060494599295087687,-0.05288121519499127,-0.05158962166931936,0.1566955994797624,0.23881737401249092,0.1409439352279608,-0.046633756086310346,0.21075435545300833,0.3300889525170807,1.0,0.06222084953355615,0.056319450893523505,0.05974844188769364,0.06301305919453108,0.04308712513774307,0.036080555129789416,0.036541906572088764,,0.025535251392139423,0.020966784642654175,0.022924487904307008,-0.021780306306543096,0.14858864240158032,0.6043461294628826,0.3292491856080016,0.5444169348541478,0.1903804643265385,0.25294072935949,0.16193534152620656,0.15400870811527145,0.604346129462885,0.21057419055152482,0.32924918560800226,0.15669559947976255,0.2548798604624252,0.14858864240158037,0.05158962166931906,0.3300889525170812,0.20630910135616426,0.6368352615217808,1.0,0.575057631026366,0.6328459370331344,0.18532084854841535,0.025535251392139423,0.021403620067230678,,,,,,,,,0.6368352615217809,0.6368352615217839,0.6368352615217828,-0.06667483130393843,0.6368352615217828,1.0,0.999999999999997,1.000000000000001,1.000000000000001
review_scores_rating,-0.07767762472506334,,-0.12203943249050249,-0.1847299766251977,-0.16302813112881026,,-0.05096740041473354,-0.04788231784540593,0.027931989542158617,0.05557347509667812,0.053930001557425104,0.029078927507095783,0.025538193661298593,-0.06235752535740761,0.01673119640793652,0.027142338358830558,0.003095337432768067,0.00309515881522822,0.022259386094049847,0.0030689487856440305,,-0.10388797882053116,-0.0908897860876814,-0.07870409851256159,-0.0757507552031374,0.09691039034110528,0.11968735190275198,0.09303017208595453,-0.08498986156705565,0.10499718601936382,0.14458212113502508,0.06222084953355615,1.0,0.8985760630820792,0.8478490189075251,0.7806670201357602,0.8500793379271478,0.7117752876526708,0.8992620733961882,,-0.040610257967228246,-0.030576545894739876,-0.08435213235422094,-0.03782550597865113,0.11658290749371446,-0.012357043558962402,0.10169983944133874,-0.022239036885741074,0.08372030092543589,0.18593632025832843,0.02859284383974174,0.03129033185321691,-0.012357043558962492,0.1256149493981034,0.10169983944133877,0.09691039034110512,0.1864751872861091,0.11658290749371453,0.0757507552031377,0.14458212113502517,0.07921159288003833,-0.013528210916022906,0.062220849533556104,-0.021121320441564093,-0.016392304776514183,0.11399428487497928,-0.040610257967228246,-0.06784362065262699,,,,,,,,,-0.013528210916022899,-0.013528210916022956,-0.013528210916022852,-0.08071413090730192,-0.013528210916022852,0.062220849533556125,0.062220849533555694,0.062220849533556,0.062220849533556
review_scores_accuracy,-0.08140804136811318,,-0.12346934131579852,-0.19315092752308377,-0.17079251110987143,,-0.04771160929422497,-0.03835881588231797,0.01925709330466001,0.039640043609208905,0.03923297892327339,0.01427597855573154,0.027280056829939323,-0.05618468946795524,0.0206725445303244,0.026464886776388533,0.002806684365149879,0.0028064798385920887,0.024280564977978612,0.002787367457027742,,-0.10701336690281363,-0.09217819331472615,-0.08217216369727812,-0.0698653733827744,0.09642169794597204,0.1160753312427265,0.08249932662212435,-0.08693014293430736,0.10104773257945175,0.13853426416640988,0.056319450893523505,0.8985760630820792,1.0,0.806142240733551,0.7816963438827835,0.82007325753384,0.7062097335927372,0.8672894651261652,,-0.04000648736460598,-0.02952572898315768,-0.0885259426143244,-0.03010495641526537,0.11301081157736043,-0.01640645523657136,0.07802477485472185,-0.025609527221188123,0.06424404399802203,0.1844295667134521,0.02268704223098015,0.01655244470335333,-0.01640645523657128,0.09919064150402113,0.07802477485472223,0.09642169794597213,0.1846600575379495,0.11301081157736075,0.06986537338277432,0.13853426416640963,0.0745092793949306,-0.015727070378107413,0.05631945089352357,-0.02234977150692094,-0.017999322678547133,0.0960475090254237,-0.04000648736460598,-0.061944739097847666,,,,,,,,,-0.01572707037810739,-0.01572707037810742,-0.015727070378107288,-0.06902924666875972,-0.015727070378107288,0.05631945089352353,0.056319450893523484,0.0563194508935236,0.0563194508935236
review_scores_cleanliness,-0.05711705468056499,,-0.09625872826013893,-0.1364292701387434,-0.12294806368409401,,-0.056858040172200267,-0.062480557909549414,0.019084554429411153,0.04267248676092077,0.041780243080787774,0.019288879308212756,0.004614926079425788,-0.05718954023846276,-0.006864823792913723,0.007756014710547536,0.00021085446942227805,0.00021072746525601093,0.0027842362958020576,0.00018824454025832566,,-0.0887989784299537,-0.07983513384660101,-0.06715188401338217,-0.061596671678571295,0.09775326999964781,0.12025981642127902,0.09489797784936409,-0.06988950172038225,0.10409610328456798,0.13777798627132867,0.05974844188769364,0.8478490189075251,0.806142240733551,1.0,0.705800914710597,0.7284208301474467,0.6182237733813032,0.8067743472387611,,-0.015916949581555262,-0.0054400813925724436,-0.09759364526932539,-0.038317656604798446,0.12583217352619064,-0.019883895376469667,0.10154032482425722,-0.030327739542840168,0.07981607760269595,0.18322415917186166,0.028463892251968916,0.02543138106022451,-0.019883895376469493,0.12710024205928633,0.10154032482425726,0.09775326999964766,0.18286432116703694,0.12583217352619105,0.06159667167857124,0.1377779862713281,0.07493423640555863,-0.01866957375346364,0.059748441887693654,-0.02529495552750931,-0.021147706973063982,0.10098917022091236,-0.015916949581555262,-0.04416973508514248,,,,,,,,,-0.018669573753463654,-0.01866957375346371,-0.018669573753463713,-0.07741486895077294,-0.018669573753463713,0.05974844188769367,0.05974844188769334,0.059748441887693515,0.059748441887693515
review_scores_checkin,-0.08521357514752687,,-0.12792508909961536,-0.15355430479743248,-0.14061136930057241,,-0.018788782992970827,-0.026096750074803495,0.04808714689159097,0.05742127300768796,0.07993222671663654,0.05311176122621322,0.03364965048331729,-0.02446399004864518,0.025133560979447096,0.03072051743725493,-0.01100653911187966,-0.0110066862505288,0.02819387044138587,-0.01102186747725439,,-0.08466159411639347,-0.07367014597687607,-0.06182727996006395,-0.061033213672361565,0.10247507743413897,0.09391625581610356,0.0614682721085835,-0.0659934476534512,0.0942117918136567,0.1321245960401622,0.06301305919453108,0.7806670201357602,0.7816963438827835,0.705800914710597,1.0,0.8033959241967816,0.6020988667015686,0.7549518727278559,,-0.06251438383994329,-0.05506378406043392,-0.06041399466626989,-0.03127646961241054,0.08199555332070659,0.005392858239951983,0.0896872518719864,-0.0011587717257490568,0.04868954800027252,0.18021169759966202,0.045240685420350604,0.05865348685670983,0.0053928582399519805,0.1066606027496242,0.08968725187198656,0.10247507743413897,0.17898095319975893,0.08199555332070667,0.06103321367236173,0.13212459604016127,0.06428034934796568,0.005486021455040053,0.06301305919453107,0.0009289543868220165,0.0029070309287336647,0.10476109436885624,-0.06251438383994329,-0.045513244177342926,,,,,,,,,0.005486021455040062,0.00548602145504006,0.00548602145504009,-0.08002715217643545,0.00548602145504009,0.06301305919453105,0.06301305919453083,0.06301305919453079,0.06301305919453079
review_scores_communication,-0.04525073441148314,,-0.10904556141373567,-0.18227537046993003,-0.16882252597641648,,-0.04035202227813905,-0.03131355243310633,0.04992235305012844,0.030719640123458715,0.05114766107154911,0.04579348226323397,0.004485290140309099,-0.05168003055569668,-0.001564692226265203,0.008388579339998679,1.146488899534967e-05,1.1296104901113437e-05,0.0036058667009399117,-4.7839202265617e-06,,-0.08693871142560951,-0.06836205337179531,-0.05407526914228223,-0.060495888674567,0.09314869629396277,0.11983548456579783,0.08479261902759552,-0.05732186178411084,0.10311016075147905,0.14928129268142284,0.04308712513774307,0.8500793379271478,0.82007325753384,0.7284208301474467,0.8033959241967816,1.0,0.6133421985799862,0.8085699706653331,,-0.047435968306537166,-0.03737124140927774,-0.08616489867749351,-0.03644728865094092,0.11794603351367061,-0.02364567716806149,0.05955676011596737,-0.02705012467252199,0.003576482629166904,0.19021741046698434,0.05418480717358419,0.05067927869821022,-0.023645677168061423,0.07814285605730806,0.05955676011596736,0.09314869629396252,0.19149701737944666,0.11794603351367128,0.06049588867456721,0.14928129268142318,0.07557362883518506,-0.020396765156028826,0.04308712513774302,-0.021336810230818393,-0.022784647018942596,0.07853709470845323,-0.047435968306537166,-0.04937876062214095,,,,,,,,,-0.020396765156028843,-0.02039676515602893,-0.020396765156028975,-0.08857338539254306,-0.020396765156028975,0.043087125137743036,0.04308712513774289,0.04308712513774301,0.04308712513774301
review_scores_location,-0.13961457991160092,,-0.14829382235447897,-0.10807927329874564,-0.08905224799446183,,0.05272282608995533,-0.04883344953164022,-0.07715218225771256,0.02065992277965664,-0.0273664319393515,-0.05526852408165511,0.0728652232533301,-0.03710838209674259,0.058808700448996644,0.07054780854667006,0.016086039016806736,0.0160858895159496,0.06648805173366842,0.016082981635299934,,-0.1157715512037501,-0.10759945529982887,-0.1030424451279596,-0.07297340220388601,0.09637578900104543,0.05116990047234914,0.04069248824350109,-0.10597706099970271,0.06433523554888068,0.06492835012556794,0.036080555129789416,0.7117752876526708,0.7062097335927372,0.6182237733813032,0.6020988667015686,0.6133421985799862,1.0,0.7028472279940547,,0.02975584019230468,0.03802863056947969,-0.07788522498198872,-0.019757699354550743,0.042750139439304925,0.010546805644325129,0.12112051518854737,0.0031751282445385653,0.2041863665037206,0.11916486773656873,-0.06557873476049209,-0.05084005657988625,0.01054680564432514,0.12863025948111112,0.12112051518854842,0.09637578900104544,0.11429734649960964,0.04275013943930488,0.07297340220388615,0.06492835012556787,0.04986115797690931,0.003082067935821756,0.03608055512978942,-0.002766724873558614,0.000995934206171407,0.1201350637605543,0.02975584019230468,-0.04068940346709616,,,,,,,,,0.0030820679358217803,0.0030820679358217824,0.0030820679358218007,-0.05675273080383271,0.0030820679358218007,0.036080555129789374,0.03608055512978918,0.036080555129789346,0.036080555129789346
review_scores_value,-0.0742143190166516,,-0.10455961844561393,-0.20398348868863328,-0.18054453215058347,,-0.08111225720235968,-0.052166859871866485,0.022345540543709297,0.04267535058094447,0.0359709758724839,0.01879337403085464,0.00919315212257645,-0.07634621551749048,0.007648651049280136,0.013953714769403366,-0.004610107788106934,-0.004610313828754177,0.009232660863446283,-0.004626962948716353,,-0.10364123636155192,-0.09252157122976591,-0.08109409385178999,-0.07035612767537285,0.1097087610409946,0.1356032126934694,0.10208977760215361,-0.08601703560765725,0.1123983504252401,0.14733761319873223,0.036541906572088764,0.8992620733961882,0.8672894651261652,0.8067743472387611,0.7549518727278559,0.8085699706653331,0.7028472279940547,1.0,,-0.04041107695423351,-0.0308566854225844,-0.07957657185390193,-0.022634945271076116,0.13815214146163188,-0.04329405579784241,0.06354921511466737,-0.03565272326758299,0.04643057288711845,0.2031620128283393,0.02195558019287523,0.020650469533599683,-0.04329405579784251,0.09179414725922294,0.06354921511466773,0.10970876104099463,0.20301035658647124,0.13815214146163232,0.07035612767537258,0.14733761319873231,0.08362690708441925,-0.039635870564714445,0.03654190657208875,-0.031398154750944825,-0.04251289711571073,0.096588007905605,-0.04041107695423351,-0.06591970411172798,,,,,,,,,-0.03963587056471442,-0.039635870564714494,-0.03963587056471445,-0.07946723312136987,-0.03963587056471445,0.03654190657208874,0.036541906572088605,0.03654190657208873,0.03654190657208873
license,,,,,,,,,,,,,,,,,,,,,,,,,,,,,,,,,,,,,,,,,,,,,,,,,,,,,,,,,,,,,,,,,,,,,,,,,,,,,,,,,,,,,
calculated_host_listings_count,-0.06361328469668451,,0.019078773809384844,0.32816168518174227,0.2963061595578656,,0.02307008491432922,-0.0033089791636340864,-0.07911854122580361,-0.126887415772548,-0.13093624676774715,-0.08241236202718878,0.09779912688115364,-0.008140194391357056,0.05035462586943429,0.10539462306640432,-0.00910869339913538,-0.009108364340834722,0.1070652534201349,-0.009108831405477986,,-0.023175359300510148,-0.01984840929800797,-0.028089815057144096,0.07145843079003283,-0.09045448780629597,-0.05854903016772491,-0.06419594628968883,-0.00996835106484741,-0.06482055507802088,-0.01973124928188275,0.025535251392139423,-0.040610257967228246,-0.04000648736460598,-0.015916949581555262,-0.06251438383994329,-0.047435968306537166,0.02975584019230468,-0.04041107695423351,,1.0,0.9953274566586654,0.023087545925467107,-0.008744292893655208,-0.09000281957772305,0.05877478240799133,0.038104124359012774,0.056861971879059725,0.09578351421062713,-0.11454720079677319,-0.045016134997865644,-0.07907864772881469,0.05877478240799137,0.02772653100904014,0.038104124359012274,-0.09045448780629635,-0.11533345305219136,-0.09000281957772298,-0.07145843079003239,-0.019731249281882395,0.013105711797531927,0.05466568504565959,0.025535251392139417,0.04903738724329691,0.06091494890919577,-0.030255552850100034,1.0,0.3455720507307477,,,,,,,,,0.054665685045659614,0.05466568504565955,0.054665685045659974,0.012125179641007445,0.054665685045659974,0.025535251392139482,0.02553525139213925,0.025535251392139472,0.025535251392139472
calculated_host_listings_count_entire_homes,-0.06537291265212733,,0.01737132525687512,0.2802690647213391,0.2518488390574747,,0.025764256303601577,-0.003262406606917335,-0.06425255492553605,-0.1192810058799324,-0.12101852355491928,-0.07021389309300853,0.10224212591551214,-0.01815826623888791,0.053850560657353164,0.1114031652728485,-0.008224387028740718,-0.008224135243385815,0.11256609744162728,-0.00822666520784583,,-0.03248620276278122,-0.02879711475122503,-0.03664956427156385,0.06775211483102207,-0.08556184634907835,-0.05099217199433204,-0.05765629016562292,-0.018522570395692748,-0.060005226158319824,-0.009532478446039598,0.020966784642654175,-0.030576545894739876,-0.02952572898315768,-0.0054400813925724436,-0.05506378406043392,-0.03737124140927774,0.03802863056947969,-0.0308566854225844,,0.9953274566586654,1.0,-0.06996046881396639,-0.041435151396082004,-0.07899737239719798,0.042007964613364125,0.0526187546915767,0.04087483943288461,0.08813372149948191,-0.10610480443505209,-0.022699069824093802,-0.06390848833325447,0.04200796461336414,0.04635435881984798,0.0526187546915765,-0.0855618463490786,-0.1066443165918354,-0.0789973723971979,-0.06775211483102196,-0.009532478446039506,0.018719033204613482,0.037210646685508386,0.020966784642654175,0.03369054523678888,0.042600986134458764,-0.02560290656209798,0.9953274566586654,0.3314865910952641,,,,,,,,,0.03721064668550837,0.03721064668550838,0.0372106466855083,-0.002714085376598075,0.0372106466855083,0.020966784642654248,0.020966784642654068,0.02096678464265408,0.02096678464265408
calculated_host_listings_count_private_rooms,0.01426224354599072,,0.0013890521817593023,0.38110567769648296,0.34787991946248503,,-0.04554658733920377,0.015585210216011816,-0.17145948331221467,-0.09405403654412577,-0.11527070310795047,-0.14791020720650772,-0.03995811230266799,0.08033540571548894,-0.029880191058042294,-0.05686082435747431,-0.00956660219724807,-0.009565989609653075,-0.05141893819213917,-0.009555102160333616,,0.0789295450833141,0.07899128774165128,0.0765712734519993,0.03805687001257435,-0.05100045719001215,-0.08087974300301229,-0.06880324713906939,0.07799312782282172,-0.049029829398945214,-0.1079935884949151,0.022924487904307008,-0.08435213235422094,-0.0885259426143244,-0.09759364526932539,-0.06041399466626989,-0.08616489867749351,-0.07788522498198872,-0.07957657185390193,,0.023087545925467107,-0.06996046881396639,1.0,0.14858881980937513,-0.12102350218558305,0.13594970544065496,-0.17827869605047858,0.1333960687675314,0.07401427697197717,-0.08686846912161598,-0.251155015996468,-0.1849503343173645,0.13594970544065518,-0.22190498773820766,-0.17827869605047772,-0.05100045719001229,-0.08958611043146654,-0.12102350218558354,-0.03805687001257392,-0.10799358849491535,-0.05833734472027726,0.14389167617414034,0.022924487904307,0.12778125603007076,0.14956511226686622,-0.062142325872884215,0.023087545925467117,0.14831854769042832,,,,,,,,,0.14389167617414034,0.1438916761741393,0.14389167617413995,0.11808507625158364,0.14389167617413995,0.02292448790430698,0.022924487904307036,0.02292448790430717,0.02292448790430717
calculated_host_listings_count_shared_rooms,0.01899156436879839,,-0.003830750733465554,-0.011281252940349824,-0.011691761605123727,,-0.05505633201595113,-0.044690288441725456,-0.07816827145631382,-0.0070066357832572835,-0.0493872087493537,-0.025688641026242635,-0.02370771952961182,-0.013829565092471614,-0.02196881662874868,-0.02788403490197788,-0.002453867984299816,-0.002453897148558004,-0.026714142580074558,-0.0024504126197179357,,0.06854537516465152,0.06525592253428304,0.06013683395985789,0.05658256660518726,0.0020339854978471974,0.0007788609653229316,-0.014861729263218491,0.05693539273955127,-0.0035913281583568367,-0.0005831048024913947,-0.021780306306543096,-0.03782550597865113,-0.03010495641526537,-0.038317656604798446,-0.03127646961241054,-0.03644728865094092,-0.019757699354550743,-0.022634945271076116,,-0.008744292893655208,-0.041435151396082004,0.14858881980937513,1.0,-0.008208946977105008,-0.009382739628463196,-0.1454467273018658,-0.003952174398488683,-0.02020590302139808,0.010663188316029065,-0.12950379152991096,-0.03290113587176913,-0.00938273962846323,-0.12625732670644638,-0.1454467273018656,0.0020339854978471965,0.009385184166906231,-0.008208946977105074,-0.056582566605186936,-0.0005831048024913145,-0.011842101781645324,-0.005305924709929629,-0.021780306306543096,-0.0034823133723400584,-0.003998559986460752,-0.1227332379020665,-0.008744292893655208,0.04609577041762305,,,,,,,,,-0.005305924709929631,-0.005305924709929661,-0.005305924709929644,0.3982875729715706,-0.005305924709929644,-0.021780306306543092,-0.02178030630654297,-0.021780306306543033,-0.021780306306543033
reviews_per_month,0.19215191294867442,,0.17694410161211496,-0.0829458921313509,-0.09558909950770263,,-0.15490429773323466,-0.07873257115845064,0.1012208473301758,-0.041941605118373436,-0.01419384934810393,0.054495758443169805,-0.2619786735113995,-0.035751787485822514,-0.22851912197404967,-0.2500743500115716,-0.010915970490594298,-0.010915992296282654,-0.2582394993106959,-0.010954993178042553,,0.0676320385597102,0.08549879486687616,0.09776833254034506,0.04793461951310578,0.5523521252174847,0.8275458976566453,0.7652558646419599,0.08740056275996506,0.6218717669506484,0.6193625297964397,0.14858864240158032,0.11658290749371446,0.11301081157736043,0.12583217352619064,0.08199555332070659,0.11794603351367061,0.042750139439304925,0.13815214146163188,,-0.09000281957772305,-0.07899737239719798,-0.12102350218558305,-0.008208946977105008,1.0,-0.04097664221068404,-0.0979151275478866,-0.034548716270019056,-0.22952088202237614,0.5639193271788021,0.12340445420774296,0.061482587172439526,-0.040976642210683985,-0.08336382158581945,-0.09791512754788724,0.5523521252174863,0.5400116945079421,0.9999999999999989,-0.04793461951310622,0.6193625297964375,0.5086576517177899,-0.027953959964834664,0.14858864240158032,-0.023756633726811527,-0.026381189235656667,-0.05252560359662584,-0.09000281957772309,0.04534056722366842,,,,,,,,,-0.027953959964834702,-0.02795395996483474,-0.027953959964834834,-0.05349653490749392,-0.027953959964834834,0.1485886424015804,0.1485886424015803,0.14858864240158032,0.14858864240158032
price_clean,-0.010848269653596079,,0.02363113112455168,0.2950388449318195,0.2758127019723203,,0.04460590434421245,0.00863659171130715,0.0344769587389846,0.04499066819004755,0.038515105852940865,0.029006791692729576,-0.005877186088906128,0.06356514014575962,-0.004954507885616531,-0.01079598633328077,-0.0005761813620160333,-0.0005758257396552873,-0.009976474030273779,-0.0005730862607400693,,-0.010904848742572642,-0.018431611377792697,-0.018186151999531688,-0.05320289082850617,-0.020032944507706093,-0.03384594501960834,-0.03184157062329417,-0.021559808971870736,-0.018779140560284128,-0.04373772016428728,0.6043461294628826,-0.012357043558962402,-0.01640645523657136,-0.019883895376469667,0.005392858239951983,-0.02364567716806149,0.010546805644325129,-0.04329405579784241,,0.05877478240799133,0.042007964613364125,0.13594970544065496,-0.009382739628463196,-0.04097664221068404,1.0,0.38533779751254715,0.9111671996514173,0.3796578420369779,-0.025419738805827954,0.03821268460032752,0.02946642789104387,0.9999999999999997,0.140901990445337,0.3853377975125477,-0.020032944507706263,-0.0261926483070018,-0.04097664221068401,0.053202890828505815,-0.043737720164287584,-0.02021446410789921,0.9719676941946824,0.6043461294628827,0.8581773117789409,0.9704290356659528,0.18734653914348096,0.05877478240799133,0.010647661868890405,,,,,,,,,0.9719676941946827,0.9719676941946866,0.9719676941946872,-0.027074966729178685,0.9719676941946872,0.6043461294628826,0.6043461294628811,0.6043461294628826,0.6043461294628826
log_price,-0.12256350216535662,,-0.06432703119348468,0.0799083882554775,0.092121623167955,,0.0829047850183558,-0.05661936692412845,0.5116754600114533,0.5693044133519828,0.5731103146659041,0.4576445822106436,0.028768944301284467,0.04721153372796855,0.020123201286525706,0.01448751164839429,0.01964418853558156,0.01964431936458746,0.012814152410279578,0.019641309117864974,,-0.006047180519278981,-0.03509758216752753,-0.040676790037953964,-0.06670023819824991,-0.02442340267792038,-0.07445586922194,-0.05988197101255233,-0.054962247587269114,-0.022799193032453702,-0.0830898595112667,0.3292491856080016,0.10169983944133874,0.07802477485472185,0.10154032482425722,0.0896872518719864,0.05955676011596737,0.12112051518854737,0.06354921511466737,,0.038104124359012774,0.0526187546915767,-0.17827869605047858,-0.1454467273018658,-0.0979151275478866,0.38533779751254715,1.0,0.2868422335653506,0.5097819828995193,-0.007223562071246146,0.5578601887970864,0.47334058371791166,0.3853377975125468,0.9132794875765172,0.9999999999999981,-0.0244234026779204,-0.003672077630983645,-0.09791512754788603,0.06670023819824959,-0.08308985951126721,-0.060812798271570885,0.2982749280384149,0.32924918560800154,0.2361277424986449,0.2761098344940337,0.4673218182928111,0.038104124359012795,-0.12311737954230474,,,,,,,,,0.2982749280384149,0.29827492803841504,0.29827492803841493,-0.21874614631200937,0.29827492803841493,0.32924918560800154,0.32924918560800104,0.32924918560800076,0.32924918560800076
price_per_accommodates,-0.0075461126338713476,,0.021751127319129586,0.2651421982333641,0.2473895791880914,,0.03885034231076042,0.010220806304387854,-0.03224844435287467,-0.017751238311345896,-0.024316750305133087,-0.027666104426212854,-0.004948372444265437,0.051935104059797454,-0.0035373839970486353,-0.008038449571037942,0.0013170588268360056,0.0013173279205044327,-0.007222102869670831,0.0013193408746093283,,-0.022210938911784932,-0.02718024789803722,-0.027736268111049556,-0.04958103509826984,-0.017427417795178167,-0.029142423326186263,-0.027995586253881863,-0.029698638481269683,-0.014448429108554489,-0.03699722131612111,0.5444169348541478,-0.022239036885741074,-0.025609527221188123,-0.030327739542840168,-0.0011587717257490568,-0.02705012467252199,0.0031751282445385653,-0.03565272326758299,,0.056861971879059725,0.04087483943288461,0.1333960687675314,-0.003952174398488683,-0.034548716270019056,0.9111671996514173,0.2868422335653506,1.0,0.34750933212243607,-0.020328021365841137,-0.034159208789474135,-0.02962229452627381,0.9111671996514236,0.07683156201664008,0.286842233565352,-0.017427417795178216,-0.021655901571996473,-0.03454871627001906,0.049581035098269596,-0.03699722131612139,-0.015011735451819583,0.9411420042582157,0.5444169348541478,0.9777341916838275,0.942814289660257,0.14380508916904458,0.05686197187905972,0.010792575749282652,,,,,,,,,0.9411420042582157,0.9411420042582239,0.9411420042582147,-0.012987748946380969,0.9411420042582147,0.5444169348541477,0.5444169348541457,0.5444169348541478,0.5444169348541478
log_price_per_accommodates,-0.15483836543660637,,-0.1231355763351725,0.1131412374919415,0.12122528080314202,,0.14564859735442365,-0.024737545606956304,-0.41139704998978915,-0.021619488611369433,-0.1463584511541609,-0.29389600971407415,0.132219913815919,0.013339896501902806,0.11689920053248408,0.10772738348044039,0.04606719699946496,0.04606734206347413,0.11167286547571717,0.046058399770489526,,-0.039042402072873336,-0.059794340421038414,-0.07362886579488208,-0.06717610494786194,-0.07959904069275987,-0.19171809709453233,-0.17867860185886567,-0.08532991637378486,-0.09973240982223028,-0.19365767890018368,0.1903804643265385,0.08372030092543589,0.06424404399802203,0.07981607760269595,0.04868954800027252,0.003576482629166904,0.2041863665037206,0.04643057288711845,,0.09578351421062713,0.08813372149948191,0.07401427697197717,-0.02020590302139808,-0.22952088202237614,0.3796578420369779,0.5097819828995193,0.34750933212243607,1.0,-0.1664085843810298,-0.42960896813882465,-0.3150638101378097,0.3796578420369792,0.3589715467886431,0.5097819828995214,-0.07959904069276019,-0.16993265282339956,-0.22952088202237558,0.06717610494786183,-0.19365767890018454,-0.07474151283977719,0.3176277377543859,0.19038046432653846,0.27965483749770864,0.31434961213790125,0.2539093219545278,0.09578351421062718,-0.08706204793735733,,,,,,,,,0.31762773775438596,0.31762773775438524,0.3176277377543864,-0.03439338532819773,0.3176277377543864,0.19038046432653835,0.1903804643265375,0.19038046432653735,0.19038046432653735
log_reviews,-0.46088688984775744,,-0.21200787363333198,-0.18489140858125364,-0.1739905906971692,,-0.10270760135398298,-0.013381746975995607,0.14459293171706933,0.01061724467659783,0.05512816976788584,0.1263747789913646,-0.19914896008462704,0.12368601071690548,-0.1994372631749138,-0.18332146898797932,0.021620790368471164,0.021620630340575285,-0.19656808403867895,0.021590491628238083,,-0.05964774279934037,-0.05309593206504473,-0.03465667154702225,-0.023593908967554613,0.6794907244950038,0.6700917563002728,0.3985723913905138,-0.023339985684265385,0.6723190620448737,0.7180317503169634,0.25294072935949,0.18593632025832843,0.1844295667134521,0.18322415917186166,0.18021169759966202,0.19021741046698434,0.11916486773656873,0.2031620128283393,,-0.11454720079677319,-0.10610480443505209,-0.08686846912161598,0.010663188316029065,0.5639193271788021,-0.025419738805827954,-0.007223562071246146,-0.020328021365841137,-0.1664085843810298,1.0,0.15239348221380294,0.125883641999773,-0.025419738805827947,0.028815187713834,-0.007223562071238209,0.6794907244949997,0.9955068244162696,0.5639193271788006,0.023593908967556275,0.7180317503169672,0.3972603388299348,-0.01306305571499587,0.25294072935949,-0.00724517244489787,-0.013495444257939353,0.06393772038956104,-0.1145472007967732,0.03373998720092798,,,,,,,,,-0.01306305571499588,-0.013063055714995787,-0.013063055714995797,-0.09577722793892113,-0.013063055714995797,0.2529407293594901,0.2529407293594894,0.2529407293594884,0.2529407293594884
log_accommodates,0.022796549549538234,,0.05091133722052536,-0.017462089259540316,-0.014608452300838556,,-0.04585757829826641,-0.035937428457939,0.9334895423975392,0.6183397762335353,0.7437741586148533,0.7636879907504257,-0.09274260186670015,0.045424480357211125,-0.08785722877123373,-0.08449853458755859,-0.022641978181665086,-0.022641964804142076,-0.08990255542322143,-0.02262418343826186,,0.055173565145075175,0.04970844984417721,0.05905039998652302,0.03049326558382566,0.05242897833062393,0.11191997836869762,0.11542741798777069,0.056844452820730945,0.07422489201712477,0.10247418977651875,0.16193534152620656,0.02859284383974174,0.02268704223098015,0.028463892251968916,0.045240685420350604,0.05418480717358419,-0.06557873476049209,0.02195558019287523,,-0.045016134997865644,-0.022699069824093802,-0.251155015996468,-0.12950379152991096,0.12340445420774296,0.03821268460032752,0.5578601887970864,-0.034159208789474135,-0.42960896813882465,0.15239348221380294,1.0,0.80057387818382,0.038212684600327645,0.6123211065602558,0.5578601887970865,0.05242897833062412,0.15936519369134394,0.12340445420774344,-0.030493265583825355,0.10247418977651886,0.012713645259721473,0.006667858673356666,0.16193534152620656,-0.021932282834774015,-0.013568718273748143,0.2385566207339159,-0.045016134997865644,-0.04177239571805464,,,,,,,,,0.006667858673356666,0.006667858673356681,0.006667858673356656,-0.19132363356172175,0.006667858673356656,0.16193534152620662,0.16193534152620673,0.16193534152620728,0.16193534152620728
log_beds,-0.032520356903408196,,0.004192910874427915,-0.03103573683025729,-0.028960758852654252,,-0.03609951017336428,-0.003640196512847299,0.8264115097469937,0.6183731177475972,0.748170626272581,0.9326094337282093,-0.061407414308692516,0.037002346248868785,-0.06627363983767838,-0.054627568195493255,-0.0202822617297206,-0.020282273920192627,-0.06088950520152282,-0.020251085282821973,,0.010147706007510327,-0.0014377445858528557,0.006914423375003324,-0.004527449639133369,0.0490885712902915,0.06232050170019878,0.07041516914475793,0.005289010666841,0.04877401489969835,0.07145506548850289,0.15400870811527145,0.03129033185321691,0.01655244470335333,0.02543138106022451,0.05865348685670983,0.05067927869821022,-0.05084005657988625,0.020650469533599683,,-0.07907864772881469,-0.06390848833325447,-0.1849503343173645,-0.03290113587176913,0.061482587172439526,0.02946642789104387,0.47334058371791166,-0.02962229452627381,-0.3150638101378097,0.125883641999773,0.80057387818382,1.0,0.029466427891043912,0.5182910226556573,0.4733405837179126,0.049088571290291615,0.13252702895450252,0.06148258717243925,0.0045274496391329334,0.07145506548850283,-0.0029995537299392274,0.001893226369498208,0.15400870811527143,-0.020463901477146103,-0.018064438102439552,0.21471078226591161,-0.07907864772881472,-0.06114404210263284,,,,,,,,,0.0018932263694982122,0.0018932263694982187,0.0018932263694982166,-0.13873587490816808,0.0018932263694982166,0.1540087081152715,0.15400870811527198,0.15400870811527106,0.15400870811527106
price_zscore,-0.01084826965359636,,0.023631131124551643,0.2950388449318231,0.2758127019723207,,0.044605904344212424,0.0086365917113072,0.034476958738984514,0.0449906681900475,0.038515105852940906,0.02900679169272956,-0.005877186088906051,0.06356514014575994,-0.004954507885616499,-0.010795986333280688,-0.000576181362016024,-0.0005758257396552915,-0.009976474030273628,-0.0005730862607400681,,-0.010904848742572724,-0.01843161137779267,-0.018186151999531802,-0.05320289082850598,-0.020032944507706128,-0.03384594501960852,-0.031841570623294076,-0.021559808971870695,-0.01877914056028407,-0.043737720164287355,0.604346129462885,-0.012357043558962492,-0.01640645523657128,-0.019883895376469493,0.0053928582399519805,-0.023645677168061423,0.01054680564432514,-0.04329405579784251,,0.05877478240799137,0.04200796461336414,0.13594970544065518,-0.00938273962846323,-0.040976642210683985,0.9999999999999997,0.3853377975125468,0.9111671996514236,0.3796578420369792,-0.025419738805827947,0.038212684600327645,0.029466427891043912,1.0,0.14090199044533724,0.3853377975125472,-0.020032944507706332,-0.026192648307001652,-0.040976642210684096,0.05320289082850593,-0.043737720164287695,-0.020214464107899243,0.9719676941946893,0.604346129462885,0.8581773117789407,0.9704290356659526,0.18734653914348037,0.05877478240799137,0.010647661868890407,,,,,,,,,0.9719676941946894,0.9719676941946868,0.9719676941946932,-0.027074966729178578,0.9719676941946932,0.604346129462885,0.6043461294628809,0.6043461294628836,0.6043461294628836
price_percentile,-0.1403496350843552,,-0.08288149420760871,0.014244733730703072,0.0362697980833985,,0.05393978203511096,-0.05301229816783407,0.5470149388768136,0.5733781840630197,0.603518574188438,0.4846352584621819,0.028682150667173313,0.03119729446407677,0.02070295959773189,0.02087427824265152,0.031096781269095118,0.03109680594621519,0.01763288477570958,0.031078344128093,,-0.004535897062661076,-0.040404007318941906,-0.04773261747163154,-0.07478151433068542,-0.011917150628621708,-0.0545381228715444,-0.039694493252672,-0.0655425194876415,-0.006240200639701193,-0.056622827274532474,0.21057419055152482,0.1256149493981034,0.09919064150402113,0.12710024205928633,0.1066606027496242,0.07814285605730806,0.12863025948111112,0.09179414725922294,,0.02772653100904014,0.04635435881984798,-0.22190498773820766,-0.12625732670644638,-0.08336382158581945,0.140901990445337,0.9132794875765172,0.07683156201664008,0.3589715467886431,0.028815187713834,0.6123211065602558,0.5182910226556573,0.14090199044533724,1.0,0.9132794875765189,-0.011917150628621993,0.03298179123716491,-0.08336382158581931,0.07478151433068483,-0.05662282727453312,-0.05725705494067459,0.08517356728107472,0.2105741905515248,0.054750887339828844,0.06400629373422709,0.4408262717737326,0.02772653100904014,-0.15808459405319142,,,,,,,,,0.0851735672810747,0.08517356728107571,0.08517356728107553,-0.23069008361638743,0.08517356728107553,0.2105741905515248,0.21057419055152304,0.21057419055152446,0.21057419055152446
log_price_zscore,-0.12256350216536498,,-0.0643270311934904,0.07990838825547593,0.0921216231679542,,0.08290478501835566,-0.05661936692412809,0.5116754600114531,0.5693044133519833,0.5731103146659022,0.4576445822106433,0.02876894430128566,0.04721153372797001,0.0201232012865242,0.014487511648392605,0.019644188535581125,0.019644319364587055,0.012814152410280843,0.019641309117865286,,-0.006047180519280979,-0.035097582167529805,-0.04067679003795619,-0.06670023819825147,-0.02442340267791651,-0.07445586922193527,-0.05988197101255261,-0.05496224758727124,-0.02279919303244816,-0.08308985951126138,0.32924918560800226,0.10169983944133877,0.07802477485472223,0.10154032482425726,0.08968725187198656,0.05955676011596736,0.12112051518854842,0.06354921511466773,,0.038104124359012274,0.0526187546915765,-0.17827869605047772,-0.1454467273018656,-0.09791512754788724,0.3853377975125477,0.9999999999999981,0.286842233565352,0.5097819828995214,-0.007223562071238209,0.5578601887970865,0.4733405837179126,0.3853377975125472,0.9132794875765189,1.0,-0.02442340267791673,-0.00367207763097555,-0.09791512754788699,0.0667002381982515,-0.08308985951126237,-0.06081279827156793,0.29827492803841626,0.3292491856080023,0.23612774249864527,0.27610983449403226,0.46732181829280783,0.0381041243590123,-0.12311737954230569,,,,,,,,,0.29827492803841626,0.298274928038415,0.2982749280384148,-0.21874614631200895,0.2982749280384148,0.32924918560800237,0.3292491856080039,0.32924918560800226,0.32924918560800226
reviews_zscore,-0.4193175005880044,,-0.19498284969026913,-0.08305158812110182,-0.08084993602479029,,-0.06659789337521972,0.005988003301402214,0.0505795191853557,-0.026151914554708253,0.0020734337068901024,0.047001312013110794,-0.12194214058033068,0.09601995542200273,-0.1127168182372535,-0.11985093672356062,0.0006120920176670165,0.0006120479787363917,-0.1251111972487132,0.0006094352599636641,,-0.008825147213664408,-0.023756372925646377,-0.01733867190911979,-0.036149051328132384,1.0000000000000022,0.6415517405124497,0.3677338916310492,-0.025577435288476856,0.7593395130633844,0.5072568263813455,0.15669559947976255,0.09691039034110512,0.09642169794597213,0.09775326999964766,0.10247507743413897,0.09314869629396252,0.09637578900104544,0.10970876104099463,,-0.09045448780629635,-0.0855618463490786,-0.05100045719001229,0.0020339854978471965,0.5523521252174863,-0.020032944507706263,-0.0244234026779204,-0.017427417795178216,-0.07959904069276019,0.6794907244949997,0.05242897833062412,0.049088571290291615,-0.020032944507706332,-0.011917150628621993,-0.02442340267791673,1.0,0.6342841356396685,0.5523521252174886,0.036149051328133744,0.5072568263813457,0.42319073423637216,-0.012320101569813904,0.15669559947976255,-0.009852182413356088,-0.012112277782877757,0.059003445225001776,-0.09045448780629642,0.021282881609250886,,,,,,,,,-0.012320101569813911,-0.012320101569813915,-0.012320101569813923,-0.07801419056537366,-0.012320101569813923,0.15669559947976267,0.1566955994797616,0.1566955994797618,0.1566955994797618
reviews_percentile,-0.4539059762113167,,-0.20407156413231115,-0.1830127494470055,-0.1730961856753656,,-0.10221014285209222,-0.016416994623265162,0.1517908767481969,0.01578985542769729,0.06159513785950265,0.1335721568584808,-0.20022692212444002,0.12385966125932532,-0.2008366932717437,-0.184801100826922,0.024031260460324506,0.024031107160411663,-0.19780772453680753,0.0239998392217701,,-0.0582839374208074,-0.050530321491523714,-0.03216400945998869,-0.023920953596513302,0.6342841356396645,0.6627800852747331,0.3852349949083961,-0.020479503040994735,0.6576703746960224,0.7204684426589232,0.2548798604624252,0.1864751872861091,0.1846600575379495,0.18286432116703694,0.17898095319975893,0.19149701737944666,0.11429734649960964,0.20301035658647124,,-0.11533345305219136,-0.1066443165918354,-0.08958611043146654,0.009385184166906231,0.5400116945079421,-0.0261926483070018,-0.003672077630983645,-0.021655901571996473,-0.16993265282339956,0.9955068244162696,0.15936519369134394,0.13252702895450252,-0.026192648307001652,0.03298179123716491,-0.00367207763097555,0.6342841356396685,1.0,0.5400116945079414,0.0239209535965149,0.720468442658928,0.39115123681304087,-0.013825430405233053,0.25487986046242517,-0.008279082957726528,-0.014478538490099118,0.06568660103153091,-0.11533345305219143,0.03147675495072963,,,,,,,,,-0.013825430405233062,-0.01382543040523317,-0.013825430405233199,-0.0966195713055504,-0.013825430405233199,0.2548798604624254,0.2548798604624247,0.25487986046242417,0.25487986046242417
reviews_per_month_zscore,0.1921519129486748,,0.17694410161211505,-0.08294589213135131,-0.09558909950770243,,-0.15490429773323516,-0.07873257115845073,0.10122084733017601,-0.04194160511837363,-0.014193849348104,0.0544957584431699,-0.2619786735113997,-0.03575178748582262,-0.22851912197405064,-0.25007435001157147,-0.010915970490594343,-0.010915992296282649,-0.25823949931069773,-0.010954993178042544,,0.06763203855971067,0.08549879486687609,0.0977683325403455,0.04793461951310598,0.5523521252174889,0.8275458976566488,0.7652558646419607,0.08740056275996522,0.6218717669506529,0.6193625297964398,0.14858864240158037,0.11658290749371453,0.11301081157736075,0.12583217352619105,0.08199555332070667,0.11794603351367128,0.04275013943930488,0.13815214146163232,,-0.09000281957772298,-0.0789973723971979,-0.12102350218558354,-0.008208946977105074,0.9999999999999989,-0.04097664221068401,-0.09791512754788603,-0.03454871627001906,-0.22952088202237558,0.5639193271788006,0.12340445420774344,0.06148258717243925,-0.040976642210684096,-0.08336382158581931,-0.09791512754788699,0.5523521252174886,0.5400116945079414,1.0,-0.0479346195131064,0.6193625297964356,0.5086576517177874,-0.027953959964834685,0.14858864240158037,-0.023756633726811697,-0.026381189235656688,-0.052525603596625794,-0.09000281957772296,0.04534056722366844,,,,,,,,,-0.027953959964834706,-0.02795395996483471,-0.027953959964834723,-0.05349653490749379,-0.027953959964834723,0.14858864240158026,0.14858864240158004,0.14858864240157932,0.14858864240157932
occupancy_rate,-0.10359202744617961,,-0.07841739516930399,-0.0023918488063843727,-0.0008307428483880556,,0.0036067780493129133,0.005025405117578765,-0.03514351616209417,0.06261992575262092,0.02406672394842237,-0.006038354806078081,0.03247604655757304,-0.09762159572685494,0.0466487829171941,0.014727499371604613,-0.012720920498449879,-0.012720945920328365,0.017975024867880145,-0.012777998331621108,,-0.4478227895169774,-0.5472487467562247,-0.6048050587347298,-1.0000000000000024,0.03614905132813368,-0.017329313042875084,-0.04484171062183669,-0.7445602712875592,0.035491981976850946,-0.03357525879672892,0.05158962166931906,0.0757507552031377,0.06986537338277432,0.06159667167857124,0.06103321367236173,0.06049588867456721,0.07297340220388615,0.07035612767537258,,-0.07145843079003239,-0.06775211483102196,-0.03805687001257392,-0.056582566605186936,-0.04793461951310622,0.053202890828505815,0.06670023819824959,0.049581035098269596,0.06717610494786183,0.023593908967556275,-0.030493265583825355,0.0045274496391329334,0.05320289082850593,0.07478151433068483,0.0667002381982515,0.036149051328133744,0.0239209535965149,-0.0479346195131064,1.0,-0.03357525879672909,-0.012394242875998643,0.09894893726465702,0.051589621669319054,0.07582030633852768,0.07986980488410698,0.7859251735734798,-0.07145843079003238,-0.11578268229650393,,,,,,,,,0.09894893726465706,0.09894893726465763,0.09894893726465744,-0.32121165661919737,0.09894893726465744,0.0515896216693191,0.0515896216693188,0.051589621669318735,0.051589621669318735
occupancy_rate_booked,-0.1293610597711424,,-0.0802558584008747,-0.13457578268792572,-0.13316311972561617,,-0.07114171222617564,-0.022820499300743882,0.09389599448389106,-0.02584339918220021,0.0077117742167102715,0.06768302778162202,-0.06513257145016274,0.027415402841377078,-0.11139895370476498,-0.07053037918108403,-0.009893550957261004,-0.009893654337645922,-0.07851518127574832,-0.009912227270131631,,-0.044737361734509366,-0.02436618031038484,0.001515899256958418,0.03357525879672947,0.5072568263813466,0.7945201621893634,0.49337741589821477,0.021385162978274492,0.635602620834541,0.999999999999998,0.3300889525170812,0.14458212113502517,0.13853426416640963,0.1377779862713281,0.13212459604016127,0.14928129268142318,0.06492835012556787,0.14733761319873231,,-0.019731249281882395,-0.009532478446039506,-0.10799358849491535,-0.0005831048024913145,0.6193625297964375,-0.043737720164287584,-0.08308985951126721,-0.03699722131612139,-0.19365767890018454,0.7180317503169672,0.10247418977651886,0.07145506548850283,-0.043737720164287695,-0.05662282727453312,-0.08308985951126237,0.5072568263813457,0.720468442658928,0.6193625297964356,-0.03357525879672909,1.0,0.6658478074475788,-0.029688994433800426,0.3300889525170812,-0.02432235997907957,-0.028001016472309546,-0.0025675201580891743,-0.01973124928188243,0.08072825022426319,,,,,,,,,-0.029688994433800447,-0.029688994433800433,-0.02968899443380055,-0.08002541739008227,-0.02968899443380055,0.3300889525170812,0.33008895251708065,0.33008895251708226,0.33008895251708226
occupancy_is_capped,-0.07855630481094603,,-0.03859130544078692,-0.057273084187608084,-0.055924889656411535,,-0.04068628549986294,-0.015230537799074878,0.001209726651935543,-0.0596797480282775,-0.038181481249303394,-0.011204920659497655,0.023340008255888688,-0.001115080412390588,-0.026705456806433533,0.0027122332143344136,-0.0112169386943028,-0.011216961311324039,-0.00035127411095803936,-0.011210584909146773,,-0.03652817168485034,-0.025590778132766393,-0.010816676961528778,0.01239424287599892,0.423190734236372,0.6655377181727867,0.40763300480053205,-0.0012082353437649189,0.552243173868913,0.6658478074475764,0.20630910135616426,0.07921159288003833,0.0745092793949306,0.07493423640555863,0.06428034934796568,0.07557362883518506,0.04986115797690931,0.08362690708441925,,0.013105711797531927,0.018719033204613482,-0.05833734472027726,-0.011842101781645324,0.5086576517177899,-0.02021446410789921,-0.060812798271570885,-0.015011735451819583,-0.07474151283977719,0.3972603388299348,0.012713645259721473,-0.0029995537299392274,-0.020214464107899243,-0.05725705494067459,-0.06081279827156793,0.42319073423637216,0.39115123681304087,0.5086576517177874,-0.012394242875998643,0.6658478074475788,1.0,-0.013159535737089906,0.20630910135616426,-0.01032404703438937,-0.011779906964783435,0.009086967476852082,0.013105711797531918,0.06459533657012712,,,,,,,,,-0.013159535737089901,-0.013159535737089828,-0.013159535737089934,-0.058076464295891354,-0.013159535737089934,0.2063091013561643,0.20630910135616393,0.2063091013561646,0.2063091013561646
est_annual_revenue,-0.005525072699851688,,0.026629771314884573,0.29533044175058526,0.27487395072426574,,0.038878084331358455,0.011608373890203999,0.00416758200065994,0.007630082166903786,0.002377296796420456,0.001287813534630085,-0.011211000618056804,0.05982488885142805,-0.011004567351404357,-0.015985833868826606,-0.0014177900019937744,-0.0014174644542723535,-0.015499268685606638,-0.0014197501664750644,,-0.030499603337154364,-0.04156035733960357,-0.04463198314925773,-0.09894893726465775,-0.012320101569813795,-0.021539654170890054,-0.02196913948875324,-0.05541776247520275,-0.009766192459354677,-0.029688994433800155,0.6368352615217808,-0.013528210916022906,-0.015727070378107413,-0.01866957375346364,0.005486021455040053,-0.020396765156028826,0.003082067935821756,-0.039635870564714445,,0.05466568504565959,0.037210646685508386,0.14389167617414034,-0.005305924709929629,-0.027953959964834664,0.9719676941946824,0.2982749280384149,0.9411420042582157,0.3176277377543859,-0.01306305571499587,0.006667858673356666,0.001893226369498208,0.9719676941946893,0.08517356728107472,0.29827492803841626,-0.012320101569813904,-0.013825430405233053,-0.027953959964834685,0.09894893726465702,-0.029688994433800426,-0.013159535737089906,1.0,0.6368352615217809,0.931065331736552,0.9985700334546221,0.18988748820693965,0.05466568504565959,0.01555637656412821,,,,,,,,,1.0000000000000002,0.9999999999999969,0.9999999999999944,-0.025372117810220786,0.9999999999999944,0.6368352615217808,0.636835261521781,0.6368352615217833,0.6368352615217833
est_annual_revenue_booked,-0.07029038826410058,,-0.036122133100447956,0.12816953137776516,0.11799631683092496,,0.02583145444361225,-0.006046241022603897,0.16672616329739331,0.1337319667978157,0.1491539056340977,0.15355740381668362,-0.012502651351883727,0.049868501752502944,-0.05023424291185177,-0.03801031251332753,-0.0013895914112372172,-0.0013894594196398732,-0.04131217842079277,-0.0013946831979192275,,-0.051091391770957825,-0.060494599295087687,-0.05288121519499127,-0.05158962166931936,0.1566955994797624,0.23881737401249092,0.1409439352279608,-0.046633756086310346,0.21075435545300833,0.3300889525170807,1.0,0.062220849533556104,0.05631945089352357,0.059748441887693654,0.06301305919453107,0.04308712513774302,0.03608055512978942,0.03654190657208875,,0.025535251392139417,0.020966784642654175,0.022924487904307,-0.021780306306543096,0.14858864240158032,0.6043461294628827,0.32924918560800154,0.5444169348541478,0.19038046432653846,0.25294072935949,0.16193534152620656,0.15400870811527143,0.604346129462885,0.2105741905515248,0.3292491856080023,0.15669559947976255,0.25487986046242517,0.14858864240158037,0.051589621669319054,0.3300889525170812,0.20630910135616426,0.6368352615217809,1.0,0.575057631026366,0.6328459370331344,0.18532084854841535,0.025535251392139423,0.021403620067230678,,,,,,,,,0.6368352615217809,0.6368352615217839,0.6368352615217828,-0.06667483130393843,0.6368352615217828,1.0,0.999999999999997,1.000000000000001,1.000000000000001
revenue_per_accommodates,-0.00423745639128059,,0.022871170527637846,0.2549265717397505,0.23707674928090375,,0.03397800481786651,0.012108743772604574,-0.020827527958230004,-0.01608483570819026,-0.018830995577443898,-0.018985817098396997,-0.008908729457495837,0.0502958402950185,-0.007635310443797302,-0.011493818612036386,-0.0006712465194041186,-0.000671015272528795,-0.010947645426489898,-0.000672065386126853,,-0.034767141438856806,-0.04188057779871836,-0.04429252421279988,-0.07582030633852782,-0.009852182413356048,-0.017524300963247946,-0.01843100947116921,-0.050617753365634,-0.00583246012354118,-0.02432235997907926,0.575057631026366,-0.021121320441564093,-0.02234977150692094,-0.02529495552750931,0.0009289543868220165,-0.021336810230818393,-0.002766724873558614,-0.031398154750944825,,0.04903738724329691,0.03369054523678888,0.12778125603007076,-0.0034823133723400584,-0.023756633726811527,0.8581773117789409,0.2361277424986449,0.9777341916838275,0.27965483749770864,-0.00724517244489787,-0.021932282834774015,-0.020463901477146103,0.8581773117789407,0.054750887339828844,0.23612774249864527,-0.009852182413356088,-0.008279082957726528,-0.023756633726811697,0.07582030633852768,-0.02432235997907957,-0.01032404703438937,0.931065331736552,0.575057631026366,1.0,0.932419060348974,0.1460840900082531,0.049037387243296905,0.015052204072157108,,,,,,,,,0.9310653317365519,0.9310653317365541,0.9310653317365483,-0.0174446525042295,0.9310653317365483,0.575057631026366,0.575057631026363,0.575057631026366,0.575057631026366
revenue_per_bedroom,-0.004115114500049598,,0.028275246347561362,0.2981153655876644,0.28955011106379464,,0.038717569909321715,0.014108180360231783,-0.0166139697634419,-0.020797593467165507,-0.024649546641658672,-0.018423145625625723,-0.011590519437009138,0.06047893133598774,-0.009952501087473576,-0.01446637883973684,-0.0008542735519866385,-0.0008538774798585362,-0.013873538964510445,-0.0008544316880678347,,-0.026025155915271176,-0.035153118437129226,-0.03722871245336406,-0.07986980488410682,-0.012112277782877575,-0.019750290159999972,-0.02059562400772332,-0.043975892805349116,-0.009004168990795796,-0.028001016472309435,0.6328459370331344,-0.016392304776514183,-0.017999322678547133,-0.021147706973063982,0.0029070309287336647,-0.022784647018942596,0.000995934206171407,-0.04251289711571073,,0.06091494890919577,0.042600986134458764,0.14956511226686622,-0.003998559986460752,-0.026381189235656667,0.9704290356659528,0.2761098344940337,0.942814289660257,0.31434961213790125,-0.013495444257939353,-0.013568718273748143,-0.018064438102439552,0.9704290356659526,0.06400629373422709,0.27610983449403226,-0.012112277782877757,-0.014478538490099118,-0.026381189235656688,0.07986980488410698,-0.028001016472309546,-0.011779906964783435,0.9985700334546221,0.6328459370331344,0.932419060348974,1.0,0.1684719587311832,0.060914948909195764,0.019270978054426832,,,,,,,,,0.9985700334546221,0.9985700334546181,0.9985700334546185,-0.018662612380243467,0.9985700334546185,0.6328459370331343,0.6328459370331342,0.6328459370331361,0.6328459370331361
log_est_revenue,-0.16293080372979166,,-0.10724716178798938,0.04003332793802289,0.04476847347305706,,0.03642830591533624,-0.014232369074032079,0.21721653647528227,0.2802101087326561,0.27625624045953195,0.19284895561179133,0.02914009818634995,-0.050924180794757946,0.024001681387514844,0.005929061573966818,0.013940615609944577,0.013940704715798374,0.004263472768453741,0.013862667168952458,,-0.327856745678328,-0.4173316824726353,-0.4457288660789236,-0.7859251735734768,0.05900344522500152,0.0003796240558718223,-0.027614983302007616,-0.5449996222790878,0.057578597593444934,-0.002567520158089069,0.18532084854841535,0.11399428487497928,0.0960475090254237,0.10098917022091236,0.10476109436885624,0.07853709470845323,0.1201350637605543,0.096588007905605,,-0.030255552850100034,-0.02560290656209798,-0.062142325872884215,-0.1227332379020665,-0.05252560359662584,0.18734653914348096,0.4673218182928111,0.14380508916904458,0.2539093219545278,0.06393772038956104,0.2385566207339159,0.21471078226591161,0.18734653914348037,0.4408262717737326,0.46732181829280783,0.059003445225001776,0.06568660103153091,-0.052525603596625794,0.7859251735734798,-0.0025675201580891743,0.009086967476852082,0.18988748820693965,0.18532084854841535,0.1460840900082531,0.1684719587311832,1.0,-0.030255552850100054,-0.13275962326658142,,,,,,,,,0.1898874882069397,0.18988748820693993,0.1898874882069394,-0.6172787043979762,0.1898874882069394,0.1853208485484155,0.18532084854841577,0.18532084854841518,0.18532084854841518
host_listings_in_city,-0.06361328469668451,,0.019078773809384844,0.32816168518174227,0.2963061595578656,,0.02307008491432922,-0.0033089791636340864,-0.07911854122580361,-0.126887415772548,-0.13093624676774715,-0.08241236202718878,0.09779912688115364,-0.008140194391357056,0.05035462586943429,0.10539462306640432,-0.00910869339913538,-0.009108364340834722,0.1070652534201349,-0.009108831405477986,,-0.023175359300510148,-0.01984840929800797,-0.028089815057144096,0.07145843079003283,-0.09045448780629597,-0.05854903016772491,-0.06419594628968883,-0.00996835106484741,-0.06482055507802088,-0.01973124928188275,0.025535251392139423,-0.040610257967228246,-0.04000648736460598,-0.015916949581555262,-0.06251438383994329,-0.047435968306537166,0.02975584019230468,-0.04041107695423351,,1.0,0.9953274566586654,0.023087545925467117,-0.008744292893655208,-0.09000281957772309,0.05877478240799133,0.038104124359012795,0.05686197187905972,0.09578351421062718,-0.1145472007967732,-0.045016134997865644,-0.07907864772881472,0.05877478240799137,0.02772653100904014,0.0381041243590123,-0.09045448780629642,-0.11533345305219143,-0.09000281957772296,-0.07145843079003238,-0.01973124928188243,0.013105711797531918,0.05466568504565959,0.025535251392139423,0.049037387243296905,0.060914948909195764,-0.030255552850100054,1.0,0.3455720507307477,,,,,,,,,0.054665685045659614,0.05466568504565955,0.054665685045659974,0.012125179641007445,0.054665685045659974,0.025535251392139482,0.02553525139213925,0.025535251392139472,0.025535251392139472
host_is_professional,0.029577981844758475,,0.04202545869505942,0.13939414025968644,0.12849235912933055,,-0.0011146225589236212,-0.03052536047494222,-0.021273710117232208,-0.06761415074700765,-0.09626088347101967,-0.046966636021921596,-0.009745646976652532,0.06117696644929067,-0.03516203248078091,0.005211500044981702,0.020945890058183664,0.020946080963116405,0.0022824625566527897,0.020945979563330903,,0.043688465072141906,0.06760192245446549,0.07238430258137069,0.11578268229650351,0.021282881609250785,0.06819476929050851,0.03323609964624387,0.0895886391030414,0.04301940672943405,0.080728250224263,0.021403620067230678,-0.06784362065262699,-0.061944739097847666,-0.04416973508514248,-0.045513244177342926,-0.04937876062214095,-0.04068940346709616,-0.06591970411172798,,0.3455720507307477,0.3314865910952641,0.14831854769042832,0.04609577041762305,0.04534056722366842,0.010647661868890405,-0.12311737954230474,0.010792575749282652,-0.08706204793735733,0.03373998720092798,-0.04177239571805464,-0.06114404210263284,0.010647661868890407,-0.15808459405319142,-0.12311737954230569,0.021282881609250886,0.03147675495072963,0.04534056722366844,-0.11578268229650393,0.08072825022426319,0.06459533657012712,0.01555637656412821,0.021403620067230678,0.015052204072157108,0.019270978054426832,-0.13275962326658142,0.3455720507307477,1.0,,,,,,,,,0.015556376564128217,0.015556376564128286,0.01555637656412822,0.05287271437930777,0.01555637656412822,0.021403620067230702,0.021403620067230643,0.02140362006723067,0.02140362006723067
pct_professional_hosts,,,,,,,,,,,,,,,,,,,,,,,,,,,,,,,,,,,,,,,,,,,,,,,,,,,,,,,,,,,,,,,,,,,,,,,,,,,,,,,,,,,,,
pct_large_operators,,,,,,,,,,,,,,,,,,,,,,,,,,,,,,,,,,,,,,,,,,,,,,,,,,,,,,,,,,,,,,,,,,,,,,,,,,,,,,,,,,,,,
median_host_listings,,,,,,,,,,,,,,,,,,,,,,,,,,,,,,,,,,,,,,,,,,,,,,,,,,,,,,,,,,,,,,,,,,,,,,,,,,,,,,,,,,,,,
gini_host_concentration,,,,,,,,,,,,,,,,,,,,,,,,,,,,,,,,,,,,,,,,,,,,,,,,,,,,,,,,,,,,,,,,,,,,,,,,,,,,,,,,,,,,,
market_professionalization_score,,,,,,,,,,,,,,,,,,,,,,,,,,,,,,,,,,,,,,,,,,,,,,,,,,,,,,,,,,,,,,,,,,,,,,,,,,,,,,,,,,,,,
purchase_price,,,,,,,,,,,,,,,,,,,,,,,,,,,,,,,,,,,,,,,,,,,,,,,,,,,,,,,,,,,,,,,,,,,,,,,,,,,,,,,,,,,,,
monthly_payment,,,,,,,,,,,,,,,,,,,,,,,,,,,,,,,,,,,,,,,,,,,,,,,,,,,,,,,,,,,,,,,,,,,,,,,,,,,,,,,,,,,,,
zori_rent,,,,,,,,,,,,,,,,,,,,,,,,,,,,,,,,,,,,,,,,,,,,,,,,,,,,,,,,,,,,,,,,,,,,,,,,,,,,,,,,,,,,,
annual_cash_flow,-0.005525072699851646,,0.026629771314884608,0.2953304417505853,0.2748739507242658,,0.038878084331358455,0.011608373890203996,0.004167582000659946,0.0076300821669037944,0.002377296796420479,0.0012878135346300688,-0.01121100061805683,0.05982488885142803,-0.011004567351404357,-0.015985833868826602,-0.0014177900019937703,-0.0014174644542723478,-0.01549926868560665,-0.001419750166475062,,-0.03049960333715437,-0.04156035733960356,-0.04463198314925772,-0.09894893726465778,-0.012320101569813799,-0.02153965417089006,-0.021969139488753245,-0.05541776247520275,-0.009766192459354698,-0.029688994433800166,0.6368352615217809,-0.013528210916022899,-0.01572707037810739,-0.018669573753463654,0.005486021455040062,-0.020396765156028843,0.0030820679358217803,-0.03963587056471442,,0.054665685045659614,0.03721064668550837,0.14389167617414034,-0.005305924709929631,-0.027953959964834702,0.9719676941946827,0.2982749280384149,0.9411420042582157,0.31762773775438596,-0.01306305571499588,0.006667858673356666,0.0018932263694982122,0.9719676941946894,0.0851735672810747,0.29827492803841626,-0.012320101569813911,-0.013825430405233062,-0.027953959964834706,0.09894893726465706,-0.029688994433800447,-0.013159535737089901,1.0000000000000002,0.6368352615217809,0.9310653317365519,0.9985700334546221,0.1898874882069397,0.054665685045659614,0.015556376564128217,,,,,,,,,1.0,0.9999999999999969,0.9999999999999946,-0.025372117810220765,0.9999999999999946,0.6368352615217808,0.6368352615217812,0.6368352615217833,0.6368352615217833
cash_on_cash_roi,-0.005525072699851726,,0.026629771314884625,0.29533044175058576,0.27487395072426735,,0.038878084331358705,0.011608373890204008,0.004167582000659951,0.007630082166903822,0.0023772967964204553,0.0012878135346300829,-0.011211000618056851,0.05982488885142836,-0.011004567351404409,-0.01598583386882659,-0.00141779000199377,-0.0014174644542723333,-0.015499268685606811,-0.001419750166475063,,-0.03049960333715434,-0.041560357339603726,-0.04463198314925799,-0.0989489372646577,-0.01232010156981386,-0.021539654170890137,-0.021969139488753252,-0.055417762475202706,-0.009766192459354691,-0.0296889944338005,0.6368352615217839,-0.013528210916022956,-0.01572707037810742,-0.01866957375346371,0.00548602145504006,-0.02039676515602893,0.0030820679358217824,-0.039635870564714494,,0.05466568504565955,0.03721064668550838,0.1438916761741393,-0.005305924709929661,-0.02795395996483474,0.9719676941946866,0.29827492803841504,0.9411420042582239,0.31762773775438524,-0.013063055714995787,0.006667858673356681,0.0018932263694982187,0.9719676941946868,0.08517356728107571,0.298274928038415,-0.012320101569813915,-0.01382543040523317,-0.02795395996483471,0.09894893726465763,-0.029688994433800433,-0.013159535737089828,0.9999999999999969,0.6368352615217839,0.9310653317365541,0.9985700334546181,0.18988748820693993,0.05466568504565955,0.015556376564128286,,,,,,,,,0.9999999999999969,1.0,1.0000000000000029,-0.025372117810220685,1.0000000000000029,0.6368352615217839,0.6368352615217847,0.6368352615217827,0.6368352615217827
cap_rate,-0.005525072699851673,,0.02662977131488466,0.295330441750585,0.2748739507242664,,0.03887808433135867,0.011608373890203975,0.004167582000659948,0.0076300821669037745,0.0023772967964204327,0.0012878135346300677,-0.011211000618056795,0.059824888851428365,-0.011004567351404409,-0.01598583386882662,-0.0014177900019937651,-0.0014174644542723355,-0.01549926868560662,-0.001419750166475047,,-0.030499603337154315,-0.04156035733960364,-0.04463198314925778,-0.09894893726465798,-0.012320101569813835,-0.021539654170890165,-0.02196913948875325,-0.0554177624752026,-0.009766192459354712,-0.02968899443380038,0.6368352615217828,-0.013528210916022852,-0.015727070378107288,-0.018669573753463713,0.00548602145504009,-0.020396765156028975,0.0030820679358218007,-0.03963587056471445,,0.054665685045659974,0.0372106466855083,0.14389167617413995,-0.005305924709929644,-0.027953959964834834,0.9719676941946872,0.29827492803841493,0.9411420042582147,0.3176277377543864,-0.013063055714995797,0.006667858673356656,0.0018932263694982166,0.9719676941946932,0.08517356728107553,0.2982749280384148,-0.012320101569813923,-0.013825430405233199,-0.027953959964834723,0.09894893726465744,-0.02968899443380055,-0.013159535737089934,0.9999999999999944,0.6368352615217828,0.9310653317365483,0.9985700334546185,0.1898874882069394,0.054665685045659974,0.01555637656412822,,,,,,,,,0.9999999999999946,1.0000000000000029,1.0,-0.025372117810220807,1.0,0.6368352615217827,0.6368352615217795,0.6368352615217817,0.6368352615217817
price_to_rent_ratio,0.07865871897867424,,0.04084801604625243,0.008001980336277165,0.018917776895237385,,-0.000491663371762128,0.016725877317970823,-0.1508263033205645,-0.11027330819231275,-0.15083725776704687,-0.11979240041553008,0.018935290484514092,0.041000844310960426,0.027973538168641884,0.020094086561771182,-0.01111680665112877,-0.01111685803784653,0.02385665890734025,-0.011096043336578171,,0.25391077804704,0.26655236886938,0.2538501650844764,0.3212116566191971,-0.07801419056537318,-0.0674429871674758,-0.048072196308663294,0.2640787861168667,-0.07248391115863691,-0.08002541739008237,-0.06667483130393843,-0.08071413090730192,-0.06902924666875972,-0.07741486895077294,-0.08002715217643545,-0.08857338539254306,-0.05675273080383271,-0.07946723312136987,,0.012125179641007445,-0.002714085376598075,0.11808507625158364,0.3982875729715706,-0.05349653490749392,-0.027074966729178685,-0.21874614631200937,-0.012987748946380969,-0.03439338532819773,-0.09577722793892113,-0.19132363356172175,-0.13873587490816808,-0.027074966729178578,-0.23069008361638743,-0.21874614631200895,-0.07801419056537366,-0.0966195713055504,-0.05349653490749379,-0.32121165661919737,-0.08002541739008227,-0.058076464295891354,-0.025372117810220786,-0.06667483130393843,-0.0174446525042295,-0.018662612380243467,-0.6172787043979762,0.012125179641007445,0.05287271437930777,,,,,,,,,-0.025372117810220765,-0.025372117810220685,-0.025372117810220807,1.0,-0.025372117810220807,-0.0666748313039385,-0.06667483130393874,-0.06667483130393873,-0.06667483130393873
revenue_yield,-0.005525072699851673,,0.02662977131488466,0.295330441750585,0.2748739507242664,,0.03887808433135867,0.011608373890203975,0.004167582000659948,0.0076300821669037745,0.0023772967964204327,0.0012878135346300677,-0.011211000618056795,0.059824888851428365,-0.011004567351404409,-0.01598583386882662,-0.0014177900019937651,-0.0014174644542723355,-0.01549926868560662,-0.001419750166475047,,-0.030499603337154315,-0.04156035733960364,-0.04463198314925778,-0.09894893726465798,-0.012320101569813835,-0.021539654170890165,-0.02196913948875325,-0.0554177624752026,-0.009766192459354712,-0.02968899443380038,0.6368352615217828,-0.013528210916022852,-0.015727070378107288,-0.018669573753463713,0.00548602145504009,-0.020396765156028975,0.0030820679358218007,-0.03963587056471445,,0.054665685045659974,0.0372106466855083,0.14389167617413995,-0.005305924709929644,-0.027953959964834834,0.9719676941946872,0.29827492803841493,0.9411420042582147,0.3176277377543864,-0.013063055714995797,0.006667858673356656,0.0018932263694982166,0.9719676941946932,0.08517356728107553,0.2982749280384148,-0.012320101569813923,-0.013825430405233199,-0.027953959964834723,0.09894893726465744,-0.02968899443380055,-0.013159535737089934,0.9999999999999944,0.6368352615217828,0.9310653317365483,0.9985700334546185,0.1898874882069394,0.054665685045659974,0.01555637656412822,,,,,,,,,0.9999999999999946,1.0000000000000029,1.0,-0.025372117810220807,1.0,0.6368352615217827,0.6368352615217795,0.6368352615217817,0.6368352615217817
annual_cash_flow_booked,-0.07029038826410082,,-0.03612213310044804,0.12816953137776513,0.11799631683092496,,0.02583145444361225,-0.006046241022603905,0.16672616329739331,0.1337319667978156,0.14915390563409772,0.15355740381668356,-0.012502651351883708,0.049868501752503014,-0.05023424291185166,-0.0380103125133275,-0.0013895914112372226,-0.0013894594196398775,-0.041312178420792704,-0.0013946831979192303,,-0.05109139177095786,-0.06049459929508774,-0.052881215194991275,-0.05158962166931936,0.15669559947976247,0.23881737401249092,0.14094393522796086,-0.04663375608631044,0.21075435545300836,0.3300889525170807,1.0,0.062220849533556125,0.05631945089352353,0.05974844188769367,0.06301305919453105,0.043087125137743036,0.036080555129789374,0.03654190657208874,,0.025535251392139482,0.020966784642654248,0.02292448790430698,-0.021780306306543092,0.1485886424015804,0.6043461294628826,0.32924918560800154,0.5444169348541477,0.19038046432653835,0.2529407293594901,0.16193534152620662,0.1540087081152715,0.604346129462885,0.2105741905515248,0.32924918560800237,0.15669559947976267,0.2548798604624254,0.14858864240158026,0.0515896216693191,0.3300889525170812,0.2063091013561643,0.6368352615217808,1.0,0.575057631026366,0.6328459370331343,0.1853208485484155,0.025535251392139482,0.021403620067230702,,,,,,,,,0.6368352615217808,0.6368352615217839,0.6368352615217827,-0.0666748313039385,0.6368352615217827,1.0,0.9999999999999971,1.000000000000001,1.000000000000001
cash_on_cash_roi_booked,-0.07029038826410015,,-0.03612213310044766,0.1281695313777639,0.11799631683092413,,0.025831454443612012,-0.0060462410226038606,0.16672616329739265,0.1337319667978156,0.1491539056340979,0.15355740381668465,-0.012502651351883944,0.04986850175250268,-0.05023424291185149,-0.03801031251332704,-0.0013895914112371489,-0.0013894594196398565,-0.04131217842079277,-0.0013946831979192653,,-0.051091391770957645,-0.06049459929508733,-0.052881215194990956,-0.05158962166931916,0.15669559947976175,0.2388173740124899,0.14094393522796106,-0.046633756086310374,0.21075435545300777,0.3300889525170796,0.999999999999997,0.062220849533555694,0.056319450893523484,0.05974844188769334,0.06301305919453083,0.04308712513774289,0.03608055512978918,0.036541906572088605,,0.02553525139213925,0.020966784642654068,0.022924487904307036,-0.02178030630654297,0.1485886424015803,0.6043461294628811,0.32924918560800104,0.5444169348541457,0.1903804643265375,0.2529407293594894,0.16193534152620673,0.15400870811527198,0.6043461294628809,0.21057419055152304,0.3292491856080039,0.1566955994797616,0.2548798604624247,0.14858864240158004,0.0515896216693188,0.33008895251708065,0.20630910135616393,0.636835261521781,0.999999999999997,0.575057631026363,0.6328459370331342,0.18532084854841577,0.02553525139213925,0.021403620067230643,,,,,,,,,0.6368352615217812,0.6368352615217847,0.6368352615217795,-0.06667483130393874,0.6368352615217795,0.9999999999999971,1.0,1.0000000000000018,1.0000000000000018
cap_rate_booked,-0.07029038826409947,,-0.036122133100447325,0.12816953137776502,0.11799631683092421,,0.02583145444361214,-0.006046241022603976,0.16672616329739323,0.13373196679781427,0.14915390563409836,0.15355740381668342,-0.012502651351884069,0.04986850175250277,-0.05023424291185174,-0.03801031251332742,-0.0013895914112371983,-0.001389459419639854,-0.041312178420793176,-0.0013946831979192507,,-0.05109139177095769,-0.06049459929508729,-0.052881215194991116,-0.05158962166931941,0.1566955994797614,0.23881737401249056,0.14094393522796123,-0.046633756086310395,0.21075435545300836,0.3300889525170813,1.000000000000001,0.062220849533556,0.0563194508935236,0.059748441887693515,0.06301305919453079,0.04308712513774301,0.036080555129789346,0.03654190657208873,,0.025535251392139472,0.02096678464265408,0.02292448790430717,-0.021780306306543033,0.14858864240158032,0.6043461294628826,0.32924918560800076,0.5444169348541478,0.19038046432653735,0.2529407293594884,0.16193534152620728,0.15400870811527106,0.6043461294628836,0.21057419055152446,0.32924918560800226,0.1566955994797618,0.25487986046242417,0.14858864240157932,0.051589621669318735,0.33008895251708226,0.2063091013561646,0.6368352615217833,1.000000000000001,0.575057631026366,0.6328459370331361,0.18532084854841518,0.025535251392139472,0.02140362006723067,,,,,,,,,0.6368352615217833,0.6368352615217827,0.6368352615217817,-0.06667483130393873,0.6368352615217817,1.000000000000001,1.0000000000000018,1.0,1.0
revenue_yield_booked,-0.07029038826409947,,-0.036122133100447325,0.12816953137776502,0.11799631683092421,,0.02583145444361214,-0.006046241022603976,0.16672616329739323,0.13373196679781427,0.14915390563409836,0.15355740381668342,-0.012502651351884069,0.04986850175250277,-0.05023424291185174,-0.03801031251332742,-0.0013895914112371983,-0.001389459419639854,-0.041312178420793176,-0.0013946831979192507,,-0.05109139177095769,-0.06049459929508729,-0.052881215194991116,-0.05158962166931941,0.1566955994797614,0.23881737401249056,0.14094393522796123,-0.046633756086310395,0.21075435545300836,0.3300889525170813,1.000000000000001,0.062220849533556,0.0563194508935236,0.059748441887693515,0.06301305919453079,0.04308712513774301,0.036080555129789346,0.03654190657208873,,0.025535251392139472,0.02096678464265408,0.02292448790430717,-0.021780306306543033,0.14858864240158032,0.6043461294628826,0.32924918560800076,0.5444169348541478,0.19038046432653735,0.2529407293594884,0.16193534152620728,0.15400870811527106,0.6043461294628836,0.21057419055152446,0.32924918560800226,0.1566955994797618,0.25487986046242417,0.14858864240157932,0.051589621669318735,0.33008895251708226,0.2063091013561646,0.6368352615217833,1.000000000000001,0.575057631026366,0.6328459370331361,0.18532084854841518,0.025535251392139472,0.02140362006723067,,,,,,,,,0.6368352615217833,0.6368352615217827,0.6368352615217817,-0.06667483130393873,0.6368352615217817,1.000000000000001,1.0000000000000018,1.0,1.0
