,id,scrape_id,host_id,host_listings_count,host_total_listings_count,neighbourhood_group_cleansed,latitude,longitude,accommodates,bathrooms,bedrooms,beds,minimum_nights,maximum_nights,minimum_minimum_nights,maximum_minimum_nights,minimum_maximum_nights,maximum_maximum_nights,minimum_nights_avg_ntm,maximum_nights_avg_ntm,calendar_updated,availability_30,availability_60,availability_90,availability_365,number_of_reviews,number_of_reviews_ltm,number_of_reviews_l30d,availability_eoy,number_of_reviews_ly,estimated_occupancy_l365d,estimated_revenue_l365d,review_scores_rating,review_scores_accuracy,review_scores_cleanliness,review_scores_checkin,review_scores_communication,review_scores_location,review_scores_value,license,calculated_host_listings_count,calculated_host_listings_count_entire_homes,calculated_host_listings_count_private_rooms,calculated_host_listings_count_shared_rooms,reviews_per_month,price_clean,log_price,price_per_accommodates,log_price_per_accommodates,log_reviews,log_accommodates,log_beds,price_zscore,price_percentile,log_price_zscore,reviews_zscore,reviews_percentile,reviews_per_month_zscore,occupancy_rate,occupancy_rate_booked,occupancy_is_capped,est_annual_revenue,est_annual_revenue_booked,revenue_per_accommodates,revenue_per_bedroom,log_est_revenue,host_listings_in_city,host_is_professional,pct_professional_hosts,pct_large_operators,median_host_listings,gini_host_concentration,market_professionalization_score,purchase_price,monthly_payment,zori_rent,annual_cash_flow,cash_on_cash_roi,cap_rate,price_to_rent_ratio,revenue_yield,annual_cash_flow_booked,cash_on_cash_roi_booked,cap_rate_booked,revenue_yield_booked
id,1.0,,0.40477947873601655,0.08598789111919955,0.0720252079747499,,-0.10103723192823247,-0.03159735011198991,0.08066634641258462,0.06978915500806988,0.088149070338585,0.035868318539236596,-0.0031547924260884055,-0.11861729159192418,-0.00020527092253192557,0.030215737851455166,-0.1838724053346029,-0.1713808623713578,-0.004237644528142186,-0.18123470495034127,,0.06913301633795119,0.06534805677889607,0.0682186603767366,0.08476311339454363,-0.41000298348736136,-0.10030019781900115,-0.0024400020147968375,0.07178421279483378,-0.19599842592362585,-0.11442544670238991,-0.08183679404839479,-0.0436427181262094,-0.0629468423435484,-0.0419099701720792,-0.08493495104792066,-0.07252638704744784,-0.12087393626149436,-0.06285505099318824,,0.06439040665898704,0.054173603464666584,0.007116977170961744,0.08234962155250376,0.05079672787353605,0.02317039957505057,0.030057907405225598,0.018809919338444708,-0.045102479217952844,-0.57167679734678,0.056028011840560374,0.037058411134622694,0.023170399575050713,0.0384357402236927,0.03005790740522315,-0.41000298348736014,-0.5722179400130103,0.05079672787353661,-0.08476311339454323,-0.11442544670239091,-0.07203098109274729,0.014824071944229888,-0.08183679404839479,-0.007338024633911347,0.001640094094155445,-0.09780009941226311,0.06439040665898704,0.059414894580461945,,,,,,,,,0.014824071944229716,0.014824071944229383,0.014824071944229019,0.09212722327171706,0.014824071944229019,-0.08183679404840048,-0.08183679404840305,-0.0818367940483943,-0.0818367940483943
scrape_id,,,,,,,,,,,,,,,,,,,,,,,,,,,,,,,,,,,,,,,,,,,,,,,,,,,,,,,,,,,,,,,,,,,,,,,,,,,,,,,,,,,,,
host_id,0.40477947873601655,,1.0,0.10332212120426501,0.07474417672668128,,-0.14233973734623392,-0.004963084166199006,0.0770556450664963,0.017001412481157115,0.06340029041011702,0.04538627019977289,-0.028202631665698363,0.015306144779314202,-0.03077921968330785,-0.028215877568927992,-0.018296630438375927,0.02274174262439414,-0.03072684092921426,-0.005482120989034858,,0.16188693964321035,0.1639358336148451,0.16422216278676624,0.1569036148558575,-0.183904479197902,-0.028246513379677974,-0.014072901017807752,0.16754494146978824,-0.04902929896416932,-0.018339604026620587,-0.002481704873949984,-0.11461580391767082,-0.11429943007301228,-0.07281544069214087,-0.09875646946232111,-0.1005390388025708,-0.15129391235559073,-0.11040523243965046,,0.035091609717418135,0.002591154408198166,0.03790128283212758,0.033917484674068805,0.03255294968373018,0.08294945470689047,0.005733702859445478,0.07725269919112762,-0.07361922083362299,-0.23708957670405034,0.05738155390180231,0.04560397019778316,0.0829494547068904,0.0005571353329171148,0.005733702859444644,-0.18390447919790223,-0.23484868378482615,0.032552949683730424,-0.15690361485585794,-0.018339604026620885,-0.010124862893358967,0.02060034379608054,-0.002481704873949984,0.016698587880118902,0.045910502282784295,-0.13370378698574933,0.035091609717418135,0.09933890736056186,,,,,,,,,0.020600343796080386,0.020600343796080365,0.020600343796080212,0.08802270320918669,0.020600343796080212,-0.002481704873952335,-0.0024817048739533354,-0.0024817048739497636,-0.0024817048739497636
host_listings_count,0.08598789111919955,,0.10332212120426501,1.0,0.9758905220571163,,-0.012492346745949479,-0.0007023671942352957,0.03189513838773373,0.025718551554887597,0.02012590589467771,0.0409245790704355,-0.0015671881921961702,0.1839706061830024,-0.002195903582216696,-0.001961835468440389,0.036032489611586414,0.1111020666044333,-0.0016463453401921898,0.041562157019339824,,0.03730314605534012,0.04435022552608609,0.04650400675977197,0.10307266983050596,-0.06480972522860141,-0.06254531531553639,-0.04989880973404371,0.049108843703046585,-0.06369005819490078,-0.071688938377504,0.016530877628686044,-0.0985514060676829,-0.10580368486673668,-0.01141332205996561,-0.07321160553993136,-0.1020969012383852,-0.0467046376715437,-0.09013040636861196,,0.26555887490905594,0.2634433245895255,0.11956915907249972,0.008049976947397716,-0.06805725448183082,0.3877221769576082,0.17364853099131433,0.36655695431994917,0.1755943174351946,-0.12525017985625683,0.02813832040751352,0.03293084849211012,0.38772217695760774,0.05827035243220226,0.1736485309913148,-0.06480972522860132,-0.12456975321934909,-0.0680572544818307,-0.10307266983050611,-0.07168893837750386,-0.03315544392637564,0.3063638930566216,0.016530877628686044,0.3103717589124416,0.3728677066443315,-0.040627124946068516,0.26555887490905594,0.15654869143010383,,,,,,,,,0.30636389305662176,0.30636389305662104,0.30636389305662154,0.012843329808322361,0.30636389305662154,0.016530877628686092,0.016530877628686765,0.016530877628685967,0.016530877628685967
host_total_listings_count,0.0720252079747499,,0.07474417672668128,0.9758905220571163,1.0,,-0.015069560703091144,0.007632423000668957,0.03224879251281523,0.026026907633939653,0.021303122932969206,0.04636748203162651,0.0026155224985195003,0.18818634149418834,0.00136414948556988,0.0018818986096356643,0.0499122513256067,0.11390459823049744,0.002234696627762391,0.05441336567720443,,0.02880261947107041,0.035726166473712996,0.03803604230801405,0.09310821677149464,-0.06189249241313273,-0.0616107679525578,-0.04922642291678976,0.03999032834135469,-0.0613758179092568,-0.0710385136684823,0.008111178542937717,-0.0951869724286918,-0.10228068981285586,-0.010175524873568336,-0.06171349435981342,-0.0922558693993627,-0.03382562942664876,-0.08965743016882162,,0.24914924189902563,0.2747941800658773,0.08875695802416364,0.02058063592711117,-0.06657760373383939,0.34965601158064974,0.1559809294995433,0.3305883041610478,0.1506049206469435,-0.11943046150090848,0.0300968078614084,0.03899266384776841,0.34965601158064824,0.05536045789652162,0.15598092949954342,-0.06189249241313252,-0.11877974575703362,-0.06657760373383927,-0.09310821677149443,-0.07103851366848216,-0.031212832822958888,0.27508473893211527,0.008111178542937717,0.27887032090867203,0.34179725132404326,-0.04108858008577726,0.24914924189902563,0.14054320826022665,,,,,,,,,0.2750847389321152,0.2750847389321156,0.27508473893211494,0.016837975883901395,0.27508473893211494,0.008111178542937641,0.008111178542938274,0.008111178542937763,0.008111178542937763
neighbourhood_group_cleansed,,,,,,,,,,,,,,,,,,,,,,,,,,,,,,,,,,,,,,,,,,,,,,,,,,,,,,,,,,,,,,,,,,,,,,,,,,,,,,,,,,,,,
latitude,-0.10103723192823247,,-0.14233973734623392,-0.012492346745949479,-0.015069560703091144,,1.0,-0.6366469668509842,0.007482901414956537,0.008475833916278368,-0.015638002545737273,-0.0468845169742131,0.03922984708948851,0.014928569940612257,0.031527412871570126,0.049681691128065024,0.00874235868444825,0.015328830423082319,0.04289861720715921,0.006927864827225197,,-0.12257529555601494,-0.09955578341892864,-0.09458679670979202,-0.03342130013791028,0.12933290036000336,0.06492504644449328,0.0392588732346147,-0.09037852369454777,0.07276679670549463,0.10587013304583277,0.15106537002748535,0.06396574776273005,0.04298368638809082,0.05380369620521039,0.03849163845709773,0.009101736846202853,0.20157728956500806,0.03201690891443888,,-0.017055806463874567,0.053272970347403796,-0.10013045258801735,-0.007500330713614101,0.054315489902328457,0.04259975997170109,0.17033207167181977,0.03857228941553559,0.18857214275539444,0.16175905609476673,0.03434265178123803,-0.030248818816163814,0.0425997599717012,0.17082780192864166,0.17033207167182024,0.12933290036000294,0.1634603173541179,0.054315489902328457,0.033421300137910274,0.10587013304583301,0.032494906523029825,0.09247422179954759,0.15106537002748535,0.07158358319036609,0.07337280138573649,0.1262306056327169,-0.017055806463874567,-0.007663658599826585,,,,,,,,,0.09247422179954767,0.09247422179954781,0.09247422179954758,-0.05848570897207297,0.09247422179954758,0.1510653700274856,0.15106537002748527,0.15106537002748516,0.15106537002748516
longitude,-0.03159735011198991,,-0.004963084166199006,-0.0007023671942352957,0.007632423000668957,,-0.6366469668509842,1.0,0.022633795035827204,-0.01172358773107726,0.04315921975678598,0.08448584051401221,-0.02305743719607396,-0.009731452186503425,-0.020321820334817955,-0.03610060150158817,0.027801219559356823,0.01026077209775052,-0.022960505479251825,0.020199911375183982,,0.052900255961105334,0.02962138579584141,0.01793895276483477,0.015405208059057193,-0.027909383181166484,-0.024001537754415284,-0.005293350399954064,0.01587829381589147,-0.02171518060647019,-0.06683240909006137,-0.03499264485305301,0.033178638184771986,0.02010592232398145,-0.0009042099782937225,0.03455702781552872,0.06281132376177072,0.09489927275067128,0.05289333702553328,,-0.13924324519134565,-0.13420016320419917,-0.03374248558634701,-0.10083588201402963,-0.03506758399503082,-0.017289826188027612,0.024522132172605134,-0.019629334422557435,-0.004105363377086198,-0.017629920748330162,0.030486894598597315,0.09187315227302681,-0.01728982618802756,0.02271519353542436,0.02452213217260518,-0.02790938318116639,-0.018894288098000346,-0.03506758399503088,-0.015405208059057292,-0.06683240909006095,-0.027528954707798547,-0.019534293580936092,-0.03499264485305301,-0.03008693581128012,-0.03193243786000684,0.004502129129648206,-0.13924324519134565,-0.14566364107462917,,,,,,,,,-0.01953429358093608,-0.019534293580936005,-0.019534293580936,-0.028396174786087882,-0.019534293580936,-0.03499264485305276,-0.034992644853052646,-0.034992644853053104,-0.034992644853053104
accommodates,0.08066634641258462,,0.0770556450664963,0.03189513838773373,0.03224879251281523,,0.007482901414956537,0.022633795035827204,1.0,0.6214297967133305,0.7907391237439853,0.7947335392210472,-0.046999387347799904,0.052820246379857834,-0.045847420660234575,-0.036404699771138506,0.06981973787098243,0.06488436740284893,-0.03698013056171048,0.0690530219907472,,0.04632917766219401,0.03825570417680538,0.023689862064315503,0.008883565765168584,-0.056628354670592865,0.017754003042562177,-0.022594840055810757,0.0197734461333889,0.015196669508188721,0.002408816165221705,0.2443127077657911,-0.04591465109049318,-0.04844961188132254,-0.030012518748980598,-0.008815363992667571,-0.008577012582840273,-0.07593866149135349,-0.07643228541504607,,-0.014606965854615338,0.12656037462345163,-0.1554197909401737,-0.09935932171577869,0.011352649285998382,0.04005405107375053,0.6206318258667636,-0.022198363240612973,-0.2728876030658045,-0.029842108873542973,0.9272167094379861,0.7946920925358215,0.040054051073750534,0.6303224614142524,0.6206318258667641,-0.05662835467059258,-0.027320731170440638,0.011352649285998474,-0.008883565765168586,0.002408816165221659,-0.01786196581864968,0.19150267188306233,0.2443127077657911,-0.06655263968450222,-0.014202982564749226,0.2532738905944146,-0.014606965854615338,0.015496288033905374,,,,,,,,,0.19150267188306236,0.1915026718830624,0.19150267188306178,-0.11508100433288149,0.19150267188306178,0.24431270776579048,0.24431270776579045,0.24431270776579148,0.24431270776579148
bathrooms,0.06978915500806988,,0.017001412481157115,0.025718551554887597,0.026026907633939653,,0.008475833916278368,-0.01172358773107726,0.6214297967133305,1.0,0.7256888562408537,0.6320008708115182,0.012871271788950017,0.028145174665277262,0.02280824603274624,0.0295436208762407,0.008140344282966195,0.0027080532566637235,0.04105414150769324,0.007897988709728371,,0.048465891265765136,0.03998772924163678,0.025369435107498582,0.014868989759137098,-0.10786950052788098,-0.0634024182036399,-0.08176396222351075,0.02242130562487362,-0.06990188938997804,-0.08044172848344858,0.14083884289466495,-0.038577089358308544,-0.04756030007614251,-0.05493350586343663,-0.031819959077560196,-0.0337437002564962,-0.06175339850558983,-0.07231140632323545,,0.14277118116943244,0.11091448236464319,0.0858363390096644,0.04698177891801513,-0.08967078556499908,0.023547423380533783,0.431886045632358,-0.019134708546633336,-0.040494925499277655,-0.08956022850638512,0.5112346907121574,0.5742935004872411,0.023547423380533717,0.4000476106204987,0.43188604563235844,-0.10786950052788113,-0.08862936188925823,-0.08967078556499915,-0.01486898975913703,-0.08044172848344852,-0.057707173623972,0.1359345412480396,0.14083884289466495,-0.03324271155248117,-0.029425650991073055,0.17098546371953857,0.14277118116943244,0.06780529391225666,,,,,,,,,0.13593454124803953,0.13593454124803953,0.13593454124803891,-0.027329503396536125,0.13593454124803891,0.14083884289466458,0.14083884289466414,0.14083884289466522,0.14083884289466522
bedrooms,0.088149070338585,,0.06340029041011702,0.02012590589467771,0.021303122932969206,,-0.015638002545737273,0.04315921975678598,0.7907391237439853,0.7256888562408537,1.0,0.7924325185139429,-0.005598003301899077,0.02672411062779039,-0.003968351664545842,-0.02837520190283389,-0.009962952152090337,-0.014985577545526482,0.005180220871935502,-0.01110397885762162,,0.05787839759689308,0.03492465949002127,0.013188984017318462,-0.014472413765486115,-0.13878043600598983,-0.07762289264139435,-0.0881681502747897,0.008359659712654685,-0.083927899422652,-0.09987661779034168,0.15751224581388956,-0.05940838987768001,-0.07109704426441439,-0.08032668977170553,-0.016749782917901725,-0.024287480310156914,-0.09347539590457651,-0.07835185789468836,,0.03734564334476321,0.0946595303669794,-0.04816562682164374,-0.05108218673012222,-0.09619130264221172,0.02728017734462873,0.5381099106666726,-0.02160151678476752,-0.12527515345630344,-0.1218416104439992,0.7122441824331586,0.7603698334111402,0.027280177344628665,0.5459945854165187,0.5381099106666716,-0.13878043600599016,-0.12070869915965925,-0.09619130264221142,0.014472413765485912,-0.09987661779034154,-0.06400801897692035,0.14576351823655218,0.15751224581388956,-0.049757500419913336,-0.053801302526566855,0.19577358247449045,0.03734564334476321,0.0370475243111579,,,,,,,,,0.14576351823655204,0.14576351823655212,0.14576351823655168,-0.057026529946771404,0.14576351823655168,0.1575122458138887,0.15751224581388892,0.15751224581389003,0.15751224581389003
beds,0.035868318539236596,,0.04538627019977289,0.0409245790704355,0.04636748203162651,,-0.0468845169742131,0.08448584051401221,0.7947335392210472,0.6320008708115182,0.7924325185139429,1.0,-0.035466095031258124,0.06969795375328382,-0.0383790424267955,-0.037027082951107036,0.06213957538016852,0.05840161742192426,-0.02769234396737568,0.06265046069487723,,0.06520300713855565,0.06512880420546872,0.052991264475351976,0.03197306566106024,-0.05923661551571156,-0.004601305336897861,-0.04293135714762308,0.04828104402379498,-0.005454961681054047,-0.023840298774476913,0.17981906879954407,-0.06518130056249008,-0.04781633092574625,-0.038085967953236204,-0.0010121979843864394,-0.004547086639826189,-0.10144750839910836,-0.0824935152222993,,0.06419972935605445,0.1302280066761775,-0.03922437610014895,-0.06682757194853987,-0.025141376712593262,0.030198481979094822,0.49832932875509406,-0.021369307745791197,-0.17497224396261746,-0.037255381364262354,0.7034697927393975,0.9299844078059826,0.03019848197909481,0.49608213087111824,0.49832932875509167,-0.059236615515711626,-0.034863016856475984,-0.02514137671259323,-0.03197306566106015,-0.023840298774476864,-0.019426773517877343,0.13327754685281448,0.17981906879954407,-0.05719226867995514,-0.02491753025440402,0.1915480333630124,0.06419972935605445,0.057647712446267374,,,,,,,,,0.13327754685281445,0.13327754685281448,0.13327754685281437,-0.07710813236861115,0.13327754685281437,0.17981906879954465,0.17981906879954412,0.17981906879954399,0.17981906879954399
minimum_nights,-0.0031547924260884055,,-0.028202631665698363,-0.0015671881921961702,0.0026155224985195003,,0.03922984708948851,-0.02305743719607396,-0.046999387347799904,0.012871271788950017,-0.005598003301899077,-0.035466095031258124,1.0,0.061157758999082074,0.972428125365882,0.7240134903222427,-0.01516357470642507,-0.023215559403123264,0.9678736736803432,-0.018331131596568195,,0.025202509946126442,0.011009283807155754,0.017803929830138454,0.05030554423280858,-0.12010839925392416,-0.1522332972372607,-0.13139754228581937,0.02092322046009764,-0.13050495317883465,-0.017389516639308232,-0.05633425610373214,0.008183947139320642,-0.020763837939525808,-0.04364901805069926,0.00602777350989273,0.004612962134140588,0.02525981585845675,-0.009879938151216704,,0.036679711335687516,0.05909753440935813,0.006353649780656237,-0.03933699792784298,-0.15745652511280966,-0.008766200931740175,0.02081920518707951,-0.0069635877346118135,0.08468398229623238,-0.17610956326210347,-0.041104119654610076,-0.02634107968313802,-0.008766200931740152,-0.0024793947722387046,0.020819205187079536,-0.12010839925392378,-0.1745097914884872,-0.15745652511280972,-0.0503055442328088,-0.01738951663930819,0.06813048232446287,-0.05471598120932025,-0.05633425610373214,-0.037412586042042284,-0.041700747888180775,-0.1275108540490249,0.036679711335687516,-0.029522903451469254,,,,,,,,,-0.05471598120932026,-0.054715981209320155,-0.0547159812093201,0.086247055609009,-0.0547159812093201,-0.05633425610373227,-0.05633425610373238,-0.05633425610373235,-0.05633425610373235
maximum_nights,-0.11861729159192418,,0.015306144779314202,0.1839706061830024,0.18818634149418834,,0.014928569940612257,-0.009731452186503425,0.052820246379857834,0.028145174665277262,0.02672411062779039,0.06969795375328382,0.061157758999082074,1.0,0.061644603987887805,0.1553912969689263,0.5484126263472435,0.5686952122408795,0.06411594140303047,0.5516739612416103,,0.011353753939907462,0.005376547575536324,0.007926089384351267,0.14431386369889238,-0.08464502127058436,-0.12527112375116695,-0.1086151429818127,0.010753960630421373,-0.1097166202913939,-0.10358356379949085,-0.05109799502813056,-0.07724514034357254,-0.07319245809860997,-0.06296269642835521,-0.05464617955543325,-0.0543013947778659,-0.06237253878167139,-0.06569815523970438,,0.19739379879433638,0.21378778168714735,0.10664989966741718,-0.07213074809670095,-0.14954850452865803,0.09336472101592777,0.1062425611184159,0.08600579319538228,0.05762676427013584,-0.03721716332908777,0.05383525070147012,0.06864542221785153,0.0933647210159278,0.09425723285291766,0.10624256111841623,-0.08464502127058417,-0.03294126627130089,-0.14954850452865767,-0.14431386369889282,-0.10358356379949098,-0.06129711820745667,0.04346843062023395,-0.05109799502813056,0.03654315709004891,0.06250089638843633,-0.06844355968580525,0.19739379879433638,0.11798924066849806,,,,,,,,,0.043468430620233964,0.043468430620233735,0.043468430620233936,0.007757340662687841,0.043468430620233936,-0.051097995028129915,-0.05109799502812967,-0.05109799502813069,-0.05109799502813069
minimum_minimum_nights,-0.00020527092253192557,,-0.03077921968330785,-0.002195903582216696,0.00136414948556988,,0.031527412871570126,-0.020321820334817955,-0.045847420660234575,0.02280824603274624,-0.003968351664545842,-0.0383790424267955,0.972428125365882,0.061644603987887805,1.0,0.7103036074344877,-0.013146758851486915,-0.021918788983322328,0.9632732245262461,-0.017168941768526978,,0.035141075262520236,0.019766317970075074,0.023370523195855426,0.046604527875233684,-0.11833989519615681,-0.1550255027528496,-0.12975258691841585,0.02622291101826769,-0.1357478451770905,-0.04440121883243239,-0.07951505597416764,0.0025417450071852795,-0.02488225191522753,-0.049726374708970365,0.00023375910654640535,-0.00025215037759942566,0.020926954310145702,-0.011505132082189118,,0.03892178796678723,0.05892144205348887,0.009595003776472771,-0.03673057521069662,-0.156476204434407,-0.006554122604949641,0.02752042121989406,-0.005134405540653846,0.09707507193502984,-0.18554831066403338,-0.03921563319138101,-0.033376200081377955,-0.0065541226049495764,0.0023737068015235348,0.02752042121989421,-0.11833989519615618,-0.18406229572298477,-0.15647620443440713,-0.04660452787523366,-0.0444012188324323,0.029895046794566643,-0.05253137618828874,-0.07951505597416764,-0.03581954267039869,-0.04072749932924089,-0.13190827446293601,0.03892178796678723,-0.03089039800982066,,,,,,,,,-0.0525313761882887,-0.05253137618828869,-0.05253137618828884,0.09500067704225369,-0.05253137618828884,-0.07951505597416776,-0.07951505597416761,-0.07951505597416782,-0.07951505597416782
maximum_minimum_nights,0.030215737851455166,,-0.028215877568927992,-0.001961835468440389,0.0018818986096356643,,0.049681691128065024,-0.03610060150158817,-0.036404699771138506,0.0295436208762407,-0.02837520190283389,-0.037027082951107036,0.7240134903222427,0.1553912969689263,0.7103036074344877,1.0,0.05872198461534289,0.050939748654141304,0.7619655576181006,0.05588508657686828,,-0.04185767033555183,-0.04815476713872695,-0.03953301444194494,0.05104289979156846,-0.1167522843572359,-0.1399793074028113,-0.12016874355213193,-0.035279606290083546,-0.12257565660714333,-0.061032350945021165,-0.0809275704363652,-0.049705542786848536,-0.062396564863124504,-0.02434485335300019,-0.08341358971982207,-0.0914932397620007,-0.01389440981780836,-0.0636980632067175,,0.2677987012292642,0.39374660396605776,-0.01873820514124094,-0.03490916630419409,-0.1517782720565291,-0.00449083662812601,0.0903296756346985,-0.003662513998407686,0.14353003130010514,-0.19934205714697134,-0.026903043453413194,-0.032811717290104105,-0.004490836628125985,0.09025820116055185,0.09032967563469838,-0.11675228435723588,-0.1972779916180556,-0.151778272056529,-0.051042899791568515,-0.06103235094502091,0.032457047967837604,-0.013366724716086412,-0.0809275704363652,-0.006932445976246183,-0.02878727260530467,-0.025095736769749005,0.2677987012292642,0.04746635000687772,,,,,,,,,-0.013366724716086359,-0.013366724716086423,-0.013366724716086452,0.028070773851399482,-0.013366724716086452,-0.0809275704363652,-0.08092757043636478,-0.08092757043636503,-0.08092757043636503
minimum_maximum_nights,-0.1838724053346029,,-0.018296630438375927,0.036032489611586414,0.0499122513256067,,0.00874235868444825,0.027801219559356823,0.06981973787098243,0.008140344282966195,-0.009962952152090337,0.06213957538016852,-0.01516357470642507,0.5484126263472435,-0.013146758851486915,0.05872198461534289,1.0,0.9692919157702189,-0.01195942628442545,0.991359134430474,,-0.024315668374987116,-0.0072685930220689554,-0.0006699425570569706,0.14753879113750568,0.1265888492189061,0.12325612245507311,0.0726192283196301,0.006277986777384938,0.13965798705372479,0.12058341983914286,0.08972709615168864,-0.034711492749185835,-0.020285486861759742,0.003674587044820811,-0.010834703697784206,-0.010968717932304518,-0.04829825377594334,-0.033050319864358586,,0.12629259116736472,0.19773909834648787,-0.007631858900479862,-0.04858530226343189,0.09354270384579567,-0.05405640635265222,0.004098407545978475,-0.05434575248398419,-0.0876663229748701,0.2141007805235164,0.07520257882695591,0.0624129357939027,-0.05405640635265232,0.029073048413913075,0.0040984075459794085,0.12658884921890604,0.21808570456615847,0.0935427038457956,-0.1475387911375055,0.12058341983914253,0.07183603492819035,-0.08792119058340467,0.08972709615168864,-0.10703806999407613,-0.0882275536714007,-0.04502902861117289,0.12629259116736472,0.12803227095415595,,,,,,,,,-0.08792119058340478,-0.08792119058340436,-0.08792119058340488,-0.051156016668674975,-0.08792119058340488,0.08972709615168813,0.08972709615168872,0.0897270961516886,0.0897270961516886
maximum_maximum_nights,-0.1713808623713578,,0.02274174262439414,0.1111020666044333,0.11390459823049744,,0.015328830423082319,0.01026077209775052,0.06488436740284893,0.0027080532566637235,-0.014985577545526482,0.05840161742192426,-0.023215559403123264,0.5686952122408795,-0.021918788983322328,0.050939748654141304,0.9692919157702189,1.0,-0.02042188543881421,0.9873845840481159,,-0.009010761934442703,0.00835030600702259,0.01609681675807071,0.1547017925541581,0.11929449757691413,0.1222393677258096,0.07392113391800226,0.023638798929154454,0.1364947684954353,0.1168845699988531,0.10961730949448419,-0.042662274878685055,-0.025640408271658678,0.004389226182928417,-0.01968606607259209,-0.022068217153297806,-0.050591212855464446,-0.030715035464999083,,0.14874474232214935,0.18221416072541896,0.05200371542777149,-0.05200295271427793,0.09102582111400107,0.054633388995493366,0.05470062211269074,0.04919086594891299,-0.02137044252625168,0.20963681321585612,0.07195924890812752,0.057918238121745805,0.054633388995493165,0.05037348805304125,0.05470062211269162,0.11929449757691424,0.21417933899258143,0.09102582111400102,-0.15470179255415767,0.11688456999885284,0.07054764456105207,0.007313566051041184,0.10961730949448419,-0.00816955739363268,0.026844277746782243,-0.023879844731812656,0.14874474232214935,0.15687536394793916,,,,,,,,,0.007313566051041013,0.007313566051041414,0.007313566051041214,-0.05760736370253721,0.007313566051041214,0.10961730949448349,0.10961730949448423,0.1096173094944842,0.1096173094944842
minimum_nights_avg_ntm,-0.004237644528142186,,-0.03072684092921426,-0.0016463453401921898,0.002234696627762391,,0.04289861720715921,-0.022960505479251825,-0.03698013056171048,0.04105414150769324,0.005180220871935502,-0.02769234396737568,0.9678736736803432,0.06411594140303047,0.9632732245262461,0.7619655576181006,-0.01195942628442545,-0.02042188543881421,1.0,-0.015463886768928624,,0.019436261810424422,0.01185050177283484,0.01956392185804771,0.05134458170506089,-0.1234932410279481,-0.15799347274641992,-0.13257240236359305,0.022967819624191567,-0.1398384580735248,-0.03223597156787175,-0.07076556780092236,0.006356378980762935,-0.022055668576074508,-0.04464637740957028,-0.0006940676761737008,-0.003912672585454007,0.018854809596263747,-0.01313917328629195,,0.04727323215143809,0.07386184918634452,0.005943732533513691,-0.038987273519218976,-0.16473916239105835,-0.0075949194331941,0.03540082962375529,-0.007112612537869032,0.08929384156561361,-0.1841609563193225,-0.03288093076211233,-0.019707467530031032,-0.007594919433194048,0.008518365057878967,0.03540082962375548,-0.12349324102794777,-0.1829680955413491,-0.1647391623910586,-0.05134458170506086,-0.032235971567871696,0.053201303856945374,-0.047808858575655484,-0.07076556780092236,-0.03682031484948744,-0.0417846333041078,-0.11758853417072221,0.04727323215143809,-0.018306200191758104,,,,,,,,,-0.0478088585756555,-0.04780885857565541,-0.04780885857565537,0.08281112792191009,-0.04780885857565537,-0.07076556780092226,-0.07076556780092243,-0.07076556780092257,-0.07076556780092257
maximum_nights_avg_ntm,-0.18123470495034127,,-0.005482120989034858,0.041562157019339824,0.05441336567720443,,0.006927864827225197,0.020199911375183982,0.0690530219907472,0.007897988709728371,-0.01110397885762162,0.06265046069487723,-0.018331131596568195,0.5516739612416103,-0.017168941768526978,0.05588508657686828,0.991359134430474,0.9873845840481159,-0.015463886768928624,1.0,,-0.01710890880645971,-0.0015954962040064218,0.005670953066994214,0.14670958794175093,0.12612561929671753,0.12874461374478233,0.07801515830322156,0.012930835792109527,0.14262270584145437,0.12591116141799372,0.09677834823991897,-0.03623536100703122,-0.0198659061751025,0.0065955174305542055,-0.010272999599026604,-0.011090865698162838,-0.04934450033667218,-0.031052332684999667,,0.13500645585916224,0.19272959567216646,0.015854709450163432,-0.05040659369215914,0.09632210946002115,-0.04462023409218027,0.011798591551074235,-0.04527756460835811,-0.07817631149894341,0.21890454499509246,0.07499472375472,0.06261882167231338,-0.044620234092180217,0.035475672776877056,0.01179859155107468,0.12612561929671728,0.22325593244773842,0.09632210946002087,-0.1467095879417517,0.1259111614179939,0.07672145896144633,-0.07848788787507997,0.09677834823991897,-0.0957690314231177,-0.07552231892258064,-0.03650362670364111,0.13500645585916224,0.14106345307300863,,,,,,,,,-0.07848788787507996,-0.07848788787507976,-0.07848788787507985,-0.05564254784051055,-0.07848788787507985,0.09677834823991993,0.09677834823992064,0.09677834823991906,0.09677834823991906
calendar_updated,,,,,,,,,,,,,,,,,,,,,,,,,,,,,,,,,,,,,,,,,,,,,,,,,,,,,,,,,,,,,,,,,,,,,,,,,,,,,,,,,,,,,
availability_30,0.06913301633795119,,0.16188693964321035,0.03730314605534012,0.02880261947107041,,-0.12257529555601494,0.052900255961105334,0.04632917766219401,0.048465891265765136,0.05787839759689308,0.06520300713855565,0.025202509946126442,0.011353753939907462,0.035141075262520236,-0.04185767033555183,-0.024315668374987116,-0.009010761934442703,0.019436261810424422,-0.01710890880645971,,1.0,0.9354023315905494,0.8735441675328864,0.4566659564160073,-0.07829377340436472,-0.04945836027839125,0.004496963266474954,0.8588489437619055,-0.06530796188124417,-0.10770111338726363,-0.12542915392777246,-0.15245776150022491,-0.13409603853348853,-0.1447165665462031,-0.12332728176893067,-0.10062581045261032,-0.11839763772534544,-0.1382724841055123,,-0.01029952993433899,-0.09007769970994856,0.06677158599451317,0.07626866608215427,0.0017542317618588943,0.014921601168654685,0.08040958059725589,0.00982840029409516,0.07498248410652646,-0.1445929288670607,0.01231667173737003,0.05125511936993514,0.014921601168654684,0.08011858312932002,0.08040958059725566,-0.0782937734043646,-0.13990469524585736,0.0017542317618588976,-0.4566659564160066,-0.10770111338726387,-0.06350357550194037,-0.07454589231326995,-0.12542915392777246,-0.06179892222214048,-0.056197703605744734,-0.3370757157234199,-0.01029952993433899,0.04470581130546135,,,,,,,,,-0.07454589231326991,-0.07454589231326979,-0.07454589231326965,0.31122052414852863,-0.07454589231326965,-0.1254291539277724,-0.1254291539277724,-0.1254291539277724,-0.1254291539277724
availability_60,0.06534805677889607,,0.1639358336148451,0.04435022552608609,0.035726166473712996,,-0.09955578341892864,0.02962138579584141,0.03825570417680538,0.03998772924163678,0.03492465949002127,0.06512880420546872,0.011009283807155754,0.005376547575536324,0.019766317970075074,-0.04815476713872695,-0.0072685930220689554,0.00835030600702259,0.01185050177283484,-0.0015954962040064218,,0.9354023315905494,1.0,0.9748666901991242,0.5349389119718427,-0.029003044054147963,0.012608220452738978,0.05823037942433693,0.9640307511846473,-0.010261915782763533,-0.03115263662267667,-0.07622116218247704,-0.1386488855502009,-0.12517757389929407,-0.12705913304930172,-0.11119428642093156,-0.09205736376716628,-0.11393869587242658,-0.12572063080935408,,-0.007509434112019646,-0.08061643168636967,0.056828944974136264,0.08191582747157918,0.06608706381377819,0.026969477714979855,0.07068858164739211,0.021087761024999714,0.0707574070164887,-0.08666006451909575,0.00453522565520461,0.05268804994214156,0.026969477714979748,0.06405330144142228,0.07068858164739193,-0.029003044054147976,-0.08250385373072973,0.06608706381377834,-0.534938911971844,-0.031152636622676703,-0.034316779042531685,-0.09023708640761913,-0.07622116218247704,-0.07150238845703284,-0.05900096594737623,-0.3672726437421297,-0.007509434112019646,0.045576387958894495,,,,,,,,,-0.09023708640761918,-0.0902370864076191,-0.09023708640761925,0.2802694440210414,-0.09023708640761925,-0.07622116218247738,-0.0762211621824771,-0.07622116218247717,-0.07622116218247717
availability_90,0.0682186603767366,,0.16422216278676624,0.04650400675977197,0.03803604230801405,,-0.09458679670979202,0.01793895276483477,0.023689862064315503,0.025369435107498582,0.013188984017318462,0.052991264475351976,0.017803929830138454,0.007926089384351267,0.023370523195855426,-0.03953301444194494,-0.0006699425570569706,0.01609681675807071,0.01956392185804771,0.005670953066994214,,0.8735441675328864,0.9748666901991242,1.0,0.5798751796019892,-0.010316939053222394,0.030881410576238385,0.07434725041548651,0.9967957165122003,0.007329384992443783,0.004054042267799733,-0.06622174060189584,-0.13444649334241338,-0.12353271830666697,-0.12500010246564106,-0.10882847535383977,-0.0936980445757427,-0.11801225450871487,-0.1238586833121262,,-0.0038432627570385847,-0.07671161263581625,0.05750724276421064,0.08420382958324703,0.08569297887396765,0.03140985620718272,0.05079734015257173,0.026921743063331626,0.06430559144871266,-0.06610209003729757,-0.010512130381172284,0.0388711702509832,0.03140985620718269,0.03925831077599747,0.050797340152571716,-0.01031693905322242,-0.06261971307786532,0.08569297887396772,-0.5798751796019893,0.004054042267799738,-0.013924193821198421,-0.10393152608209746,-0.06622174060189584,-0.07900905963086845,-0.06323012951712349,-0.3891550740965763,-0.0038432627570385847,0.0506934292018619,,,,,,,,,-0.10393152608209745,-0.10393152608209733,-0.10393152608209752,0.2651611670859639,-0.10393152608209752,-0.06622174060189612,-0.06622174060189573,-0.06622174060189576,-0.06622174060189576
availability_365,0.08476311339454363,,0.1569036148558575,0.10307266983050596,0.09310821677149464,,-0.03342130013791028,0.015405208059057193,0.008883565765168584,0.014868989759137098,-0.014472413765486115,0.03197306566106024,0.05030554423280858,0.14431386369889238,0.046604527875233684,0.05104289979156846,0.14753879113750568,0.1547017925541581,0.05134458170506089,0.14670958794175093,,0.4566659564160073,0.5349389119718427,0.5798751796019892,1.0,0.0034804204351909108,0.020530078337117296,0.04367373600908691,0.6121082942412276,0.002054540017944014,0.04507429461443945,-0.02374530637408359,-0.1275580709484564,-0.14472099945781092,-0.12757943921773904,-0.11245405321016821,-0.11895962247667212,-0.11500996874318137,-0.14399255237029915,,0.0018496098643052598,-0.008982018855679749,0.00679562702894292,0.010436647694866522,0.04539111217848433,0.05408276031824754,0.06779363527213704,0.049052114715962936,0.08457432794301636,-0.05745643154566305,-0.014835591661923974,0.030561487968653267,0.05408276031824754,0.042877249615038464,0.06779363527213696,0.0034804204351907004,-0.055430017170222445,0.045391112178484516,-1.0000000000000002,0.045074294614439396,0.02293204446347231,-0.26796800078989513,-0.02374530637408359,-0.22224118669465198,-0.1653422330035233,-0.7571377923131606,0.0018496098643052598,0.05819384639957443,,,,,,,,,-0.26796800078989513,-0.26796800078989497,-0.2679680007898941,0.3464489744604525,-0.2679680007898941,-0.023745306374083917,-0.02374530637408418,-0.023745306374083616,-0.023745306374083616
number_of_reviews,-0.41000298348736136,,-0.183904479197902,-0.06480972522860141,-0.06189249241313273,,0.12933290036000336,-0.027909383181166484,-0.056628354670592865,-0.10786950052788098,-0.13878043600598983,-0.05923661551571156,-0.12010839925392416,-0.08464502127058436,-0.11833989519615681,-0.1167522843572359,0.1265888492189061,0.11929449757691413,-0.1234932410279481,0.12612561929671753,,-0.07829377340436472,-0.029003044054147963,-0.010316939053222394,0.0034804204351909108,1.0,0.6469048182183199,0.4390897869205049,-0.009255080279544244,0.7083298047209378,0.5085620100665829,0.32855332382305424,0.0704046942116811,0.08907250520884276,0.1019598010711551,0.09608187559543141,0.08531175652152434,0.0944034790762847,0.08451150895887688,,-0.08423616798434,-0.03257907594558691,-0.09193413419659376,-0.04539793153495919,0.6911934930560486,-0.03328203576302934,-0.0780602206265052,-0.027919515790999057,-0.06658260142193742,0.7267386091005424,-0.02408398082234309,-0.05420513764194063,-0.033282035763029336,-0.0716614481989628,-0.0780602206265048,1.0000000000000007,0.704201583963517,0.6911934930560466,-0.003480420435190933,0.5085620100665844,0.38107284286156495,-0.04471253602450521,0.32855332382305424,-0.022841999750012647,-0.01065902481592233,0.04595404584603028,-0.08423616798434,-0.015162680987564816,,,,,,,,,-0.04471253602450514,-0.0447125360245049,-0.0447125360245047,-0.09772477643082726,-0.0447125360245047,0.3285533238230563,0.32855332382305674,0.3285533238230543,0.3285533238230543
number_of_reviews_ltm,-0.10030019781900115,,-0.028246513379677974,-0.06254531531553639,-0.0616107679525578,,0.06492504644449328,-0.024001537754415284,0.017754003042562177,-0.0634024182036399,-0.07762289264139435,-0.004601305336897861,-0.1522332972372607,-0.12527112375116695,-0.1550255027528496,-0.1399793074028113,0.12325612245507311,0.1222393677258096,-0.15799347274641992,0.12874461374478233,,-0.04945836027839125,0.012608220452738978,0.030881410576238385,0.020530078337117296,0.6469048182183199,1.0,0.7532080570904285,0.030671318238563703,0.8775761559395739,0.7918798052963048,0.5829530637073436,0.09365144141856756,0.08740918475027665,0.11195618963023651,0.07803229825074513,0.0829748057853096,0.062011905658090324,0.09721417171917712,,-0.08808162875067198,-0.04280893230239695,-0.10220445339309994,-0.005454799489157135,0.8543744787078685,-0.0337790728231994,-0.04313179020606792,-0.031052157621183456,-0.11375635531761336,0.5916607480262707,0.0489777204697324,0.012295662333664324,-0.03377907282319947,-0.016534220924025008,-0.043131790206067236,0.6469048182183189,0.5830292125431324,0.8543744787078675,-0.02053007833711725,0.7918798052963072,0.6016659190363075,-0.025820377058179467,0.5829530637073436,-0.02250513593547251,-0.004182666819750312,0.0804325009502353,-0.08808162875067198,0.015706882167489906,,,,,,,,,-0.025820377058179463,-0.02582037705817944,-0.025820377058179363,-0.12001103362669048,-0.025820377058179363,0.5829530637073438,0.5829530637073436,0.5829530637073441,0.5829530637073441
number_of_reviews_l30d,-0.0024400020147968375,,-0.014072901017807752,-0.04989880973404371,-0.04922642291678976,,0.0392588732346147,-0.005293350399954064,-0.022594840055810757,-0.08176396222351075,-0.0881681502747897,-0.04293135714762308,-0.13139754228581937,-0.1086151429818127,-0.12975258691841585,-0.12016874355213193,0.0726192283196301,0.07392113391800226,-0.13257240236359305,0.07801515830322156,,0.004496963266474954,0.05823037942433693,0.07434725041548651,0.04367373600908691,0.4390897869205049,0.7532080570904285,1.0,0.07373570383963186,0.5941047380268524,0.5856954526106781,0.4160881674723358,0.08679019091162744,0.07926651211590054,0.10380716239699715,0.07069989730332572,0.06516052108968207,0.06401138862161697,0.08886639515608673,,-0.0626973286999874,-0.03793620751269008,-0.08141401354135211,0.040317629209673155,0.730558215294408,-0.03015582449332438,-0.057780572899354316,-0.0260347858929744,-0.07952161998229648,0.4184337990127857,0.007650626633967841,-0.02876165346976234,-0.030155824493324393,-0.0336458605375857,-0.057780572899354274,0.4390897869205047,0.41105465287282184,0.7305582152944068,-0.04367373600908683,0.585695452610678,0.43789133989335877,-0.036661970391029974,0.4160881674723358,-0.02186024655402459,-0.004461845296648511,0.03394547356110088,-0.0626973286999874,0.009332656894065712,,,,,,,,,-0.03666197039102998,-0.036661970391029884,-0.0366619703910299,-0.08351312519592308,-0.0366619703910299,0.4160881674723359,0.4160881674723349,0.4160881674723357,0.4160881674723357
availability_eoy,0.07178421279483378,,0.16754494146978824,0.049108843703046585,0.03999032834135469,,-0.09037852369454777,0.01587829381589147,0.0197734461333889,0.02242130562487362,0.008359659712654685,0.04828104402379498,0.02092322046009764,0.010753960630421373,0.02622291101826769,-0.035279606290083546,0.006277986777384938,0.023638798929154454,0.022967819624191567,0.012930835792109527,,0.8588489437619055,0.9640307511846473,0.9967957165122003,0.6121082942412276,-0.009255080279544244,0.030671318238563703,0.07373570383963186,1.0,0.006866213624969624,0.00740822306995733,-0.06750104945830548,-0.13642948783896758,-0.12653926487173153,-0.12717702682960952,-0.11092625094659266,-0.09606041388285093,-0.11985462949342217,-0.12723502504542525,,-0.002561017204414625,-0.07469506122285124,0.05915271276015448,0.07932780116098814,0.08609615148434915,0.03377572743413527,0.049925987607314704,0.029450126031937113,0.06837213538099873,-0.06606243648385478,-0.014445873393149894,0.03459229712639706,0.033775727434135344,0.03661182864998487,0.04992598760731466,-0.009255080279544279,-0.06276531646818886,0.08609615148434921,-0.6121082942412267,0.007408223069957349,-0.012219294317716609,-0.11491580743018075,-0.06750104945830548,-0.08811315457966634,-0.06940494957613964,-0.4166254170136754,-0.002561017204414625,0.05244507147243477,,,,,,,,,-0.11491580743018076,-0.11491580743018046,-0.11491580743018016,0.2732405560137541,-0.11491580743018016,-0.06750104945830573,-0.06750104945830568,-0.0675010494583055,-0.0675010494583055
number_of_reviews_ly,-0.19599842592362585,,-0.04902929896416932,-0.06369005819490078,-0.0613758179092568,,0.07276679670549463,-0.02171518060647019,0.015196669508188721,-0.06990188938997804,-0.083927899422652,-0.005454961681054047,-0.13050495317883465,-0.1097166202913939,-0.1357478451770905,-0.12257565660714333,0.13965798705372479,0.1364947684954353,-0.1398384580735248,0.14262270584145437,,-0.06530796188124417,-0.010261915782763533,0.007329384992443783,0.002054540017944014,0.7083298047209378,0.8775761559395739,0.5941047380268524,0.006866213624969624,1.0,0.6977629725891706,0.5123084522872016,0.0942939368058398,0.09085266725693678,0.1123888923356777,0.08122680470979317,0.08338480058062564,0.06419422944685822,0.09299523028472548,,-0.093974691764035,-0.03382675909030231,-0.11030533409294291,-0.04124453361448669,0.7730182435000919,-0.031065733461079117,-0.034538047503477894,-0.028574089035655403,-0.10475954382451924,0.6132471739917523,0.05137129961678932,0.007676335174843002,-0.031065733461079072,-0.013346190425413077,-0.03453804750347681,0.7083298047209351,0.6043090397483852,0.7730182435000928,-0.002054540017944052,0.6977629725891706,0.5611765799435113,-0.020094515286000064,0.5123084522872016,-0.0212202634573611,-0.00016254876292327806,0.07431923546143052,-0.093974691764035,-0.0023553572684951226,,,,,,,,,-0.020094515286000026,-0.020094515285999922,-0.020094515285999814,-0.1058628315004668,-0.020094515285999814,0.5123084522872031,0.5123084522872043,0.5123084522872031,0.5123084522872031
estimated_occupancy_l365d,-0.11442544670238991,,-0.018339604026620587,-0.071688938377504,-0.0710385136684823,,0.10587013304583277,-0.06683240909006137,0.002408816165221705,-0.08044172848344858,-0.09987661779034168,-0.023840298774476913,-0.017389516639308232,-0.10358356379949085,-0.04440121883243239,-0.061032350945021165,0.12058341983914286,0.1168845699988531,-0.03223597156787175,0.12591116141799372,,-0.10770111338726363,-0.03115263662267667,0.004054042267799733,0.04507429461443945,0.5085620100665829,0.7918798052963048,0.5856954526106781,0.00740822306995733,0.6977629725891706,1.0,0.7254467560127502,0.11576560920656521,0.10132753805749087,0.12042911430136256,0.09977967038996975,0.09982671546938197,0.06191751817619939,0.10520580057635179,,-0.09188789900931006,-0.02881586441235192,-0.12157580372054927,-0.019699350810505833,0.6541182741684068,-0.046533965500829486,-0.0804853374406814,-0.04186593406978183,-0.15055753917501472,0.5959794970920501,0.03878440341418251,-0.0026236160476830494,-0.04653396550082938,-0.04994392789630459,-0.08048533744068095,0.5085620100665819,0.5930714401389704,0.6541182741684071,-0.04507429461443961,0.9999999999999989,0.6331497285364786,-0.048415613600641,0.7254467560127502,-0.04196307558303222,-0.02520515052552092,0.05596583902253032,-0.09188789900931006,0.04082031002912775,,,,,,,,,-0.048415613600640964,-0.04841561360064087,-0.04841561360064081,-0.12271745640649301,-0.04841561360064081,0.7254467560127507,0.7254467560127473,0.7254467560127492,0.7254467560127492
estimated_revenue_l365d,-0.08183679404839479,,-0.002481704873949984,0.016530877628686044,0.008111178542937717,,0.15106537002748535,-0.03499264485305301,0.2443127077657911,0.14083884289466495,0.15751224581388956,0.17981906879954407,-0.05633425610373214,-0.05109799502813056,-0.07951505597416764,-0.0809275704363652,0.08972709615168864,0.10961730949448419,-0.07076556780092236,0.09677834823991897,,-0.12542915392777246,-0.07622116218247704,-0.06622174060189584,-0.02374530637408359,0.32855332382305424,0.5829530637073436,0.4160881674723358,-0.06750104945830548,0.5123084522872016,0.7254467560127502,1.0,0.12547150352018469,0.08691472532319645,0.10958919902210382,0.08904957551579522,0.08785015789384094,0.11808580688190595,0.12271382998089296,,-0.09495375183145623,-0.020072411181773785,-0.1225108585629968,-0.06434829174673817,0.45365090292075205,0.18482468101948235,0.2933340473747313,0.098975065181736,0.06045580004885688,0.4481825493613853,0.2690740336832726,0.21479448588062286,0.18482468101948205,0.270680664687615,0.2933340473747319,0.3285533238230536,0.4491563847011698,0.45365090292075083,0.023745306374083827,0.7254467560127489,0.4172516316833214,0.2269824735080063,1.0,0.09231690962812292,0.18490482454688634,0.18749411022013787,-0.09495375183145623,0.00023642651802788803,,,,,,,,,0.2269824735080064,0.22698247350800654,0.22698247350800657,-0.11829954048597643,0.22698247350800657,1.0000000000000007,0.9999999999999983,0.9999999999999999,0.9999999999999999
review_scores_rating,-0.0436427181262094,,-0.11461580391767082,-0.0985514060676829,-0.0951869724286918,,0.06396574776273005,0.033178638184771986,-0.04591465109049318,-0.038577089358308544,-0.05940838987768001,-0.06518130056249008,0.008183947139320642,-0.07724514034357254,0.0025417450071852795,-0.049705542786848536,-0.034711492749185835,-0.042662274878685055,0.006356378980762935,-0.03623536100703122,,-0.15245776150022491,-0.1386488855502009,-0.13444649334241338,-0.1275580709484564,0.0704046942116811,0.09365144141856756,0.08679019091162744,-0.13642948783896758,0.0942939368058398,0.11576560920656521,0.12547150352018469,1.0,0.8053912315368176,0.6477205695032275,0.6622685679935751,0.7437565874827373,0.6519323963518786,0.8573173569118135,,-0.1240492675940306,-0.12639995210421315,-0.05159756094620599,-0.04274986264620228,0.08566328500250409,-0.001599449941476732,0.07772351280260273,0.008365550635232127,0.13003135618427614,0.11459068097559856,-0.022867329322640767,-0.06019826236399134,-0.0015994499414767494,0.06965288324965303,0.0777235128026031,0.07040469421168116,0.11316862929786366,0.08566328500250413,0.1275580709484565,0.11576560920656526,0.06492661619602547,0.059734164283933765,0.12547150352018477,0.06561475672244833,0.05119032680650546,0.1815327119118985,-0.1240492675940306,-0.13891921976206822,,,,,,,,,0.059734164283933765,0.05973416428393365,0.05973416428393376,-0.15030245992968397,0.05973416428393376,0.1254715035201849,0.12547150352018527,0.12547150352018507,0.12547150352018507
review_scores_accuracy,-0.0629468423435484,,-0.11429943007301228,-0.10580368486673668,-0.10228068981285586,,0.04298368638809082,0.02010592232398145,-0.04844961188132254,-0.04756030007614251,-0.07109704426441439,-0.04781633092574625,-0.020763837939525808,-0.07319245809860997,-0.02488225191522753,-0.062396564863124504,-0.020285486861759742,-0.025640408271658678,-0.022055668576074508,-0.0198659061751025,,-0.13409603853348853,-0.12517757389929407,-0.12353271830666697,-0.14472099945781092,0.08907250520884276,0.08740918475027665,0.07926651211590054,-0.12653926487173153,0.09085266725693678,0.10132753805749087,0.08691472532319645,0.8053912315368176,1.0,0.7085206168948194,0.7402883904316925,0.6896807897662007,0.5728674722759646,0.792706088611586,,-0.11840032654184125,-0.1062053820499229,-0.06442289430977927,-0.04330499669553701,0.09642566428725115,-0.02898578735012414,0.05338978776597264,-0.009543885311469947,0.10870753263410918,0.1473822253532432,-0.02616081278137383,-0.041914631016355376,-0.028985787350124116,0.04895789990372412,0.05338978776597283,0.08907250520884259,0.1458001010309367,0.09642566428725116,0.14472099945781056,0.10132753805749076,0.05501328766863488,0.04332018793901886,0.08691472532319655,0.05748893400431535,0.03204842761460905,0.20910224331247887,-0.11840032654184125,-0.11221039012673434,,,,,,,,,0.04332018793901882,0.043320187939018616,0.04332018793901871,-0.18294124691544061,0.04332018793901871,0.08691472532319675,0.08691472532319694,0.08691472532319687,0.08691472532319687
review_scores_cleanliness,-0.0419099701720792,,-0.07281544069214087,-0.01141332205996561,-0.010175524873568336,,0.05380369620521039,-0.0009042099782937225,-0.030012518748980598,-0.05493350586343663,-0.08032668977170553,-0.038085967953236204,-0.04364901805069926,-0.06296269642835521,-0.049726374708970365,-0.02434485335300019,0.003674587044820811,0.004389226182928417,-0.04464637740957028,0.0065955174305542055,,-0.1447165665462031,-0.12705913304930172,-0.12500010246564106,-0.12757943921773904,0.1019598010711551,0.11195618963023651,0.10380716239699715,-0.12717702682960952,0.1123888923356777,0.12042911430136256,0.10958919902210382,0.6477205695032275,0.7085206168948194,1.0,0.5926980670520879,0.5148516398299966,0.4521934063158065,0.6167379387407421,,-0.0780153053893203,0.003716946111823581,-0.10151722848504752,-0.08827799801766925,0.12392946553199101,-0.022923533586584888,0.0933571026119015,-0.004722424021645389,0.1279439899503918,0.16106827408004482,-0.003509212353959365,-0.04292986462343302,-0.02292353358658491,0.09529333194558771,0.0933571026119017,0.10195980107115495,0.16040880188327813,0.1239294655319913,0.12757943921773873,0.12042911430136256,0.06748937533274735,0.0388149159613332,0.10958919902210379,0.05668111976203178,0.033523582028976304,0.20781537587119295,-0.0780153053893203,-0.06857818725441203,,,,,,,,,0.03881491596133317,0.03881491596133318,0.03881491596133322,-0.21281430348434016,0.03881491596133322,0.10958919902210394,0.10958919902210412,0.10958919902210391,0.10958919902210391
review_scores_checkin,-0.08493495104792066,,-0.09875646946232111,-0.07321160553993136,-0.06171349435981342,,0.03849163845709773,0.03455702781552872,-0.008815363992667571,-0.031819959077560196,-0.016749782917901725,-0.0010121979843864394,0.00602777350989273,-0.05464617955543325,0.00023375910654640535,-0.08341358971982207,-0.010834703697784206,-0.01968606607259209,-0.0006940676761737008,-0.010272999599026604,,-0.12332728176893067,-0.11119428642093156,-0.10882847535383977,-0.11245405321016821,0.09608187559543141,0.07803229825074513,0.07069989730332572,-0.11092625094659266,0.08122680470979317,0.09977967038996975,0.08904957551579522,0.6622685679935751,0.7402883904316925,0.5926980670520879,1.0,0.7418332708500088,0.4969869180574421,0.5979479247792259,,-0.10057493571995214,-0.08734028087958311,-0.05048635110152214,-0.052175370990380866,0.09051188344498239,-0.011997472417474142,0.05382387357292325,-0.0021587125442157117,0.05671308394103789,0.1620365476798416,0.012381719320926502,0.0009237407436619915,-0.011997472417474142,0.04513613033622482,0.05382387357292351,0.09608187559543131,0.15969690601487968,0.09051188344498219,0.11245405321016837,0.0997796703899698,0.05396127626078713,0.040152400615082566,0.0890495755157952,0.04056116028478888,0.027711932167626453,0.15220282800157733,-0.10057493571995214,-0.09408736850093578,,,,,,,,,0.040152400615082524,0.040152400615082406,0.04015240061508248,-0.17308490151931513,0.04015240061508248,0.0890495755157954,0.08904957551579551,0.08904957551579554,0.08904957551579554
review_scores_communication,-0.07252638704744784,,-0.1005390388025708,-0.1020969012383852,-0.0922558693993627,,0.009101736846202853,0.06281132376177072,-0.008577012582840273,-0.0337437002564962,-0.024287480310156914,-0.004547086639826189,0.004612962134140588,-0.0543013947778659,-0.00025215037759942566,-0.0914932397620007,-0.010968717932304518,-0.022068217153297806,-0.003912672585454007,-0.011090865698162838,,-0.10062581045261032,-0.09205736376716628,-0.0936980445757427,-0.11895962247667212,0.08531175652152434,0.0829748057853096,0.06516052108968207,-0.09606041388285093,0.08338480058062564,0.09982671546938197,0.08785015789384094,0.7437565874827373,0.6896807897662007,0.5148516398299966,0.7418332708500088,1.0,0.5209610364746594,0.6781727007150199,,-0.11778837747296073,-0.13872284288239717,-0.031239791146117468,-0.029258880595116103,0.0825469685837423,-0.016219601628598722,0.03336133583735528,-0.004883854038210194,0.037525731110415836,0.14452433869948847,0.005859681160587942,-0.0009707833559710671,-0.01621960162859876,0.030498391129505115,0.03336133583735565,0.08531175652152415,0.1427976209276688,0.08254696858374219,0.11895962247667193,0.09982671546938171,0.05131543656285763,0.04004664139822778,0.08785015789384096,0.04193025348579715,0.029452087684315346,0.14793290953268207,-0.11778837747296073,-0.11389753889958258,,,,,,,,,0.04004664139822773,0.04004664139822757,0.04004664139822778,-0.17602497397454617,0.04004664139822778,0.08785015789384111,0.08785015789384139,0.08785015789384124,0.08785015789384124
review_scores_location,-0.12087393626149436,,-0.15129391235559073,-0.0467046376715437,-0.03382562942664876,,0.20157728956500806,0.09489927275067128,-0.07593866149135349,-0.06175339850558983,-0.09347539590457651,-0.10144750839910836,0.02525981585845675,-0.06237253878167139,0.020926954310145702,-0.01389440981780836,-0.04829825377594334,-0.050591212855464446,0.018854809596263747,-0.04934450033667218,,-0.11839763772534544,-0.11393869587242658,-0.11801225450871487,-0.11500996874318137,0.0944034790762847,0.062011905658090324,0.06401138862161697,-0.11985462949342217,0.06419422944685822,0.06191751817619939,0.11808580688190595,0.6519323963518786,0.5728674722759646,0.4521934063158065,0.4969869180574421,0.5209610364746594,1.0,0.6246943881845435,,-0.14529754992518315,-0.13140291696149728,-0.08544511859271939,-0.03779286307860718,0.051751015529824085,0.03540697471307041,0.1536844099539983,0.03415094794605017,0.24037828885355164,0.12764433202138323,-0.03862483530996651,-0.07426548862791787,0.035406974713070416,0.14488878276699188,0.153684409953999,0.0944034790762845,0.1261734569633966,0.051751015529823946,0.11500996874318137,0.06191751817619929,0.027975760066244623,0.1011544849545122,0.11808580688190595,0.10047184954776395,0.08974513303335473,0.1842433228178551,-0.14529754992518315,-0.17077993332216052,,,,,,,,,0.10115448495451207,0.10115448495451163,0.10115448495451196,-0.10679358802289801,0.10115448495451196,0.1180858068819063,0.11808580688190654,0.11808580688190633,0.11808580688190633
review_scores_value,-0.06285505099318824,,-0.11040523243965046,-0.09013040636861196,-0.08965743016882162,,0.03201690891443888,0.05289333702553328,-0.07643228541504607,-0.07231140632323545,-0.07835185789468836,-0.0824935152222993,-0.009879938151216704,-0.06569815523970438,-0.011505132082189118,-0.0636980632067175,-0.033050319864358586,-0.030715035464999083,-0.01313917328629195,-0.031052332684999667,,-0.1382724841055123,-0.12572063080935408,-0.1238586833121262,-0.14399255237029915,0.08451150895887688,0.09721417171917712,0.08886639515608673,-0.12723502504542525,0.09299523028472548,0.10520580057635179,0.12271382998089296,0.8573173569118135,0.792706088611586,0.6167379387407421,0.5979479247792259,0.6781727007150199,0.6246943881845435,1.0,,-0.13369458054508007,-0.15599336797017319,-0.045854956675667746,-0.018572859789180798,0.09845481621933498,0.02611076992337094,0.03476081896537659,0.029972703007029578,0.11673023170927685,0.12977081511706365,-0.056006761241977364,-0.07424496313191335,0.026110769923370976,0.023221952676117687,0.03476081896537694,0.08451150895887675,0.12897266379156233,0.09845481621933475,0.14399255237029876,0.10520580057635176,0.06388485526512457,0.06708520486480121,0.12271382998089297,0.08369131885202348,0.07725890824257806,0.16499384246858984,-0.13369458054508007,-0.1446108982985386,,,,,,,,,0.06708520486480113,0.06708520486480087,0.06708520486480098,-0.13936867095275668,0.06708520486480098,0.12271382998089318,0.1227138299808932,0.12271382998089356,0.12271382998089356
license,,,,,,,,,,,,,,,,,,,,,,,,,,,,,,,,,,,,,,,,,,,,,,,,,,,,,,,,,,,,,,,,,,,,,,,,,,,,,,,,,,,,,
calculated_host_listings_count,0.06439040665898704,,0.035091609717418135,0.26555887490905594,0.24914924189902563,,-0.017055806463874567,-0.13924324519134565,-0.014606965854615338,0.14277118116943244,0.03734564334476321,0.06419972935605445,0.036679711335687516,0.19739379879433638,0.03892178796678723,0.2677987012292642,0.12629259116736472,0.14874474232214935,0.04727323215143809,0.13500645585916224,,-0.01029952993433899,-0.007509434112019646,-0.0038432627570385847,0.0018496098643052598,-0.08423616798434,-0.08808162875067198,-0.0626973286999874,-0.002561017204414625,-0.093974691764035,-0.09188789900931006,-0.09495375183145623,-0.1240492675940306,-0.11840032654184125,-0.0780153053893203,-0.10057493571995214,-0.11778837747296073,-0.14529754992518315,-0.13369458054508007,,1.0,0.8003469286772107,0.6817391334998634,0.22645257152432136,-0.08848906016835352,0.06346067092702942,0.013673333000227434,0.05555447111879968,0.05409874319558456,-0.12081311758350952,-0.05964001890340909,0.021999980385394233,0.06346067092702928,-0.011761843318614726,0.01367333300022737,-0.08423616798433987,-0.12194637397849721,-0.08848906016835355,-0.0018496098643052089,-0.09188789900931021,-0.05630216486944579,0.05250939735711019,-0.09495375183145625,0.05761650728900422,0.05665986556653606,-0.00529962806603128,1.0,0.5134302704670007,,,,,,,,,0.05250939735711015,0.052509397357110035,0.05250939735710987,0.008471825674926395,0.05250939735710987,-0.09495375183145642,-0.09495375183145681,-0.09495375183145621,-0.09495375183145621
calculated_host_listings_count_entire_homes,0.054173603464666584,,0.002591154408198166,0.2634433245895255,0.2747941800658773,,0.053272970347403796,-0.13420016320419917,0.12656037462345163,0.11091448236464319,0.0946595303669794,0.1302280066761775,0.05909753440935813,0.21378778168714735,0.05892144205348887,0.39374660396605776,0.19773909834648787,0.18221416072541896,0.07386184918634452,0.19272959567216646,,-0.09007769970994856,-0.08061643168636967,-0.07671161263581625,-0.008982018855679749,-0.03257907594558691,-0.04280893230239695,-0.03793620751269008,-0.07469506122285124,-0.03382675909030231,-0.02881586441235192,-0.020072411181773785,-0.12639995210421315,-0.1062053820499229,0.003716946111823581,-0.08734028087958311,-0.13872284288239717,-0.13140291696149728,-0.15599336797017319,,0.8003469286772107,1.0,0.1702530410874624,-0.07213899306370292,-0.028293398018102888,-0.019371084119406023,0.17212584720994226,-0.027763652895843243,0.034830767203818884,-0.08298548054535475,0.1324738320303912,0.1164650619161992,-0.01937108411940599,0.1874183666644845,0.17212584720994228,-0.032579075945586865,-0.08268057146025601,-0.028293398018102857,0.008982018855679806,-0.028815864412351976,-0.024922990352634983,0.026110146299101706,-0.020072411181773796,-0.00881125122652161,-0.018784001765510008,0.09290990631370455,0.8003469286772107,0.43430353235769115,,,,,,,,,0.02611014629910165,0.02611014629910163,0.026110146299101532,-0.08135441784924842,0.026110146299101532,-0.020072411181774264,-0.020072411181774396,-0.020072411181773754,-0.020072411181773754
calculated_host_listings_count_private_rooms,0.007116977170961744,,0.03790128283212758,0.11956915907249972,0.08875695802416364,,-0.10013045258801735,-0.03374248558634701,-0.1554197909401737,0.0858363390096644,-0.04816562682164374,-0.03922437610014895,0.006353649780656237,0.10664989966741718,0.009595003776472771,-0.01873820514124094,-0.007631858900479862,0.05200371542777149,0.005943732533513691,0.015854709450163432,,0.06677158599451317,0.056828944974136264,0.05750724276421064,0.00679562702894292,-0.09193413419659376,-0.10220445339309994,-0.08141401354135211,0.05915271276015448,-0.11030533409294291,-0.12157580372054927,-0.1225108585629968,-0.05159756094620599,-0.06442289430977927,-0.10151722848504752,-0.05048635110152214,-0.031239791146117468,-0.08544511859271939,-0.045854956675667746,,0.6817391334998634,0.1702530410874624,1.0,0.09469130414803463,-0.13276023358423408,0.13842060876806525,-0.12645603018176982,0.13458524228343244,0.09478524394966846,-0.0944152342756888,-0.22596470929479692,-0.09367719350667292,0.13842060876806483,-0.2071870317481239,-0.12645603018176965,-0.09193413419659381,-0.0969158686343946,-0.13276023358423442,-0.006795627028943036,-0.12157580372054899,-0.05747212083699292,0.06586201703628541,-0.1225108585629968,0.11917039142790112,0.1218883684223033,-0.10354424756204797,0.6817391334998635,0.31586852076015753,,,,,,,,,0.06586201703628546,0.06586201703628519,0.06586201703628515,0.0878196414930918,0.06586201703628515,-0.12251085856299677,-0.12251085856299682,-0.12251085856299672,-0.12251085856299672
calculated_host_listings_count_shared_rooms,0.08234962155250376,,0.033917484674068805,0.008049976947397716,0.02058063592711117,,-0.007500330713614101,-0.10083588201402963,-0.09935932171577869,0.04698177891801513,-0.05108218673012222,-0.06682757194853987,-0.03933699792784298,-0.07213074809670095,-0.03673057521069662,-0.03490916630419409,-0.04858530226343189,-0.05200295271427793,-0.038987273519218976,-0.05040659369215914,,0.07626866608215427,0.08191582747157918,0.08420382958324703,0.010436647694866522,-0.04539793153495919,-0.005454799489157135,0.040317629209673155,0.07932780116098814,-0.04124453361448669,-0.019699350810505833,-0.06434829174673817,-0.04274986264620228,-0.04330499669553701,-0.08827799801766925,-0.052175370990380866,-0.029258880595116103,-0.03779286307860718,-0.018572859789180798,,0.22645257152432136,-0.07213899306370292,0.09469130414803463,1.0,0.030960057912614195,-0.013351789143247365,-0.2305541480644357,-0.008888521715072746,-0.10564243197822075,-0.03233475919837514,-0.1510684568225299,-0.07904947278995639,-0.013351789143247356,-0.20186701884164035,-0.2305541480644361,-0.04539793153495919,-0.03263280694953976,0.030960057912614126,-0.010436647694866415,-0.019699350810505976,-0.030542314701572502,-0.04136612213564457,-0.06434829174673817,-0.021920940740852463,-0.022588869809452745,-0.09631906492654362,0.22645257152432136,0.11777256690845045,,,,,,,,,-0.04136612213564459,-0.0413661221356445,-0.04136612213564454,0.10603136679191413,-0.04136612213564454,-0.06434829174673863,-0.06434829174673848,-0.06434829174673824,-0.06434829174673824
reviews_per_month,0.05079672787353605,,0.03255294968373018,-0.06805725448183082,-0.06657760373383939,,0.054315489902328457,-0.03506758399503082,0.011352649285998382,-0.08967078556499908,-0.09619130264221172,-0.025141376712593262,-0.15745652511280966,-0.14954850452865803,-0.156476204434407,-0.1517782720565291,0.09354270384579567,0.09102582111400107,-0.16473916239105835,0.09632210946002115,,0.0017542317618588943,0.06608706381377819,0.08569297887396765,0.04539111217848433,0.6911934930560486,0.8543744787078685,0.730558215294408,0.08609615148434915,0.7730182435000919,0.6541182741684068,0.45365090292075205,0.08566328500250409,0.09642566428725115,0.12392946553199101,0.09051188344498239,0.0825469685837423,0.051751015529824085,0.09845481621933498,,-0.08848906016835352,-0.028293398018102888,-0.13276023358423408,0.030960057912614195,1.0,-0.039121309483948055,-0.04254716543348447,-0.035897945801422755,-0.11101303311693483,0.6275882502325851,0.04507966703543782,-0.0069849591335915074,-0.039121309483947965,-0.010855294847204312,-0.042547165433484725,0.691193493056047,0.6081345412070558,1.0000000000000036,-0.04539111217848435,0.6541182741684074,0.47597650439217865,-0.03498278084089131,0.45365090292075205,-0.034900249121744296,-0.0030128998709883495,0.037631009657111705,-0.08848906016835352,-0.015551855560929213,,,,,,,,,-0.03498278084089126,-0.034982780840891126,-0.03498278084089113,-0.09174636284793505,-0.03498278084089113,0.45365090292075155,0.45365090292075183,0.4536509029207528,0.4536509029207528
price_clean,0.02317039957505057,,0.08294945470689047,0.3877221769576082,0.34965601158064974,,0.04259975997170109,-0.017289826188027612,0.04005405107375053,0.023547423380533783,0.02728017734462873,0.030198481979094822,-0.008766200931740175,0.09336472101592777,-0.006554122604949641,-0.00449083662812601,-0.05405640635265222,0.054633388995493366,-0.0075949194331941,-0.04462023409218027,,0.014921601168654685,0.026969477714979855,0.03140985620718272,0.05408276031824754,-0.03328203576302934,-0.0337790728231994,-0.03015582449332438,0.03377572743413527,-0.031065733461079117,-0.046533965500829486,0.18482468101948235,-0.001599449941476732,-0.02898578735012414,-0.022923533586584888,-0.011997472417474142,-0.016219601628598722,0.03540697471307041,0.02611076992337094,,0.06346067092702942,-0.019371084119406023,0.13842060876806525,-0.013351789143247365,-0.039121309483948055,1.0,0.45225682756369445,0.9458673548695337,0.511519960137611,-0.06455647398679974,0.04318017350637639,0.02915801117337935,0.9999999999999999,0.13128485761773487,0.45225682756369484,-0.03328203576302931,-0.06353588276816535,-0.03912130948394809,-0.054082760318247595,-0.04653396550082947,-0.017568156150536956,0.8808446148300255,0.1848246810194823,0.868548115663575,0.9606599705729829,0.15093356925554274,0.06346067092702941,0.041289778814942786,,,,,,,,,0.8808446148300255,0.880844614830025,0.8808446148300239,-0.02044645682485507,0.8808446148300239,0.18482468101948232,0.18482468101948116,0.1848246810194819,0.1848246810194819
log_price,0.030057907405225598,,0.005733702859445478,0.17364853099131433,0.1559809294995433,,0.17033207167181977,0.024522132172605134,0.6206318258667636,0.431886045632358,0.5381099106666726,0.49832932875509406,0.02081920518707951,0.1062425611184159,0.02752042121989406,0.0903296756346985,0.004098407545978475,0.05470062211269074,0.03540082962375529,0.011798591551074235,,0.08040958059725589,0.07068858164739211,0.05079734015257173,0.06779363527213704,-0.0780602206265052,-0.04313179020606792,-0.057780572899354316,0.049925987607314704,-0.034538047503477894,-0.0804853374406814,0.2933340473747313,0.07772351280260273,0.05338978776597264,0.0933571026119015,0.05382387357292325,0.03336133583735528,0.1536844099539983,0.03476081896537659,,0.013673333000227434,0.17212584720994226,-0.12645603018176982,-0.2305541480644357,-0.04254716543348447,0.45225682756369445,1.0,0.3888786509513989,0.5115755663153391,-0.09260187041733814,0.6458763981760166,0.5253741844009968,0.45225682756369484,0.8979799796642016,1.000000000000002,-0.07806022062650533,-0.08843900412477375,-0.042547165433484344,-0.06779363527213712,-0.08048533744068154,-0.04350870156021812,0.5757801617606512,0.29333404737473134,0.39302574841456406,0.4471196857339391,0.36828248564077193,0.013673333000227442,-0.09078985022982634,,,,,,,,,0.575780161760651,0.5757801617606513,0.5757801617606513,-0.15300474003652687,0.5757801617606513,0.2933340473747312,0.29333404737473123,0.2933340473747314,0.2933340473747314
price_per_accommodates,0.018809919338444708,,0.07725269919112762,0.36655695431994917,0.3305883041610478,,0.03857228941553559,-0.019629334422557435,-0.022198363240612973,-0.019134708546633336,-0.02160151678476752,-0.021369307745791197,-0.0069635877346118135,0.08600579319538228,-0.005134405540653846,-0.003662513998407686,-0.05434575248398419,0.04919086594891299,-0.007112612537869032,-0.04527756460835811,,0.00982840029409516,0.021087761024999714,0.026921743063331626,0.049052114715962936,-0.027919515790999057,-0.031052157621183456,-0.0260347858929744,0.029450126031937113,-0.028574089035655403,-0.04186593406978183,0.098975065181736,0.008365550635232127,-0.009543885311469947,-0.004722424021645389,-0.0021587125442157117,-0.004883854038210194,0.03415094794605017,0.029972703007029578,,0.05555447111879968,-0.027763652895843243,0.13458524228343244,-0.008888521715072746,-0.035897945801422755,0.9458673548695337,0.3888786509513989,1.0,0.5031453592216785,-0.059951615197896636,-0.019121300123929694,-0.02315874875502325,0.9458673548695301,0.0893707764333717,0.3888786509514012,-0.027919515790998956,-0.0589578808276926,-0.03589794580142272,-0.04905211471596292,-0.0418659340697818,-0.014790001813567889,0.8415411699786418,0.098975065181736,0.938853992985898,0.932501135059738,0.12915587047468463,0.05555447111879968,0.039208889770861226,,,,,,,,,0.8415411699786419,0.8415411699786423,0.841541169978641,-0.013226375299012433,0.841541169978641,0.09897506518173592,0.09897506518173543,0.09897506518173638,0.09897506518173638
log_price_per_accommodates,-0.045102479217952844,,-0.07361922083362299,0.1755943174351946,0.1506049206469435,,0.18857214275539444,-0.004105363377086198,-0.2728876030658045,-0.040494925499277655,-0.12527515345630344,-0.17497224396261746,0.08468398229623238,0.05762676427013584,0.09707507193502984,0.14353003130010514,-0.0876663229748701,-0.02137044252625168,0.08929384156561361,-0.07817631149894341,,0.07498248410652646,0.0707574070164887,0.06430559144871266,0.08457432794301636,-0.06658260142193742,-0.11375635531761336,-0.07952161998229648,0.06837213538099873,-0.10475954382451924,-0.15055753917501472,0.06045580004885688,0.13003135618427614,0.10870753263410918,0.1279439899503918,0.05671308394103789,0.037525731110415836,0.24037828885355164,0.11673023170927685,,0.05409874319558456,0.034830767203818884,0.09478524394966846,-0.10564243197822075,-0.11101303311693483,0.511519960137611,0.5115755663153391,0.5031453592216785,1.0,-0.12353750973342477,-0.3255640097358981,-0.21504661028552105,0.5115199601376106,0.33412454464173996,0.5115755663153394,-0.06658260142193743,-0.12215981166403442,-0.1110130331169347,-0.08457432794301657,-0.15055753917501472,-0.0680887982466613,0.49881934934085503,0.06045580004885685,0.5642168051303738,0.5436898614817013,0.14940122125576016,0.05409874319558456,-0.0797680619265199,,,,,,,,,0.49881934934085503,0.4988193493408548,0.4988193493408549,-0.010122716896690045,0.4988193493408549,0.0604558000488572,0.060455800048856895,0.06045580004885673,0.06045580004885673
log_reviews,-0.57167679734678,,-0.23708957670405034,-0.12525017985625683,-0.11943046150090848,,0.16175905609476673,-0.017629920748330162,-0.029842108873542973,-0.08956022850638512,-0.1218416104439992,-0.037255381364262354,-0.17610956326210347,-0.03721716332908777,-0.18554831066403338,-0.19934205714697134,0.2141007805235164,0.20963681321585612,-0.1841609563193225,0.21890454499509246,,-0.1445929288670607,-0.08666006451909575,-0.06610209003729757,-0.05745643154566305,0.7267386091005424,0.5916607480262707,0.4184337990127857,-0.06606243648385478,0.6132471739917523,0.5959794970920501,0.4481825493613853,0.11459068097559856,0.1473822253532432,0.16106827408004482,0.1620365476798416,0.14452433869948847,0.12764433202138323,0.12977081511706365,,-0.12081311758350952,-0.08298548054535475,-0.0944152342756888,-0.03233475919837514,0.6275882502325851,-0.06455647398679974,-0.09260187041733814,-0.059951615197896636,-0.12353750973342477,1.0,0.009357349536472078,-0.026290083399000092,-0.06455647398679962,-0.0744067950940461,-0.09260187041733658,0.7267386091005406,0.9980706830404878,0.6275882502325861,0.05745643154566287,0.595979497092049,0.2929217935143667,-0.052909880347411224,0.4481825493613853,-0.03988407655880655,-0.030934159305710376,0.14258554891801087,-0.12081311758350952,0.01605353303330558,,,,,,,,,-0.052909880347411065,-0.05290988034741087,-0.05290988034741089,-0.19115022816420665,-0.05290988034741089,0.4481825493613889,0.44818254936138935,0.4481825493613856,0.4481825493613856
log_accommodates,0.056028011840560374,,0.05738155390180231,0.02813832040751352,0.0300968078614084,,0.03434265178123803,0.030486894598597315,0.9272167094379861,0.5112346907121574,0.7122441824331586,0.7034697927393975,-0.041104119654610076,0.05383525070147012,-0.03921563319138101,-0.026903043453413194,0.07520257882695591,0.07195924890812752,-0.03288093076211233,0.07499472375472,,0.01231667173737003,0.00453522565520461,-0.010512130381172284,-0.014835591661923974,-0.02408398082234309,0.0489777204697324,0.007650626633967841,-0.014445873393149894,0.05137129961678932,0.03878440341418251,0.2690740336832726,-0.022867329322640767,-0.02616081278137383,-0.003509212353959365,0.012381719320926502,0.005859681160587942,-0.03862483530996651,-0.056006761241977364,,-0.05964001890340909,0.1324738320303912,-0.22596470929479692,-0.1510684568225299,0.04507966703543782,0.04318017350637639,0.6458763981760166,-0.019121300123929694,-0.3255640097358981,0.009357349536472078,1.0,0.7688870745721272,0.0431801735063763,0.691278927782981,0.6458763981760159,-0.02408398082234312,0.012072032050283852,0.04507966703543779,0.014835591661924021,0.038784403414182544,0.010028094685519427,0.19039191245072704,0.2690740336832726,-0.06882036883276342,0.0046586687348703715,0.2738770197922635,-0.05964001890340909,-0.04580921769337621,,,,,,,,,0.190391912450727,0.19039191245072698,0.1903919124507263,-0.16043782422239178,0.1903919124507263,0.2690740336832719,0.26907403368327143,0.269074033683272,0.269074033683272
log_beds,0.037058411134622694,,0.04560397019778316,0.03293084849211012,0.03899266384776841,,-0.030248818816163814,0.09187315227302681,0.7946920925358215,0.5742935004872411,0.7603698334111402,0.9299844078059826,-0.02634107968313802,0.06864542221785153,-0.033376200081377955,-0.032811717290104105,0.0624129357939027,0.057918238121745805,-0.019707467530031032,0.06261882167231338,,0.05125511936993514,0.05268804994214156,0.0388711702509832,0.030561487968653267,-0.05420513764194063,0.012295662333664324,-0.02876165346976234,0.03459229712639706,0.007676335174843002,-0.0026236160476830494,0.21479448588062286,-0.06019826236399134,-0.041914631016355376,-0.04292986462343302,0.0009237407436619915,-0.0009707833559710671,-0.07426548862791787,-0.07424496313191335,,0.021999980385394233,0.1164650619161992,-0.09367719350667292,-0.07904947278995639,-0.0069849591335915074,0.02915801117337935,0.5253741844009968,-0.02315874875502325,-0.21504661028552105,-0.026290083399000092,0.7688870745721272,1.0,0.029158011173379315,0.5538635073265612,0.5253741844009957,-0.05420513764194055,-0.023039817392968516,-0.006984959133591582,-0.030561487968653107,-0.0026236160476830707,-0.005721364594368119,0.1463256272184952,0.2147944858806229,-0.0626972677625576,-0.027436555598947632,0.1955046772902205,0.02199998038539425,0.02433950284876699,,,,,,,,,0.1463256272184952,0.14632562721849549,0.1463256272184953,-0.08474763982883904,0.1463256272184953,0.214794485880623,0.21479448588062233,0.2147944858806232,0.2147944858806232
price_zscore,0.023170399575050713,,0.0829494547068904,0.38772217695760774,0.34965601158064824,,0.0425997599717012,-0.01728982618802756,0.040054051073750534,0.023547423380533717,0.027280177344628665,0.03019848197909481,-0.008766200931740152,0.0933647210159278,-0.0065541226049495764,-0.004490836628125985,-0.05405640635265232,0.054633388995493165,-0.007594919433194048,-0.044620234092180217,,0.014921601168654684,0.026969477714979748,0.03140985620718269,0.05408276031824754,-0.033282035763029336,-0.03377907282319947,-0.030155824493324393,0.033775727434135344,-0.031065733461079072,-0.04653396550082938,0.18482468101948205,-0.0015994499414767494,-0.028985787350124116,-0.02292353358658491,-0.011997472417474142,-0.01621960162859876,0.035406974713070416,0.026110769923370976,,0.06346067092702928,-0.01937108411940599,0.13842060876806483,-0.013351789143247356,-0.039121309483947965,0.9999999999999999,0.45225682756369484,0.9458673548695301,0.5115199601376106,-0.06455647398679962,0.0431801735063763,0.029158011173379315,1.0,0.13128485761773498,0.45225682756369406,-0.033282035763029315,-0.06353588276816541,-0.039121309483948,-0.05408276031824752,-0.046533965500829326,-0.01756815615053689,0.8808446148300263,0.18482468101948205,0.8685481156635737,0.9606599705729827,0.15093356925554297,0.06346067092702928,0.041289778814942724,,,,,,,,,0.8808446148300263,0.8808446148300244,0.8808446148300234,-0.020446456824855123,0.8808446148300234,0.18482468101948202,0.1848246810194816,0.18482468101948232,0.18482468101948232
price_percentile,0.0384357402236927,,0.0005571353329171148,0.05827035243220226,0.05536045789652162,,0.17082780192864166,0.02271519353542436,0.6303224614142524,0.4000476106204987,0.5459945854165187,0.49608213087111824,-0.0024793947722387046,0.09425723285291766,0.0023737068015235348,0.09025820116055185,0.029073048413913075,0.05037348805304125,0.008518365057878967,0.035475672776877056,,0.08011858312932002,0.06405330144142228,0.03925831077599747,0.042877249615038464,-0.0716614481989628,-0.016534220924025008,-0.0336458605375857,0.03661182864998487,-0.013346190425413077,-0.04994392789630459,0.270680664687615,0.06965288324965303,0.04895789990372412,0.09529333194558771,0.04513613033622482,0.030498391129505115,0.14488878276699188,0.023221952676117687,,-0.011761843318614726,0.1874183666644845,-0.2071870317481239,-0.20186701884164035,-0.010855294847204312,0.13128485761773487,0.8979799796642016,0.0893707764333717,0.33412454464173996,-0.0744067950940461,0.691278927782981,0.5538635073265612,0.13128485761773498,1.0,0.8979799796642012,-0.07166144819896285,-0.06970254621136215,-0.010855294847204362,-0.04287724961503846,-0.04994392789630465,-0.031371281719747415,0.29894961206199655,0.270680664687615,0.12177613152275532,0.1415327455465247,0.3393918725518328,-0.011761843318614733,-0.12469100745063805,,,,,,,,,0.29894961206199655,0.29894961206199633,0.2989496120619962,-0.15556732690805178,0.2989496120619962,0.2706806646876152,0.2706806646876144,0.2706806646876154,0.2706806646876154
log_price_zscore,0.03005790740522315,,0.005733702859444644,0.1736485309913148,0.15598092949954342,,0.17033207167182024,0.02452213217260518,0.6206318258667641,0.43188604563235844,0.5381099106666716,0.49832932875509167,0.020819205187079536,0.10624256111841623,0.02752042121989421,0.09032967563469838,0.0040984075459794085,0.05470062211269162,0.03540082962375548,0.01179859155107468,,0.08040958059725566,0.07068858164739193,0.050797340152571716,0.06779363527213696,-0.0780602206265048,-0.043131790206067236,-0.057780572899354274,0.04992598760731466,-0.03453804750347681,-0.08048533744068095,0.2933340473747319,0.0777235128026031,0.05338978776597283,0.0933571026119017,0.05382387357292351,0.03336133583735565,0.153684409953999,0.03476081896537694,,0.01367333300022737,0.17212584720994228,-0.12645603018176965,-0.2305541480644361,-0.042547165433484725,0.45225682756369484,1.000000000000002,0.3888786509514012,0.5115755663153394,-0.09260187041733658,0.6458763981760159,0.5253741844009957,0.45225682756369406,0.8979799796642012,1.0,-0.07806022062650458,-0.0884390041247722,-0.04254716543348464,-0.0677936352721371,-0.08048533744068077,-0.04350870156021785,0.5757801617606519,0.2933340473747319,0.3930257484145645,0.44711968573393873,0.3682824856407716,0.013673333000227376,-0.09078985022982643,,,,,,,,,0.575780161760652,0.5757801617606512,0.575780161760652,-0.15300474003652606,0.575780161760652,0.29333404737473173,0.29333404737473046,0.2933340473747323,0.2933340473747323
reviews_zscore,-0.41000298348736014,,-0.18390447919790223,-0.06480972522860132,-0.06189249241313252,,0.12933290036000294,-0.02790938318116639,-0.05662835467059258,-0.10786950052788113,-0.13878043600599016,-0.059236615515711626,-0.12010839925392378,-0.08464502127058417,-0.11833989519615618,-0.11675228435723588,0.12658884921890604,0.11929449757691424,-0.12349324102794777,0.12612561929671728,,-0.0782937734043646,-0.029003044054147976,-0.01031693905322242,0.0034804204351907004,1.0000000000000007,0.6469048182183189,0.4390897869205047,-0.009255080279544279,0.7083298047209351,0.5085620100665819,0.3285533238230536,0.07040469421168116,0.08907250520884259,0.10195980107115495,0.09608187559543131,0.08531175652152415,0.0944034790762845,0.08451150895887675,,-0.08423616798433987,-0.032579075945586865,-0.09193413419659381,-0.04539793153495919,0.691193493056047,-0.03328203576302931,-0.07806022062650533,-0.027919515790998956,-0.06658260142193743,0.7267386091005406,-0.02408398082234312,-0.05420513764194055,-0.033282035763029315,-0.07166144819896285,-0.07806022062650458,1.0,0.7042015839635147,0.6911934930560478,-0.003480420435190851,0.5085620100665827,0.3810728428615653,-0.0447125360245052,0.3285533238230536,-0.022841999750012557,-0.010659024815922426,0.04595404584603009,-0.08423616798433987,-0.015162680987564814,,,,,,,,,-0.04471253602450506,-0.04471253602450478,-0.04471253602450466,-0.09772477643082696,-0.04471253602450466,0.3285533238230559,0.3285533238230569,0.3285533238230534,0.3285533238230534
reviews_percentile,-0.5722179400130103,,-0.23484868378482615,-0.12456975321934909,-0.11877974575703362,,0.1634603173541179,-0.018894288098000346,-0.027320731170440638,-0.08862936188925823,-0.12070869915965925,-0.034863016856475984,-0.1745097914884872,-0.03294126627130089,-0.18406229572298477,-0.1972779916180556,0.21808570456615847,0.21417933899258143,-0.1829680955413491,0.22325593244773842,,-0.13990469524585736,-0.08250385373072973,-0.06261971307786532,-0.055430017170222445,0.704201583963517,0.5830292125431324,0.41105465287282184,-0.06276531646818886,0.6043090397483852,0.5930714401389704,0.4491563847011698,0.11316862929786366,0.1458001010309367,0.16040880188327813,0.15969690601487968,0.1427976209276688,0.1261734569633966,0.12897266379156233,,-0.12194637397849721,-0.08268057146025601,-0.0969158686343946,-0.03263280694953976,0.6081345412070558,-0.06353588276816535,-0.08843900412477375,-0.0589578808276926,-0.12215981166403442,0.9980706830404878,0.012072032050283852,-0.023039817392968516,-0.06353588276816541,-0.06970254621136215,-0.0884390041247722,0.7042015839635147,1.0,0.6081345412070566,0.05543001717022229,0.5930714401389721,0.28404086425481934,-0.05141119575387265,0.4491563847011698,-0.03909555406730268,-0.030000538690880377,0.14377840107703155,-0.12194637397849721,0.014919827246114105,,,,,,,,,-0.05141119575387253,-0.0514111957538725,-0.05141119575387206,-0.19094850041472405,-0.05141119575387206,0.44915638470117286,0.44915638470117414,0.44915638470117136,0.44915638470117136
reviews_per_month_zscore,0.05079672787353661,,0.032552949683730424,-0.0680572544818307,-0.06657760373383927,,0.054315489902328457,-0.03506758399503088,0.011352649285998474,-0.08967078556499915,-0.09619130264221142,-0.02514137671259323,-0.15745652511280972,-0.14954850452865767,-0.15647620443440713,-0.151778272056529,0.0935427038457956,0.09102582111400102,-0.1647391623910586,0.09632210946002087,,0.0017542317618588976,0.06608706381377834,0.08569297887396772,0.045391112178484516,0.6911934930560466,0.8543744787078675,0.7305582152944068,0.08609615148434921,0.7730182435000928,0.6541182741684071,0.45365090292075083,0.08566328500250413,0.09642566428725116,0.1239294655319913,0.09051188344498219,0.08254696858374219,0.051751015529823946,0.09845481621933475,,-0.08848906016835355,-0.028293398018102857,-0.13276023358423442,0.030960057912614126,1.0000000000000036,-0.03912130948394809,-0.042547165433484344,-0.03589794580142272,-0.1110130331169347,0.6275882502325861,0.04507966703543779,-0.006984959133591582,-0.039121309483948,-0.010855294847204362,-0.04254716543348464,0.6911934930560478,0.6081345412070566,1.0,-0.045391112178484426,0.6541182741684057,0.47597650439217926,-0.03498278084089115,0.45365090292075083,-0.0349002491217441,-0.0030128998709882926,0.03763100965711179,-0.08848906016835355,-0.015551855560929102,,,,,,,,,-0.03498278084089107,-0.034982780840891015,-0.034982780840891105,-0.09174636284793525,-0.034982780840891105,0.4536509029207506,0.45365090292075133,0.4536509029207522,0.4536509029207522
occupancy_rate,-0.08476311339454323,,-0.15690361485585794,-0.10307266983050611,-0.09310821677149443,,0.033421300137910274,-0.015405208059057292,-0.008883565765168586,-0.01486898975913703,0.014472413765485912,-0.03197306566106015,-0.0503055442328088,-0.14431386369889282,-0.04660452787523366,-0.051042899791568515,-0.1475387911375055,-0.15470179255415767,-0.05134458170506086,-0.1467095879417517,,-0.4566659564160066,-0.534938911971844,-0.5798751796019893,-1.0000000000000002,-0.003480420435190933,-0.02053007833711725,-0.04367373600908683,-0.6121082942412267,-0.002054540017944052,-0.04507429461443961,0.023745306374083827,0.1275580709484565,0.14472099945781056,0.12757943921773873,0.11245405321016837,0.11895962247667193,0.11500996874318137,0.14399255237029876,,-0.0018496098643052089,0.008982018855679806,-0.006795627028943036,-0.010436647694866415,-0.04539111217848435,-0.054082760318247595,-0.06779363527213712,-0.04905211471596292,-0.08457432794301657,0.05745643154566287,0.014835591661924021,-0.030561487968653107,-0.05408276031824752,-0.04287724961503846,-0.0677936352721371,-0.003480420435190851,0.05543001717022229,-0.045391112178484426,1.0,-0.045074294614439556,-0.022932044463472342,0.26796800078989486,0.02374530637408383,0.22224118669465265,0.1653422330035231,0.757137792313161,-0.0018496098643052145,-0.05819384639957438,,,,,,,,,0.2679680007898948,0.26796800078989497,0.2679680007898951,-0.34644897446045286,0.2679680007898951,0.02374530637408418,0.02374530637408442,0.023745306374083848,0.023745306374083848
occupancy_rate_booked,-0.11442544670239091,,-0.018339604026620885,-0.07168893837750386,-0.07103851366848216,,0.10587013304583301,-0.06683240909006095,0.002408816165221659,-0.08044172848344852,-0.09987661779034154,-0.023840298774476864,-0.01738951663930819,-0.10358356379949098,-0.0444012188324323,-0.06103235094502091,0.12058341983914253,0.11688456999885284,-0.032235971567871696,0.1259111614179939,,-0.10770111338726387,-0.031152636622676703,0.004054042267799738,0.045074294614439396,0.5085620100665844,0.7918798052963072,0.585695452610678,0.007408223069957349,0.6977629725891706,0.9999999999999989,0.7254467560127489,0.11576560920656526,0.10132753805749076,0.12042911430136256,0.0997796703899698,0.09982671546938171,0.06191751817619929,0.10520580057635176,,-0.09188789900931021,-0.028815864412351976,-0.12157580372054899,-0.019699350810505976,0.6541182741684074,-0.04653396550082947,-0.08048533744068154,-0.0418659340697818,-0.15055753917501472,0.595979497092049,0.038784403414182544,-0.0026236160476830707,-0.046533965500829326,-0.04994392789630465,-0.08048533744068077,0.5085620100665827,0.5930714401389721,0.6541182741684057,-0.045074294614439556,1.0,0.6331497285364793,-0.048415613600640894,0.7254467560127489,-0.041963075583032125,-0.025205150525521008,0.05596583902253053,-0.09188789900931021,0.04082031002912757,,,,,,,,,-0.04841561360064091,-0.04841561360064082,-0.04841561360064064,-0.12271745640649301,-0.04841561360064064,0.7254467560127493,0.7254467560127492,0.7254467560127499,0.7254467560127499
occupancy_is_capped,-0.07203098109274729,,-0.010124862893358967,-0.03315544392637564,-0.031212832822958888,,0.032494906523029825,-0.027528954707798547,-0.01786196581864968,-0.057707173623972,-0.06400801897692035,-0.019426773517877343,0.06813048232446287,-0.06129711820745667,0.029895046794566643,0.032457047967837604,0.07183603492819035,0.07054764456105207,0.053201303856945374,0.07672145896144633,,-0.06350357550194037,-0.034316779042531685,-0.013924193821198421,0.02293204446347231,0.38107284286156495,0.6016659190363075,0.43789133989335877,-0.012219294317716609,0.5611765799435113,0.6331497285364786,0.4172516316833214,0.06492661619602547,0.05501328766863488,0.06748937533274735,0.05396127626078713,0.05131543656285763,0.027975760066244623,0.06388485526512457,,-0.05630216486944579,-0.024922990352634983,-0.05747212083699292,-0.030542314701572502,0.47597650439217865,-0.017568156150536956,-0.04350870156021812,-0.014790001813567889,-0.0680887982466613,0.2929217935143667,0.010028094685519427,-0.005721364594368119,-0.01756815615053689,-0.031371281719747415,-0.04350870156021785,0.3810728428615653,0.28404086425481934,0.47597650439217926,-0.022932044463472342,0.6331497285364793,1.0,-0.028382893908323117,0.4172516316833213,-0.021107083722412136,-0.009925799217708522,0.0021775890769260772,-0.05630216486944579,-0.00037418063959695515,,,,,,,,,-0.028382893908323128,-0.028382893908323072,-0.028382893908322996,-0.038791305318386066,-0.028382893908322996,0.41725163168332197,0.41725163168332186,0.4172516316833228,0.4172516316833228
est_annual_revenue,0.014824071944229888,,0.02060034379608054,0.3063638930566216,0.27508473893211527,,0.09247422179954759,-0.019534293580936092,0.19150267188306233,0.1359345412480396,0.14576351823655218,0.13327754685281448,-0.05471598120932025,0.04346843062023395,-0.05253137618828874,-0.013366724716086412,-0.08792119058340467,0.007313566051041184,-0.047808858575655484,-0.07848788787507997,,-0.07454589231326995,-0.09023708640761913,-0.10393152608209746,-0.26796800078989513,-0.04471253602450521,-0.025820377058179467,-0.036661970391029974,-0.11491580743018075,-0.020094515286000064,-0.048415613600641,0.2269824735080063,0.059734164283933765,0.04332018793901886,0.0388149159613332,0.040152400615082566,0.04004664139822778,0.1011544849545122,0.06708520486480121,,0.05250939735711019,0.026110146299101706,0.06586201703628541,-0.04136612213564457,-0.03498278084089131,0.8808446148300255,0.5757801617606512,0.8415411699786418,0.49881934934085503,-0.052909880347411224,0.19039191245072704,0.1463256272184952,0.8808446148300263,0.29894961206199655,0.5757801617606519,-0.0447125360245052,-0.05141119575387265,-0.03498278084089115,0.26796800078989486,-0.048415613600640894,-0.028382893908323117,1.0,0.2269824735080063,0.887046147431021,0.9387567923798873,0.4561530677748577,0.05250939735711019,0.029909822044543077,,,,,,,,,1.0,1.0000000000000004,1.0000000000000007,-0.12411730700878505,1.0000000000000007,0.22698247350800638,0.22698247350800632,0.2269824735080071,0.2269824735080071
est_annual_revenue_booked,-0.08183679404839479,,-0.002481704873949984,0.016530877628686044,0.008111178542937717,,0.15106537002748535,-0.03499264485305301,0.2443127077657911,0.14083884289466495,0.15751224581388956,0.17981906879954407,-0.05633425610373214,-0.05109799502813056,-0.07951505597416764,-0.0809275704363652,0.08972709615168864,0.10961730949448419,-0.07076556780092236,0.09677834823991897,,-0.12542915392777246,-0.07622116218247704,-0.06622174060189584,-0.02374530637408359,0.32855332382305424,0.5829530637073436,0.4160881674723358,-0.06750104945830548,0.5123084522872016,0.7254467560127502,1.0,0.12547150352018477,0.08691472532319655,0.10958919902210379,0.0890495755157952,0.08785015789384096,0.11808580688190595,0.12271382998089297,,-0.09495375183145625,-0.020072411181773796,-0.1225108585629968,-0.06434829174673817,0.45365090292075205,0.1848246810194823,0.29333404737473134,0.098975065181736,0.06045580004885685,0.4481825493613853,0.2690740336832726,0.2147944858806229,0.18482468101948205,0.270680664687615,0.2933340473747319,0.3285533238230536,0.4491563847011698,0.45365090292075083,0.02374530637408383,0.7254467560127489,0.4172516316833213,0.2269824735080063,1.0,0.09231690962812292,0.18490482454688634,0.18749411022013787,-0.09495375183145623,0.00023642651802788803,,,,,,,,,0.2269824735080064,0.22698247350800654,0.22698247350800657,-0.11829954048597643,0.22698247350800657,1.0000000000000007,0.9999999999999983,0.9999999999999999,0.9999999999999999
revenue_per_accommodates,-0.007338024633911347,,0.016698587880118902,0.3103717589124416,0.27887032090867203,,0.07158358319036609,-0.03008693581128012,-0.06655263968450222,-0.03324271155248117,-0.049757500419913336,-0.05719226867995514,-0.037412586042042284,0.03654315709004891,-0.03581954267039869,-0.006932445976246183,-0.10703806999407613,-0.00816955739363268,-0.03682031484948744,-0.0957690314231177,,-0.06179892222214048,-0.07150238845703284,-0.07900905963086845,-0.22224118669465198,-0.022841999750012647,-0.02250513593547251,-0.02186024655402459,-0.08811315457966634,-0.0212202634573611,-0.04196307558303222,0.09231690962812292,0.06561475672244833,0.05748893400431535,0.05668111976203178,0.04056116028478888,0.04193025348579715,0.10047184954776395,0.08369131885202348,,0.05761650728900422,-0.00881125122652161,0.11917039142790112,-0.021920940740852463,-0.034900249121744296,0.868548115663575,0.39302574841456406,0.938853992985898,0.5642168051303738,-0.03988407655880655,-0.06882036883276342,-0.0626972677625576,0.8685481156635737,0.12177613152275532,0.3930257484145645,-0.022841999750012557,-0.03909555406730268,-0.0349002491217441,0.22224118669465265,-0.041963075583032125,-0.021107083722412136,0.887046147431021,0.09231690962812292,1.0,0.9418479385494601,0.34376320186383663,0.057616507289004235,0.026580303390854376,,,,,,,,,0.8870461474310211,0.8870461474310176,0.8870461474310162,-0.10551646441649218,0.8870461474310162,0.09231690962812304,0.09231690962812303,0.09231690962812314,0.09231690962812314
revenue_per_bedroom,0.001640094094155445,,0.045910502282784295,0.3728677066443315,0.34179725132404326,,0.07337280138573649,-0.03193243786000684,-0.014202982564749226,-0.029425650991073055,-0.053801302526566855,-0.02491753025440402,-0.041700747888180775,0.06250089638843633,-0.04072749932924089,-0.02878727260530467,-0.0882275536714007,0.026844277746782243,-0.0417846333041078,-0.07552231892258064,,-0.056197703605744734,-0.05900096594737623,-0.06323012951712349,-0.1653422330035233,-0.01065902481592233,-0.004182666819750312,-0.004461845296648511,-0.06940494957613964,-0.00016254876292327806,-0.02520515052552092,0.18490482454688634,0.05119032680650546,0.03204842761460905,0.033523582028976304,0.027711932167626453,0.029452087684315346,0.08974513303335473,0.07725890824257806,,0.05665986556653606,-0.018784001765510008,0.1218883684223033,-0.022588869809452745,-0.0030128998709883495,0.9606599705729829,0.4471196857339391,0.932501135059738,0.5436898614817013,-0.030934159305710376,0.0046586687348703715,-0.027436555598947632,0.9606599705729827,0.1415327455465247,0.44711968573393873,-0.010659024815922426,-0.030000538690880377,-0.0030128998709882926,0.1653422330035231,-0.025205150525521008,-0.009925799217708522,0.9387567923798873,0.18490482454688634,0.9418479385494601,1.0,0.32188395395400543,0.05665986556653607,0.027840898088559336,,,,,,,,,0.9387567923798872,0.9387567923798871,0.9387567923798854,-0.09214508609101596,0.9387567923798854,0.1849048245468861,0.18490482454688592,0.184904824546886,0.184904824546886
log_est_revenue,-0.09780009941226311,,-0.13370378698574933,-0.040627124946068516,-0.04108858008577726,,0.1262306056327169,0.004502129129648206,0.2532738905944146,0.17098546371953857,0.19577358247449045,0.1915480333630124,-0.1275108540490249,-0.06844355968580525,-0.13190827446293601,-0.025095736769749005,-0.04502902861117289,-0.023879844731812656,-0.11758853417072221,-0.03650362670364111,,-0.3370757157234199,-0.3672726437421297,-0.3891550740965763,-0.7571377923131606,0.04595404584603028,0.0804325009502353,0.03394547356110088,-0.4166254170136754,0.07431923546143052,0.05596583902253032,0.18749411022013787,0.1815327119118985,0.20910224331247887,0.20781537587119295,0.15220282800157733,0.14793290953268207,0.1842433228178551,0.16499384246858984,,-0.00529962806603128,0.09290990631370455,-0.10354424756204797,-0.09631906492654362,0.037631009657111705,0.15093356925554274,0.36828248564077193,0.12915587047468463,0.14940122125576016,0.14258554891801087,0.2738770197922635,0.1955046772902205,0.15093356925554297,0.3393918725518328,0.3682824856407716,0.04595404584603009,0.14377840107703155,0.03763100965711179,0.757137792313161,0.05596583902253053,0.0021775890769260772,0.4561530677748577,0.18749411022013787,0.34376320186383663,0.32188395395400543,1.0,-0.005299628066031283,-0.02550142993376841,,,,,,,,,0.4561530677748578,0.4561530677748579,0.45615306777485687,-0.6568377162382597,0.45615306777485687,0.18749411022013787,0.18749411022013857,0.18749411022013787,0.18749411022013787
host_listings_in_city,0.06439040665898704,,0.035091609717418135,0.26555887490905594,0.24914924189902563,,-0.017055806463874567,-0.13924324519134565,-0.014606965854615338,0.14277118116943244,0.03734564334476321,0.06419972935605445,0.036679711335687516,0.19739379879433638,0.03892178796678723,0.2677987012292642,0.12629259116736472,0.14874474232214935,0.04727323215143809,0.13500645585916224,,-0.01029952993433899,-0.007509434112019646,-0.0038432627570385847,0.0018496098643052598,-0.08423616798434,-0.08808162875067198,-0.0626973286999874,-0.002561017204414625,-0.093974691764035,-0.09188789900931006,-0.09495375183145623,-0.1240492675940306,-0.11840032654184125,-0.0780153053893203,-0.10057493571995214,-0.11778837747296073,-0.14529754992518315,-0.13369458054508007,,1.0,0.8003469286772107,0.6817391334998635,0.22645257152432136,-0.08848906016835352,0.06346067092702941,0.013673333000227442,0.05555447111879968,0.05409874319558456,-0.12081311758350952,-0.05964001890340909,0.02199998038539425,0.06346067092702928,-0.011761843318614733,0.013673333000227376,-0.08423616798433987,-0.12194637397849721,-0.08848906016835355,-0.0018496098643052145,-0.09188789900931021,-0.05630216486944579,0.05250939735711019,-0.09495375183145623,0.057616507289004235,0.05665986556653607,-0.005299628066031283,1.0,0.5134302704670007,,,,,,,,,0.05250939735711015,0.052509397357110035,0.05250939735710987,0.008471825674926395,0.05250939735710987,-0.09495375183145642,-0.09495375183145681,-0.09495375183145621,-0.09495375183145621
host_is_professional,0.059414894580461945,,0.09933890736056186,0.15654869143010383,0.14054320826022665,,-0.007663658599826585,-0.14566364107462917,0.015496288033905374,0.06780529391225666,0.0370475243111579,0.057647712446267374,-0.029522903451469254,0.11798924066849806,-0.03089039800982066,0.04746635000687772,0.12803227095415595,0.15687536394793916,-0.018306200191758104,0.14106345307300863,,0.04470581130546135,0.045576387958894495,0.0506934292018619,0.05819384639957443,-0.015162680987564816,0.015706882167489906,0.009332656894065712,0.05244507147243477,-0.0023553572684951226,0.04082031002912775,0.00023642651802788803,-0.13891921976206822,-0.11221039012673434,-0.06857818725441203,-0.09408736850093578,-0.11389753889958258,-0.17077993332216052,-0.1446108982985386,,0.5134302704670007,0.43430353235769115,0.31586852076015753,0.11777256690845045,-0.015551855560929213,0.041289778814942786,-0.09078985022982634,0.039208889770861226,-0.0797680619265199,0.01605353303330558,-0.04580921769337621,0.02433950284876699,0.041289778814942724,-0.12469100745063805,-0.09078985022982643,-0.015162680987564814,0.014919827246114105,-0.015551855560929102,-0.05819384639957438,0.04082031002912757,-0.00037418063959695515,0.029909822044543077,0.00023642651802788803,0.026580303390854376,0.027840898088559336,-0.02550142993376841,0.5134302704670007,1.0,,,,,,,,,0.029909822044543028,0.029909822044543063,0.029909822044543014,0.01743682430004747,0.029909822044543014,0.00023642651802750135,0.00023642651802731782,0.00023642651802794034,0.00023642651802794034
pct_professional_hosts,,,,,,,,,,,,,,,,,,,,,,,,,,,,,,,,,,,,,,,,,,,,,,,,,,,,,,,,,,,,,,,,,,,,,,,,,,,,,,,,,,,,,
pct_large_operators,,,,,,,,,,,,,,,,,,,,,,,,,,,,,,,,,,,,,,,,,,,,,,,,,,,,,,,,,,,,,,,,,,,,,,,,,,,,,,,,,,,,,
median_host_listings,,,,,,,,,,,,,,,,,,,,,,,,,,,,,,,,,,,,,,,,,,,,,,,,,,,,,,,,,,,,,,,,,,,,,,,,,,,,,,,,,,,,,
gini_host_concentration,,,,,,,,,,,,,,,,,,,,,,,,,,,,,,,,,,,,,,,,,,,,,,,,,,,,,,,,,,,,,,,,,,,,,,,,,,,,,,,,,,,,,
market_professionalization_score,,,,,,,,,,,,,,,,,,,,,,,,,,,,,,,,,,,,,,,,,,,,,,,,,,,,,,,,,,,,,,,,,,,,,,,,,,,,,,,,,,,,,
purchase_price,,,,,,,,,,,,,,,,,,,,,,,,,,,,,,,,,,,,,,,,,,,,,,,,,,,,,,,,,,,,,,,,,,,,,,,,,,,,,,,,,,,,,
monthly_payment,,,,,,,,,,,,,,,,,,,,,,,,,,,,,,,,,,,,,,,,,,,,,,,,,,,,,,,,,,,,,,,,,,,,,,,,,,,,,,,,,,,,,
zori_rent,,,,,,,,,,,,,,,,,,,,,,,,,,,,,,,,,,,,,,,,,,,,,,,,,,,,,,,,,,,,,,,,,,,,,,,,,,,,,,,,,,,,,
annual_cash_flow,0.014824071944229716,,0.020600343796080386,0.30636389305662176,0.2750847389321152,,0.09247422179954767,-0.01953429358093608,0.19150267188306236,0.13593454124803953,0.14576351823655204,0.13327754685281445,-0.05471598120932026,0.043468430620233964,-0.0525313761882887,-0.013366724716086359,-0.08792119058340478,0.007313566051041013,-0.0478088585756555,-0.07848788787507996,,-0.07454589231326991,-0.09023708640761918,-0.10393152608209745,-0.26796800078989513,-0.04471253602450514,-0.025820377058179463,-0.03666197039102998,-0.11491580743018076,-0.020094515286000026,-0.048415613600640964,0.2269824735080064,0.059734164283933765,0.04332018793901882,0.03881491596133317,0.040152400615082524,0.04004664139822773,0.10115448495451207,0.06708520486480113,,0.05250939735711015,0.02611014629910165,0.06586201703628546,-0.04136612213564459,-0.03498278084089126,0.8808446148300255,0.575780161760651,0.8415411699786419,0.49881934934085503,-0.052909880347411065,0.190391912450727,0.1463256272184952,0.8808446148300263,0.29894961206199655,0.575780161760652,-0.04471253602450506,-0.05141119575387253,-0.03498278084089107,0.2679680007898948,-0.04841561360064091,-0.028382893908323128,1.0,0.2269824735080064,0.8870461474310211,0.9387567923798872,0.4561530677748578,0.05250939735711015,0.029909822044543028,,,,,,,,,1.0,1.0000000000000004,1.0000000000000007,-0.12411730700878507,1.0000000000000007,0.22698247350800643,0.2269824735080063,0.22698247350800702,0.22698247350800702
cash_on_cash_roi,0.014824071944229383,,0.020600343796080365,0.30636389305662104,0.2750847389321156,,0.09247422179954781,-0.019534293580936005,0.1915026718830624,0.13593454124803953,0.14576351823655212,0.13327754685281448,-0.054715981209320155,0.043468430620233735,-0.05253137618828869,-0.013366724716086423,-0.08792119058340436,0.007313566051041414,-0.04780885857565541,-0.07848788787507976,,-0.07454589231326979,-0.0902370864076191,-0.10393152608209733,-0.26796800078989497,-0.0447125360245049,-0.02582037705817944,-0.036661970391029884,-0.11491580743018046,-0.020094515285999922,-0.04841561360064087,0.22698247350800654,0.05973416428393365,0.043320187939018616,0.03881491596133318,0.040152400615082406,0.04004664139822757,0.10115448495451163,0.06708520486480087,,0.052509397357110035,0.02611014629910163,0.06586201703628519,-0.0413661221356445,-0.034982780840891126,0.880844614830025,0.5757801617606513,0.8415411699786423,0.4988193493408548,-0.05290988034741087,0.19039191245072698,0.14632562721849549,0.8808446148300244,0.29894961206199633,0.5757801617606512,-0.04471253602450478,-0.0514111957538725,-0.034982780840891015,0.26796800078989497,-0.04841561360064082,-0.028382893908323072,1.0000000000000004,0.22698247350800654,0.8870461474310176,0.9387567923798871,0.4561530677748579,0.052509397357110035,0.029909822044543063,,,,,,,,,1.0000000000000004,1.0,0.9999999999999973,-0.1241173070087854,0.9999999999999973,0.22698247350800616,0.22698247350800566,0.22698247350800657,0.22698247350800657
cap_rate,0.014824071944229019,,0.020600343796080212,0.30636389305662154,0.27508473893211494,,0.09247422179954758,-0.019534293580936,0.19150267188306178,0.13593454124803891,0.14576351823655168,0.13327754685281437,-0.0547159812093201,0.043468430620233936,-0.05253137618828884,-0.013366724716086452,-0.08792119058340488,0.007313566051041214,-0.04780885857565537,-0.07848788787507985,,-0.07454589231326965,-0.09023708640761925,-0.10393152608209752,-0.2679680007898941,-0.0447125360245047,-0.025820377058179363,-0.0366619703910299,-0.11491580743018016,-0.020094515285999814,-0.04841561360064081,0.22698247350800657,0.05973416428393376,0.04332018793901871,0.03881491596133322,0.04015240061508248,0.04004664139822778,0.10115448495451196,0.06708520486480098,,0.05250939735710987,0.026110146299101532,0.06586201703628515,-0.04136612213564454,-0.03498278084089113,0.8808446148300239,0.5757801617606513,0.841541169978641,0.4988193493408549,-0.05290988034741089,0.1903919124507263,0.1463256272184953,0.8808446148300234,0.2989496120619962,0.575780161760652,-0.04471253602450466,-0.05141119575387206,-0.034982780840891105,0.2679680007898951,-0.04841561360064064,-0.028382893908322996,1.0000000000000007,0.22698247350800657,0.8870461474310162,0.9387567923798854,0.45615306777485687,0.05250939735710987,0.029909822044543014,,,,,,,,,1.0000000000000007,0.9999999999999973,1.0,-0.12411730700878519,1.0,0.2269824735080064,0.22698247350800563,0.22698247350800674,0.22698247350800674
price_to_rent_ratio,0.09212722327171706,,0.08802270320918669,0.012843329808322361,0.016837975883901395,,-0.05848570897207297,-0.028396174786087882,-0.11508100433288149,-0.027329503396536125,-0.057026529946771404,-0.07710813236861115,0.086247055609009,0.007757340662687841,0.09500067704225369,0.028070773851399482,-0.051156016668674975,-0.05760736370253721,0.08281112792191009,-0.05564254784051055,,0.31122052414852863,0.2802694440210414,0.2651611670859639,0.3464489744604525,-0.09772477643082726,-0.12001103362669048,-0.08351312519592308,0.2732405560137541,-0.1058628315004668,-0.12271745640649301,-0.11829954048597643,-0.15030245992968397,-0.18294124691544061,-0.21281430348434016,-0.17308490151931513,-0.17602497397454617,-0.10679358802289801,-0.13936867095275668,,0.008471825674926395,-0.08135441784924842,0.0878196414930918,0.10603136679191413,-0.09174636284793505,-0.02044645682485507,-0.15300474003652687,-0.013226375299012433,-0.010122716896690045,-0.19115022816420665,-0.16043782422239178,-0.08474763982883904,-0.020446456824855123,-0.15556732690805178,-0.15300474003652606,-0.09772477643082696,-0.19094850041472405,-0.09174636284793525,-0.34644897446045286,-0.12271745640649301,-0.038791305318386066,-0.12411730700878505,-0.11829954048597643,-0.10551646441649218,-0.09214508609101596,-0.6568377162382597,0.008471825674926395,0.01743682430004747,,,,,,,,,-0.12411730700878507,-0.1241173070087854,-0.12411730700878519,1.0,-0.12411730700878519,-0.11829954048597648,-0.11829954048597736,-0.11829954048597642,-0.11829954048597642
revenue_yield,0.014824071944229019,,0.020600343796080212,0.30636389305662154,0.27508473893211494,,0.09247422179954758,-0.019534293580936,0.19150267188306178,0.13593454124803891,0.14576351823655168,0.13327754685281437,-0.0547159812093201,0.043468430620233936,-0.05253137618828884,-0.013366724716086452,-0.08792119058340488,0.007313566051041214,-0.04780885857565537,-0.07848788787507985,,-0.07454589231326965,-0.09023708640761925,-0.10393152608209752,-0.2679680007898941,-0.0447125360245047,-0.025820377058179363,-0.0366619703910299,-0.11491580743018016,-0.020094515285999814,-0.04841561360064081,0.22698247350800657,0.05973416428393376,0.04332018793901871,0.03881491596133322,0.04015240061508248,0.04004664139822778,0.10115448495451196,0.06708520486480098,,0.05250939735710987,0.026110146299101532,0.06586201703628515,-0.04136612213564454,-0.03498278084089113,0.8808446148300239,0.5757801617606513,0.841541169978641,0.4988193493408549,-0.05290988034741089,0.1903919124507263,0.1463256272184953,0.8808446148300234,0.2989496120619962,0.575780161760652,-0.04471253602450466,-0.05141119575387206,-0.034982780840891105,0.2679680007898951,-0.04841561360064064,-0.028382893908322996,1.0000000000000007,0.22698247350800657,0.8870461474310162,0.9387567923798854,0.45615306777485687,0.05250939735710987,0.029909822044543014,,,,,,,,,1.0000000000000007,0.9999999999999973,1.0,-0.12411730700878519,1.0,0.2269824735080064,0.22698247350800563,0.22698247350800674,0.22698247350800674
annual_cash_flow_booked,-0.08183679404840048,,-0.002481704873952335,0.016530877628686092,0.008111178542937641,,0.1510653700274856,-0.03499264485305276,0.24431270776579048,0.14083884289466458,0.1575122458138887,0.17981906879954465,-0.05633425610373227,-0.051097995028129915,-0.07951505597416776,-0.0809275704363652,0.08972709615168813,0.10961730949448349,-0.07076556780092226,0.09677834823991993,,-0.1254291539277724,-0.07622116218247738,-0.06622174060189612,-0.023745306374083917,0.3285533238230563,0.5829530637073438,0.4160881674723359,-0.06750104945830573,0.5123084522872031,0.7254467560127507,1.0000000000000007,0.1254715035201849,0.08691472532319675,0.10958919902210394,0.0890495755157954,0.08785015789384111,0.1180858068819063,0.12271382998089318,,-0.09495375183145642,-0.020072411181774264,-0.12251085856299677,-0.06434829174673863,0.45365090292075155,0.18482468101948232,0.2933340473747312,0.09897506518173592,0.0604558000488572,0.4481825493613889,0.2690740336832719,0.214794485880623,0.18482468101948202,0.2706806646876152,0.29333404737473173,0.3285533238230559,0.44915638470117286,0.4536509029207506,0.02374530637408418,0.7254467560127493,0.41725163168332197,0.22698247350800638,1.0000000000000007,0.09231690962812304,0.1849048245468861,0.18749411022013787,-0.09495375183145642,0.00023642651802750135,,,,,,,,,0.22698247350800643,0.22698247350800616,0.2269824735080064,-0.11829954048597648,0.2269824735080064,1.0,0.9999999999999968,0.9999999999999998,0.9999999999999998
cash_on_cash_roi_booked,-0.08183679404840305,,-0.0024817048739533354,0.016530877628686765,0.008111178542938274,,0.15106537002748527,-0.034992644853052646,0.24431270776579045,0.14083884289466414,0.15751224581388892,0.17981906879954412,-0.05633425610373238,-0.05109799502812967,-0.07951505597416761,-0.08092757043636478,0.08972709615168872,0.10961730949448423,-0.07076556780092243,0.09677834823992064,,-0.1254291539277724,-0.0762211621824771,-0.06622174060189573,-0.02374530637408418,0.32855332382305674,0.5829530637073436,0.4160881674723349,-0.06750104945830568,0.5123084522872043,0.7254467560127473,0.9999999999999983,0.12547150352018527,0.08691472532319694,0.10958919902210412,0.08904957551579551,0.08785015789384139,0.11808580688190654,0.1227138299808932,,-0.09495375183145681,-0.020072411181774396,-0.12251085856299682,-0.06434829174673848,0.45365090292075183,0.18482468101948116,0.29333404737473123,0.09897506518173543,0.060455800048856895,0.44818254936138935,0.26907403368327143,0.21479448588062233,0.1848246810194816,0.2706806646876144,0.29333404737473046,0.3285533238230569,0.44915638470117414,0.45365090292075133,0.02374530637408442,0.7254467560127492,0.41725163168332186,0.22698247350800632,0.9999999999999983,0.09231690962812303,0.18490482454688592,0.18749411022013857,-0.09495375183145681,0.00023642651802731782,,,,,,,,,0.2269824735080063,0.22698247350800566,0.22698247350800563,-0.11829954048597736,0.22698247350800563,0.9999999999999968,1.0,0.9999999999999972,0.9999999999999972
cap_rate_booked,-0.0818367940483943,,-0.0024817048739497636,0.016530877628685967,0.008111178542937763,,0.15106537002748516,-0.034992644853053104,0.24431270776579148,0.14083884289466522,0.15751224581389003,0.17981906879954399,-0.05633425610373235,-0.05109799502813069,-0.07951505597416782,-0.08092757043636503,0.0897270961516886,0.1096173094944842,-0.07076556780092257,0.09677834823991906,,-0.1254291539277724,-0.07622116218247717,-0.06622174060189576,-0.023745306374083616,0.3285533238230543,0.5829530637073441,0.4160881674723357,-0.0675010494583055,0.5123084522872031,0.7254467560127492,0.9999999999999999,0.12547150352018507,0.08691472532319687,0.10958919902210391,0.08904957551579554,0.08785015789384124,0.11808580688190633,0.12271382998089356,,-0.09495375183145621,-0.020072411181773754,-0.12251085856299672,-0.06434829174673824,0.4536509029207528,0.1848246810194819,0.2933340473747314,0.09897506518173638,0.06045580004885673,0.4481825493613856,0.269074033683272,0.2147944858806232,0.18482468101948232,0.2706806646876154,0.2933340473747323,0.3285533238230534,0.44915638470117136,0.4536509029207522,0.023745306374083848,0.7254467560127499,0.4172516316833228,0.2269824735080071,0.9999999999999999,0.09231690962812314,0.184904824546886,0.18749411022013787,-0.09495375183145621,0.00023642651802794034,,,,,,,,,0.22698247350800702,0.22698247350800657,0.22698247350800674,-0.11829954048597642,0.22698247350800674,0.9999999999999998,0.9999999999999972,1.0,1.0
revenue_yield_booked,-0.0818367940483943,,-0.0024817048739497636,0.016530877628685967,0.008111178542937763,,0.15106537002748516,-0.034992644853053104,0.24431270776579148,0.14083884289466522,0.15751224581389003,0.17981906879954399,-0.05633425610373235,-0.05109799502813069,-0.07951505597416782,-0.08092757043636503,0.0897270961516886,0.1096173094944842,-0.07076556780092257,0.09677834823991906,,-0.1254291539277724,-0.07622116218247717,-0.06622174060189576,-0.023745306374083616,0.3285533238230543,0.5829530637073441,0.4160881674723357,-0.0675010494583055,0.5123084522872031,0.7254467560127492,0.9999999999999999,0.12547150352018507,0.08691472532319687,0.10958919902210391,0.08904957551579554,0.08785015789384124,0.11808580688190633,0.12271382998089356,,-0.09495375183145621,-0.020072411181773754,-0.12251085856299672,-0.06434829174673824,0.4536509029207528,0.1848246810194819,0.2933340473747314,0.09897506518173638,0.06045580004885673,0.4481825493613856,0.269074033683272,0.2147944858806232,0.18482468101948232,0.2706806646876154,0.2933340473747323,0.3285533238230534,0.44915638470117136,0.4536509029207522,0.023745306374083848,0.7254467560127499,0.4172516316833228,0.2269824735080071,0.9999999999999999,0.09231690962812314,0.184904824546886,0.18749411022013787,-0.09495375183145621,0.00023642651802794034,,,,,,,,,0.22698247350800702,0.22698247350800657,0.22698247350800674,-0.11829954048597642,0.22698247350800674,0.9999999999999998,0.9999999999999972,1.0,1.0
