,id,scrape_id,host_id,host_listings_count,host_total_listings_count,neighbourhood_group_cleansed,latitude,longitude,accommodates,bathrooms,bedrooms,beds,minimum_nights,maximum_nights,minimum_minimum_nights,maximum_minimum_nights,minimum_maximum_nights,maximum_maximum_nights,minimum_nights_avg_ntm,maximum_nights_avg_ntm,calendar_updated,availability_30,availability_60,availability_90,availability_365,number_of_reviews,number_of_reviews_ltm,number_of_reviews_l30d,availability_eoy,number_of_reviews_ly,estimated_occupancy_l365d,estimated_revenue_l365d,review_scores_rating,review_scores_accuracy,review_scores_cleanliness,review_scores_checkin,review_scores_communication,review_scores_location,review_scores_value,calculated_host_listings_count,calculated_host_listings_count_entire_homes,calculated_host_listings_count_private_rooms,calculated_host_listings_count_shared_rooms,reviews_per_month,price_clean,log_price,price_per_accommodates,log_price_per_accommodates,log_reviews,log_accommodates,log_beds,price_zscore,price_percentile,log_price_zscore,reviews_zscore,reviews_percentile,reviews_per_month_zscore,occupancy_rate,occupancy_rate_booked,occupancy_is_capped,est_annual_revenue,est_annual_revenue_booked,revenue_per_accommodates,revenue_per_bedroom,log_est_revenue,host_listings_in_city,host_is_professional,pct_professional_hosts,pct_large_operators,median_host_listings,gini_host_concentration,market_professionalization_score,purchase_price,monthly_payment,zori_rent,annual_cash_flow,cash_on_cash_roi,cap_rate,price_to_rent_ratio,revenue_yield,annual_cash_flow_booked,cash_on_cash_roi_booked,cap_rate_booked,revenue_yield_booked
id,1.0,,0.5185689472308096,0.06581734520858305,0.06405209840345466,,-0.009313314475218952,0.0657790133140167,0.1454426311059834,0.11185164299555485,0.09698343098027334,0.07529457849351603,-0.1298398763930136,-0.2592613915212402,-0.12315095556945123,-0.10320566813772288,-0.00663859624566896,-0.006638602189704377,-0.12204452592351489,-0.006651055961649386,,0.13956756210900054,0.17378491752948716,0.18871168240202194,0.26232128540736455,-0.47911647698221604,-0.12290152573750814,0.04035199194094779,0.2004789084867241,-0.26212826080714824,-0.19077159954921466,-0.09566651131119484,-0.1374186827001694,-0.14152094381019686,-0.08725147054670773,-0.17434304809196702,-0.15828028208066092,-0.08949873110928244,-0.13079999305232878,0.2905346484796297,0.2745062505996082,0.13739194230764204,-0.014461454870266595,0.007026086005133386,0.04133278704358076,0.035003931736937575,0.02201722356523751,-0.0897997205317605,-0.6124460983037192,0.1300798008549071,0.06587467401197138,0.041332787043581024,0.016534452054802744,0.03500393173694799,-0.4791164769822176,-0.6222959561328998,0.007026086005131408,-0.26232128540737054,-0.1907715995492165,-0.182916202362729,-0.011547235815347948,-0.09566651131119484,-0.025775384844041193,-0.007902598430593282,-0.1590976015837848,0.2905346484796297,0.22568966217975778,,,,,,,,,-0.011547235815347686,-0.0115472358153477,-0.011547235815348752,0.052756419219913586,-0.011547235815348752,-0.09566651131119475,-0.09566651131119472,-0.09566651131119491,-0.09566651131119491
scrape_id,,,,,,,,,,,,,,,,,,,,,,,,,,,,,,,,,,,,,,,,,,,,,,,,,,,,,,,,,,,,,,,,,,,,,,,,,,,,,,,,,,,,
host_id,0.5185689472308096,,1.0,0.13571956798676676,0.12691144737669532,,-0.0029996508441315676,0.08365738526669979,0.15434715540726898,0.08160673111873853,0.05971195760126941,0.07713359032347797,-0.14928733187147372,-0.1133140271896778,-0.16644700279946595,-0.14708347123713664,0.011466684253064229,0.011466773134760085,-0.16555344638782574,0.011467696852607095,,0.09823419809723785,0.11692919489343587,0.13656744654736572,0.23826130120771105,-0.2928864293796354,-0.06625287314302811,0.040255064123853386,0.15037166258082404,-0.11789589803923617,-0.12354013805770131,-0.044464033074623224,-0.20254268743224135,-0.18233900147806312,-0.14208222926198114,-0.19614230779873407,-0.20495629578712182,-0.11676966905352976,-0.18534597062560773,0.28614143252878665,0.26650432848886435,0.15820517758037428,-0.022600304362880262,-0.0013247799968795584,0.023964848865493615,0.06355832821390736,0.011196178988611626,-0.08310524643207608,-0.3336862568275421,0.15679014151454282,0.10023909705939446,0.023964848865493736,0.07378251680997841,0.06355832821391323,-0.29288642937963555,-0.34341520023544314,-0.0013247799968806743,-0.23826130120771394,-0.12354013805770253,-0.13341778501304286,-0.029256081321047782,-0.044464033074623224,-0.0425841582948259,-0.023479207369209873,-0.14856279409315343,0.28614143252878665,0.24241723631896056,,,,,,,,,-0.02925608132104767,-0.029256081321047626,-0.029256081321048302,0.0020687194938061797,-0.029256081321048302,-0.04446403307462323,-0.04446403307462323,-0.04446403307462328,-0.04446403307462328
host_listings_count,0.06581734520858305,,0.13571956798676676,1.0,0.9564683771964668,,-0.029201590453838216,0.03127181385813428,-0.02376019134473131,-0.02619425990996798,-0.05568447306690198,-0.011952087955564936,0.03930599330837364,0.03439307655853817,0.04470268700865313,0.04193057905378687,0.004916650175757919,0.004916622601771766,0.043579243805764764,0.004918608637929882,,0.017226103619835485,0.0022222791790657403,0.015678309886164313,0.10209257794196618,-0.0922092838412745,-0.07522446827061491,-0.035282632057234156,0.02919751770294382,-0.07784472094844826,-0.11321815308043996,-0.0566701300867036,-0.05140059086539418,-0.04981162704486265,-0.008077711366267493,-0.04565415334753854,-0.062400241795613404,0.00039690357493452977,-0.06275788572953726,0.206046958642088,0.1976036286287341,0.05213987443884053,-0.006238807796479559,-0.05239075931715623,0.11880650457665852,0.03349417966434028,0.12560754640263325,0.06768553736259438,-0.1798795587538741,-0.015546184351665503,-0.008131230294511106,0.11880650457665846,0.03298567220825723,0.033494179664339936,-0.09220928384127498,-0.1712565184918807,-0.05239075931715649,-0.1020925779419664,-0.11321815308044043,-0.0691694428483891,0.013924591830910486,-0.0566701300867036,0.04414819103366594,0.04400866960251581,-0.09793946966330576,0.206046958642088,0.13778648532229024,,,,,,,,,0.013924591830910523,0.013924591830910599,0.01392459183091059,0.0227780037397737,0.01392459183091059,-0.05667013008670372,-0.05667013008670377,-0.05667013008670421,-0.05667013008670421
host_total_listings_count,0.06405209840345466,,0.12691144737669532,0.9564683771964668,1.0,,-0.006791479907482092,0.047457104491994896,-0.00611379576120564,-0.01045474590781282,-0.032235132428193126,0.008664484585972103,0.037387317227586585,0.07803453499037585,0.043857730992876515,0.04361682926679268,0.00430228813187702,0.004302291816685284,0.04279400854025089,0.004304443172043576,,0.013197039107355332,0.0013925284895624638,0.01365996127171336,0.10684677718762416,-0.08893536139849081,-0.06643955874719662,-0.030876450491231777,0.02664611877858785,-0.06979009833019832,-0.10676893620335531,-0.04843522623581477,-0.06234335943266021,-0.0662136596516988,-0.025942990919831,-0.05218836477834099,-0.07510445839436371,-0.010457435497665342,-0.07925170953299472,0.22383821846678154,0.21590636078154146,0.03908332951460608,-0.006800421676012963,-0.03718263793516187,0.16000593655740938,0.04866925896096086,0.16381377186265908,0.06930609334591689,-0.17744639727004907,0.0018906852264063529,0.009775701771144224,0.16000593655740952,0.04010317827612763,0.048669258960960464,-0.0889353613984914,-0.1695084026904065,-0.037182637935161994,-0.1068467771876237,-0.10676893620335504,-0.06521198838868872,0.02617237385245806,-0.04843522623581477,0.06358486943779663,0.056880238436364736,-0.10896039479114807,0.22383821846678154,0.145036311752641,,,,,,,,,0.026172373852458138,0.026172373852458027,0.026172373852458037,0.03850719473832634,0.026172373852458037,-0.04843522623581493,-0.04843522623581485,-0.04843522623581494,-0.04843522623581494
neighbourhood_group_cleansed,,,,,,,,,,,,,,,,,,,,,,,,,,,,,,,,,,,,,,,,,,,,,,,,,,,,,,,,,,,,,,,,,,,,,,,,,,,,,,,,,,,,
latitude,-0.009313314475218952,,-0.0029996508441315676,-0.029201590453838216,-0.006791479907482092,,1.0,0.5155853341640669,-0.0027250315305716003,-0.024003082468697267,0.010729515353605673,0.007795596517492996,0.053313332378155234,0.025210218019610545,0.05831720931140731,0.04587815886868861,-0.004934731743631274,-0.004934754937577421,0.05596924218981111,-0.004928345000064868,,0.03880141355265135,0.03341256370801945,0.02971837403573846,-7.651989372067565e-05,-0.04208849009672528,-0.06580175961712004,-0.05865151877497561,0.02482988706891938,-0.05390605759674868,-0.047896095688417746,-0.032293088739439355,-0.008446485863612697,-0.011893632509325937,-0.0071766274445975884,0.013768179056821912,0.005006942332215162,-0.08294673864620498,-0.003777555924030867,-0.11763874485145301,-0.12283532933161126,0.007657356846988595,-0.0017129653848202467,-0.060269918575209566,-0.007406984050022194,-0.05398753331474544,-0.0042198625885957386,-0.060920079723221374,-0.03689184027644683,0.00527613329305302,0.024709799384717,-0.0074069840500221905,-0.05044081752879179,-0.05398753331474543,-0.04208849009672497,-0.0417103243968693,-0.06026991857520935,7.651989372088195e-05,-0.047896095688417635,-0.024480396680977966,-0.011342029421304427,-0.032293088739439355,-0.008779257466426695,-0.00766594811473715,-0.06654869248918001,-0.11763874485145301,-0.10421690034322402,,,,,,,,,-0.011342029421304434,-0.011342029421304382,-0.01134202942130453,0.04086763510152791,-0.01134202942130453,-0.03229308873943938,-0.03229308873943937,-0.03229308873943953,-0.03229308873943953
longitude,0.0657790133140167,,0.08365738526669979,0.03127181385813428,0.047457104491994896,,0.5155853341640669,1.0,0.06063861423845943,0.03057260098254103,0.045134695988792585,0.060146919361750484,-0.022461360710041574,0.014661729919314068,-0.02451197398588204,-0.021458123174018975,0.006968851018970193,0.0069688734885826175,-0.02413187188831485,0.006974117587312942,,0.04895990275573371,0.04444564092235365,0.04921472044732167,0.06749949327586949,-0.04458490585395899,-0.04156390815285175,-0.03356044221415175,0.0511791065107532,-0.0394123944061254,-0.0471723547285582,-0.00015028507659207573,-0.02912524204475586,-0.03422985268762086,-0.011689640915596353,-0.028747969559977753,-0.033653222875990915,-0.056914099605615,-0.029782030049457432,0.03128690755795723,0.022253132735952565,0.04954163780499808,-0.004941092843633336,-0.02189871265374016,0.011044738569944233,0.044451188253283404,0.004533040859085654,-0.008665762473223884,-0.06526904246609787,0.06415704383604008,0.06942603281983141,0.011044738569944238,0.048434015760176384,0.04445118825328404,-0.04458490585395916,-0.06767754673644773,-0.021898712653740285,-0.06749949327586985,-0.0471723547285583,-0.02838448643041157,-0.008581024407624932,-0.00015028507659207573,-0.011161102786707957,-0.006469697446386364,-0.04894099231702585,0.03128690755795723,0.03739322988658987,,,,,,,,,-0.008581024407624888,-0.008581024407624864,-0.008581024407624975,-0.0061509915504281394,-0.008581024407624975,-0.0001502850765920784,-0.0001502850765920582,-0.0001502850765920759,-0.0001502850765920759
accommodates,0.1454426311059834,,0.15434715540726898,-0.02376019134473131,-0.00611379576120564,,-0.0027250315305716003,0.06063861423845943,1.0,0.6835739199486609,0.8203232647658025,0.8143437490140774,-0.12391974045298322,0.0028243874725102495,-0.125250328283356,-0.09101317755417505,-0.01096373054079609,-0.010963736669854476,-0.11818047915386211,-0.010966827713026548,,0.00908378338709443,0.030518101214103654,0.04108128992669936,0.21224187407393624,-0.10551313336565735,0.00908097493580046,0.022855237591471518,0.06133804132441265,0.008769669665791062,0.010245822497157515,0.241504646169105,-0.010333822242662546,-0.0359272977080649,-0.028651875893013434,-0.0597047148638619,-0.028005729956692968,-0.09358618514236883,-0.03733385200427922,0.1809990767289262,0.1998348648983735,-0.09717648863300773,-0.0292685004022885,-0.028003815360089168,0.13374412070021882,0.6045832113677054,-0.03142476284132839,-0.19617046376389552,-0.052785418478120114,0.9384601247916504,0.8471684627483417,0.1337441207002189,0.5941448328256675,0.6045832113677075,-0.10551313336565735,-0.05920700887794131,-0.028003815360089345,-0.21224187407393502,0.010245822497157123,-0.020636676163843678,0.12051702961036652,0.241504646169105,-0.09241852635090383,-0.06464358784003721,0.17432531124486914,0.1809990767289262,0.1496074190989778,,,,,,,,,0.12051702961036657,0.12051702961036667,0.12051702961036649,-0.08910227364774717,0.12051702961036649,0.241504646169105,0.2415046461691052,0.24150464616910464,0.24150464616910464
bathrooms,0.11185164299555485,,0.08160673111873853,-0.02619425990996798,-0.01045474590781282,,-0.024003082468697267,0.03057260098254103,0.6835739199486609,1.0,0.8527368035922257,0.7778967130461478,-0.09287127749038529,-0.022058512731941052,-0.110815955004353,-0.06045736798288114,0.036339597335247935,0.03633958398177177,-0.10084115034349637,0.036337611458308564,,-0.07025729247262752,-0.05156004076977606,-0.05530965925563124,0.13923003406291973,-0.08303861362488929,-0.003053369781432494,0.02224469360723919,-0.03303929338209148,-0.012845765971544987,-0.006910708177212582,0.22816869877262982,0.08085920666061147,0.05035191774329727,0.057771735387036366,0.00787414483883235,0.04994247701644035,-0.019874505555778948,0.053516643215959524,0.12636101654546375,0.1324345074286218,-0.033523811160598924,0.010488671522097745,-0.015611558455668717,0.1774860241045536,0.5488789698324373,0.0012345824086235479,0.07270157555102445,-0.05991208565957091,0.5956845621672207,0.6411297236380622,0.17748602410455253,0.48840122019121646,0.548878969832437,-0.08303861362488907,-0.06108206808963401,-0.015611558455668983,-0.13923003406291903,-0.006910708177212778,-0.017659973393333,0.1840800572692151,0.22816869877262982,-0.02446522120601786,-0.041344192515185764,0.19425326310380242,0.12636101654546375,0.1179195920776556,,,,,,,,,0.1840800572692151,0.1840800572692156,0.184080057269215,-0.057376710695455344,0.184080057269215,0.22816869877262988,0.22816869877262974,0.22816869877263143,0.22816869877263143
bedrooms,0.09698343098027334,,0.05971195760126941,-0.05568447306690198,-0.032235132428193126,,0.010729515353605673,0.045134695988792585,0.8203232647658025,0.8527368035922257,1.0,0.885576263633376,-0.08105184821568998,0.0029302682789027336,-0.08504856893615761,-0.048124557722438066,0.007208819024324289,0.007208810548719475,-0.07726115483112246,0.007206954939179869,,-0.023926351934525178,-0.0009580509294157628,0.0002980557415793537,0.15168929831636283,-0.07723372991496924,0.004589667697401519,0.01599930498050429,0.01669610635229375,0.00718243753895814,0.009758052897451505,0.22025278032859497,0.04585608416044052,0.007860519636240595,0.02700354084494,-0.0057870525219176835,0.030885709599439943,-0.08036006366737469,0.015333560738792279,0.11519004242913897,0.13042446790823864,-0.0907733893511039,-0.01837263270364867,-0.02413355966157284,0.16240108695524652,0.5692863685363437,-0.014702204617838699,-0.052916509233880464,-0.046762383996138114,0.7460648036973592,0.7879347525064728,0.16240108695524652,0.5279122804549566,0.5692863685363451,-0.07723372991496906,-0.047700074015296065,-0.024133559661572695,-0.15168929831636233,0.00975805289745185,-0.004486286604185334,0.15685312519830513,0.22025278032859497,-0.057132652327626814,-0.07148293114357974,0.1897866675283237,0.11519004242913897,0.09026786971982646,,,,,,,,,0.15685312519830522,0.15685312519830466,0.15685312519830455,-0.04805120673114928,0.15685312519830455,0.220252780328595,0.220252780328595,0.22025278032859388,0.22025278032859388
beds,0.07529457849351603,,0.07713359032347797,-0.011952087955564936,0.008664484585972103,,0.007795596517492996,0.060146919361750484,0.8143437490140774,0.7778967130461478,0.885576263633376,1.0,-0.11049462109993007,0.014021641838573894,-0.11758262988071044,-0.06342816098478521,0.016600993714379234,0.01660103733541112,-0.10659461972341075,0.016597461268122247,,-0.06635758718244752,-0.04577400900795859,-0.040875243524555314,0.1521484159309089,-0.0618406295306932,0.0013604591683431659,0.017111147830750642,-0.018591703529707113,0.008797631783636314,-0.0002840285881500042,0.20821707753332835,0.017815117946937263,-0.013283862275465432,-0.0011395451406893096,-0.032782599146207576,0.0016656490789725901,-0.0956601818019614,-0.006401845519449394,0.12720375547288612,0.14116119630991716,-0.08017480329615481,-0.009713513134064553,-0.0222615393294854,0.1458734493605455,0.5486686076822747,-0.02627857608840742,-0.06725286272487488,-0.023662199978349237,0.738600194945585,0.9045822373370643,0.14587344936054542,0.5070141434481001,0.5486686076822745,-0.06184062953069307,-0.02420140798048329,-0.02226153932948538,-0.15214841593090897,-0.00028402858814998875,-0.024116243335866167,0.16305836392026238,0.20821707753332835,-0.06005703122599269,-0.06348459788682365,0.1894312441473601,0.12720375547288612,0.116564420834512,,,,,,,,,0.16305836392026238,0.16305836392026277,0.16305836392026266,-0.07314296419404698,0.16305836392026266,0.20821707753332835,0.2082170775333292,0.20821707753332994,0.20821707753332994
minimum_nights,-0.1298398763930136,,-0.14928733187147372,0.03930599330837364,0.037387317227586585,,0.053313332378155234,-0.022461360710041574,-0.12391974045298322,-0.09287127749038529,-0.08105184821568998,-0.11049462109993007,1.0,0.14741411192447149,0.959909038825063,0.9435595576315439,-0.012334360174583923,-0.012334497689854187,0.9616503199303755,-0.012327167133175805,,-0.008821392917636152,0.0027830264659132286,-0.023023390191197417,-0.08131353644730248,-0.12193740864082857,-0.24815270291609062,-0.1862361370024291,-0.0418681329599464,-0.1954175884125595,-0.15134944540074693,-0.08065808251311604,0.026503995503355665,0.02561752195157197,-0.007403412985632663,0.05039867975534295,0.04195824586860189,0.002478429617741191,0.015740505107966332,-0.18994272352130628,-0.18107240897382662,-0.08244243672040004,0.015201517214311167,-0.21285287137589567,-0.02013602141472158,-0.0857829153719688,-0.0030680501725593562,0.04433808416932891,-0.15958802458334354,-0.12781771236444234,-0.12194601502732266,-0.02013602141472157,-0.09339657457720928,-0.08578291537196996,-0.12193740864082765,-0.15868177511569512,-0.2128528713758949,0.08131353644730295,-0.15134944540074677,-0.03401460305352932,-0.028950088683470626,-0.08065808251311604,-0.015012592574378796,-0.017817437518464017,-0.07965286629617524,-0.18994272352130628,-0.13946065233020052,,,,,,,,,-0.02895008868347062,-0.028950088683470637,-0.0289500886834707,0.13275729035464917,-0.0289500886834707,-0.08065808251311604,-0.08065808251311575,-0.08065808251311632,-0.08065808251311632
maximum_nights,-0.2592613915212402,,-0.1133140271896778,0.03439307655853817,0.07803453499037585,,0.025210218019610545,0.014661729919314068,0.0028243874725102495,-0.022058512731941052,0.0029302682789027336,0.014021641838573894,0.14741411192447149,1.0,0.15640055018751203,0.14896368414467176,-0.020449035116432028,-0.020448918755013926,0.15413075005790244,-0.020446785046711182,,-0.09897287740826165,-0.09580737055415864,-0.10647492412233109,-0.038976691903055666,0.03222391589515309,-0.09212652625026667,-0.047882040747373456,-0.10666747887916099,-0.04924357857067279,-0.10820549230803142,-0.019363669394209724,-0.040812227394062324,-0.03047946889340368,-0.05385797043357524,-0.006132813694090464,-0.02554942671027976,-0.026887318302705333,-0.03781235244678508,-0.07287123572921285,-0.07288969774734824,-0.008872059664707511,0.0029564830581955983,-0.08622270532773872,0.00108851842621644,0.01685036530923308,0.002529481992901368,0.0006325740307807866,0.050500086739782395,0.013950134578166988,0.023522084999437642,0.0010885184262164043,0.015297777932173259,0.01685036530923085,0.03222391589515349,0.049594671816370756,-0.08622270532773733,0.03897669190305721,-0.10820549230803171,-0.06035380344074991,-0.034364717581227326,-0.019363669394209724,-0.033407136515795265,-0.034552927217819995,-0.08678258910844479,-0.07287123572921285,-0.03337334444163541,,,,,,,,,-0.03436471758122738,-0.03436471758122742,-0.03436471758122726,0.06570230167607473,-0.03436471758122726,-0.019363669394209696,-0.01936366939420964,-0.01936366939420957,-0.01936366939420957
minimum_minimum_nights,-0.12315095556945123,,-0.16644700279946595,0.04470268700865313,0.043857730992876515,,0.05831720931140731,-0.02451197398588204,-0.125250328283356,-0.110815955004353,-0.08504856893615761,-0.11758262988071044,0.959909038825063,0.15640055018751203,1.0,0.9727375388521253,-0.022588914501856724,-0.022589076936960297,0.9966817429366205,-0.022588997018715855,,-0.010113630632431753,0.0017710664373897752,-0.026301811455217757,-0.08409023750421898,-0.12772293209938756,-0.2646403466049005,-0.20060188833949572,-0.04522268979297515,-0.21290631189550532,-0.18780283668024172,-0.11492925661288694,0.02047158479783852,0.018887928978665074,-0.01308537972974533,0.04704033245653684,0.0393171741255083,-0.005497071934393909,0.010837379827161264,-0.20376663164455894,-0.1929587436230318,-0.10014945396715519,0.012777122234597421,-0.22337118105223186,-0.021059806499763405,-0.10077064669248242,-0.003038485135118676,0.035736311452186066,-0.170713599667717,-0.12783003703573112,-0.13017650880940784,-0.021059806499763394,-0.1095020389365731,-0.10077064669248348,-0.12772293209938715,-0.16945521204275688,-0.22337118105223153,0.08409023750421979,-0.18780283668024136,-0.07928577716588386,-0.028983361822786515,-0.11492925661288694,-0.016405894209027817,-0.018698381288542305,-0.0983527231008118,-0.20376663164455894,-0.16174037783195838,,,,,,,,,-0.028983361822786508,-0.028983361822786404,-0.028983361822786286,0.15362470853097807,-0.028983361822786286,-0.1149292566128869,-0.11492925661288678,-0.1149292566128867,-0.1149292566128867
maximum_minimum_nights,-0.10320566813772288,,-0.14708347123713664,0.04193057905378687,0.04361682926679268,,0.04587815886868861,-0.021458123174018975,-0.09101317755417505,-0.06045736798288114,-0.048124557722438066,-0.06342816098478521,0.9435595576315439,0.14896368414467176,0.9727375388521253,1.0,-0.021558839080152645,-0.02155900077639705,0.9813246822614049,-0.021558923168161673,,-0.010916316372234532,0.0032300025505873943,-0.020965269466811636,-0.060543815799800525,-0.12589867125081344,-0.24419785036434707,-0.16840226758927537,-0.036294534425409586,-0.19785325147817667,-0.16675164375441068,-0.06972812732893618,0.023917795912920665,0.016899196281217884,-0.008541761476624665,0.040063428541102,0.03602355085974278,0.0008688131270141392,0.010162275839424752,-0.17096093239348079,-0.159748124746943,-0.09655429608635067,0.01473061372692218,-0.19681152456378906,-0.006156848690510263,-0.061695754786505484,-3.339675786170889e-05,0.043889531689722,-0.16271027825965173,-0.0995030633269223,-0.08672432798304633,-0.006156848690510266,-0.0800672777125392,-0.061695754786506796,-0.12589867125081347,-0.16204960272164107,-0.1968115245637889,0.06054381579980119,-0.16675164375441087,-0.06228139354851022,-0.013948517561883115,-0.06972812732893618,-0.008914916333785713,-0.004120790931977575,-0.0833045113390274,-0.17096093239348079,-0.1365990600334206,,,,,,,,,-0.013948517561883096,-0.013948517561883079,-0.013948517561883082,0.13571213571840945,-0.013948517561883082,-0.06972812732893618,-0.06972812732893677,-0.06972812732893649,-0.06972812732893649
minimum_maximum_nights,-0.00663859624566896,,0.011466684253064229,0.004916650175757919,0.00430228813187702,,-0.004934731743631274,0.006968851018970193,-0.01096373054079609,0.036339597335247935,0.007208819024324289,0.016600993714379234,-0.012334360174583923,-0.020449035116432028,-0.022588914501856724,-0.021558839080152645,1.0,0.9999999999981831,-0.02307444435147316,0.9999999999993344,,0.01711840369161845,0.016294114099886167,0.013823778310193659,0.002176260639943976,-0.0004578839374159981,-0.0009256557890627043,0.0020768889336845926,0.011646549547050446,0.0011201996044156943,-0.019315727493984206,-0.009095602250581286,-0.025747700515220337,-0.04103224329309376,-0.033758201441247554,-0.023943658989660742,-0.0604341514291865,-0.006857652615666914,-0.022956232143144538,-0.018294446474408987,-0.022654092550921066,0.02772675307180666,-0.0013258016735753868,0.006267049390710882,0.01651030881600134,0.023959502142332778,0.002949594308290481,0.03333341148044118,-0.014977910951171512,-0.016531435995512885,-0.0013041687306483334,0.01651030881600148,0.019171460058481984,0.023959502142332962,-0.0004578839374160008,-0.015727334313506668,0.006267049390710853,-0.002176260639943917,-0.01931572749398409,-0.0159862769301226,0.0036726169207126976,-0.009095602250581286,-0.0016190627614076105,-0.0005465147799531407,0.011461019796275725,-0.018294446474408987,0.029054705581081888,,,,,,,,,0.003672616920712701,0.003672616920712733,0.003672616920712705,-0.006795944286892877,0.003672616920712705,-0.009095602250581272,-0.009095602250581302,-0.009095602250581257,-0.009095602250581257
maximum_maximum_nights,-0.006638602189704377,,0.011466773134760085,0.004916622601771766,0.004302291816685284,,-0.004934754937577421,0.0069688734885826175,-0.010963736669854476,0.03633958398177177,0.007208810548719475,0.01660103733541112,-0.012334497689854187,-0.020448918755013926,-0.022589076936960297,-0.02155900077639705,0.9999999999981831,1.0,-0.023074608491317764,0.9999999999994578,,0.0171184236304132,0.01629411855054721,0.013823796729621113,0.002176252088417273,-0.00045769690723677404,-0.000925388535226473,0.0020771940463047353,0.011646568079741437,0.0011204576528497652,-0.019315595130881838,-0.009095480728664576,-0.025747781740028872,-0.04103232848293906,-0.033758250112992896,-0.023943738720980462,-0.0604342762200788,-0.006857663256362536,-0.022956295708126375,-0.018294467435502216,-0.022654149150877743,0.02772697473227332,-0.0013257903172309948,0.006267389839069495,0.01651040104650645,0.023959659983537676,0.0029496865761652236,0.03333356614759838,-0.01497779102473986,-0.016531447207110236,-0.0013041270000046282,0.016510401046506334,0.019171626971548603,0.023959659983537798,-0.00045769690723680413,-0.015727203907638893,0.006267389839069488,-0.0021762520884172744,-0.019315595130881737,-0.015986181051695234,0.0036726863399822954,-0.009095480728664576,-0.0016189636919922,-0.0005464477784618022,0.011461188540840507,-0.018294467435502216,0.02905490846615606,,,,,,,,,0.003672686339982306,0.0036726863399823176,0.0036726863399823453,-0.006796012044184501,0.0036726863399823453,-0.009095480728664571,-0.009095480728664581,-0.009095480728664534,-0.009095480728664534
minimum_nights_avg_ntm,-0.12204452592351489,,-0.16555344638782574,0.043579243805764764,0.04279400854025089,,0.05596924218981111,-0.02413187188831485,-0.11818047915386211,-0.10084115034349637,-0.07726115483112246,-0.10659461972341075,0.9616503199303755,0.15413075005790244,0.9966817429366205,0.9813246822614049,-0.02307444435147316,-0.023074608491317764,1.0,-0.023067039947873364,,-0.01014050680186755,0.0024334610373757753,-0.024985430680217722,-0.07853610055479018,-0.12458209562916849,-0.2599249391716266,-0.1956989891970898,-0.04332482974590665,-0.2080585089680102,-0.1819174572677902,-0.10975677829299657,0.02190849303458709,0.019256779630357736,-0.01221539662322951,0.04654403482501908,0.03883835935601601,-0.0036811824786774413,0.01044777391196362,-0.1973992357683748,-0.1864933200809246,-0.09962055506808268,0.014051865973342719,-0.22010799034615938,-0.019639426405072612,-0.09497538263079514,-0.0035775341128698704,0.034751454085246165,-0.16753433775549723,-0.1217865025698585,-0.12056816436110307,-0.019639426405072612,-0.10529880172773892,-0.0949753826307961,-0.12458209562916879,-0.16618790608538284,-0.22010799034615727,0.07853610055479071,-0.18191745726779066,-0.07348975426586031,-0.027658631747686558,-0.10975677829299657,-0.01721345296537509,-0.018871520304075226,-0.09837125193272576,-0.1973992357683748,-0.15712529384829874,,,,,,,,,-0.027658631747686575,-0.027658631747686537,-0.027658631747686395,0.15148395394677203,-0.027658631747686395,-0.10975677829299653,-0.10975677829299632,-0.10975677829299668,-0.10975677829299668
maximum_nights_avg_ntm,-0.006651055961649386,,0.011467696852607095,0.004918608637929882,0.004304443172043576,,-0.004928345000064868,0.006974117587312942,-0.010966827713026548,0.036337611458308564,0.007206954939179869,0.016597461268122247,-0.012327167133175805,-0.020446785046711182,-0.022588997018715855,-0.021558923168161673,0.9999999999993344,0.9999999999994578,-0.023067039947873364,1.0,,0.01712978000256658,0.01630599583264477,0.013837214959944387,0.0021940324625197077,-0.0004532817846985136,-0.0009322745964910645,0.0020619969690379024,0.01166129683626841,0.0011248357188664412,-0.019314728452668527,-0.009094933541224696,-0.025749986585240445,-0.041034595788090475,-0.033756256268778775,-0.02394700803716903,-0.06043682022598577,-0.006858038361979955,-0.022955204744770807,-0.018287886792600544,-0.02264788420657083,0.02773005515638458,-0.0013254295264010965,0.006254420802615671,0.016511474200084763,0.0239604838943149,0.0029505996128691833,0.03333854010858584,-0.014974081753240137,-0.01653692872853825,-0.0013084954615967385,0.016511474200084718,0.019170625723965298,0.023960483894314905,-0.0004532817846985507,-0.01572321168053019,0.00625442080261568,-0.0021940324625197172,-0.01931472845266842,-0.015988352770663593,0.003668030618654709,-0.009094933541224696,-0.0016210467743528905,-0.000548422830691124,0.011445497759720558,-0.018287886792600544,0.0290532834158715,,,,,,,,,0.003668030618654716,0.0036680306186547174,0.003668030618654684,-0.006793241513225124,0.003668030618654684,-0.009094933541224698,-0.009094933541224665,-0.00909493354122468,-0.00909493354122468
calendar_updated,,,,,,,,,,,,,,,,,,,,,,,,,,,,,,,,,,,,,,,,,,,,,,,,,,,,,,,,,,,,,,,,,,,,,,,,,,,,,,,,,,,,
availability_30,0.13956756210900054,,0.09823419809723785,0.017226103619835485,0.013197039107355332,,0.03880141355265135,0.04895990275573371,0.00908378338709443,-0.07025729247262752,-0.023926351934525178,-0.06635758718244752,-0.008821392917636152,-0.09897287740826165,-0.010113630632431753,-0.010916316372234532,0.01711840369161845,0.0171184236304132,-0.01014050680186755,0.01712978000256658,,1.0,0.946561386883877,0.9091235163869205,0.5236837493639074,-0.05753996117515549,-0.022210797664788156,-0.010666689955845252,0.872696202957426,-0.03228117867693695,0.0015502772704018572,-0.07434691255393854,-0.07505763854411333,-0.07146529658550056,-0.05729938253842974,-0.060221505708263165,-0.05774812869336327,-0.05392636552127129,-0.07868451515671611,-0.015565649647331078,-0.02776587975100899,0.06888091904011523,-0.04813033971775913,0.015530382608599349,-0.0014715039665822974,0.04281030341677947,0.008839613199014508,0.09210165703062693,-0.07506546263389005,0.0136813815424891,-0.05948360658985331,-0.0014715039665822872,0.06644963349672395,0.042810303416779626,-0.05753996117515569,-0.07107010741679856,0.015530382608599092,-0.5236837493639039,0.0015502772704017397,-0.006115722592885973,-0.08681286367629916,-0.07434691255393854,-0.06741880628988582,-0.06496779460418459,-0.2174516130726653,-0.015565649647331078,0.027734466699903766,,,,,,,,,-0.08681286367629917,-0.0868128636762991,-0.08681286367629944,0.16508411036113257,-0.08681286367629944,-0.07434691255393854,-0.07434691255393874,-0.07434691255393883,-0.07434691255393883
availability_60,0.17378491752948716,,0.11692919489343587,0.0022222791790657403,0.0013925284895624638,,0.03341256370801945,0.04444564092235365,0.030518101214103654,-0.05156004076977606,-0.0009580509294157628,-0.04577400900795859,0.0027830264659132286,-0.09580737055415864,0.0017710664373897752,0.0032300025505873943,0.016294114099886167,0.01629411855054721,0.0024334610373757753,0.01630599583264477,,0.946561386883877,1.0,0.9764643817842878,0.5885898967656132,-0.07654093509636138,-0.03161029796444743,-0.0023053181777638,0.9438982789001396,-0.03969649941702917,-0.009255433915250015,-0.08465380551974007,-0.09106703458392806,-0.08462106458267248,-0.07192555657492708,-0.07449077165484534,-0.07343331567135343,-0.06525149084985742,-0.09745376937924184,0.03294852682047193,0.02072848230046701,0.07531752508066177,-0.04937905234133157,0.01728785503073438,0.0006546128082626621,0.03001801889590514,0.008954581548720301,0.0597720837284141,-0.10001185358995372,0.030361102596640106,-0.0423972906041637,0.000654612808262664,0.045354998557300456,0.030018018895905805,-0.07654093509636148,-0.09575063212375341,0.017287855030733972,-0.5885898967656111,-0.00925543391525024,-0.00894501457104205,-0.10995289460080812,-0.08465380551974007,-0.0912185494539826,-0.08532059187916516,-0.30106547286506175,0.03294852682047193,0.050073797113147835,,,,,,,,,-0.10995289460080801,-0.10995289460080795,-0.10995289460080808,0.19257014245900436,-0.10995289460080808,-0.08465380551973999,-0.0846538055197395,-0.08465380551973956,-0.08465380551973956
availability_90,0.18871168240202194,,0.13656744654736572,0.015678309886164313,0.01365996127171336,,0.02971837403573846,0.04921472044732167,0.04108128992669936,-0.05530965925563124,0.0002980557415793537,-0.040875243524555314,-0.023023390191197417,-0.10647492412233109,-0.026301811455217757,-0.020965269466811636,0.013823778310193659,0.013823796729621113,-0.024985430680217722,0.013837214959944387,,0.9091235163869205,0.9764643817842878,1.0,0.6446891794059689,-0.06138037113870201,-0.003942003302598665,0.016796404583789844,0.9834845330264506,-0.01256416890459083,0.020247765215780842,-0.0844756164572073,-0.09527457628187108,-0.086605018086639,-0.07303574787536705,-0.08147651271321193,-0.07887443558203025,-0.06828334995309372,-0.09994160322114605,0.07076514822413775,0.05878301388837548,0.08071066693038469,-0.05357714318645115,0.03787235720705139,-0.0022648871329334795,0.014995482598792725,0.0072639753687800575,0.036659637900938964,-0.08245234646335939,0.03953469451055111,-0.036001765037059014,-0.0022648871329334604,0.029561466177631134,0.01499548259879355,-0.06138037113870222,-0.0784511306709053,0.03787235720705113,-0.6446891794059655,0.02024776521577984,0.005761305139515544,-0.1324954076041972,-0.0844756164572073,-0.11243847677298843,-0.10197187601824723,-0.34299207647486385,0.07076514822413775,0.07825509583780668,,,,,,,,,-0.1324954076041972,-0.13249540760419706,-0.13249540760419745,0.1877263349522875,-0.13249540760419745,-0.0844756164572072,-0.08447561645720715,-0.08447561645720708,-0.08447561645720708
availability_365,0.26232128540736455,,0.23826130120771105,0.10209257794196618,0.10684677718762416,,-7.651989372067565e-05,0.06749949327586949,0.21224187407393624,0.13923003406291973,0.15168929831636283,0.1521484159309089,-0.08131353644730248,-0.038976691903055666,-0.08409023750421898,-0.060543815799800525,0.002176260639943976,0.002176252088417273,-0.07853610055479018,0.0021940324625197077,,0.5236837493639074,0.5885898967656132,0.6446891794059689,1.0,-0.0769431052417495,0.03889947881702415,0.0662447235532477,0.7157379764022012,0.01941244032077145,0.03518462091516065,-0.014459431681392495,-0.09853381541721794,-0.09336934762825265,-0.06842484296611485,-0.10548154472310681,-0.10302433166795935,-0.052401586441961724,-0.10271786116143525,0.30338680496679094,0.2948244118274371,0.09377954771438984,-0.018001473414494186,0.034723539715646005,0.027606698276754615,0.09289224092460113,0.006689406438558887,-0.0813844637147414,-0.11102607471343617,0.2005785398566904,0.17048857470066292,0.02760669827675464,0.09732828845605641,0.09289224092460308,-0.07694310524174983,-0.10995692490303428,0.03472353971564573,-1.000000000000002,0.03518462091516039,0.0032639010858136453,-0.2590165305887659,-0.014459431681392495,-0.28136331843428636,-0.23088154266774455,-0.6985926350922562,0.30338680496679094,0.20029916974111653,,,,,,,,,-0.25901653058876595,-0.25901653058876406,-0.2590165305887664,0.2341609556561286,-0.2590165305887664,-0.014459431681392453,-0.014459431681392389,-0.014459431681392566,-0.014459431681392566
number_of_reviews,-0.47911647698221604,,-0.2928864293796354,-0.0922092838412745,-0.08893536139849081,,-0.04208849009672528,-0.04458490585395899,-0.10551313336565735,-0.08303861362488929,-0.07723372991496924,-0.0618406295306932,-0.12193740864082857,0.03222391589515309,-0.12772293209938756,-0.12589867125081344,-0.0004578839374159981,-0.00045769690723677404,-0.12458209562916849,-0.0004532817846985136,,-0.05753996117515549,-0.07654093509636138,-0.06138037113870201,-0.0769431052417495,1.0,0.6213162422174864,0.3064903581363858,-0.050734467931366864,0.7178177048187087,0.48227136706792795,0.14355433259431888,0.11280761013377094,0.11938250400322153,0.09642962005292265,0.11124899032024453,0.10785705945727181,0.07349908450719178,0.13171947586944113,-0.09799739888100051,-0.085396865908811,-0.09500327063202643,-0.012547055696984269,0.6302837930064273,-0.04013210299090498,-0.10310989797609878,-0.01555377792940347,-0.015791646024720166,0.7276779724131026,-0.10341763985726957,-0.05994131213706408,-0.040132102990905125,-0.09902290885130782,-0.10310989797610558,1.0000000000000033,0.7559124803114851,0.6302837930064284,0.07694310524175224,0.4822713670679258,0.4574688313390516,-0.016619471192504398,0.14355433259431888,0.016226548323430047,0.0027607826670399257,0.08824035160298317,-0.09799739888100051,-0.07424411076397325,,,,,,,,,-0.016619471192504568,-0.016619471192504606,-0.016619471192503853,-0.06659529301548181,-0.016619471192503853,0.14355433259431874,0.14355433259431857,0.1435543325943186,0.1435543325943186
number_of_reviews_ltm,-0.12290152573750814,,-0.06625287314302811,-0.07522446827061491,-0.06643955874719662,,-0.06580175961712004,-0.04156390815285175,0.00908097493580046,-0.003053369781432494,0.004589667697401519,0.0013604591683431659,-0.24815270291609062,-0.09212652625026667,-0.2646403466049005,-0.24419785036434707,-0.0009256557890627043,-0.000925388535226473,-0.2599249391716266,-0.0009322745964910645,,-0.022210797664788156,-0.03161029796444743,-0.003942003302598665,0.03889947881702415,0.6213162422174864,1.0,0.6450240344602451,0.01881106901794319,0.846739561314996,0.7042456927463349,0.27053357665643346,0.10714072136231718,0.09879292422378796,0.11117586996874158,0.07604927840324015,0.08606704797207167,0.05845993185077081,0.11014295020994141,0.08763588442332824,0.10055142114874924,-0.061312214960759844,-0.012858249778189392,0.8294840634379667,-0.040104695684410024,-0.06684642100419161,-0.028093894056042058,-0.08306378214194296,0.588259842300095,0.02074051754709992,0.016224344471852767,-0.04010469568441011,-0.05757664410038255,-0.06684642100419307,0.6213162422174835,0.5936180445438857,0.8294840634379647,-0.03889947881702347,0.7042456927463338,0.6628687698670335,-0.030044358679220482,0.27053357665643346,-0.020067155486528786,-0.017583999754099078,0.06497746536238046,0.08763588442332824,0.07052390976796205,,,,,,,,,-0.03004435867922056,-0.030044358679220628,-0.030044358679220493,-0.07939161715375982,-0.030044358679220493,0.27053357665643335,0.27053357665643346,0.2705335766564336,0.2705335766564336
number_of_reviews_l30d,0.04035199194094779,,0.040255064123853386,-0.035282632057234156,-0.030876450491231777,,-0.05865151877497561,-0.03356044221415175,0.022855237591471518,0.02224469360723919,0.01599930498050429,0.017111147830750642,-0.1862361370024291,-0.047882040747373456,-0.20060188833949572,-0.16840226758927537,0.0020768889336845926,0.0020771940463047353,-0.1956989891970898,0.0020619969690379024,,-0.010666689955845252,-0.0023053181777638,0.016796404583789844,0.0662447235532477,0.3064903581363858,0.6450240344602451,1.0,0.034618396515518284,0.40975898551745343,0.37196820715871226,0.1441994396043445,0.05557389850382857,0.04421408469307583,0.056598551727282724,0.02391095406996186,0.036989893562785446,0.03755017603788258,0.06304875751070335,0.12410427617245015,0.1244693646813212,0.026617841154190847,-0.013219121100069531,0.7068754144279061,-0.023019494137823147,-0.037459583404276874,-0.018887337695618987,-0.064897062708976,0.29030959406013196,0.022428375934019595,0.018919577930784266,-0.023019494137823112,-0.039836481443678316,-0.03745958340427664,0.3064903581363855,0.2898411368433273,0.7068754144279035,-0.06624472355324766,0.37196820715871187,0.35329667230907374,-0.032895518683388074,0.1441994396043445,-0.02824898437997987,-0.027970834234791884,-0.00024096849870818511,0.12410427617245015,0.0961680846843494,,,,,,,,,-0.03289551868338803,-0.0328955186833881,-0.03289551868338824,-0.03161609917778148,-0.03289551868338824,0.14419943960434456,0.14419943960434495,0.14419943960434495,0.14419943960434495
availability_eoy,0.2004789084867241,,0.15037166258082404,0.02919751770294382,0.02664611877858785,,0.02482988706891938,0.0511791065107532,0.06133804132441265,-0.03303929338209148,0.01669610635229375,-0.018591703529707113,-0.0418681329599464,-0.10666747887916099,-0.04522268979297515,-0.036294534425409586,0.011646549547050446,0.011646568079741437,-0.04332482974590665,0.01166129683626841,,0.872696202957426,0.9438982789001396,0.9834845330264506,0.7157379764022012,-0.050734467931366864,0.01881106901794319,0.034618396515518284,1.0,0.00659417353708267,0.04167380898020124,-0.07484168459486215,-0.09035496403242532,-0.08179707218554332,-0.0672567149175803,-0.08145564334422001,-0.07755066631511766,-0.06404523776225782,-0.09568324862105446,0.10638548816794693,0.09495098973252576,0.08286954332270205,-0.0551013633594819,0.05433593760007316,-8.023613803195605e-05,0.018302119957065512,0.0060961390842056845,0.017807261764237376,-0.0713237377685344,0.05875251760469533,-0.012675004939093178,-8.023613803195161e-05,0.031208740392609013,0.01830211995706667,-0.05073446793136724,-0.06743752773399142,0.0543359376000727,-0.7157379764021972,0.04167380898020062,0.01849288713748749,-0.15882955175436056,-0.07484168459486215,-0.14719079433412113,-0.1283246308853422,-0.4058783475144332,0.10638548816794693,0.09956215407317877,,,,,,,,,-0.1588295517543605,-0.1588295517543609,-0.1588295517543606,0.19453716743102473,-0.1588295517543606,-0.07484168459486212,-0.07484168459486193,-0.07484168459486235,-0.07484168459486235
number_of_reviews_ly,-0.26212826080714824,,-0.11789589803923617,-0.07784472094844826,-0.06979009833019832,,-0.05390605759674868,-0.0394123944061254,0.008769669665791062,-0.012845765971544987,0.00718243753895814,0.008797631783636314,-0.1954175884125595,-0.04924357857067279,-0.21290631189550532,-0.19785325147817667,0.0011201996044156943,0.0011204576528497652,-0.2080585089680102,0.0011248357188664412,,-0.03228117867693695,-0.03969649941702917,-0.01256416890459083,0.01941244032077145,0.7178177048187087,0.846739561314996,0.40975898551745343,0.00659417353708267,1.0,0.6635942896008995,0.2505991723129152,0.09795791030655045,0.09370451196434462,0.10148122469710823,0.0778855867627291,0.07792334997813058,0.042130248863567955,0.0991458645506615,0.05195496201470476,0.06843253120510866,-0.09182526164330057,-0.01352978427432509,0.7191414666059396,-0.037624794447617835,-0.06015441691866792,-0.025171671822892774,-0.08021579026002548,0.6454523974767415,0.02200256068764756,0.028850233629724154,-0.03762479444761793,-0.049363153913938,-0.06015441691867132,0.7178177048187088,0.6619955174709883,0.7191414666059351,-0.01941244032076948,0.6635942896008996,0.6290624630748809,-0.024922131933927817,0.2505991723129152,-0.014230767579745715,-0.013898931146988569,0.07582218985096936,0.05195496201470476,0.04220989593223083,,,,,,,,,-0.024922131933927907,-0.02492213193392801,-0.024922131933927606,-0.08114433026167836,-0.024922131933927606,0.25059917231291523,0.2505991723129165,0.25059917231291623,0.25059917231291623
estimated_occupancy_l365d,-0.19077159954921466,,-0.12354013805770131,-0.11321815308043996,-0.10676893620335531,,-0.047896095688417746,-0.0471723547285582,0.010245822497157515,-0.006910708177212582,0.009758052897451505,-0.0002840285881500042,-0.15134944540074693,-0.10820549230803142,-0.18780283668024172,-0.16675164375441068,-0.019315727493984206,-0.019315595130881838,-0.1819174572677902,-0.019314728452668527,,0.0015502772704018572,-0.009255433915250015,0.020247765215780842,0.03518462091516065,0.48227136706792795,0.7042456927463349,0.37196820715871226,0.04167380898020124,0.6635942896008995,1.0,0.4185174393908714,0.15819151810953141,0.14436244160178008,0.1406626110806175,0.12218718603358417,0.13902096649816795,0.06445829042141878,0.14426927351710056,0.05807604713999991,0.08260820415778856,-0.13720040577500553,-0.023190711428301307,0.5297112057698359,-0.05796352179186119,-0.08030555625079776,-0.041951260127364005,-0.10943337388189597,0.683551883612572,0.03314464678819583,0.03196525205590001,-0.057963521791861324,-0.057080762634270456,-0.08030555625080053,0.482271367067926,0.6765711352791991,0.5297112057698347,-0.03518462091515964,0.9999999999999971,0.794698513829294,-0.033476649958043184,0.4185174393908714,-0.02587386223217252,-0.024544745162970713,0.11152242480995807,0.05807604713999991,0.04295110235634401,,,,,,,,,-0.0334766499580432,-0.03347664995804325,-0.03347664995804298,-0.10903322097107522,-0.03347664995804298,0.41851743939087144,0.4185174393908707,0.4185174393908713,0.4185174393908713
estimated_revenue_l365d,-0.09566651131119484,,-0.044464033074623224,-0.0566701300867036,-0.04843522623581477,,-0.032293088739439355,-0.00015028507659207573,0.241504646169105,0.22816869877262982,0.22025278032859497,0.20821707753332835,-0.08065808251311604,-0.019363669394209724,-0.11492925661288694,-0.06972812732893618,-0.009095602250581286,-0.009095480728664576,-0.10975677829299657,-0.009094933541224696,,-0.07434691255393854,-0.08465380551974007,-0.0844756164572073,-0.014459431681392495,0.14355433259431888,0.27053357665643346,0.1441994396043445,-0.07484168459486215,0.2505991723129152,0.4185174393908714,1.0,0.10977723843094603,0.09490208967808776,0.09446728837128564,0.0724973518510119,0.08309994199869611,0.043770736825920455,0.08975876155050425,-0.0030817903498679467,0.006857153360697117,-0.07104288398191665,-0.014101112948319193,0.15871692491920675,0.19464375629763753,0.371424073015424,0.09300247434731333,0.21482582289805446,0.2882429101411241,0.23304242283014825,0.22382967882103263,0.19464375629763808,0.31646447046916804,0.3714240730154236,0.14355433259431843,0.27825037026552085,0.15871692491920691,0.014459431681392399,0.4185174393908715,0.3169812998551946,0.3975311457715254,1.0,0.3494131808172254,0.48789013659112757,0.2257688085266857,-0.0030817903498679467,0.02435342260844858,,,,,,,,,0.3975311457715254,0.39753114577152476,0.39753114577152676,-0.07189058495677333,0.39753114577152676,1.0,1.0000000000000004,0.9999999999999986,0.9999999999999986
review_scores_rating,-0.1374186827001694,,-0.20254268743224135,-0.05140059086539418,-0.06234335943266021,,-0.008446485863612697,-0.02912524204475586,-0.010333822242662546,0.08085920666061147,0.04585608416044052,0.017815117946937263,0.026503995503355665,-0.040812227394062324,0.02047158479783852,0.023917795912920665,-0.025747700515220337,-0.025747781740028872,0.02190849303458709,-0.025749986585240445,,-0.07505763854411333,-0.09106703458392806,-0.09527457628187108,-0.09853381541721794,0.11280761013377094,0.10714072136231718,0.05557389850382857,-0.09035496403242532,0.09795791030655045,0.15819151810953141,0.10977723843094603,1.0,0.8576675204631226,0.7940627357251008,0.6989182156731975,0.7968871264934428,0.6139593843577452,0.8769567800404101,-0.14078742311414524,-0.1207485108863016,-0.15676597711705234,-0.0013431225063302186,0.09645796250751797,0.07113612444584301,0.14393720778564503,0.05173860514334047,0.18818917015983117,0.1799981361685297,-0.012502151410125537,0.007090022278984223,0.07113612444584275,0.14737772818050668,0.14393720778564528,0.11280761013377112,0.17647224040605802,0.09645796250751781,0.09853381541721867,0.15819151810953289,0.12507248264521928,0.062554828090682,0.10977723843094606,0.06809603614807108,0.042388115321348105,0.19937452552796023,-0.14078742311414524,-0.1487418359623533,,,,,,,,,0.06255482809068198,0.06255482809068201,0.06255482809068205,-0.07341618789636074,0.06255482809068205,0.10977723843094607,0.10977723843094628,0.10977723843094604,0.10977723843094604
review_scores_accuracy,-0.14152094381019686,,-0.18233900147806312,-0.04981162704486265,-0.0662136596516988,,-0.011893632509325937,-0.03422985268762086,-0.0359272977080649,0.05035191774329727,0.007860519636240595,-0.013283862275465432,0.02561752195157197,-0.03047946889340368,0.018887928978665074,0.016899196281217884,-0.04103224329309376,-0.04103232848293906,0.019256779630357736,-0.041034595788090475,,-0.07146529658550056,-0.08462106458267248,-0.086605018086639,-0.09336934762825265,0.11938250400322153,0.09879292422378796,0.04421408469307583,-0.08179707218554332,0.09370451196434462,0.14436244160178008,0.09490208967808776,0.8576675204631226,1.0,0.729136430998476,0.6533241334512537,0.7198265917186185,0.6026276469594302,0.8249127780924372,-0.12143135997770793,-0.10277837001660776,-0.14368903452592707,-0.001351378912045704,0.09285042990155741,0.05150786338822985,0.10316943296540844,0.04431496821831095,0.15878708703392444,0.18965668630624305,-0.035280841853121324,-0.019436866550713364,0.051507863388230074,0.10447488707389947,0.10316943296540872,0.11938250400322166,0.1857343308891174,0.0928504299015575,0.09336934762825226,0.14436244160178033,0.11622602036580813,0.051200424203088006,0.09490208967808769,0.061131285004561886,0.03969761026383495,0.16712988564749776,-0.12143135997770793,-0.14706248231218674,,,,,,,,,0.051200424203087985,0.05120042420308808,0.05120042420308807,-0.05931129134204306,0.05120042420308807,0.09490208967808762,0.09490208967808741,0.09490208967808744,0.09490208967808744
review_scores_cleanliness,-0.08725147054670773,,-0.14208222926198114,-0.008077711366267493,-0.025942990919831,,-0.0071766274445975884,-0.011689640915596353,-0.028651875893013434,0.057771735387036366,0.02700354084494,-0.0011395451406893096,-0.007403412985632663,-0.05385797043357524,-0.01308537972974533,-0.008541761476624665,-0.033758201441247554,-0.033758250112992896,-0.01221539662322951,-0.033756256268778775,,-0.05729938253842974,-0.07192555657492708,-0.07303574787536705,-0.06842484296611485,0.09642962005292265,0.11117586996874158,0.056598551727282724,-0.0672567149175803,0.10148122469710823,0.1406626110806175,0.09446728837128564,0.7940627357251008,0.729136430998476,1.0,0.6008589456854821,0.6418872551194539,0.5471507330180141,0.7242955582413632,-0.07368938915878309,-0.06329512041081789,-0.08453328656390179,-0.0035986111227369662,0.09624726910382336,0.061317130154064925,0.14324459080064805,0.050318222528186476,0.19529092171254284,0.15343476926103986,-0.0219436568882163,-0.0034197345580269513,0.06131713015406467,0.14462042266624256,0.14324459080064839,0.09642962005292223,0.1510402975979093,0.09624726910382257,0.06842484296611506,0.1406626110806186,0.11709964346078933,0.05185740518093532,0.09446728837128562,0.05916421722972491,0.034937446866625615,0.1895129976398462,-0.07368938915878309,-0.10160665258021809,,,,,,,,,0.05185740518093534,0.05185740518093522,0.05185740518093527,-0.08713429167197559,0.05185740518093527,0.09446728837128562,0.09446728837128547,0.09446728837128558,0.09446728837128558
review_scores_checkin,-0.17434304809196702,,-0.19614230779873407,-0.04565415334753854,-0.05218836477834099,,0.013768179056821912,-0.028747969559977753,-0.0597047148638619,0.00787414483883235,-0.0057870525219176835,-0.032782599146207576,0.05039867975534295,-0.006132813694090464,0.04704033245653684,0.040063428541102,-0.023943658989660742,-0.023943738720980462,0.04654403482501908,-0.02394700803716903,,-0.060221505708263165,-0.07449077165484534,-0.08147651271321193,-0.10548154472310681,0.11124899032024453,0.07604927840324015,0.02391095406996186,-0.08145564334422001,0.0778855867627291,0.12218718603358417,0.0724973518510119,0.6989182156731975,0.6533241334512537,0.6008589456854821,1.0,0.7326961271779755,0.492326468014288,0.6393818557628947,-0.1498936738982021,-0.13200401110100748,-0.14317042722522452,-0.016937751315370203,0.06598521693921101,0.03385027461749932,0.05704239780096069,0.03575616803865803,0.12122112583873458,0.18404932596683818,-0.047577999445135744,-0.03033623334473682,0.033850274617499336,0.059014695748044514,0.057042397800960556,0.11124899032024495,0.17831371175170949,0.0659852169392112,0.10548154472310617,0.12218718603358394,0.09479331199711305,0.04512978391498673,0.07249735185101185,0.053965444896382525,0.03399327491718167,0.13821534889903692,-0.1498936738982021,-0.14054445922150088,,,,,,,,,0.045129783914986725,0.04512978391498679,0.04512978391498669,-0.03981485215457598,0.04512978391498669,0.07249735185101176,0.0724973518510118,0.07249735185101189,0.07249735185101189
review_scores_communication,-0.15828028208066092,,-0.20495629578712182,-0.062400241795613404,-0.07510445839436371,,0.005006942332215162,-0.033653222875990915,-0.028005729956692968,0.04994247701644035,0.030885709599439943,0.0016656490789725901,0.04195824586860189,-0.02554942671027976,0.0393171741255083,0.03602355085974278,-0.0604341514291865,-0.0604342762200788,0.03883835935601601,-0.06043682022598577,,-0.05774812869336327,-0.07343331567135343,-0.07887443558203025,-0.10302433166795935,0.10785705945727181,0.08606704797207167,0.036989893562785446,-0.07755066631511766,0.07792334997813058,0.13902096649816795,0.08309994199869611,0.7968871264934428,0.7198265917186185,0.6418872551194539,0.7326961271779755,1.0,0.5249538253081891,0.7409425868476854,-0.144554313746607,-0.12339361473887403,-0.16319108474842522,-0.018504047457080283,0.07696551017253588,0.040037163076006486,0.0739056884274135,0.03224749196843847,0.12040704918879384,0.1819156700708384,-0.02263059631498012,-0.000911046729369769,0.04003716307600636,0.07845474957413744,0.07390568842741463,0.10785705945727178,0.17590586581553447,0.07696551017253642,0.10302433166795937,0.1390209664981685,0.10893764316487825,0.04852530402799501,0.08309994199869607,0.05495290950672235,0.03562054208916741,0.14657177964409823,-0.144554313746607,-0.13776680424929058,,,,,,,,,0.04852530402799502,0.04852530402799487,0.048525304027994945,-0.039099908934870864,0.048525304027994945,0.0830999419986961,0.08309994199869576,0.08309994199869618,0.08309994199869618
review_scores_location,-0.08949873110928244,,-0.11676966905352976,0.00039690357493452977,-0.010457435497665342,,-0.08294673864620498,-0.056914099605615,-0.09358618514236883,-0.019874505555778948,-0.08036006366737469,-0.0956601818019614,0.002478429617741191,-0.026887318302705333,-0.005497071934393909,0.0008688131270141392,-0.006857652615666914,-0.006857663256362536,-0.0036811824786774413,-0.006858038361979955,,-0.05392636552127129,-0.06525149084985742,-0.06828334995309372,-0.052401586441961724,0.07349908450719178,0.05845993185077081,0.03755017603788258,-0.06404523776225782,0.042130248863567955,0.06445829042141878,0.043770736825920455,0.6139593843577452,0.6026276469594302,0.5471507330180141,0.492326468014288,0.5249538253081891,1.0,0.6214476573274772,-0.03977622478455054,-0.0303119292209835,-0.06384317189383,0.005633386880597431,0.04801611727418807,0.05775327797828775,0.09477647671599304,0.07033278499358821,0.2263500954632007,0.08894576022362105,-0.10063136336319209,-0.1141638608290932,0.05775327797828746,0.08964033179550021,0.09477647671599362,0.07349908450719224,0.08956721211029355,0.04801611727418817,0.05240158644196153,0.06445829042141868,0.049448271183539665,0.05267538653975351,0.043770736825920434,0.07207940638016727,0.04882825290492635,0.11270182536015115,-0.03977622478455054,-0.08222513135926729,,,,,,,,,0.05267538653975355,0.05267538653975336,0.05267538653975357,-0.05080176645650435,0.05267538653975357,0.04377073682592045,0.04377073682592039,0.04377073682592047,0.04377073682592047
review_scores_value,-0.13079999305232878,,-0.18534597062560773,-0.06275788572953726,-0.07925170953299472,,-0.003777555924030867,-0.029782030049457432,-0.03733385200427922,0.053516643215959524,0.015333560738792279,-0.006401845519449394,0.015740505107966332,-0.03781235244678508,0.010837379827161264,0.010162275839424752,-0.022956232143144538,-0.022956295708126375,0.01044777391196362,-0.022955204744770807,,-0.07868451515671611,-0.09745376937924184,-0.09994160322114605,-0.10271786116143525,0.13171947586944113,0.11014295020994141,0.06304875751070335,-0.09568324862105446,0.0991458645506615,0.14426927351710056,0.08975876155050425,0.8769567800404101,0.8249127780924372,0.7242955582413632,0.6393818557628947,0.7409425868476854,0.6214476573274772,1.0,-0.14722017801044157,-0.12721432442853436,-0.15341786731190304,0.008542252585196862,0.11554736397153197,0.055539388596159645,0.10258764376534227,0.04808868785561052,0.16212864199939256,0.1993552338226506,-0.04085686093856348,-0.016680821923525244,0.05553938859615963,0.10442946714090588,0.10258764376534266,0.13171947586944144,0.19472450538708247,0.11554736397153226,0.10271786116143533,0.1442692735171003,0.11679163934147846,0.062443686827235376,0.08975876155050423,0.07121047570523886,0.0479370194085545,0.17898823778456302,-0.14722017801044157,-0.14799117748009247,,,,,,,,,0.06244368682723534,0.06244368682723549,0.06244368682723561,-0.06525326312414434,0.06244368682723561,0.08975876155050416,0.08975876155050391,0.08975876155050361,0.08975876155050361
calculated_host_listings_count,0.2905346484796297,,0.28614143252878665,0.206046958642088,0.22383821846678154,,-0.11763874485145301,0.03128690755795723,0.1809990767289262,0.12636101654546375,0.11519004242913897,0.12720375547288612,-0.18994272352130628,-0.07287123572921285,-0.20376663164455894,-0.17096093239348079,-0.018294446474408987,-0.018294467435502216,-0.1973992357683748,-0.018287886792600544,,-0.015565649647331078,0.03294852682047193,0.07076514822413775,0.30338680496679094,-0.09799739888100051,0.08763588442332824,0.12410427617245015,0.10638548816794693,0.05195496201470476,0.05807604713999991,-0.0030817903498679467,-0.14078742311414524,-0.12143135997770793,-0.07368938915878309,-0.1498936738982021,-0.144554313746607,-0.03977622478455054,-0.14722017801044157,1.0,0.9861426310910246,0.24700226659841606,-0.016582200577160693,0.05722346581232711,0.030995668954290928,-0.04121067826611279,0.0193909050141627,-0.20935178658861975,-0.07296669430014953,0.16910329373067343,0.12980885513297297,0.030995668954291015,-0.06419824520007104,-0.04121067826610965,-0.0979973988810012,-0.07832666885581398,0.05722346581232625,-0.30338680496679266,0.058076047139999164,0.02984520008029929,-0.06701596524168563,-0.003081790349867928,-0.07830845849304044,-0.06117328855999377,-0.2414994489967261,1.0,0.43860332548370573,,,,,,,,,-0.06701596524168553,-0.06701596524168565,-0.06701596524168599,0.00414474418694592,-0.06701596524168599,-0.0030817903498679246,-0.0030817903498678054,-0.003081790349867881,-0.003081790349867881
calculated_host_listings_count_entire_homes,0.2745062505996082,,0.26650432848886435,0.1976036286287341,0.21590636078154146,,-0.12283532933161126,0.022253132735952565,0.1998348648983735,0.1324345074286218,0.13042446790823864,0.14116119630991716,-0.18107240897382662,-0.07288969774734824,-0.1929587436230318,-0.159748124746943,-0.022654092550921066,-0.022654149150877743,-0.1864933200809246,-0.02264788420657083,,-0.02776587975100899,0.02072848230046701,0.05878301388837548,0.2948244118274371,-0.085396865908811,0.10055142114874924,0.1244693646813212,0.09495098973252576,0.06843253120510866,0.08260820415778856,0.006857153360697117,-0.1207485108863016,-0.10277837001660776,-0.06329512041081789,-0.13200401110100748,-0.12339361473887403,-0.0303119292209835,-0.12721432442853436,0.9861426310910246,1.0,0.09376263869765633,-0.020175537680104844,0.06354069718859252,-0.01921802266052042,-0.043390896008725616,-0.0335815473778266,-0.23235486992190638,-0.048373587549137384,0.19230172302334875,0.15129322704353515,-0.01921802266052037,-0.060354616770811574,-0.043390896008722576,-0.0853968659088115,-0.05488639312967161,0.06354069718859165,-0.2948244118274371,0.08260820415778788,0.046368522462571345,-0.08212265776343136,0.006857153360697107,-0.10868585852471398,-0.0837079331926022,-0.2304079436570625,0.9861426310910246,0.41522823611514503,,,,,,,,,-0.08212265776343129,-0.08212265776343153,-0.0821226577634317,-0.005184509954293519,-0.0821226577634317,0.006857153360697063,0.006857153360697192,0.006857153360696964,0.006857153360696964
calculated_host_listings_count_private_rooms,0.13739194230764204,,0.15820517758037428,0.05213987443884053,0.03908332951460608,,0.007657356846988595,0.04954163780499808,-0.09717648863300773,-0.033523811160598924,-0.0907733893511039,-0.08017480329615481,-0.08244243672040004,-0.008872059664707511,-0.10014945396715519,-0.09655429608635067,0.02772675307180666,0.02772697473227332,-0.09962055506808268,0.02773005515638458,,0.06888091904011523,0.07531752508066177,0.08071066693038469,0.09377954771438984,-0.09500327063202643,-0.061312214960759844,0.026617841154190847,0.08286954332270205,-0.09182526164330057,-0.13720040577500553,-0.07104288398191665,-0.15676597711705234,-0.14368903452592707,-0.08453328656390179,-0.14317042722522452,-0.16319108474842522,-0.06384317189383,-0.15341786731190304,0.24700226659841606,0.09376263869765633,1.0,-0.0013977941058273228,-0.030004269070195665,-0.00229408272738562,-0.05505247194616978,0.012007431644953328,0.06226989109642231,-0.15848067052806306,-0.1300347862425204,-0.12578798929374083,-0.0022940827273856025,-0.05852598537753565,-0.05505247194616798,-0.09500327063202693,-0.15273582048414602,-0.03000426907019596,-0.09377954771439068,-0.13720040577500514,-0.09542456765251005,-0.021235962014280952,-0.07104288398191665,-0.0025748745949298124,-0.001401749123401323,-0.14101287666728377,0.24700226659841606,0.2309377668239272,,,,,,,,,-0.021235962014280903,-0.021235962014280844,-0.021235962014281063,0.07557627567440166,-0.021235962014281063,-0.07104288398191666,-0.07104288398191645,-0.07104288398191662,-0.07104288398191662
calculated_host_listings_count_shared_rooms,-0.014461454870266595,,-0.022600304362880262,-0.006238807796479559,-0.006800421676012963,,-0.0017129653848202467,-0.004941092843633336,-0.0292685004022885,0.010488671522097745,-0.01837263270364867,-0.009713513134064553,0.015201517214311167,0.0029564830581955983,0.012777122234597421,0.01473061372692218,-0.0013258016735753868,-0.0013257903172309948,0.014051865973342719,-0.0013254295264010965,,-0.04813033971775913,-0.04937905234133157,-0.05357714318645115,-0.018001473414494186,-0.012547055696984269,-0.012858249778189392,-0.013219121100069531,-0.0551013633594819,-0.01352978427432509,-0.023190711428301307,-0.014101112948319193,-0.0013431225063302186,-0.001351378912045704,-0.0035986111227369662,-0.016937751315370203,-0.018504047457080283,0.005633386880597431,0.008542252585196862,-0.016582200577160693,-0.020175537680104844,-0.0013977941058273228,1.0,-0.010418953083793443,-0.004050678907894823,-0.025155124627555155,-0.000465477606331293,0.008241806274827368,-0.005230921377468402,-0.0490511733826712,-0.01153402508643545,-0.004050678907894849,-0.023186620473624076,-0.025155124627555533,-0.012547055696984303,-0.007452752286929386,-0.01041895308379338,0.018001473414494193,-0.02319071142830112,-0.008855299833350897,-0.0033346489035856134,-0.014101112948319196,0.0009061847813805156,-0.0012183027010975738,-0.0004989675920992336,-0.01658220057716069,0.017903841124298804,,,,,,,,,-0.0033346489035856177,-0.003334648903585603,-0.0033346489035855995,-0.004734109942683821,-0.0033346489035855995,-0.014101112948319207,-0.014101112948319294,-0.014101112948319136,-0.014101112948319136
reviews_per_month,0.007026086005133386,,-0.0013247799968795584,-0.05239075931715623,-0.03718263793516187,,-0.060269918575209566,-0.02189871265374016,-0.028003815360089168,-0.015611558455668717,-0.02413355966157284,-0.0222615393294854,-0.21285287137589567,-0.08622270532773872,-0.22337118105223186,-0.19681152456378906,0.006267049390710882,0.006267389839069495,-0.22010799034615938,0.006254420802615671,,0.015530382608599349,0.01728785503073438,0.03787235720705139,0.034723539715646005,0.6302837930064273,0.8294840634379667,0.7068754144279061,0.05433593760007316,0.7191414666059396,0.5297112057698359,0.15871692491920675,0.09645796250751797,0.09285042990155741,0.09624726910382336,0.06598521693921101,0.07696551017253588,0.04801611727418807,0.11554736397153197,0.05722346581232711,0.06354069718859252,-0.030004269070195665,-0.010418953083793443,1.0,-0.05518220942697537,-0.07757231139248917,-0.0297210496776618,-0.05743597022412333,0.5572685772703418,-0.03149195390914317,-0.027629703894732013,-0.05518220942697506,-0.07570415430669167,-0.07757231139248921,0.6302837930064284,0.5569465372884406,1.0000000000000007,-0.0347235397156461,0.5297112057698389,0.4980799213368982,-0.03104570472002582,0.15871692491920675,-0.001828563323580401,-0.003309211778422742,0.02048235335143002,0.057223465812327116,0.06142160761449697,,,,,,,,,-0.03104570472002577,-0.031045704720025716,-0.031045704720025737,-0.04825958233763787,-0.031045704720025737,0.1587169249192068,0.15871692491920594,0.158716924919207,0.158716924919207
price_clean,0.04133278704358076,,0.023964848865493615,0.11880650457665852,0.16000593655740938,,-0.007406984050022194,0.011044738569944233,0.13374412070021882,0.1774860241045536,0.16240108695524652,0.1458734493605455,-0.02013602141472158,0.00108851842621644,-0.021059806499763405,-0.006156848690510263,0.01651030881600134,0.01651040104650645,-0.019639426405072612,0.016511474200084763,,-0.0014715039665822974,0.0006546128082626621,-0.0022648871329334795,0.027606698276754615,-0.04013210299090498,-0.040104695684410024,-0.023019494137823147,-8.023613803195605e-05,-0.037624794447617835,-0.05796352179186119,0.19464375629763753,0.07113612444584301,0.05150786338822985,0.061317130154064925,0.03385027461749932,0.040037163076006486,0.05775327797828775,0.055539388596159645,0.030995668954290928,-0.01921802266052042,-0.00229408272738562,-0.004050678907894823,-0.05518220942697537,1.0,0.4115329660256186,0.9144809943135628,0.38011681537274555,-0.05840371766370023,0.11264461838149278,0.08404415137700955,0.9999999999999992,0.22733304007318142,0.4115329660256183,-0.040132102990904986,-0.05698806335986482,-0.05518220942697525,-0.027606698276754514,-0.05796352179186133,-0.03813017637508279,0.5978472808980242,0.19464375629763753,0.7092200471051353,0.5935959989018395,0.18858652461927317,0.03099566895429094,0.023824970143324374,,,,,,,,,0.5978472808980242,0.5978472808980257,0.5978472808980254,-0.02974608522993338,0.5978472808980254,0.19464375629763764,0.1946437562976394,0.194643756297639,0.194643756297639
log_price,0.035003931736937575,,0.06355832821390736,0.03349417966434028,0.04866925896096086,,-0.05398753331474544,0.044451188253283404,0.6045832113677054,0.5488789698324373,0.5692863685363437,0.5486686076822747,-0.0857829153719688,0.01685036530923308,-0.10077064669248242,-0.061695754786505484,0.023959502142332778,0.023959659983537676,-0.09497538263079514,0.0239604838943149,,0.04281030341677947,0.03001801889590514,0.014995482598792725,0.09289224092460113,-0.10310989797609878,-0.06684642100419161,-0.037459583404276874,0.018302119957065512,-0.06015441691866792,-0.08030555625079776,0.371424073015424,0.14393720778564503,0.10316943296540844,0.14324459080064805,0.05704239780096069,0.0739056884274135,0.09477647671599304,0.10258764376534227,-0.04121067826611279,-0.043390896008725616,-0.05505247194616978,-0.025155124627555155,-0.07757231139248917,0.4115329660256186,1.0,0.23447148432066087,0.6152100395006046,-0.07199901167038433,0.5897042030009408,0.5474723377643326,0.4115329660256196,0.9401039984476839,1.0000000000000024,-0.1031098979760992,-0.07494302841599908,-0.07757231139248905,-0.09289224092460054,-0.08030555625079791,-0.07325538808065947,0.4320413413774848,0.3714240730154242,0.30817572541830374,0.28688968888052374,0.460510142025033,-0.04121067826611279,0.02248802117192217,,,,,,,,,0.43204134137748496,0.4320413413774844,0.4320413413774852,-0.17866656381529472,0.4320413413774852,0.371424073015424,0.3714240730154229,0.3714240730154234,0.3714240730154234
price_per_accommodates,0.02201722356523751,,0.011196178988611626,0.12560754640263325,0.16381377186265908,,-0.0042198625885957386,0.004533040859085654,-0.03142476284132839,0.0012345824086235479,-0.014702204617838699,-0.02627857608840742,-0.0030680501725593562,0.002529481992901368,-0.003038485135118676,-3.339675786170889e-05,0.002949594308290481,0.0029496865761652236,-0.0035775341128698704,0.0029505996128691833,,0.008839613199014508,0.008954581548720301,0.0072639753687800575,0.006689406438558887,-0.01555377792940347,-0.028093894056042058,-0.018887337695618987,0.0060961390842056845,-0.025171671822892774,-0.041951260127364005,0.09300247434731333,0.05173860514334047,0.04431496821831095,0.050318222528186476,0.03575616803865803,0.03224749196843847,0.07033278499358821,0.04808868785561052,0.0193909050141627,-0.0335815473778266,0.012007431644953328,-0.000465477606331293,-0.0297210496776618,0.9144809943135628,0.23447148432066087,1.0,0.318814119000498,-0.03843710852798367,-0.040559901022421754,-0.06215137474410031,0.9144809943135627,0.09402096169038021,0.23447148432066192,-0.015553777929403467,-0.03621358528021627,-0.0297210496776617,-0.006689406438558845,-0.04195126012736399,-0.024540876290300474,0.457704214397949,0.09300247434731336,0.7465418855774009,0.5952488492976862,0.11350989326736455,0.019390905014162692,0.005029090769025074,,,,,,,,,0.45770421439794895,0.4577042143979499,0.457704214397949,-0.012428471220083791,0.457704214397949,0.09300247434731337,0.0930024743473131,0.09300247434731326,0.09300247434731326
log_price_per_accommodates,-0.0897997205317605,,-0.08310524643207608,0.06768553736259438,0.06930609334591689,,-0.060920079723221374,-0.008665762473223884,-0.19617046376389552,0.07270157555102445,-0.052916509233880464,-0.06725286272487488,0.04433808416932891,0.0006325740307807866,0.035736311452186066,0.043889531689722,0.03333341148044118,0.03333356614759838,0.034751454085246165,0.03333854010858584,,0.09210165703062693,0.0597720837284141,0.036659637900938964,-0.0813844637147414,-0.015791646024720166,-0.08306378214194296,-0.064897062708976,0.017807261764237376,-0.08021579026002548,-0.10943337388189597,0.21482582289805446,0.18818917015983117,0.15878708703392444,0.19529092171254284,0.12122112583873458,0.12040704918879384,0.2263500954632007,0.16212864199939256,-0.20935178658861975,-0.23235486992190638,0.06226989109642231,0.008241806274827368,-0.05743597022412333,0.38011681537274555,0.6152100395006046,0.318814119000498,1.0,-0.05029148280461359,-0.27390543606715706,-0.17796673647656555,0.3801168153727451,0.53031756466164,0.6152100395006028,-0.01579164602472029,-0.046038248980718115,-0.057435970224123,0.0813844637147415,-0.10943337388189574,-0.06844772379161608,0.4129287717869449,0.21482582289805452,0.47236955530533703,0.4079106262332806,0.3809609300035957,-0.2093517865886198,-0.09505506358754368,,,,,,,,,0.412928771786945,0.4129287717869457,0.41292877178694687,-0.09513384656418356,0.41292877178694687,0.2148258228980546,0.21482582289805288,0.21482582289805413,0.21482582289805413
log_reviews,-0.6124460983037192,,-0.3336862568275421,-0.1798795587538741,-0.17744639727004907,,-0.03689184027644683,-0.06526904246609787,-0.052785418478120114,-0.05991208565957091,-0.046762383996138114,-0.023662199978349237,-0.15958802458334354,0.050500086739782395,-0.170713599667717,-0.16271027825965173,-0.014977910951171512,-0.01497779102473986,-0.16753433775549723,-0.014974081753240137,,-0.07506546263389005,-0.10001185358995372,-0.08245234646335939,-0.11102607471343617,0.7276779724131026,0.588259842300095,0.29030959406013196,-0.0713237377685344,0.6454523974767415,0.683551883612572,0.2882429101411241,0.1799981361685297,0.18965668630624305,0.15343476926103986,0.18404932596683818,0.1819156700708384,0.08894576022362105,0.1993552338226506,-0.07296669430014953,-0.048373587549137384,-0.15848067052806306,-0.005230921377468402,0.5572685772703418,-0.05840371766370023,-0.07199901167038433,-0.03843710852798367,-0.05029148280461359,1.0,-0.035390951876802954,0.004771226733696471,-0.058403717663700415,-0.05191649425889986,-0.07199901167039163,0.7276779724131056,0.9941166534093423,0.5572685772703423,0.11102607471343968,0.6835518836125751,0.5299274895078536,-0.011674865762387174,0.2882429101411241,0.005930903686711131,-0.0015061645358790939,0.16408036773289922,-0.07296669430014951,-0.06835944186229785,,,,,,,,,-0.011674865762387378,-0.011674865762387363,-0.011674865762386643,-0.1230345177341018,-0.011674865762386643,0.2882429101411239,0.2882429101411248,0.28824291014112463,0.28824291014112463
log_accommodates,0.1300798008549071,,0.15679014151454282,-0.015546184351665503,0.0018906852264063529,,0.00527613329305302,0.06415704383604008,0.9384601247916504,0.5956845621672207,0.7460648036973592,0.738600194945585,-0.12781771236444234,0.013950134578166988,-0.12783003703573112,-0.0995030633269223,-0.016531435995512885,-0.016531447207110236,-0.1217865025698585,-0.01653692872853825,,0.0136813815424891,0.030361102596640106,0.03953469451055111,0.2005785398566904,-0.10341763985726957,0.02074051754709992,0.022428375934019595,0.05875251760469533,0.02200256068764756,0.03314464678819583,0.23304242283014825,-0.012502151410125537,-0.035280841853121324,-0.0219436568882163,-0.047577999445135744,-0.02263059631498012,-0.10063136336319209,-0.04085686093856348,0.16910329373067343,0.19230172302334875,-0.1300347862425204,-0.0490511733826712,-0.03149195390914317,0.11264461838149278,0.5897042030009408,-0.040559901022421754,-0.27390543606715706,-0.035390951876802954,1.0,0.8505223622064643,0.11264461838149237,0.6036006215262952,0.5897042030009422,-0.10341763985726962,-0.04309941261306476,-0.0314919539091434,-0.20057853985669027,0.03314464678819551,-0.0023803728642534244,0.10405022516578794,0.23304242283014825,-0.10795116219832805,-0.06734131001674146,0.1714154084682851,0.16910329373067343,0.11539207828752208,,,,,,,,,0.104050225165788,0.10405022516578791,0.10405022516578816,-0.11977991018560175,0.10405022516578816,0.23304242283014817,0.23304242283014925,0.23304242283014953,0.23304242283014953
log_beds,0.06587467401197138,,0.10023909705939446,-0.008131230294511106,0.009775701771144224,,0.024709799384717,0.06942603281983141,0.8471684627483417,0.6411297236380622,0.7879347525064728,0.9045822373370643,-0.12194601502732266,0.023522084999437642,-0.13017650880940784,-0.08672432798304633,-0.0013041687306483334,-0.0013041270000046282,-0.12056816436110307,-0.0013084954615967385,,-0.05948360658985331,-0.0423972906041637,-0.036001765037059014,0.17048857470066292,-0.05994131213706408,0.016224344471852767,0.018919577930784266,-0.012675004939093178,0.028850233629724154,0.03196525205590001,0.22382967882103263,0.007090022278984223,-0.019436866550713364,-0.0034197345580269513,-0.03033623334473682,-0.000911046729369769,-0.1141638608290932,-0.016680821923525244,0.12980885513297297,0.15129322704353515,-0.12578798929374083,-0.01153402508643545,-0.027629703894732013,0.08404415137700955,0.5474723377643326,-0.06215137474410031,-0.17796673647656555,0.004771226733696471,0.8505223622064643,1.0,0.08404415137700959,0.5561228394353771,0.5474723377643298,-0.059941312137064134,0.0016755825865986877,-0.027629703894732006,-0.1704885747006628,0.03196525205589986,-0.008794395191661936,0.09856508521474971,0.22382967882103263,-0.1078779781039647,-0.09572595791914729,0.17786714051555774,0.1298088551329729,0.11049474316769888,,,,,,,,,0.09856508521474973,0.09856508521475002,0.09856508521475041,-0.09566762663869881,0.09856508521475041,0.2238296788210326,0.2238296788210315,0.22382967882103252,0.22382967882103252
price_zscore,0.041332787043581024,,0.023964848865493736,0.11880650457665846,0.16000593655740952,,-0.0074069840500221905,0.011044738569944238,0.1337441207002189,0.17748602410455253,0.16240108695524652,0.14587344936054542,-0.02013602141472157,0.0010885184262164043,-0.021059806499763394,-0.006156848690510266,0.01651030881600148,0.016510401046506334,-0.019639426405072612,0.016511474200084718,,-0.0014715039665822872,0.000654612808262664,-0.0022648871329334604,0.02760669827675464,-0.040132102990905125,-0.04010469568441011,-0.023019494137823112,-8.023613803195161e-05,-0.03762479444761793,-0.057963521791861324,0.19464375629763808,0.07113612444584275,0.051507863388230074,0.06131713015406467,0.033850274617499336,0.04003716307600636,0.05775327797828746,0.05553938859615963,0.030995668954291015,-0.01921802266052037,-0.0022940827273856025,-0.004050678907894849,-0.05518220942697506,0.9999999999999992,0.4115329660256196,0.9144809943135627,0.3801168153727451,-0.058403717663700415,0.11264461838149237,0.08404415137700959,1.0,0.2273330400731817,0.41153296602561856,-0.04013210299090515,-0.05698806335986503,-0.05518220942697515,-0.027606698276754466,-0.05796352179186127,-0.03813017637508274,0.5978472808980257,0.19464375629763808,0.7092200471051342,0.5935959989018391,0.1885865246192734,0.030995668954291015,0.023824970143324384,,,,,,,,,0.5978472808980256,0.5978472808980253,0.597847280898026,-0.029746085229933425,0.597847280898026,0.19464375629763808,0.19464375629763855,0.19464375629763755,0.19464375629763755
price_percentile,0.016534452054802744,,0.07378251680997841,0.03298567220825723,0.04010317827612763,,-0.05044081752879179,0.048434015760176384,0.5941448328256675,0.48840122019121646,0.5279122804549566,0.5070141434481001,-0.09339657457720928,0.015297777932173259,-0.1095020389365731,-0.0800672777125392,0.019171460058481984,0.019171626971548603,-0.10529880172773892,0.019170625723965298,,0.06644963349672395,0.045354998557300456,0.029561466177631134,0.09732828845605641,-0.09902290885130782,-0.05757664410038255,-0.039836481443678316,0.031208740392609013,-0.049363153913938,-0.057080762634270456,0.31646447046916804,0.14737772818050668,0.10447488707389947,0.14462042266624256,0.059014695748044514,0.07845474957413744,0.08964033179550021,0.10442946714090588,-0.06419824520007104,-0.060354616770811574,-0.05852598537753565,-0.023186620473624076,-0.07570415430669167,0.22733304007318142,0.9401039984476839,0.09402096169038021,0.53031756466164,-0.05191649425889986,0.6036006215262952,0.5561228394353771,0.2273330400731817,1.0,0.9401039984476871,-0.09902290885130882,-0.055892443383679664,-0.0757041543066919,-0.09732828845605652,-0.05708076263427034,-0.06363969971991687,0.25490583558983154,0.31646447046916804,0.14453219202382828,0.1342093723950489,0.42536151230113467,-0.06419824520007103,0.017035786098576904,,,,,,,,,0.2549058355898316,0.25490583558983,0.2549058355898313,-0.16664763777713476,0.2549058355898313,0.31646447046916815,0.316464470469169,0.3164644704691678,0.3164644704691678
log_price_zscore,0.03500393173694799,,0.06355832821391323,0.033494179664339936,0.048669258960960464,,-0.05398753331474543,0.04445118825328404,0.6045832113677075,0.548878969832437,0.5692863685363451,0.5486686076822745,-0.08578291537196996,0.01685036530923085,-0.10077064669248348,-0.061695754786506796,0.023959502142332962,0.023959659983537798,-0.0949753826307961,0.023960483894314905,,0.042810303416779626,0.030018018895905805,0.01499548259879355,0.09289224092460308,-0.10310989797610558,-0.06684642100419307,-0.03745958340427664,0.01830211995706667,-0.06015441691867132,-0.08030555625080053,0.3714240730154236,0.14393720778564528,0.10316943296540872,0.14324459080064839,0.057042397800960556,0.07390568842741463,0.09477647671599362,0.10258764376534266,-0.04121067826610965,-0.043390896008722576,-0.05505247194616798,-0.025155124627555533,-0.07757231139248921,0.4115329660256183,1.0000000000000024,0.23447148432066192,0.6152100395006028,-0.07199901167039163,0.5897042030009422,0.5474723377643298,0.41153296602561856,0.9401039984476871,1.0,-0.10310989797610513,-0.07494302841600681,-0.0775723113924887,-0.0928922409246028,-0.08030555625080017,-0.073255388080662,0.4320413413774849,0.3714240730154236,0.30817572541830346,0.28688968888052235,0.46051014202503265,-0.04121067826610965,0.02248802117192444,,,,,,,,,0.4320413413774846,0.43204134137748407,0.4320413413774846,-0.17866656381529394,0.4320413413774846,0.37142407301542374,0.3714240730154227,0.37142407301542346,0.37142407301542346
reviews_zscore,-0.4791164769822176,,-0.29288642937963555,-0.09220928384127498,-0.0889353613984914,,-0.04208849009672497,-0.04458490585395916,-0.10551313336565735,-0.08303861362488907,-0.07723372991496906,-0.06184062953069307,-0.12193740864082765,0.03222391589515349,-0.12772293209938715,-0.12589867125081347,-0.0004578839374160008,-0.00045769690723680413,-0.12458209562916879,-0.0004532817846985507,,-0.05753996117515569,-0.07654093509636148,-0.06138037113870222,-0.07694310524174983,1.0000000000000033,0.6213162422174835,0.3064903581363855,-0.05073446793136724,0.7178177048187088,0.482271367067926,0.14355433259431843,0.11280761013377112,0.11938250400322166,0.09642962005292223,0.11124899032024495,0.10785705945727178,0.07349908450719224,0.13171947586944144,-0.0979973988810012,-0.0853968659088115,-0.09500327063202693,-0.012547055696984303,0.6302837930064284,-0.040132102990904986,-0.1031098979760992,-0.015553777929403467,-0.01579164602472029,0.7276779724131056,-0.10341763985726962,-0.059941312137064134,-0.04013210299090515,-0.09902290885130882,-0.10310989797610513,1.0,0.755912480311488,0.6302837930064276,0.07694310524175269,0.48227136706792834,0.45746883133904825,-0.016619471192504412,0.14355433259431846,0.016226548323430002,0.0027607826670398962,0.08824035160298314,-0.09799739888100123,-0.07424411076397378,,,,,,,,,-0.01661947119250455,-0.016619471192504582,-0.016619471192503905,-0.0665952930154816,-0.016619471192503905,0.1435543325943184,0.14355433259431913,0.14355433259431877,0.14355433259431877
reviews_percentile,-0.6222959561328998,,-0.34341520023544314,-0.1712565184918807,-0.1695084026904065,,-0.0417103243968693,-0.06767754673644773,-0.05920700887794131,-0.06108206808963401,-0.047700074015296065,-0.02420140798048329,-0.15868177511569512,0.049594671816370756,-0.16945521204275688,-0.16204960272164107,-0.015727334313506668,-0.015727203907638893,-0.16618790608538284,-0.01572321168053019,,-0.07107010741679856,-0.09575063212375341,-0.0784511306709053,-0.10995692490303428,0.7559124803114851,0.5936180445438857,0.2898411368433273,-0.06743752773399142,0.6619955174709883,0.6765711352791991,0.27825037026552085,0.17647224040605802,0.1857343308891174,0.1510402975979093,0.17831371175170949,0.17590586581553447,0.08956721211029355,0.19472450538708247,-0.07832666885581398,-0.05488639312967161,-0.15273582048414602,-0.007452752286929386,0.5569465372884406,-0.05698806335986482,-0.07494302841599908,-0.03621358528021627,-0.046038248980718115,0.9941166534093423,-0.04309941261306476,0.0016755825865986877,-0.05698806335986503,-0.055892443383679664,-0.07494302841600681,0.755912480311488,1.0,0.5569465372884368,0.10995692490303759,0.6765711352792017,0.5371782716611382,-0.011428938583670823,0.27825037026552085,0.00799289090820357,-0.0014212843468751105,0.1609423677068738,-0.078326668855814,-0.07242429519150555,,,,,,,,,-0.011428938583671049,-0.011428938583670969,-0.011428938583670238,-0.11794292138363897,-0.011428938583670238,0.2782503702655207,0.2782503702655208,0.2782503702655199,0.2782503702655199
reviews_per_month_zscore,0.007026086005131408,,-0.0013247799968806743,-0.05239075931715649,-0.037182637935161994,,-0.06026991857520935,-0.021898712653740285,-0.028003815360089345,-0.015611558455668983,-0.024133559661572695,-0.02226153932948538,-0.2128528713758949,-0.08622270532773733,-0.22337118105223153,-0.1968115245637889,0.006267049390710853,0.006267389839069488,-0.22010799034615727,0.00625442080261568,,0.015530382608599092,0.017287855030733972,0.03787235720705113,0.03472353971564573,0.6302837930064284,0.8294840634379647,0.7068754144279035,0.0543359376000727,0.7191414666059351,0.5297112057698347,0.15871692491920691,0.09645796250751781,0.0928504299015575,0.09624726910382257,0.0659852169392112,0.07696551017253642,0.04801611727418817,0.11554736397153226,0.05722346581232625,0.06354069718859165,-0.03000426907019596,-0.01041895308379338,1.0000000000000007,-0.05518220942697525,-0.07757231139248905,-0.0297210496776617,-0.057435970224123,0.5572685772703423,-0.0314919539091434,-0.027629703894732006,-0.05518220942697515,-0.0757041543066919,-0.0775723113924887,0.6302837930064276,0.5569465372884368,1.0,-0.034723539715645964,0.5297112057698378,0.4980799213368962,-0.031045704720025616,0.1587169249192069,-0.0018285633235802358,-0.0033092117784227714,0.020482353351430088,0.05722346581232623,0.061421607614496325,,,,,,,,,-0.03104570472002564,-0.031045704720025658,-0.031045704720025675,-0.048259582337637864,-0.031045704720025675,0.15871692491920697,0.15871692491920644,0.1587169249192071,0.1587169249192071
occupancy_rate,-0.26232128540737054,,-0.23826130120771394,-0.1020925779419664,-0.1068467771876237,,7.651989372088195e-05,-0.06749949327586985,-0.21224187407393502,-0.13923003406291903,-0.15168929831636233,-0.15214841593090897,0.08131353644730295,0.03897669190305721,0.08409023750421979,0.06054381579980119,-0.002176260639943917,-0.0021762520884172744,0.07853610055479071,-0.0021940324625197172,,-0.5236837493639039,-0.5885898967656111,-0.6446891794059655,-1.000000000000002,0.07694310524175224,-0.03889947881702347,-0.06624472355324766,-0.7157379764021972,-0.01941244032076948,-0.03518462091515964,0.014459431681392399,0.09853381541721867,0.09336934762825226,0.06842484296611506,0.10548154472310617,0.10302433166795937,0.05240158644196153,0.10271786116143533,-0.30338680496679266,-0.2948244118274371,-0.09377954771439068,0.018001473414494193,-0.0347235397156461,-0.027606698276754514,-0.09289224092460054,-0.006689406438558845,0.0813844637147415,0.11102607471343968,-0.20057853985669027,-0.1704885747006628,-0.027606698276754466,-0.09732828845605652,-0.0928922409246028,0.07694310524175269,0.10995692490303759,-0.034723539715645964,1.0,-0.03518462091515884,-0.0032639010858120324,0.2590165305887661,0.014459431681392403,0.2813633184342858,0.2308815426677451,0.6985926350922571,-0.30338680496679266,-0.20029916974111747,,,,,,,,,0.2590165305887661,0.25901653058876417,0.25901653058876567,-0.23416095565612816,0.25901653058876567,0.014459431681392387,0.014459431681392293,0.014459431681392411,0.014459431681392411
occupancy_rate_booked,-0.1907715995492165,,-0.12354013805770253,-0.11321815308044043,-0.10676893620335504,,-0.047896095688417635,-0.0471723547285583,0.010245822497157123,-0.006910708177212778,0.00975805289745185,-0.00028402858814998875,-0.15134944540074677,-0.10820549230803171,-0.18780283668024136,-0.16675164375441087,-0.01931572749398409,-0.019315595130881737,-0.18191745726779066,-0.01931472845266842,,0.0015502772704017397,-0.00925543391525024,0.02024776521577984,0.03518462091516039,0.4822713670679258,0.7042456927463338,0.37196820715871187,0.04167380898020062,0.6635942896008996,0.9999999999999971,0.4185174393908715,0.15819151810953289,0.14436244160178033,0.1406626110806186,0.12218718603358394,0.1390209664981685,0.06445829042141868,0.1442692735171003,0.058076047139999164,0.08260820415778788,-0.13720040577500514,-0.02319071142830112,0.5297112057698389,-0.05796352179186133,-0.08030555625079791,-0.04195126012736399,-0.10943337388189574,0.6835518836125751,0.03314464678819551,0.03196525205589986,-0.05796352179186127,-0.05708076263427034,-0.08030555625080017,0.48227136706792834,0.6765711352792017,0.5297112057698378,-0.03518462091515884,1.0,0.794698513829295,-0.03347664995804296,0.4185174393908715,-0.025873862232172414,-0.02454474516297107,0.11152242480995893,0.058076047139999164,0.0429511023563438,,,,,,,,,-0.03347664995804307,-0.03347664995804308,-0.03347664995804298,-0.1090332209710754,-0.03347664995804298,0.4185174393908715,0.41851743939087166,0.4185174393908723,0.4185174393908723
occupancy_is_capped,-0.182916202362729,,-0.13341778501304286,-0.0691694428483891,-0.06521198838868872,,-0.024480396680977966,-0.02838448643041157,-0.020636676163843678,-0.017659973393333,-0.004486286604185334,-0.024116243335866167,-0.03401460305352932,-0.06035380344074991,-0.07928577716588386,-0.06228139354851022,-0.0159862769301226,-0.015986181051695234,-0.07348975426586031,-0.015988352770663593,,-0.006115722592885973,-0.00894501457104205,0.005761305139515544,0.0032639010858136453,0.4574688313390516,0.6628687698670335,0.35329667230907374,0.01849288713748749,0.6290624630748809,0.794698513829294,0.3169812998551946,0.12507248264521928,0.11622602036580813,0.11709964346078933,0.09479331199711305,0.10893764316487825,0.049448271183539665,0.11679163934147846,0.02984520008029929,0.046368522462571345,-0.09542456765251005,-0.008855299833350897,0.4980799213368982,-0.03813017637508279,-0.07325538808065947,-0.024540876290300474,-0.06844772379161608,0.5299274895078536,-0.0023803728642534244,-0.008794395191661936,-0.03813017637508274,-0.06363969971991687,-0.073255388080662,0.45746883133904825,0.5371782716611382,0.4980799213368962,-0.0032639010858120324,0.794698513829295,1.0,-0.02532868552554581,0.3169812998551946,-0.016997120515969483,-0.017561553070956245,0.05457096832921033,0.029845200080299304,0.014141590693006412,,,,,,,,,-0.025328685525545878,-0.025328685525545826,-0.02532868552554563,-0.06618430583709842,-0.02532868552554563,0.3169812998551945,0.3169812998551957,0.3169812998551961,0.3169812998551961
est_annual_revenue,-0.011547235815347948,,-0.029256081321047782,0.013924591830910486,0.02617237385245806,,-0.011342029421304427,-0.008581024407624932,0.12051702961036652,0.1840800572692151,0.15685312519830513,0.16305836392026238,-0.028950088683470626,-0.034364717581227326,-0.028983361822786515,-0.013948517561883115,0.0036726169207126976,0.0036726863399822954,-0.027658631747686558,0.003668030618654709,,-0.08681286367629916,-0.10995289460080812,-0.1324954076041972,-0.2590165305887659,-0.016619471192504398,-0.030044358679220482,-0.032895518683388074,-0.15882955175436056,-0.024922131933927817,-0.033476649958043184,0.3975311457715254,0.062554828090682,0.051200424203088006,0.05185740518093532,0.04512978391498673,0.04852530402799501,0.05267538653975351,0.062443686827235376,-0.06701596524168563,-0.08212265776343136,-0.021235962014280952,-0.0033346489035856134,-0.03104570472002582,0.5978472808980242,0.4320413413774848,0.457704214397949,0.4129287717869449,-0.011674865762387174,0.10405022516578794,0.09856508521474971,0.5978472808980257,0.25490583558983154,0.4320413413774849,-0.016619471192504412,-0.011428938583670823,-0.031045704720025616,0.2590165305887661,-0.03347664995804296,-0.02532868552554581,1.0,0.3975311457715254,0.7995240503263,0.777487155334671,0.41457043031393215,-0.06701596524168563,-0.008679063439916809,,,,,,,,,1.0000000000000002,1.0000000000000038,0.9999999999999978,-0.07098623596347127,0.9999999999999978,0.3975311457715254,0.397531145771525,0.3975311457715269,0.3975311457715269
est_annual_revenue_booked,-0.09566651131119484,,-0.044464033074623224,-0.0566701300867036,-0.04843522623581477,,-0.032293088739439355,-0.00015028507659207573,0.241504646169105,0.22816869877262982,0.22025278032859497,0.20821707753332835,-0.08065808251311604,-0.019363669394209724,-0.11492925661288694,-0.06972812732893618,-0.009095602250581286,-0.009095480728664576,-0.10975677829299657,-0.009094933541224696,,-0.07434691255393854,-0.08465380551974007,-0.0844756164572073,-0.014459431681392495,0.14355433259431888,0.27053357665643346,0.1441994396043445,-0.07484168459486215,0.2505991723129152,0.4185174393908714,1.0,0.10977723843094606,0.09490208967808769,0.09446728837128562,0.07249735185101185,0.08309994199869607,0.043770736825920434,0.08975876155050423,-0.003081790349867928,0.006857153360697107,-0.07104288398191665,-0.014101112948319196,0.15871692491920675,0.19464375629763753,0.3714240730154242,0.09300247434731336,0.21482582289805452,0.2882429101411241,0.23304242283014825,0.22382967882103263,0.19464375629763808,0.31646447046916804,0.3714240730154236,0.14355433259431846,0.27825037026552085,0.1587169249192069,0.014459431681392403,0.4185174393908715,0.3169812998551946,0.3975311457715254,1.0,0.3494131808172254,0.48789013659112757,0.2257688085266857,-0.0030817903498679467,0.02435342260844858,,,,,,,,,0.3975311457715254,0.39753114577152476,0.39753114577152676,-0.07189058495677333,0.39753114577152676,1.0,1.0000000000000004,0.9999999999999986,0.9999999999999986
revenue_per_accommodates,-0.025775384844041193,,-0.0425841582948259,0.04414819103366594,0.06358486943779663,,-0.008779257466426695,-0.011161102786707957,-0.09241852635090383,-0.02446522120601786,-0.057132652327626814,-0.06005703122599269,-0.015012592574378796,-0.033407136515795265,-0.016405894209027817,-0.008914916333785713,-0.0016190627614076105,-0.0016189636919922,-0.01721345296537509,-0.0016210467743528905,,-0.06741880628988582,-0.0912185494539826,-0.11243847677298843,-0.28136331843428636,0.016226548323430047,-0.020067155486528786,-0.02824898437997987,-0.14719079433412113,-0.014230767579745715,-0.02587386223217252,0.3494131808172254,0.06809603614807108,0.061131285004561886,0.05916421722972491,0.053965444896382525,0.05495290950672235,0.07207940638016727,0.07121047570523886,-0.07830845849304044,-0.10868585852471398,-0.0025748745949298124,0.0009061847813805156,-0.001828563323580401,0.7092200471051353,0.30817572541830374,0.7465418855774009,0.47236955530533703,0.005930903686711131,-0.10795116219832805,-0.1078779781039647,0.7092200471051342,0.14453219202382828,0.30817572541830346,0.016226548323430002,0.00799289090820357,-0.0018285633235802358,0.2813633184342858,-0.025873862232172414,-0.016997120515969483,0.7995240503263,0.3494131808172254,1.0,0.9358402404145051,0.36030892584601437,-0.07830845849304044,-0.03375550737557912,,,,,,,,,0.7995240503263001,0.7995240503263025,0.7995240503263027,-0.06853020756861758,0.7995240503263027,0.34941318081722544,0.3494131808172252,0.34941318081722506,0.34941318081722506
revenue_per_bedroom,-0.007902598430593282,,-0.023479207369209873,0.04400866960251581,0.056880238436364736,,-0.00766594811473715,-0.006469697446386364,-0.06464358784003721,-0.041344192515185764,-0.07148293114357974,-0.06348459788682365,-0.017817437518464017,-0.034552927217819995,-0.018698381288542305,-0.004120790931977575,-0.0005465147799531407,-0.0005464477784618022,-0.018871520304075226,-0.000548422830691124,,-0.06496779460418459,-0.08532059187916516,-0.10197187601824723,-0.23088154266774455,0.0027607826670399257,-0.017583999754099078,-0.027970834234791884,-0.1283246308853422,-0.013898931146988569,-0.024544745162970713,0.48789013659112757,0.042388115321348105,0.03969761026383495,0.034937446866625615,0.03399327491718167,0.03562054208916741,0.04882825290492635,0.0479370194085545,-0.06117328855999377,-0.0837079331926022,-0.001401749123401323,-0.0012183027010975738,-0.003309211778422742,0.5935959989018395,0.28688968888052374,0.5952488492976862,0.4079106262332806,-0.0015061645358790939,-0.06734131001674146,-0.09572595791914729,0.5935959989018391,0.1342093723950489,0.28688968888052235,0.0027607826670398962,-0.0014212843468751105,-0.0033092117784227714,0.2308815426677451,-0.02454474516297107,-0.017561553070956245,0.777487155334671,0.48789013659112757,0.9358402404145051,1.0,0.31379645401140754,-0.06117328855999376,-0.011951974823993305,,,,,,,,,0.7774871553346709,0.7774871553346736,0.7774871553346717,-0.05522922125932055,0.7774871553346717,0.48789013659112757,0.4878901365911284,0.4878901365911289,0.4878901365911289
log_est_revenue,-0.1590976015837848,,-0.14856279409315343,-0.09793946966330576,-0.10896039479114807,,-0.06654869248918001,-0.04894099231702585,0.17432531124486914,0.19425326310380242,0.1897866675283237,0.1894312441473601,-0.07965286629617524,-0.08678258910844479,-0.0983527231008118,-0.0833045113390274,0.011461019796275725,0.011461188540840507,-0.09837125193272576,0.011445497759720558,,-0.2174516130726653,-0.30106547286506175,-0.34299207647486385,-0.6985926350922562,0.08824035160298317,0.06497746536238046,-0.00024096849870818511,-0.4058783475144332,0.07582218985096936,0.11152242480995807,0.2257688085266857,0.19937452552796023,0.16712988564749776,0.1895129976398462,0.13821534889903692,0.14657177964409823,0.11270182536015115,0.17898823778456302,-0.2414994489967261,-0.2304079436570625,-0.14101287666728377,-0.0004989675920992336,0.02048235335143002,0.18858652461927317,0.460510142025033,0.11350989326736455,0.3809609300035957,0.16408036773289922,0.1714154084682851,0.17786714051555774,0.1885865246192734,0.42536151230113467,0.46051014202503265,0.08824035160298314,0.1609423677068738,0.020482353351430088,0.6985926350922571,0.11152242480995893,0.05457096832921033,0.41457043031393215,0.2257688085266857,0.36030892584601437,0.31379645401140754,1.0,-0.24149944899672612,-0.09578993787559097,,,,,,,,,0.4145704303139318,0.4145704303139311,0.41457043031393315,-0.5399979322089146,0.41457043031393315,0.22576880852668574,0.22576880852668565,0.22576880852668704,0.22576880852668704
host_listings_in_city,0.2905346484796297,,0.28614143252878665,0.206046958642088,0.22383821846678154,,-0.11763874485145301,0.03128690755795723,0.1809990767289262,0.12636101654546375,0.11519004242913897,0.12720375547288612,-0.18994272352130628,-0.07287123572921285,-0.20376663164455894,-0.17096093239348079,-0.018294446474408987,-0.018294467435502216,-0.1973992357683748,-0.018287886792600544,,-0.015565649647331078,0.03294852682047193,0.07076514822413775,0.30338680496679094,-0.09799739888100051,0.08763588442332824,0.12410427617245015,0.10638548816794693,0.05195496201470476,0.05807604713999991,-0.0030817903498679467,-0.14078742311414524,-0.12143135997770793,-0.07368938915878309,-0.1498936738982021,-0.144554313746607,-0.03977622478455054,-0.14722017801044157,1.0,0.9861426310910246,0.24700226659841606,-0.01658220057716069,0.057223465812327116,0.03099566895429094,-0.04121067826611279,0.019390905014162692,-0.2093517865886198,-0.07296669430014951,0.16910329373067343,0.1298088551329729,0.030995668954291015,-0.06419824520007103,-0.04121067826610965,-0.09799739888100123,-0.078326668855814,0.05722346581232623,-0.30338680496679266,0.058076047139999164,0.029845200080299304,-0.06701596524168563,-0.0030817903498679467,-0.07830845849304044,-0.06117328855999376,-0.24149944899672612,1.0,0.43860332548370573,,,,,,,,,-0.06701596524168553,-0.06701596524168565,-0.06701596524168599,0.00414474418694592,-0.06701596524168599,-0.0030817903498679246,-0.0030817903498678054,-0.003081790349867881,-0.003081790349867881
host_is_professional,0.22568966217975778,,0.24241723631896056,0.13778648532229024,0.145036311752641,,-0.10421690034322402,0.03739322988658987,0.1496074190989778,0.1179195920776556,0.09026786971982646,0.116564420834512,-0.13946065233020052,-0.03337334444163541,-0.16174037783195838,-0.1365990600334206,0.029054705581081888,0.02905490846615606,-0.15712529384829874,0.0290532834158715,,0.027734466699903766,0.050073797113147835,0.07825509583780668,0.20029916974111653,-0.07424411076397325,0.07052390976796205,0.0961680846843494,0.09956215407317877,0.04220989593223083,0.04295110235634401,0.02435342260844858,-0.1487418359623533,-0.14706248231218674,-0.10160665258021809,-0.14054445922150088,-0.13776680424929058,-0.08222513135926729,-0.14799117748009247,0.43860332548370573,0.41522823611514503,0.2309377668239272,0.017903841124298804,0.06142160761449697,0.023824970143324374,0.02248802117192217,0.005029090769025074,-0.09505506358754368,-0.06835944186229785,0.11539207828752208,0.11049474316769888,0.023824970143324384,0.017035786098576904,0.02248802117192444,-0.07424411076397378,-0.07242429519150555,0.061421607614496325,-0.20029916974111747,0.0429511023563438,0.014141590693006412,-0.008679063439916809,0.02435342260844858,-0.03375550737557912,-0.011951974823993305,-0.09578993787559097,0.43860332548370573,1.0,,,,,,,,,-0.00867906343991674,-0.008679063439916689,-0.00867906343991691,-0.013202092463028307,-0.00867906343991691,0.024353422608448583,0.02435342260844874,0.024353422608448572,0.024353422608448572
pct_professional_hosts,,,,,,,,,,,,,,,,,,,,,,,,,,,,,,,,,,,,,,,,,,,,,,,,,,,,,,,,,,,,,,,,,,,,,,,,,,,,,,,,,,,,
pct_large_operators,,,,,,,,,,,,,,,,,,,,,,,,,,,,,,,,,,,,,,,,,,,,,,,,,,,,,,,,,,,,,,,,,,,,,,,,,,,,,,,,,,,,
median_host_listings,,,,,,,,,,,,,,,,,,,,,,,,,,,,,,,,,,,,,,,,,,,,,,,,,,,,,,,,,,,,,,,,,,,,,,,,,,,,,,,,,,,,
gini_host_concentration,,,,,,,,,,,,,,,,,,,,,,,,,,,,,,,,,,,,,,,,,,,,,,,,,,,,,,,,,,,,,,,,,,,,,,,,,,,,,,,,,,,,
market_professionalization_score,,,,,,,,,,,,,,,,,,,,,,,,,,,,,,,,,,,,,,,,,,,,,,,,,,,,,,,,,,,,,,,,,,,,,,,,,,,,,,,,,,,,
purchase_price,,,,,,,,,,,,,,,,,,,,,,,,,,,,,,,,,,,,,,,,,,,,,,,,,,,,,,,,,,,,,,,,,,,,,,,,,,,,,,,,,,,,
monthly_payment,,,,,,,,,,,,,,,,,,,,,,,,,,,,,,,,,,,,,,,,,,,,,,,,,,,,,,,,,,,,,,,,,,,,,,,,,,,,,,,,,,,,
zori_rent,,,,,,,,,,,,,,,,,,,,,,,,,,,,,,,,,,,,,,,,,,,,,,,,,,,,,,,,,,,,,,,,,,,,,,,,,,,,,,,,,,,,
annual_cash_flow,-0.011547235815347686,,-0.02925608132104767,0.013924591830910523,0.026172373852458138,,-0.011342029421304434,-0.008581024407624888,0.12051702961036657,0.1840800572692151,0.15685312519830522,0.16305836392026238,-0.02895008868347062,-0.03436471758122738,-0.028983361822786508,-0.013948517561883096,0.003672616920712701,0.003672686339982306,-0.027658631747686575,0.003668030618654716,,-0.08681286367629917,-0.10995289460080801,-0.1324954076041972,-0.25901653058876595,-0.016619471192504568,-0.03004435867922056,-0.03289551868338803,-0.1588295517543605,-0.024922131933927907,-0.0334766499580432,0.3975311457715254,0.06255482809068198,0.051200424203087985,0.05185740518093534,0.045129783914986725,0.04852530402799502,0.05267538653975355,0.06244368682723534,-0.06701596524168553,-0.08212265776343129,-0.021235962014280903,-0.0033346489035856177,-0.03104570472002577,0.5978472808980242,0.43204134137748496,0.45770421439794895,0.412928771786945,-0.011674865762387378,0.104050225165788,0.09856508521474973,0.5978472808980256,0.2549058355898316,0.4320413413774846,-0.01661947119250455,-0.011428938583671049,-0.03104570472002564,0.2590165305887661,-0.03347664995804307,-0.025328685525545878,1.0000000000000002,0.3975311457715254,0.7995240503263001,0.7774871553346709,0.4145704303139318,-0.06701596524168553,-0.00867906343991674,,,,,,,,,1.0,1.0000000000000038,0.999999999999998,-0.07098623596347126,0.999999999999998,0.3975311457715255,0.39753114577152504,0.39753114577152676,0.39753114577152676
cash_on_cash_roi,-0.0115472358153477,,-0.029256081321047626,0.013924591830910599,0.026172373852458027,,-0.011342029421304382,-0.008581024407624864,0.12051702961036667,0.1840800572692156,0.15685312519830466,0.16305836392026277,-0.028950088683470637,-0.03436471758122742,-0.028983361822786404,-0.013948517561883079,0.003672616920712733,0.0036726863399823176,-0.027658631747686537,0.0036680306186547174,,-0.0868128636762991,-0.10995289460080795,-0.13249540760419706,-0.25901653058876406,-0.016619471192504606,-0.030044358679220628,-0.0328955186833881,-0.1588295517543609,-0.02492213193392801,-0.03347664995804325,0.39753114577152476,0.06255482809068201,0.05120042420308808,0.05185740518093522,0.04512978391498679,0.04852530402799487,0.05267538653975336,0.06244368682723549,-0.06701596524168565,-0.08212265776343153,-0.021235962014280844,-0.003334648903585603,-0.031045704720025716,0.5978472808980257,0.4320413413774844,0.4577042143979499,0.4129287717869457,-0.011674865762387363,0.10405022516578791,0.09856508521475002,0.5978472808980253,0.25490583558983,0.43204134137748407,-0.016619471192504582,-0.011428938583670969,-0.031045704720025658,0.25901653058876417,-0.03347664995804308,-0.025328685525545826,1.0000000000000038,0.39753114577152476,0.7995240503263025,0.7774871553346736,0.4145704303139311,-0.06701596524168565,-0.008679063439916689,,,,,,,,,1.0000000000000038,1.0,0.9999999999999993,-0.07098623596347108,0.9999999999999993,0.3975311457715247,0.39753114577152554,0.3975311457715235,0.3975311457715235
cap_rate,-0.011547235815348752,,-0.029256081321048302,0.01392459183091059,0.026172373852458037,,-0.01134202942130453,-0.008581024407624975,0.12051702961036649,0.184080057269215,0.15685312519830455,0.16305836392026266,-0.0289500886834707,-0.03436471758122726,-0.028983361822786286,-0.013948517561883082,0.003672616920712705,0.0036726863399823453,-0.027658631747686395,0.003668030618654684,,-0.08681286367629944,-0.10995289460080808,-0.13249540760419745,-0.2590165305887664,-0.016619471192503853,-0.030044358679220493,-0.03289551868338824,-0.1588295517543606,-0.024922131933927606,-0.03347664995804298,0.39753114577152676,0.06255482809068205,0.05120042420308807,0.05185740518093527,0.04512978391498669,0.048525304027994945,0.05267538653975357,0.06244368682723561,-0.06701596524168599,-0.0821226577634317,-0.021235962014281063,-0.0033346489035855995,-0.031045704720025737,0.5978472808980254,0.4320413413774852,0.457704214397949,0.41292877178694687,-0.011674865762386643,0.10405022516578816,0.09856508521475041,0.597847280898026,0.2549058355898313,0.4320413413774846,-0.016619471192503905,-0.011428938583670238,-0.031045704720025675,0.25901653058876567,-0.03347664995804298,-0.02532868552554563,0.9999999999999978,0.39753114577152676,0.7995240503263027,0.7774871553346717,0.41457043031393315,-0.06701596524168599,-0.00867906343991691,,,,,,,,,0.999999999999998,0.9999999999999993,1.0,-0.07098623596347102,1.0,0.39753114577152676,0.397531145771524,0.39753114577152593,0.39753114577152593
price_to_rent_ratio,0.052756419219913586,,0.0020687194938061797,0.0227780037397737,0.03850719473832634,,0.04086763510152791,-0.0061509915504281394,-0.08910227364774717,-0.057376710695455344,-0.04805120673114928,-0.07314296419404698,0.13275729035464917,0.06570230167607473,0.15362470853097807,0.13571213571840945,-0.006795944286892877,-0.006796012044184501,0.15148395394677203,-0.006793241513225124,,0.16508411036113257,0.19257014245900436,0.1877263349522875,0.2341609556561286,-0.06659529301548181,-0.07939161715375982,-0.03161609917778148,0.19453716743102473,-0.08114433026167836,-0.10903322097107522,-0.07189058495677333,-0.07341618789636074,-0.05931129134204306,-0.08713429167197559,-0.03981485215457598,-0.039099908934870864,-0.05080176645650435,-0.06525326312414434,0.00414474418694592,-0.005184509954293519,0.07557627567440166,-0.004734109942683821,-0.04825958233763787,-0.02974608522993338,-0.17866656381529472,-0.012428471220083791,-0.09513384656418356,-0.1230345177341018,-0.11977991018560175,-0.09566762663869881,-0.029746085229933425,-0.16664763777713476,-0.17866656381529394,-0.0665952930154816,-0.11794292138363897,-0.048259582337637864,-0.23416095565612816,-0.1090332209710754,-0.06618430583709842,-0.07098623596347127,-0.07189058495677333,-0.06853020756861758,-0.05522922125932055,-0.5399979322089146,0.00414474418694592,-0.013202092463028307,,,,,,,,,-0.07098623596347126,-0.07098623596347108,-0.07098623596347102,1.0,-0.07098623596347103,-0.07189058495677336,-0.07189058495677353,-0.07189058495677338,-0.07189058495677338
revenue_yield,-0.011547235815348752,,-0.029256081321048302,0.01392459183091059,0.026172373852458037,,-0.01134202942130453,-0.008581024407624975,0.12051702961036649,0.184080057269215,0.15685312519830455,0.16305836392026266,-0.0289500886834707,-0.03436471758122726,-0.028983361822786286,-0.013948517561883082,0.003672616920712705,0.0036726863399823453,-0.027658631747686395,0.003668030618654684,,-0.08681286367629944,-0.10995289460080808,-0.13249540760419745,-0.2590165305887664,-0.016619471192503853,-0.030044358679220493,-0.03289551868338824,-0.1588295517543606,-0.024922131933927606,-0.03347664995804298,0.39753114577152676,0.06255482809068205,0.05120042420308807,0.05185740518093527,0.04512978391498669,0.048525304027994945,0.05267538653975357,0.06244368682723561,-0.06701596524168599,-0.0821226577634317,-0.021235962014281063,-0.0033346489035855995,-0.031045704720025737,0.5978472808980254,0.4320413413774852,0.457704214397949,0.41292877178694687,-0.011674865762386643,0.10405022516578816,0.09856508521475041,0.597847280898026,0.2549058355898313,0.4320413413774846,-0.016619471192503905,-0.011428938583670238,-0.031045704720025675,0.25901653058876567,-0.03347664995804298,-0.02532868552554563,0.9999999999999978,0.39753114577152676,0.7995240503263027,0.7774871553346717,0.41457043031393315,-0.06701596524168599,-0.00867906343991691,,,,,,,,,0.999999999999998,0.9999999999999993,1.0,-0.07098623596347103,1.0,0.39753114577152676,0.397531145771524,0.39753114577152593,0.39753114577152593
annual_cash_flow_booked,-0.09566651131119475,,-0.04446403307462323,-0.05667013008670372,-0.04843522623581493,,-0.03229308873943938,-0.0001502850765920784,0.241504646169105,0.22816869877262988,0.220252780328595,0.20821707753332835,-0.08065808251311604,-0.019363669394209696,-0.1149292566128869,-0.06972812732893618,-0.009095602250581272,-0.009095480728664571,-0.10975677829299653,-0.009094933541224698,,-0.07434691255393854,-0.08465380551973999,-0.0844756164572072,-0.014459431681392453,0.14355433259431874,0.27053357665643335,0.14419943960434456,-0.07484168459486212,0.25059917231291523,0.41851743939087144,1.0,0.10977723843094607,0.09490208967808762,0.09446728837128562,0.07249735185101176,0.0830999419986961,0.04377073682592045,0.08975876155050416,-0.0030817903498679246,0.006857153360697063,-0.07104288398191666,-0.014101112948319207,0.1587169249192068,0.19464375629763764,0.371424073015424,0.09300247434731337,0.2148258228980546,0.2882429101411239,0.23304242283014817,0.2238296788210326,0.19464375629763808,0.31646447046916815,0.37142407301542374,0.1435543325943184,0.2782503702655207,0.15871692491920697,0.014459431681392387,0.4185174393908715,0.3169812998551945,0.3975311457715254,1.0,0.34941318081722544,0.48789013659112757,0.22576880852668574,-0.0030817903498679246,0.024353422608448583,,,,,,,,,0.3975311457715255,0.3975311457715247,0.39753114577152676,-0.07189058495677336,0.39753114577152676,1.0,1.0000000000000004,0.9999999999999986,0.9999999999999986
cash_on_cash_roi_booked,-0.09566651131119472,,-0.04446403307462323,-0.05667013008670377,-0.04843522623581485,,-0.03229308873943937,-0.0001502850765920582,0.2415046461691052,0.22816869877262974,0.220252780328595,0.2082170775333292,-0.08065808251311575,-0.01936366939420964,-0.11492925661288678,-0.06972812732893677,-0.009095602250581302,-0.009095480728664581,-0.10975677829299632,-0.009094933541224665,,-0.07434691255393874,-0.0846538055197395,-0.08447561645720715,-0.014459431681392389,0.14355433259431857,0.27053357665643346,0.14419943960434495,-0.07484168459486193,0.2505991723129165,0.4185174393908707,1.0000000000000004,0.10977723843094628,0.09490208967808741,0.09446728837128547,0.0724973518510118,0.08309994199869576,0.04377073682592039,0.08975876155050391,-0.0030817903498678054,0.006857153360697192,-0.07104288398191645,-0.014101112948319294,0.15871692491920594,0.1946437562976394,0.3714240730154229,0.0930024743473131,0.21482582289805288,0.2882429101411248,0.23304242283014925,0.2238296788210315,0.19464375629763855,0.316464470469169,0.3714240730154227,0.14355433259431913,0.2782503702655208,0.15871692491920644,0.014459431681392293,0.41851743939087166,0.3169812998551957,0.397531145771525,1.0000000000000004,0.3494131808172252,0.4878901365911284,0.22576880852668565,-0.0030817903498678054,0.02435342260844874,,,,,,,,,0.39753114577152504,0.39753114577152554,0.397531145771524,-0.07189058495677353,0.397531145771524,1.0000000000000004,1.0,1.0000000000000013,1.0000000000000013
cap_rate_booked,-0.09566651131119491,,-0.04446403307462328,-0.05667013008670421,-0.04843522623581494,,-0.03229308873943953,-0.0001502850765920759,0.24150464616910464,0.22816869877263143,0.22025278032859388,0.20821707753332994,-0.08065808251311632,-0.01936366939420957,-0.1149292566128867,-0.06972812732893649,-0.009095602250581257,-0.009095480728664534,-0.10975677829299668,-0.00909493354122468,,-0.07434691255393883,-0.08465380551973956,-0.08447561645720708,-0.014459431681392566,0.1435543325943186,0.2705335766564336,0.14419943960434495,-0.07484168459486235,0.25059917231291623,0.4185174393908713,0.9999999999999986,0.10977723843094604,0.09490208967808744,0.09446728837128558,0.07249735185101189,0.08309994199869618,0.04377073682592047,0.08975876155050361,-0.003081790349867881,0.006857153360696964,-0.07104288398191662,-0.014101112948319136,0.158716924919207,0.194643756297639,0.3714240730154234,0.09300247434731326,0.21482582289805413,0.28824291014112463,0.23304242283014953,0.22382967882103252,0.19464375629763755,0.3164644704691678,0.37142407301542346,0.14355433259431877,0.2782503702655199,0.1587169249192071,0.014459431681392411,0.4185174393908723,0.3169812998551961,0.3975311457715269,0.9999999999999986,0.34941318081722506,0.4878901365911289,0.22576880852668704,-0.003081790349867881,0.024353422608448572,,,,,,,,,0.39753114577152676,0.3975311457715235,0.39753114577152593,-0.07189058495677338,0.39753114577152593,0.9999999999999986,1.0000000000000013,1.0,1.0
revenue_yield_booked,-0.09566651131119491,,-0.04446403307462328,-0.05667013008670421,-0.04843522623581494,,-0.03229308873943953,-0.0001502850765920759,0.24150464616910464,0.22816869877263143,0.22025278032859388,0.20821707753332994,-0.08065808251311632,-0.01936366939420957,-0.1149292566128867,-0.06972812732893649,-0.009095602250581257,-0.009095480728664534,-0.10975677829299668,-0.00909493354122468,,-0.07434691255393883,-0.08465380551973956,-0.08447561645720708,-0.014459431681392566,0.1435543325943186,0.2705335766564336,0.14419943960434495,-0.07484168459486235,0.25059917231291623,0.4185174393908713,0.9999999999999986,0.10977723843094604,0.09490208967808744,0.09446728837128558,0.07249735185101189,0.08309994199869618,0.04377073682592047,0.08975876155050361,-0.003081790349867881,0.006857153360696964,-0.07104288398191662,-0.014101112948319136,0.158716924919207,0.194643756297639,0.3714240730154234,0.09300247434731326,0.21482582289805413,0.28824291014112463,0.23304242283014953,0.22382967882103252,0.19464375629763755,0.3164644704691678,0.37142407301542346,0.14355433259431877,0.2782503702655199,0.1587169249192071,0.014459431681392411,0.4185174393908723,0.3169812998551961,0.3975311457715269,0.9999999999999986,0.34941318081722506,0.4878901365911289,0.22576880852668704,-0.003081790349867881,0.024353422608448572,,,,,,,,,0.39753114577152676,0.3975311457715235,0.39753114577152593,-0.07189058495677338,0.39753114577152593,0.9999999999999986,1.0000000000000013,1.0,1.0
