,id,scrape_id,host_id,host_listings_count,host_total_listings_count,neighbourhood_group_cleansed,latitude,longitude,accommodates,bathrooms,bedrooms,beds,minimum_nights,maximum_nights,minimum_minimum_nights,maximum_minimum_nights,minimum_maximum_nights,maximum_maximum_nights,minimum_nights_avg_ntm,maximum_nights_avg_ntm,calendar_updated,availability_30,availability_60,availability_90,availability_365,number_of_reviews,number_of_reviews_ltm,number_of_reviews_l30d,availability_eoy,number_of_reviews_ly,estimated_occupancy_l365d,estimated_revenue_l365d,review_scores_rating,review_scores_accuracy,review_scores_cleanliness,review_scores_checkin,review_scores_communication,review_scores_location,review_scores_value,calculated_host_listings_count,calculated_host_listings_count_entire_homes,calculated_host_listings_count_private_rooms,calculated_host_listings_count_shared_rooms,reviews_per_month,price_clean,log_price,price_per_accommodates,log_price_per_accommodates,log_reviews,log_accommodates,log_beds,price_zscore,price_percentile,log_price_zscore,reviews_zscore,reviews_percentile,reviews_per_month_zscore,occupancy_rate,occupancy_rate_booked,occupancy_is_capped,est_annual_revenue,est_annual_revenue_booked,revenue_per_accommodates,revenue_per_bedroom,log_est_revenue,host_listings_in_city,host_is_professional,pct_professional_hosts,pct_large_operators,median_host_listings,gini_host_concentration,market_professionalization_score,purchase_price,monthly_payment,zori_rent,annual_cash_flow,cash_on_cash_roi,cap_rate,price_to_rent_ratio,revenue_yield,annual_cash_flow_booked,cash_on_cash_roi_booked,cap_rate_booked,revenue_yield_booked
id,1.0,,0.2684442077921837,0.0851783496457399,0.07946767749970639,,-0.037707109214157555,0.026129846753650706,0.04645710213479732,0.06831498931928157,0.07306855271669487,-0.002151735032433275,-0.014775906109236611,-0.15748141485662262,-0.01023646274091337,-0.0130694764678342,-0.2833001417980986,-0.28866836846364585,-0.011620815122331315,-0.2870202099844978,,0.05302691566343857,0.05307168885378558,0.05766517635754975,0.08405371169284746,-0.42130937506452465,-0.06930673486378652,0.0032273558401857173,0.05868035128825793,-0.20079070463552087,-0.1482474094003857,-0.0852649526330132,-0.021036072799905294,-0.028975959228113527,-0.015952950610933127,-0.06243850025797543,-0.041628578000624576,-0.04545797661142435,-0.017851501964300975,0.08932196260958333,0.08524780814697683,0.028121020302214198,0.00909379917012364,0.06136522208457624,-0.01216809127702509,0.01579327126154478,-0.05696374167976442,-0.040251207562008014,-0.5450851977690354,0.0541938616492461,0.006404564195790324,-0.012168091277024293,0.052054334115304954,0.015793271261541935,-0.4213093750645248,-0.5452974142757645,0.06136522208457619,-0.08405371169284348,-0.14824740940038592,-0.09295317724912433,-0.027641223230646494,-0.0852649526330132,-0.05640797549092115,-0.05043897317268587,-0.05113036864812962,0.08932196260958333,0.014682886826774225,,,,,,,,,-0.027641223230646494,-0.02764122323064598,-0.02764122323064703,0.05096783674632529,-0.02764122323064703,-0.08526495263301295,-0.08526495263301408,-0.08526495263301309,-0.08526495263301309
scrape_id,,,,,,,,,,,,,,,,,,,,,,,,,,,,,,,,,,,,,,,,,,,,,,,,,,,,,,,,,,,,,,,,,,,,,,,,,,,,,,,,,,,,
host_id,0.2684442077921837,,1.0,-0.035551989137562086,-0.02905457800363035,,0.05631295612836389,0.1379825457153947,0.005440226275440694,-0.003999304226921642,-0.011156194517496514,-0.00510104850943365,-0.0006928648567763433,-0.018755401040231198,-0.0033990333475536127,-0.0007563323008180161,-0.057983389776432206,-0.05783510667298423,-0.0022726840991138175,-0.055777909615663805,,0.09435568333409167,0.0909525109484393,0.0906766623541518,0.0938960070439391,-0.14124875777185406,0.013820008637377595,0.024276138467138303,0.09047711573236565,-0.0434836795154932,-0.02350898745362065,-0.017218029092438795,-0.0994106747742667,-0.10481572099492324,-0.07210426507682713,-0.10506286223455202,-0.10719813827918484,-0.07518707195175849,-0.09435041224153601,-0.039008920098072615,-0.05544924469858039,0.07729792041075066,-0.06536544083737993,0.03850629692737735,-0.0034377769083671675,0.007418265116738996,0.028494437888875825,0.007116470949573939,-0.16032936129823322,-0.004002534109601799,-0.009516881734431491,-0.0034377769083670656,0.010869776840789441,0.007418265116738106,-0.14124875777185344,-0.15919615976472243,0.03850629692737705,-0.0938960070439378,-0.02350898745362068,-0.010011201618625483,-0.05106881222054135,-0.017218029092438795,-0.033239952460767,-0.0363207269037439,-0.06646414277598955,-0.039008920098072615,0.014888364130112625,,,,,,,,,-0.05106881222054135,-0.05106881222054099,-0.05106881222054129,0.010949753199835984,-0.05106881222054129,-0.01721802909243867,-0.017218029092438834,-0.017218029092438553,-0.017218029092438553
host_listings_count,0.0851783496457399,,-0.035551989137562086,1.0,0.990531524648795,,0.008926389336170633,0.005041600664541163,0.06650519010288243,0.06862087234380325,0.058341602714752756,0.057107686425533176,-0.009993961121426911,0.2443044993743314,-0.007891532327207148,-0.005066878001567976,0.1080955409202661,0.1472867561006315,-0.006018727134432829,0.11546402529709823,,-0.03301612093213082,-0.033085861336957866,-0.03052567811764526,0.04841906613175189,-0.06913651477130336,-0.05034689183598593,-0.046153998896899605,-0.029878434904541045,-0.0554100063727453,-0.06232715181540735,-0.0025266064294251146,-0.12225098534074748,-0.10325876038490354,-0.0940656334175215,-0.13159170058821176,-0.1709287585204704,-0.057700888115841814,-0.12695401937348827,0.7954929395958081,0.8204767655219307,0.02330499318233431,0.013416298930767328,-0.06355095303806556,0.039241636480192944,0.04819478093164807,-0.005409459829225833,-0.026763999232593046,-0.07803557088625203,0.07941788894919834,0.07189015976118569,0.03924163648019299,0.051331012328040264,0.048194780931648494,-0.0691365147713029,-0.0815271388691867,-0.06355095303806586,-0.048419066131751634,-0.062327151815407565,-0.049181117179862066,-0.023159568279090596,-0.0025266064294251146,-0.05949216395497925,-0.05312589119410023,-0.040266114426758585,0.7954929395958081,0.2382742125097813,,,,,,,,,-0.023159568279090596,-0.023159568279090513,-0.023159568279090503,0.0019974549481220714,-0.023159568279090503,-0.0025266064294251025,-0.0025266064294249247,-0.0025266064294249433,-0.0025266064294249433
host_total_listings_count,0.07946767749970639,,-0.02905457800363035,0.990531524648795,1.0,,0.008587000749095606,0.011937993971431714,0.06334320684645967,0.06430857850362837,0.05523344890912039,0.05544353020608471,-0.009632999208693292,0.24234921104555066,-0.007607037236042419,-0.005256038220954928,0.1203222619380069,0.14376077053815967,-0.006350350241878837,0.12475649969724195,,-0.03409163348689417,-0.03538363384799176,-0.03331851822755549,0.040942114494513744,-0.06382510919520884,-0.04441291700914931,-0.04563619816593974,-0.03276973234436854,-0.04973258882209541,-0.06113346130385684,-0.01545792650516717,-0.11698317731263216,-0.10083214612097371,-0.09034791462098853,-0.12747183816553023,-0.1703535292960557,-0.054102957004089514,-0.11963585100136515,0.760858709238706,0.7918619009712028,0.00045272894538163854,0.002854676425817665,-0.057042946188436056,0.025813868656667537,0.04120180067893098,-0.015390970828701053,-0.03255385158891622,-0.07276521489176666,0.07709956029827575,0.07016514705074905,0.025813868656667596,0.04619694199486329,0.041201800678931234,-0.06382510919520884,-0.07627876319715311,-0.057042946188436035,-0.04094211449451362,-0.06113346130385683,-0.04421070654153029,-0.029149445401701092,-0.01545792650516717,-0.06144590397888601,-0.05619859886714901,-0.04338121999351287,0.760858709238706,0.20321620422809727,,,,,,,,,-0.029149445401701092,-0.029149445401701102,-0.029149445401701037,0.0031190346390259243,-0.029149445401701037,-0.01545792650516717,-0.0154579265051671,-0.015457926505167018,-0.015457926505167018
neighbourhood_group_cleansed,,,,,,,,,,,,,,,,,,,,,,,,,,,,,,,,,,,,,,,,,,,,,,,,,,,,,,,,,,,,,,,,,,,,,,,,,,,,,,,,,,,,
latitude,-0.037707109214157555,,0.05631295612836389,0.008926389336170633,0.008587000749095606,,1.0,0.1369637751118793,0.029616912777955008,0.018822288520176755,-0.0113850514053018,0.026603995767569135,-0.04511411414847154,0.007130433657109234,-0.051307841339430664,-0.04898542768871783,0.01928553631043697,0.022487202620637664,-0.05188246066798192,0.01883138882859132,,0.01094406656565149,0.0029804410638528274,-0.0029744675823841593,-0.02973008410259533,0.06781021274642171,0.07117105506445336,0.04054788541460533,-0.0036668254456602993,0.0685870658020669,0.06005548116953724,0.08163004474948106,0.03341549485238254,0.030853843725325306,0.0523232956880144,0.010159910401821739,-0.0043168383351169645,0.04353673540827646,0.042596856873535136,-0.0021670357044982175,0.014138056946425916,-0.04291300668055502,-0.04858913916678521,0.06892655728466021,0.038886556674854994,0.07632116364670448,0.009185841293576946,0.05236255250204689,0.10191274761016293,0.02743526735824021,0.020952004539387264,0.03888655667485491,0.07525593893293187,0.07632116364670478,0.06781021274642146,0.10036874643767801,0.06892655728465993,0.02973008410259524,0.06005548116953733,0.06370033383263471,0.012963257759411588,0.08163004474948106,0.01596494399274892,0.02930050571329694,0.04087085052130914,-0.0021670357044982175,-0.0007736872676748557,,,,,,,,,0.012963257759411585,0.012963257759411593,0.012963257759411605,-0.07635362330864162,0.012963257759411605,0.08163004474948106,0.0816300447494814,0.08163004474948118,0.08163004474948118
longitude,0.026129846753650706,,0.1379825457153947,0.005041600664541163,0.011937993971431714,,0.1369637751118793,1.0,0.027588641239920258,0.03982165604737269,0.07266719650889789,0.04962022437523442,0.05899898532026418,0.02147998951587936,0.05035345212971543,0.04107798282153156,0.016985380809174572,-0.003036286209714854,0.04629762527899614,0.011950621801103284,,0.08805441196556517,0.06256450647911897,0.05135957093946171,0.03246073619428267,-0.02227094616899956,-0.04287582313043359,-0.055015504262385,0.0503269294739921,-0.04549377757005062,-0.07462461539338575,-0.09277090904673595,-0.06702223051123894,-0.06519733705425605,-0.04037402895115153,-0.04526545545399851,-0.0861693692170659,-0.02800205747931586,-0.034766625732781525,-0.01806609241859972,-0.022476732568758713,0.03326787399238702,-0.05584023517106933,-0.028530965905824213,-0.0540371212215849,-0.09507998475525963,-0.041038025070968875,-0.11388626467173008,-0.056154272646479424,-0.01695451340404989,0.04207402632772985,-0.05403712122158493,-0.09852669738009377,-0.09507998475525985,-0.02227094616899961,-0.05686109176468382,-0.02853096590582415,-0.03246073619428251,-0.07462461539338601,-0.01747783870396221,-0.045276073487078086,-0.09277090904673595,-0.05701952400929263,-0.07495919261962919,-0.06405750158617855,-0.01806609241859972,0.0065069224364398244,,,,,,,,,-0.045276073487078086,-0.045276073487078246,-0.04527607348707808,0.04856796169287328,-0.04527607348707808,-0.09277090904673588,-0.09277090904673581,-0.09277090904673617,-0.09277090904673617
accommodates,0.04645710213479732,,0.005440226275440694,0.06650519010288243,0.06334320684645967,,0.029616912777955008,0.027588641239920258,1.0,0.6563992350049483,0.847347372809803,0.8529277061648975,-0.13212418131821269,0.013749510639373005,-0.1372751344881726,-0.1293514120068769,0.04731176182795313,0.04689978407386753,-0.1348653993825751,0.05011199490918417,,0.04224466340518815,0.021034500010061866,0.005005610945319877,0.030779805796301678,-0.021352590832554214,0.028449411686378625,0.016208507902316757,0.003983665720345947,0.02123981343302324,0.00247839938780198,0.3882803168710318,0.03442187202053214,0.01943173564929962,0.02279358828095041,0.032950035451500645,0.022775468720410027,-0.004092764635239717,0.03632654101238765,-0.0116337770716588,0.03206135667851391,-0.14506498298729642,-0.0442927402147651,0.018624125028928667,0.47868351084838306,0.6192949695808383,-0.16021250299380885,-0.3096947026792834,0.06940328581390541,0.9337650530085236,0.8342547407045919,0.4786835108483845,0.6050743182216268,0.619294969580838,-0.021352590832554245,0.07065149479241262,0.01862412502892864,-0.030779805796301525,0.0024783993878018935,-0.02697469623672037,0.30596144637920863,0.3882803168710318,-0.13674738059446434,-0.06554590088504218,0.24467234366721044,-0.0116337770716588,-0.07278819660918993,,,,,,,,,0.30596144637920863,0.3059614463792084,0.30596144637920775,-0.10795376448627346,0.30596144637920775,0.3882803168710318,0.38828031687103237,0.3882803168710322,0.3882803168710322
bathrooms,0.06831498931928157,,-0.003999304226921642,0.06862087234380325,0.06430857850362837,,0.018822288520176755,0.03982165604737269,0.6563992350049483,1.0,0.7018422493186025,0.5911597815275008,-0.06833231457409362,-0.006034610137894116,-0.06953151409541075,-0.06442570240301447,-0.03938563444979909,-0.029219436309374645,-0.06694671565221254,-0.03748384677660391,,0.04450190736930415,0.01267171043886134,-0.008349404002363177,0.026703543197601567,-0.10453839303382488,-0.07931325412359058,-0.06941457573676765,-0.00895452330916869,-0.07841491278737474,-0.11039665519031293,0.2766836094413206,0.06447673506932633,0.05292117143391517,0.03310142141795198,0.03399481348082888,0.029121910224384727,0.036127224310424894,0.05034464603568599,0.017373711290084734,0.03274281298941406,-0.06294769488512993,0.013025437442796745,-0.09333013493465747,0.46855248176548586,0.5372544051926742,-0.0031738364875893896,-0.012462567762350309,-0.06321398017298885,0.5872075929066961,0.5843486629746416,0.4685524817654851,0.5224689923166602,0.5372544051926719,-0.1045383930338247,-0.0626484748684368,-0.09333013493465749,-0.026703543197601477,-0.11039665519031289,-0.0995308083827467,0.3336010578063435,0.2766836094413206,-0.01321295653224046,-0.023885868573749355,0.18954770761635933,0.017373711290084734,-0.037954577974459475,,,,,,,,,0.3336010578063435,0.33360105780634447,0.3336010578063438,-0.0251219270644412,0.3336010578063438,0.2766836094413206,0.2766836094413207,0.2766836094413208,0.2766836094413208
bedrooms,0.07306855271669487,,-0.011156194517496514,0.058341602714752756,0.05523344890912039,,-0.0113850514053018,0.07266719650889789,0.847347372809803,0.7018422493186025,1.0,0.7705184295375306,-0.053274553151998076,-0.008585286734086647,-0.05778645610435322,-0.05196008448958357,0.0026012188617894156,-0.007891107687868463,-0.0545375025891294,0.0022957334147435285,,0.01948844605588714,-0.017024229289331453,-0.04013437289634961,-0.02324959096097812,-0.11205546916700408,-0.0768155687421192,-0.07264559615770588,-0.04135400959596999,-0.08247117359343498,-0.08869020688375724,0.3150489342798372,0.032462081338972534,0.014975564591858948,0.0062710223265561825,0.04602711242214039,0.016736136150616057,-0.0070946220798940056,0.032884415241534015,-0.02054151395991944,0.016616358915905897,-0.11026805167654763,-0.06894588400322922,-0.08992742920539468,0.4686586437492979,0.6008274593967213,-0.09155758617626128,-0.1686937968236313,-0.04154709259114082,0.7947701117299776,0.7801519299770805,0.4686586437492988,0.6003747562434215,0.6008274593967188,-0.11205546916700353,-0.041454712788409113,-0.08992742920539501,0.023249590960978082,-0.08869020688375741,-0.09263337811807792,0.3357442578557969,0.3150489342798372,-0.0713867830375409,-0.10785689766147749,0.24770246043609498,-0.02054151395991944,-0.06327922614497705,,,,,,,,,0.3357442578557969,0.3357442578557974,0.3357442578557973,-0.08167709815203023,0.3357442578557973,0.3150489342798372,0.31504893427983743,0.31504893427983816,0.31504893427983816
beds,-0.002151735032433275,,-0.00510104850943365,0.057107686425533176,0.05544353020608471,,0.026603995767569135,0.04962022437523442,0.8529277061648975,0.5911597815275008,0.7705184295375306,1.0,-0.12719316538894407,-0.0027737732740069024,-0.1287966048415845,-0.1233610886675175,0.029659842903068716,0.024323230528779657,-0.12607919860091782,0.03199058343251991,,0.0652105353258304,0.04180909342681068,0.02501014096867461,0.04546089496266107,-0.01004090851064682,0.013528205178583651,0.00015207695970667336,0.023986364460012528,0.011915046483887762,0.00625508874986028,0.3624548498213907,0.020735959248161174,0.011271800036928556,0.009308020452625023,0.028561834134057714,0.011042493486264127,0.001553571927678866,0.03005229588423444,-0.00878594610239836,0.013706574641126974,-0.115240928097929,0.06449058533474235,-0.0026912744763708525,0.45076305520112214,0.5274690130631804,-0.10296437173928506,-0.22099249950764274,0.07920190506752466,0.7569480203845952,0.9452148690912866,0.4507630552011213,0.5111116790624372,0.5274690130631777,-0.010040908510646802,0.07982204220666084,-0.0026912744763708464,-0.04546089496266086,0.006255088749860299,-0.026677279696779847,0.2674866870577569,0.3624548498213907,-0.10503420781792226,-0.07398608651467596,0.19962085128487583,-0.00878594610239836,-0.03759383944049558,,,,,,,,,0.2674866870577569,0.26748668705775747,0.26748668705775785,-0.0580608660358032,0.26748668705775785,0.3624548498213908,0.3624548498213907,0.3624548498213903,0.3624548498213903
minimum_nights,-0.014775906109236611,,-0.0006928648567763433,-0.009993961121426911,-0.009632999208693292,,-0.04511411414847154,0.05899898532026418,-0.13212418131821269,-0.06833231457409362,-0.053274553151998076,-0.12719316538894407,1.0,0.1291682859527179,0.9693407632997362,0.9344569055995808,-0.006262458119960368,-0.03948225149572019,0.96373768222699,-0.013734487479158534,,0.04260717474400794,0.008054256266419743,0.0007368780101998148,0.06415423532433828,-0.22766080124622184,-0.3342555818209126,-0.3530292644782049,0.003306030294964894,-0.2749067220740288,-0.2213670076693275,-0.2689789788012112,-0.07154341461202315,-0.06790271425206514,-0.10880721285165457,-0.04241686602098663,-0.06536044842565908,-0.0602966122833236,-0.09611667147341094,0.015173646986006943,0.00852956724798985,0.021879749256019564,0.01700313344248054,-0.3418629048530535,-0.13028504203098296,-0.20859818720914813,-0.02295035915534247,-0.06024143363437994,-0.3718998891985861,-0.13974835721576997,-0.13671079539949366,-0.13028504203098254,-0.22004019455920004,-0.20859818720914822,-0.22766080124622243,-0.368025896955174,-0.34186290485305315,-0.06415423532433809,-0.22136700766932776,-0.08999950250967514,-0.16470258893719134,-0.2689789788012112,-0.11790832220519737,-0.14969836962127409,-0.19495165127973935,0.015173646986006943,0.03723338795785972,,,,,,,,,-0.16470258893719134,-0.16470258893719086,-0.16470258893719072,0.11437864714840044,-0.16470258893719072,-0.26897897880121113,-0.26897897880121324,-0.2689789788012119,-0.2689789788012119
maximum_nights,-0.15748141485662262,,-0.018755401040231198,0.2443044993743314,0.24234921104555066,,0.007130433657109234,0.02147998951587936,0.013749510639373005,-0.006034610137894116,-0.008585286734086647,-0.0027737732740069024,0.1291682859527179,1.0,0.127246081947163,0.12951018848084053,0.4454529721022724,0.49686686009855563,0.1307629294262845,0.4626364746915235,,0.0160257417114456,0.017929593760092195,0.020391373143326175,0.14667602371490582,-0.019596028851896354,-0.028837829206401613,-0.08535592738047208,0.022021699568078004,-0.02392889860807809,-0.007269473137748082,-0.008959386412006923,-0.11805908069282299,-0.09444104581385876,-0.0890546161240912,-0.08038204976246043,-0.09798997554515575,-0.05426511983983559,-0.13512228184462197,0.24335319834387414,0.2690480343530964,-0.035076428491284666,-0.05380276664033815,-0.08034991775538707,-0.02512272051700347,-0.019310523579975685,-0.022157981823910836,-0.04535878728497721,0.005840258363169802,0.025601646000093972,0.010532921491411948,-0.025122720517003483,-0.026917771164465126,-0.019310523579975515,-0.019596028851896402,0.00024357828749929552,-0.080349917755387,-0.14667602371490648,-0.007269473137748262,-0.022740580647792462,-0.12885462068146836,-0.008959386412006923,-0.14495626508346157,-0.1386363208296729,-0.12644228832118168,0.24335319834387414,0.16564528189607977,,,,,,,,,-0.12885462068146836,-0.12885462068146852,-0.1288546206814685,0.018566813869975624,-0.1288546206814685,-0.00895938641200698,-0.008959386412006711,-0.008959386412006784,-0.008959386412006784
minimum_minimum_nights,-0.01023646274091337,,-0.0033990333475536127,-0.007891532327207148,-0.007607037236042419,,-0.051307841339430664,0.05035345212971543,-0.1372751344881726,-0.06953151409541075,-0.05778645610435322,-0.1287966048415845,0.9693407632997362,0.127246081947163,1.0,0.9545793944632407,-0.005522745939071846,-0.038892614079921305,0.9865308769702321,-0.013413690559268512,,0.04446840571097741,0.011185783927663374,0.004698624815543139,0.07172909379983883,-0.23495969256282068,-0.3445819708513978,-0.36199059409855266,0.007368528678161534,-0.28381966525002184,-0.24230208007066548,-0.2781120593337866,-0.06848194640426741,-0.06811679108268584,-0.1087437513778924,-0.041182927605773946,-0.058385861954687104,-0.06214318426677786,-0.09767851007336674,0.019855749369423217,0.012903740022998893,0.023964436757549414,0.016835447748513574,-0.35151748017623563,-0.13124799724685654,-0.21058858888641316,-0.02206862817788161,-0.05946897737669376,-0.38566129761661966,-0.1458703161677497,-0.1384127209619524,-0.13124799724685732,-0.22213843281707416,-0.21058858888641363,-0.23495969256282148,-0.381357069800712,-0.3515174801762348,-0.07172909379983866,-0.24230208007066514,-0.11332078981214713,-0.16581152324565215,-0.2781120593337866,-0.11800795508746817,-0.1490283249501954,-0.1991872925183175,0.019855749369423217,0.03558321743465716,,,,,,,,,-0.16581152324565215,-0.16581152324565254,-0.16581152324565301,0.11730940333390716,-0.16581152324565301,-0.2781120593337866,-0.2781120593337866,-0.27811205933378697,-0.27811205933378697
maximum_minimum_nights,-0.0130694764678342,,-0.0007563323008180161,-0.005066878001567976,-0.005256038220954928,,-0.04898542768871783,0.04107798282153156,-0.1293514120068769,-0.06442570240301447,-0.05196008448958357,-0.1233610886675175,0.9344569055995808,0.12951018848084053,0.9545793944632407,1.0,0.0007382073783656229,-0.02815516964837737,0.9856257961608021,-0.005808376351513893,,0.03307547346688522,0.006036487551421589,0.0016439490597974999,0.06454544217743788,-0.22081059587440274,-0.32419788858698034,-0.34250429554698303,0.004476407792674402,-0.2700754488423742,-0.22401218573397838,-0.26055640426667365,-0.061320847833621774,-0.06132472896994517,-0.09908679454991336,-0.03702253555690899,-0.05101362200956809,-0.059140492619670026,-0.08958847688987316,0.018631965034963133,0.013536574542427713,0.017953495977884384,0.0141438236859346,-0.3256397336139648,-0.12735070306431498,-0.20441772559230745,-0.022636078387451044,-0.06129991968275937,-0.35894985802352025,-0.13730183099695936,-0.13181348063625872,-0.12735070306431526,-0.21399846177674695,-0.20441772559230745,-0.22081059587440371,-0.35489249173538023,-0.3256397336139641,-0.06454544217743784,-0.2240121857339781,-0.10545995194891185,-0.1598644373938565,-0.26055640426667365,-0.11282421435698065,-0.14420879695674005,-0.18837133907005538,0.018631965034963133,0.03635883871526151,,,,,,,,,-0.1598644373938565,-0.15986443739385642,-0.15986443739385667,0.10900943937110197,-0.15986443739385667,-0.26055640426667365,-0.2605564042666757,-0.26055640426667426,-0.26055640426667426
minimum_maximum_nights,-0.2833001417980986,,-0.057983389776432206,0.1080955409202661,0.1203222619380069,,0.01928553631043697,0.016985380809174572,0.04731176182795313,-0.03938563444979909,0.0026012188617894156,0.029659842903068716,-0.006262458119960368,0.4454529721022724,-0.005522745939071846,0.0007382073783656229,1.0,0.9257468933495335,-0.0026677201222026705,0.9885097831149794,,-0.013851980975581522,-0.011210596430759404,-0.009596685910436262,0.0651745319884753,0.178215638282652,0.08077393006372104,0.03994367878318725,-0.009184472346891263,0.12370738925440973,0.15460574461392185,0.09102037663591422,-0.012401283923549476,-0.016392843929125853,0.0156559774080558,0.00578196921346343,-0.010953938553134545,-0.01841715709432267,-0.026561737772145554,0.08228420874360584,0.0725859236055069,0.08406745078838722,-0.09371101985272777,0.04783277378561039,-0.0328427964737298,-0.011887413738132402,-0.04772492239029763,-0.08276631507906082,0.24429274925926975,0.056151616366781634,0.03946361102829197,-0.03284279647372953,-0.01990604980620827,-0.011887413738130934,0.17821563828265213,0.24532321477371596,0.047832773785610475,-0.06517453198847577,0.1546057446139224,0.07553228077599818,-0.07075515363151433,0.09102037663591422,-0.10166215247620008,-0.08312037311905165,-0.017865445551792408,0.08228420874360584,0.023704339131543985,,,,,,,,,-0.07075515363151433,-0.07075515363151427,-0.07075515363151452,-0.03893342058223355,-0.07075515363151452,0.09102037663591425,0.09102037663591431,0.09102037663591374,0.09102037663591374
maximum_maximum_nights,-0.28866836846364585,,-0.05783510667298423,0.1472867561006315,0.14376077053815967,,0.022487202620637664,-0.003036286209714854,0.04689978407386753,-0.029219436309374645,-0.007891107687868463,0.024323230528779657,-0.03948225149572019,0.49686686009855563,-0.038892614079921305,-0.02815516964837737,0.9257468933495335,1.0,-0.03464501920824745,0.9536140256488065,,-0.003158210409003889,0.0082520155966011,0.01421928055232498,0.09266386674792211,0.19853604863708213,0.14139174178092864,0.068672696491018,0.014792166795722574,0.17351290915304451,0.16835021017869672,0.13608021689941888,-0.027882308305608262,-0.02512434256653495,0.012456708634316634,-0.014850596295480594,-0.030111703449192485,-0.02132141618494162,-0.041116585418808485,0.1536850344157504,0.1432975326194068,0.09463727520670126,-0.09074721315449964,0.09283423054467732,0.005865325125758891,0.03356133839333652,0.003879647684287313,-0.024740247325150334,0.2774707984222748,0.054255006062749404,0.03430555651182423,0.005865325125759158,0.023277719596365886,0.03356133839333799,0.19853604863708282,0.2771349989630354,0.09283423054467692,-0.09266386674792243,0.168350210178697,0.09163515858617283,-0.05684769478198802,0.13608021689941888,-0.07509077913592581,-0.053651640469873814,-0.012952277919237387,0.1536850344157504,0.09219932234878334,,,,,,,,,-0.05684769478198802,-0.05684769478198805,-0.056847694781988596,-0.04471784964789732,-0.056847694781988596,0.13608021689941888,0.13608021689941935,0.13608021689941793,0.13608021689941793
minimum_nights_avg_ntm,-0.011620815122331315,,-0.0022726840991138175,-0.006018727134432829,-0.006350350241878837,,-0.05188246066798192,0.04629762527899614,-0.1348653993825751,-0.06694671565221254,-0.0545375025891294,-0.12607919860091782,0.96373768222699,0.1307629294262845,0.9865308769702321,0.9856257961608021,-0.0026677201222026705,-0.03464501920824745,1.0,-0.009986436051260665,,0.039360733791405554,0.009873620930856203,0.004935378070562278,0.07034844386032046,-0.23097275878004467,-0.3401913614496329,-0.35709548682948783,0.007721632047816884,-0.2817097740246556,-0.23475905774860809,-0.2717153833716898,-0.06585830585884214,-0.06525347062558932,-0.10550342819402735,-0.03938868012260811,-0.05485071458740137,-0.06057326699394673,-0.0948031263241191,0.01917640079861985,0.013401025391246421,0.020555013476654838,0.01448873288502295,-0.34575280613166093,-0.13070589725659906,-0.2113804865373497,-0.024760954379064264,-0.06555082147558708,-0.3775575782787587,-0.14296617574632614,-0.1347290374789824,-0.1307058972565992,-0.22182595962702037,-0.2113804865373502,-0.2309727587800441,-0.37347102736615345,-0.345752806131661,-0.07034844386032059,-0.23475905774860847,-0.10916898871199966,-0.1651386648136689,-0.2717153833716898,-0.11860891915798945,-0.15054915387796558,-0.19645227091377832,0.01917640079861985,0.037671573640414166,,,,,,,,,-0.1651386648136689,-0.16513866481366826,-0.1651386648136688,0.11366048235804521,-0.1651386648136688,-0.27171538337169,-0.2717153833716902,-0.27171538337169027,-0.27171538337169027
maximum_nights_avg_ntm,-0.2870202099844978,,-0.055777909615663805,0.11546402529709823,0.12475649969724195,,0.01883138882859132,0.011950621801103284,0.05011199490918417,-0.03748384677660391,0.0022957334147435285,0.03199058343251991,-0.013734487479158534,0.4626364746915235,-0.013413690559268512,-0.005808376351513893,0.9885097831149794,0.9536140256488065,-0.009986436051260665,1.0,,-0.010098707374035423,-0.004952413901307118,-0.0024341167461363242,0.06631088579478898,0.18564363214917662,0.0936538135623913,0.0516872399890818,-0.002016728521265803,0.1338583234662625,0.16261439375204845,0.10761077954893937,-0.014854771083857209,-0.017853801674077494,0.016152538229441547,0.0025108012253150735,-0.01499948791994345,-0.01911830633222734,-0.02991264546203158,0.09118876427892388,0.08048558344114805,0.08999514499087059,-0.09644242207921376,0.05767970087179394,-0.018391258572770193,0.0043332867199160595,-0.03244790035011325,-0.06457836866976527,0.25466564402150776,0.05727222943044101,0.04019164782165323,-0.018391258572770307,-0.0057232209058740895,0.004333286719917208,0.18564363214917642,0.255316961694592,0.05767970087179438,-0.06631088579478991,0.16261439375204864,0.08179049414141103,-0.05727141165150505,0.10761077954893937,-0.08238657903296576,-0.0630371660726866,-0.007791725335618412,0.09118876427892388,0.03662720228742932,,,,,,,,,-0.05727141165150505,-0.057271411651505004,-0.057271411651504824,-0.04265982660432073,-0.057271411651504824,0.10761077954893927,0.10761077954893972,0.10761077954893924,0.10761077954893924
calendar_updated,,,,,,,,,,,,,,,,,,,,,,,,,,,,,,,,,,,,,,,,,,,,,,,,,,,,,,,,,,,,,,,,,,,,,,,,,,,,,,,,,,,,
availability_30,0.05302691566343857,,0.09435568333409167,-0.03301612093213082,-0.03409163348689417,,0.01094406656565149,0.08805441196556517,0.04224466340518815,0.04450190736930415,0.01948844605588714,0.0652105353258304,0.04260717474400794,0.0160257417114456,0.04446840571097741,0.03307547346688522,-0.013851980975581522,-0.003158210409003889,0.039360733791405554,-0.010098707374035423,,1.0,0.9036860844725336,0.8168859908274503,0.43628933287850197,-0.01627702040187503,0.012183348046831535,0.014725657035328727,0.8105141702468902,-0.0010072041942330294,-0.0910308060915674,-0.04275832076857083,-0.11060201893166065,-0.10356346608230256,-0.07110347949389975,-0.08844306366528229,-0.08881308052236347,-0.07443409034713067,-0.11491184899336546,-0.03589081138475776,-0.07490518982099863,0.09861302814690079,0.08834617102678925,0.048654358363270575,0.07907254872457326,0.04925111599230613,0.08650890797655923,0.04648388760464092,-0.08647380609905211,0.008195051181752226,0.05433106437666034,0.07907254872457299,0.05704890091487478,0.049251115992306076,-0.01627702040187503,-0.07670419437837418,0.04865435836327044,-0.4362893328785014,-0.09103080609156768,-0.028430903045425827,-0.16064416625444278,-0.04275832076857083,-0.18074382171152067,-0.18257149969891548,-0.33829350871426855,-0.03589081138475776,0.02633851949162864,,,,,,,,,-0.16064416625444278,-0.1606441662544423,-0.16064416625444258,0.252064656964451,-0.16064416625444258,-0.04275832076857087,-0.04275832076857099,-0.04275832076857087,-0.04275832076857087
availability_60,0.05307168885378558,,0.0909525109484393,-0.033085861336957866,-0.03538363384799176,,0.0029804410638528274,0.06256450647911897,0.021034500010061866,0.01267171043886134,-0.017024229289331453,0.04180909342681068,0.008054256266419743,0.017929593760092195,0.011185783927663374,0.006036487551421589,-0.011210596430759404,0.0082520155966011,0.009873620930856203,-0.004952413901307118,,0.9036860844725336,1.0,0.9648409645257262,0.5453378939635227,0.010442035521820396,0.049552578934871944,0.06287772242679512,0.9604740156326605,0.02829137290400961,-0.03082091476956413,-0.024152022457241813,-0.10329933190376726,-0.09344094951991096,-0.06473987173081347,-0.0743123857859981,-0.07331072575203978,-0.0731575143559533,-0.1076918699624908,-0.021483804540649534,-0.06329058762615863,0.1062520364290359,0.1014314109092811,0.07802332348169297,0.05736463978565951,0.02040688066670396,0.07509037125727057,0.03763127689521938,-0.04845282316518842,-0.012830675533888504,0.029308225107445598,0.05736463978565977,0.02550129864200548,0.020406880666703573,0.010442035521820435,-0.03911719496396259,0.07802332348169308,-0.5453378939635193,-0.030820914769564143,-0.00574623249970408,-0.2357058593490102,-0.024152022457241813,-0.24470415095285591,-0.24325395366567157,-0.40735788115160393,-0.021483804540649534,0.04012752079946792,,,,,,,,,-0.2357058593490102,-0.2357058593490097,-0.2357058593490096,0.22453364009641597,-0.2357058593490096,-0.024152022457241778,-0.02415202245724196,-0.0241520224572419,-0.0241520224572419
availability_90,0.05766517635754975,,0.0906766623541518,-0.03052567811764526,-0.03331851822755549,,-0.0029744675823841593,0.05135957093946171,0.005005610945319877,-0.008349404002363177,-0.04013437289634961,0.02501014096867461,0.0007368780101998148,0.020391373143326175,0.004698624815543139,0.0016439490597974999,-0.009596685910436262,0.01421928055232498,0.004935378070562278,-0.0024341167461363242,,0.8168859908274503,0.9648409645257262,1.0,0.6027153054999856,0.02617396126814015,0.0660302675939873,0.08189213967722926,0.999442124632917,0.04055472721927125,0.004552427804633117,-0.019161258714964498,-0.09197863404837271,-0.08275134483618868,-0.058814055839003336,-0.06931528820505373,-0.06325302782862095,-0.06641405857650888,-0.09883610293980442,-0.009150458725842624,-0.05194208033175993,0.11191841241416545,0.10124138209513377,0.08966654523025311,0.036344185622029325,-0.004573140585343487,0.06580340972397955,0.028984391773355055,-0.03576300681785167,-0.029571963141553838,0.010232902919088682,0.03634418562202938,-0.0005758328275621902,-0.004573140585343761,0.02617396126814017,-0.027294819255368474,0.08966654523025283,-0.6027153054999871,0.004552427804633334,0.009422679588022424,-0.2866866068512813,-0.019161258714964498,-0.2848240877592617,-0.28358713160582344,-0.43957315551461607,-0.009150458725842624,0.05349161796022545,,,,,,,,,-0.2866866068512813,-0.28668660685128117,-0.2866866068512815,0.20491476151121116,-0.2866866068512815,-0.019161258714964494,-0.019161258714964623,-0.019161258714964626,-0.019161258714964626
availability_365,0.08405371169284746,,0.0938960070439391,0.04841906613175189,0.040942114494513744,,-0.02973008410259533,0.03246073619428267,0.030779805796301678,0.026703543197601567,-0.02324959096097812,0.04546089496266107,0.06415423532433828,0.14667602371490582,0.07172909379983883,0.06454544217743788,0.0651745319884753,0.09266386674792211,0.07034844386032046,0.06631088579478898,,0.43628933287850197,0.5453378939635227,0.6027153054999856,1.0,-0.017134158926446437,0.014364871070939613,0.023403482490300803,0.6129701748681454,-0.008044857572490963,0.007760869065537776,-0.01701720590500873,-0.07581160184817201,-0.06451033196791815,-0.049131751945410716,-0.07363010334678866,-0.05771037827802566,-0.04115039134823429,-0.08860567441586037,0.12535703302952844,0.08312246808758102,0.13651601347721773,0.0797561460285087,0.026011748694844558,0.030375732054546013,-0.006238043680825391,0.02510106509532135,-0.008690963808335096,-0.09844399002213006,-0.003980621992733222,0.028118595389263024,0.03037573205454606,-0.0065630219767908995,-0.0062380436808256575,-0.017134158926446437,-0.09174055369450955,0.026011748694844475,-0.9999999999999993,0.00776086906553778,-0.016152176691606266,-0.6231967270460956,-0.01701720590500873,-0.6838731899182897,-0.6770333330429429,-0.7573295082617568,0.12535703302952844,0.12266363356343962,,,,,,,,,-0.6231967270460956,-0.6231967270460935,-0.6231967270460927,0.21498407319969629,-0.6231967270460927,-0.017017205905008718,-0.017017205905008846,-0.017017205905008773,-0.017017205905008773
number_of_reviews,-0.42130937506452465,,-0.14124875777185406,-0.06913651477130336,-0.06382510919520884,,0.06781021274642171,-0.02227094616899956,-0.021352590832554214,-0.10453839303382488,-0.11205546916700408,-0.01004090851064682,-0.22766080124622184,-0.019596028851896354,-0.23495969256282068,-0.22081059587440274,0.178215638282652,0.19853604863708213,-0.23097275878004467,0.18564363214917662,,-0.01627702040187503,0.010442035521820396,0.02617396126814015,-0.017134158926446437,1.0,0.6435786208463996,0.4698311002612418,0.025062457266047816,0.7262364732017955,0.48007688218405786,0.29591760959725427,0.06659856353048574,0.0779226695732284,0.09521964519564431,0.055888538726532384,0.06554301424690334,0.056800992198659785,0.10547466266735918,-0.10860746030505647,-0.09318835872407047,-0.07490138147898234,0.005331182377693745,0.660953330789805,-0.044369757836334206,-0.03318500756398242,-0.03623692124568038,-0.032322190606249517,0.706306561488626,-0.010366171331856149,-0.006600152364202203,-0.044369757836333845,-0.042667213849608004,-0.0331850075639812,1.0000000000000033,0.7048784507014647,0.6609533307898037,0.017134158926444387,0.4800768821840568,0.4647132924181954,-0.017884476314405994,0.29591760959725427,0.008418635274637461,0.03587626757572554,0.05021436098011018,-0.10860746030505647,-0.1226846166398326,,,,,,,,,-0.017884476314405984,-0.01788447631440617,-0.01788447631440579,-0.06583014306683956,-0.01788447631440579,0.2959176095972543,0.2959176095972534,0.2959176095972542,0.2959176095972542
number_of_reviews_ltm,-0.06930673486378652,,0.013820008637377595,-0.05034689183598593,-0.04441291700914931,,0.07117105506445336,-0.04287582313043359,0.028449411686378625,-0.07931325412359058,-0.0768155687421192,0.013528205178583651,-0.3342555818209126,-0.028837829206401613,-0.3445819708513978,-0.32419788858698034,0.08077393006372104,0.14139174178092864,-0.3401913614496329,0.0936538135623913,,0.012183348046831535,0.049552578934871944,0.0660302675939873,0.014364871070939613,0.6435786208463996,1.0,0.7206583955734106,0.06470112630639582,0.8695134643671373,0.6493180166458451,0.4672557533260896,0.08136293310369133,0.08003198224050115,0.11730072143980316,0.029052852772237694,0.05747561608339014,0.048122154245251986,0.11308830913365442,-0.06205898506283756,-0.04672075697917505,-0.05457439071434593,-0.02982789938208148,0.8762274490380574,-0.01617671699483793,0.049088315128001075,-0.03202277401216557,-0.007863500222537866,0.586545086008885,0.05301697833613781,0.02616821237633645,-0.016176716994837886,0.05537583749736114,0.04908831512800154,0.6435786208463976,0.5862017487987815,0.8762274490380509,-0.014364871070939892,0.6493180166458417,0.6212439369581909,0.004327594216537242,0.4672557533260896,0.01116536572036334,0.05384573050784716,0.07864079322341265,-0.06205898506283756,-0.10489112837111285,,,,,,,,,0.004327594216537248,0.004327594216537282,0.004327594216537346,-0.08840533770188162,0.004327594216537346,0.46725575332608976,0.46725575332608854,0.4672557533260893,0.4672557533260893
number_of_reviews_l30d,0.0032273558401857173,,0.024276138467138303,-0.046153998896899605,-0.04563619816593974,,0.04054788541460533,-0.055015504262385,0.016208507902316757,-0.06941457573676765,-0.07264559615770588,0.00015207695970667336,-0.3530292644782049,-0.08535592738047208,-0.36199059409855266,-0.34250429554698303,0.03994367878318725,0.068672696491018,-0.35709548682948783,0.0516872399890818,,0.014725657035328727,0.06287772242679512,0.08189213967722926,0.023403482490300803,0.4698311002612418,0.7206583955734106,1.0,0.0801826197317955,0.5460332298249723,0.5324499032237693,0.4109089423869231,0.10851942658292624,0.10253278833126317,0.13259664752100928,0.054689466939151686,0.08433073141044109,0.06265259800692083,0.14037805947797632,-0.08436467137491878,-0.0781728848455065,-0.026707350638490442,-0.027013657356388637,0.7102100435754627,0.004026915692172428,0.07165176511588031,-0.006857717373736906,0.03670784493617199,0.4800747364771868,0.04114656249000522,0.009975628970415958,0.004026915692172542,0.07675057451828421,0.07165176511588003,0.4698311002612417,0.4779722071916799,0.7102100435754597,-0.0234034824903007,0.5324499032237707,0.46315253836609155,0.03343298083628313,0.4109089423869231,0.04935933592504657,0.08618734072313755,0.10276598826261657,-0.08436467137491878,-0.1470429363386628,,,,,,,,,0.03343298083628313,0.033432980836283106,0.03343298083628308,-0.08900805585674165,0.03343298083628308,0.4109089423869232,0.4109089423869232,0.41090894238692327,0.41090894238692327
availability_eoy,0.05868035128825793,,0.09047711573236565,-0.029878434904541045,-0.03276973234436854,,-0.0036668254456602993,0.0503269294739921,0.003983665720345947,-0.00895452330916869,-0.04135400959596999,0.023986364460012528,0.003306030294964894,0.022021699568078004,0.007368528678161534,0.004476407792674402,-0.009184472346891263,0.014792166795722574,0.007721632047816884,-0.002016728521265803,,0.8105141702468902,0.9604740156326605,0.999442124632917,0.6129701748681454,0.025062457266047816,0.06470112630639582,0.0801826197317955,1.0,0.03928672431189983,0.005124530526120758,-0.019778031545715235,-0.09124957335851264,-0.08225112186499589,-0.05909380939459132,-0.06924306669617254,-0.0626213996946387,-0.06568870039555716,-0.09867871443758329,-0.007205756332770185,-0.05041051360794504,0.11356624385361916,0.10152775621202666,0.08758104522956942,0.03502210964576458,-0.00670918787406811,0.06508886992810115,0.027658907135681494,-0.037745432265123544,-0.030522190336402643,0.009137434804467139,0.03502210964576428,-0.0027907342733626784,-0.0067091878740683205,0.025062457266048003,-0.029317096706676336,0.08758104522956923,-0.6129701748681445,0.005124530526120909,0.009207889606770209,-0.2943383156392086,-0.019778031545715235,-0.29414685098956417,-0.29242184265809507,-0.4483021011660386,-0.007205756332770185,0.05582015428678686,,,,,,,,,-0.2943383156392086,-0.2943383156392073,-0.2943383156392076,0.20583953985076017,-0.2943383156392076,-0.019778031545715235,-0.019778031545715353,-0.019778031545715336,-0.019778031545715336
number_of_reviews_ly,-0.20079070463552087,,-0.0434836795154932,-0.0554100063727453,-0.04973258882209541,,0.0685870658020669,-0.04549377757005062,0.02123981343302324,-0.07841491278737474,-0.08247117359343498,0.011915046483887762,-0.2749067220740288,-0.02392889860807809,-0.28381966525002184,-0.2700754488423742,0.12370738925440973,0.17351290915304451,-0.2817097740246556,0.1338583234662625,,-0.0010072041942330294,0.02829137290400961,0.04055472721927125,-0.008044857572490963,0.7262364732017955,0.8695134643671373,0.5460332298249723,0.03928672431189983,1.0,0.5891257985267597,0.39696113636026453,0.07801492782010815,0.0802680386888256,0.1077731075996462,0.03776140155520056,0.0600378198241665,0.0436922178455521,0.10667288318413544,-0.07348159051950245,-0.051148676950486076,-0.08288680949144248,-0.024310806734316338,0.789235316096204,-0.028090499950786784,0.016683238956016984,-0.044974250750249065,-0.03442992945016045,0.6273433963346563,0.043986117203926436,0.02466663484188409,-0.028090499950786833,0.017535914250297064,0.01668323895601832,0.7262364732018008,0.6340930136656183,0.7892353160962005,0.008044857572490181,0.5891257985267622,0.5833979419594831,-0.0019956286654096633,0.39696113636026453,0.0024291215244724843,0.04314581677142407,0.06182838560627109,-0.07348159051950245,-0.10997150164417406,,,,,,,,,-0.0019956286654096633,-0.0019956286654096915,-0.0019956286654095315,-0.0777167476085131,-0.0019956286654095315,0.3969611363602646,0.3969611363602619,0.39696113636026287,0.39696113636026287
estimated_occupancy_l365d,-0.1482474094003857,,-0.02350898745362065,-0.06232715181540735,-0.06113346130385684,,0.06005548116953724,-0.07462461539338575,0.00247839938780198,-0.11039665519031293,-0.08869020688375724,0.00625508874986028,-0.2213670076693275,-0.007269473137748082,-0.24230208007066548,-0.22401218573397838,0.15460574461392185,0.16835021017869672,-0.23475905774860809,0.16261439375204845,,-0.0910308060915674,-0.03082091476956413,0.004552427804633117,0.007760869065537776,0.48007688218405786,0.6493180166458451,0.5324499032237693,0.005124530526120758,0.5891257985267597,1.0,0.6491417183676856,0.10846472142797656,0.10844236065063483,0.1070389576622261,0.06510830418267911,0.09537103759040598,0.04539834248943471,0.12365801712140441,-0.09019308120815803,-0.06323941296630307,-0.1000679018063067,-0.02736473143566603,0.5574136086933891,-0.08741934695440635,-0.04373852664764996,-0.10026037881155497,-0.09318488085054552,0.6556776011611273,0.020824119961217854,0.023007711498246073,-0.08741934695440753,-0.04560142240491065,-0.04373852664764908,0.4800768821840567,0.650484063830482,0.5574136086933855,-0.007760869065538297,1.0000000000000016,0.6904470848308163,-0.030839747737534458,0.6491417183676856,-0.017025176101693476,0.01549494673512472,0.07957084581729565,-0.09019308120815803,-0.11322694982111885,,,,,,,,,-0.030839747737534458,-0.030839747737534614,-0.030839747737534312,-0.12441689870613773,-0.030839747737534312,0.6491417183676857,0.6491417183676866,0.649141718367689,0.649141718367689
estimated_revenue_l365d,-0.0852649526330132,,-0.017218029092438795,-0.0025266064294251146,-0.01545792650516717,,0.08163004474948106,-0.09277090904673595,0.3882803168710318,0.2766836094413206,0.3150489342798372,0.3624548498213907,-0.2689789788012112,-0.008959386412006923,-0.2781120593337866,-0.26055640426667365,0.09102037663591422,0.13608021689941888,-0.2717153833716898,0.10761077954893937,,-0.04275832076857083,-0.024152022457241813,-0.019161258714964498,-0.01701720590500873,0.29591760959725427,0.4672557533260896,0.4109089423869231,-0.019778031545715235,0.39696113636026453,0.6491417183676856,1.0,0.1147807331074495,0.10269236545701912,0.11375130354313884,0.06133641427676673,0.08001434918841455,0.06212406258696272,0.10929547856262586,-0.07126627377990813,-0.03691448748596389,-0.10380985599267269,-0.0765629836849785,0.3664434452437341,0.39541450136038125,0.45789023888748037,0.0852771644423501,0.14593540383316186,0.49042705679218623,0.3647802395106258,0.3479906586244188,0.39541450136038087,0.4225337173204416,0.4578902388874792,0.29591760959725516,0.48783755003169205,0.3664434452437349,0.017017205905008763,0.6491417183676863,0.41819885392577066,0.2659624104533322,1.0,0.07409055025398238,0.12198052987334958,0.24012477429971502,-0.07126627377990813,-0.10516106180143495,,,,,,,,,0.2659624104533322,0.2659624104533337,0.2659624104533319,-0.11200264019043059,0.2659624104533319,1.0,0.9999999999999991,0.9999999999999991,0.9999999999999991
review_scores_rating,-0.021036072799905294,,-0.0994106747742667,-0.12225098534074748,-0.11698317731263216,,0.03341549485238254,-0.06702223051123894,0.03442187202053214,0.06447673506932633,0.032462081338972534,0.020735959248161174,-0.07154341461202315,-0.11805908069282299,-0.06848194640426741,-0.061320847833621774,-0.012401283923549476,-0.027882308305608262,-0.06585830585884214,-0.014854771083857209,,-0.11060201893166065,-0.10329933190376726,-0.09197863404837271,-0.07581160184817201,0.06659856353048574,0.08136293310369133,0.10851942658292624,-0.09124957335851264,0.07801492782010815,0.10846472142797656,0.1147807331074495,1.0,0.8605176982704201,0.792553361465872,0.7057758478135067,0.8164132240711353,0.6353661609272447,0.8469511366549752,-0.14589575763592144,-0.12414914207076179,-0.06137923933711039,-0.11380423211713278,0.10360076095751515,0.07405780188720393,0.12210198419522833,0.04123569631755479,0.08657597629230195,0.1329860185712214,0.05057034212424861,0.03092683959082831,0.07405780188720411,0.11419013770223349,0.12210198419522833,0.06659856353048567,0.1305677023215,0.10360076095751469,0.07581160184817191,0.10846472142797728,0.06559818989573128,0.08966284885497296,0.11478073310744945,0.08011993305716313,0.08070792385392998,0.13717491004244461,-0.14589575763592144,-0.1662685500161392,,,,,,,,,0.08966284885497296,0.08966284885497312,0.08966284885497315,-0.11602443739623376,0.08966284885497315,0.1147807331074494,0.11478073310744953,0.11478073310744968,0.11478073310744968
review_scores_accuracy,-0.028975959228113527,,-0.10481572099492324,-0.10325876038490354,-0.10083214612097371,,0.030853843725325306,-0.06519733705425605,0.01943173564929962,0.05292117143391517,0.014975564591858948,0.011271800036928556,-0.06790271425206514,-0.09444104581385876,-0.06811679108268584,-0.06132472896994517,-0.016392843929125853,-0.02512434256653495,-0.06525347062558932,-0.017853801674077494,,-0.10356346608230256,-0.09344094951991096,-0.08275134483618868,-0.06451033196791815,0.0779226695732284,0.08003198224050115,0.10253278833126317,-0.08225112186499589,0.0802680386888256,0.10844236065063483,0.10269236545701912,0.8605176982704201,1.0,0.7247543120288217,0.705218402703519,0.7467042831161206,0.6191150278928297,0.793818458875905,-0.12287248597732595,-0.09977057657372428,-0.07388829636815022,-0.0848184514533645,0.10289496091469284,0.060044204206327514,0.09599476709514002,0.039995920520591186,0.0788411810535198,0.14185726237638452,0.036215345946720164,0.02001845226679773,0.06004420420632775,0.08866467265510053,0.09599476709513982,0.07792266957322815,0.13987373982044113,0.10289496091469266,0.06451033196791793,0.10844236065063488,0.064388711129727,0.0708009783511653,0.10269236545701907,0.07159341552787564,0.07349043714424332,0.11347930100127984,-0.12287248597732595,-0.1463014983092023,,,,,,,,,0.0708009783511653,0.07080097835116538,0.0708009783511655,-0.10755006209969735,0.0708009783511655,0.1026923654570191,0.10269236545701906,0.10269236545701908,0.10269236545701908
review_scores_cleanliness,-0.015952950610933127,,-0.07210426507682713,-0.0940656334175215,-0.09034791462098853,,0.0523232956880144,-0.04037402895115153,0.02279358828095041,0.03310142141795198,0.0062710223265561825,0.009308020452625023,-0.10880721285165457,-0.0890546161240912,-0.1087437513778924,-0.09908679454991336,0.0156559774080558,0.012456708634316634,-0.10550342819402735,0.016152538229441547,,-0.07110347949389975,-0.06473987173081347,-0.058814055839003336,-0.049131751945410716,0.09521964519564431,0.11730072143980316,0.13259664752100928,-0.05909380939459132,0.1077731075996462,0.1070389576622261,0.11375130354313884,0.792553361465872,0.7247543120288217,1.0,0.5814267905464947,0.6799405620792832,0.5034866699144416,0.7276771053609284,-0.10757730383635629,-0.09007985161712333,-0.0313036792973321,-0.14555174210011204,0.1409646490200856,0.054842191872460505,0.12799733782519046,0.024783652386161332,0.1175920272946478,0.17058765221539585,0.03592710001908158,0.01742858559223308,0.05484219187246071,0.12265173523712818,0.12799733782519107,0.09521964519564416,0.16845325909824435,0.1409646490200856,0.04913175194541078,0.10703895766222661,0.07231594638191151,0.07331362139896859,0.11375130354313888,0.07070977049765147,0.07152285106978176,0.12584836482760617,-0.10757730383635629,-0.12878542777094923,,,,,,,,,0.07331362139896858,0.0733136213989687,0.0733136213989686,-0.11653019127852657,0.0733136213989686,0.11375130354313888,0.11375130354313852,0.11375130354313884,0.11375130354313884
review_scores_checkin,-0.06243850025797543,,-0.10506286223455202,-0.13159170058821176,-0.12747183816553023,,0.010159910401821739,-0.04526545545399851,0.032950035451500645,0.03399481348082888,0.04602711242214039,0.028561834134057714,-0.04241686602098663,-0.08038204976246043,-0.041182927605773946,-0.03702253555690899,0.00578196921346343,-0.014850596295480594,-0.03938868012260811,0.0025108012253150735,,-0.08844306366528229,-0.0743123857859981,-0.06931528820505373,-0.07363010334678866,0.055888538726532384,0.029052852772237694,0.054689466939151686,-0.06924306669617254,0.03776140155520056,0.06510830418267911,0.06133641427676673,0.7057758478135067,0.705218402703519,0.5814267905464947,1.0,0.7186266424875873,0.4876345858823498,0.6117170062742372,-0.13956480728427814,-0.11861586753113196,-0.0704672463209767,-0.07666258648036804,0.05155861453048252,0.03824180888606525,0.060042361482983544,0.012295672267243339,0.027722254299334215,0.11052206195942857,0.04066884260381074,0.03551605470782972,0.03824180888606536,0.05100079784375725,0.06004236148298423,0.055888538726532246,0.10764502661775181,0.05155861453048237,0.07363010334678845,0.06510830418267914,0.026969234684821805,0.07056913321739294,0.061336414276766775,0.052194694478886576,0.04735985022114968,0.10800846495875724,-0.13956480728427814,-0.14192564942371844,,,,,,,,,0.07056913321739297,0.07056913321739292,0.07056913321739283,-0.09243053659471341,0.07056913321739283,0.06133641427676676,0.06133641427676669,0.061336414276766796,0.061336414276766796
review_scores_communication,-0.041628578000624576,,-0.10719813827918484,-0.1709287585204704,-0.1703535292960557,,-0.0043168383351169645,-0.0861693692170659,0.022775468720410027,0.029121910224384727,0.016736136150616057,0.011042493486264127,-0.06536044842565908,-0.09798997554515575,-0.058385861954687104,-0.05101362200956809,-0.010953938553134545,-0.030111703449192485,-0.05485071458740137,-0.01499948791994345,,-0.08881308052236347,-0.07331072575203978,-0.06325302782862095,-0.05771037827802566,0.06554301424690334,0.05747561608339014,0.08433073141044109,-0.0626213996946387,0.0600378198241665,0.09537103759040598,0.08001434918841455,0.8164132240711353,0.7467042831161206,0.6799405620792832,0.7186266424875873,1.0,0.5254519267226753,0.7072733819590353,-0.1819528008891541,-0.15998023595827046,-0.08095376578733295,-0.07419856632994076,0.08478411247178315,0.04617573632366877,0.07592326699167434,0.022466391886196656,0.04886609342328519,0.138761228786289,0.03582397605511823,0.02009150109157175,0.04617573632366887,0.06857480229041518,0.07592326699167495,0.06554301424690347,0.13430824980596742,0.08478411247178322,0.05771037827802551,0.09537103759040608,0.0466665846743953,0.07058040536057375,0.08001434918841457,0.05553259385028218,0.059526840657698206,0.10310362041275091,-0.1819528008891541,-0.14453888326452816,,,,,,,,,0.07058040536057375,0.07058040536057375,0.07058040536057407,-0.1079608064003606,0.07058040536057407,0.08001434918841455,0.08001434918841462,0.0800143491884148,0.0800143491884148
review_scores_location,-0.04545797661142435,,-0.07518707195175849,-0.057700888115841814,-0.054102957004089514,,0.04353673540827646,-0.02800205747931586,-0.004092764635239717,0.036127224310424894,-0.0070946220798940056,0.001553571927678866,-0.0602966122833236,-0.05426511983983559,-0.06214318426677786,-0.059140492619670026,-0.01841715709432267,-0.02132141618494162,-0.06057326699394673,-0.01911830633222734,,-0.07443409034713067,-0.0731575143559533,-0.06641405857650888,-0.04115039134823429,0.056800992198659785,0.048122154245251986,0.06265259800692083,-0.06568870039555716,0.0436922178455521,0.04539834248943471,0.06212406258696272,0.6353661609272447,0.6191150278928297,0.5034866699144416,0.4876345858823498,0.5254519267226753,1.0,0.611325237373161,-0.05850661211627222,-0.0381498632780402,-0.06736615399089681,-0.045645051720521496,0.05948925263637166,0.059171647011891225,0.09530702459787156,0.06145069845881919,0.10962765935486675,0.08854895560527289,0.007898785055789002,0.00390904056637678,0.059171647011891385,0.08730487928098617,0.09530702459787205,0.05680099219865966,0.08551641860443715,0.05948925263637164,0.04115039134823426,0.045398342489434584,0.03007299225802879,0.06235657681904882,0.06212406258696274,0.07832338125552611,0.07568659017047626,0.07436127724694887,-0.05850661211627222,-0.09338883078667005,,,,,,,,,0.0623565768190488,0.06235657681904898,0.062356576819049,-0.06406342375024243,0.062356576819049,0.06212406258696272,0.06212406258696282,0.06212406258696244,0.06212406258696244
review_scores_value,-0.017851501964300975,,-0.09435041224153601,-0.12695401937348827,-0.11963585100136515,,0.042596856873535136,-0.034766625732781525,0.03632654101238765,0.05034464603568599,0.032884415241534015,0.03005229588423444,-0.09611667147341094,-0.13512228184462197,-0.09767851007336674,-0.08958847688987316,-0.026561737772145554,-0.041116585418808485,-0.0948031263241191,-0.02991264546203158,,-0.11491184899336546,-0.1076918699624908,-0.09883610293980442,-0.08860567441586037,0.10547466266735918,0.11308830913365442,0.14037805947797632,-0.09867871443758329,0.10667288318413544,0.12365801712140441,0.10929547856262586,0.8469511366549752,0.793818458875905,0.7276771053609284,0.6117170062742372,0.7072733819590353,0.611325237373161,1.0,-0.17418226781646973,-0.15413613350955213,-0.07447627146274118,-0.07041679469804707,0.1506919890323836,0.053544273118687216,0.08921646812487201,0.026316478640365692,0.05159925738243426,0.1830141900384115,0.04670396968750393,0.03876040447590155,0.053544273118687154,0.08814643326610817,0.08921646812487216,0.10547466266735935,0.18046611958751022,0.15069198903238265,0.08860567441585958,0.12365801712140378,0.08442190343773794,0.08338424403218693,0.10929547856262585,0.07491562621644834,0.07687356590996136,0.12637800256438203,-0.17418226781646973,-0.18793684356392865,,,,,,,,,0.08338424403218693,0.08338424403218707,0.08338424403218678,-0.09353663469255823,0.08338424403218678,0.10929547856262585,0.1092954785626256,0.109295478562626,0.109295478562626
calculated_host_listings_count,0.08932196260958333,,-0.039008920098072615,0.7954929395958081,0.760858709238706,,-0.0021670357044982175,-0.01806609241859972,-0.0116337770716588,0.017373711290084734,-0.02054151395991944,-0.00878594610239836,0.015173646986006943,0.24335319834387414,0.019855749369423217,0.018631965034963133,0.08228420874360584,0.1536850344157504,0.01917640079861985,0.09118876427892388,,-0.03589081138475776,-0.021483804540649534,-0.009150458725842624,0.12535703302952844,-0.10860746030505647,-0.06205898506283756,-0.08436467137491878,-0.007205756332770185,-0.07348159051950245,-0.09019308120815803,-0.07126627377990813,-0.14589575763592144,-0.12287248597732595,-0.10757730383635629,-0.13956480728427814,-0.1819528008891541,-0.05850661211627222,-0.17418226781646973,1.0,0.9567069431847491,0.26754363692467376,0.08808435084445543,-0.10975780547335298,-0.026231166431853414,-0.04302181452610088,-0.011745091902765379,-0.026095864183559667,-0.1327220112532238,-0.017904734209033803,-0.01398186734787482,-0.02623116643185368,-0.023241531244000642,-0.043021814526100426,-0.10860746030505602,-0.13863951362992652,-0.10975780547335293,-0.1253570330295276,-0.09019308120815858,-0.08317383908069918,-0.0856980983448158,-0.07126627377990814,-0.09386541196777065,-0.09855791429497111,-0.10750993102547698,1.0,0.4551575176660436,,,,,,,,,-0.0856980983448158,-0.08569809834481552,-0.08569809834481555,0.027601161596315555,-0.08569809834481555,-0.0712662737799081,-0.07126627377990845,-0.07126627377990816,-0.07126627377990816
calculated_host_listings_count_entire_homes,0.08524780814697683,,-0.05544924469858039,0.8204767655219307,0.7918619009712028,,0.014138056946425916,-0.022476732568758713,0.03206135667851391,0.03274281298941406,0.016616358915905897,0.013706574641126974,0.00852956724798985,0.2690480343530964,0.012903740022998893,0.013536574542427713,0.0725859236055069,0.1432975326194068,0.013401025391246421,0.08048558344114805,,-0.07490518982099863,-0.06329058762615863,-0.05194208033175993,0.08312246808758102,-0.09318835872407047,-0.04672075697917505,-0.0781728848455065,-0.05041051360794504,-0.051148676950486076,-0.06323941296630307,-0.03691448748596389,-0.12414914207076179,-0.09977057657372428,-0.09007985161712333,-0.11861586753113196,-0.15998023595827046,-0.0381498632780402,-0.15413613350955213,0.9567069431847491,1.0,-0.0047619777683888375,-0.022034056812724797,-0.08668168332082614,-0.0022058137323501185,0.026763444958346847,-0.018551469361224534,-0.014959781901004842,-0.10340086581733117,0.04744323885766052,0.021386718315713305,-0.002205813732350032,0.03280723616699614,0.026763444958347236,-0.09318835872407047,-0.11007248491108546,-0.08668168332082575,-0.08312246808758043,-0.06323941296630307,-0.07276606693271066,-0.05553610731612224,-0.03691448748596388,-0.0765212154351568,-0.07485174309008097,-0.06403554047963611,0.956706943184749,0.3905462772892106,,,,,,,,,-0.05553610731612224,-0.055536107316121915,-0.05553610731612208,-0.018861363553736292,-0.05553610731612208,-0.036914487485963876,-0.03691448748596369,-0.03691448748596352,-0.03691448748596352
calculated_host_listings_count_private_rooms,0.028121020302214198,,0.07729792041075066,0.02330499318233431,0.00045272894538163854,,-0.04291300668055502,0.03326787399238702,-0.14506498298729642,-0.06294769488512993,-0.11026805167654763,-0.115240928097929,0.021879749256019564,-0.035076428491284666,0.023964436757549414,0.017953495977884384,0.08406745078838722,0.09463727520670126,0.020555013476654838,0.08999514499087059,,0.09861302814690079,0.1062520364290359,0.11191841241416545,0.13651601347721773,-0.07490138147898234,-0.05457439071434593,-0.026707350638490442,0.11356624385361916,-0.08288680949144248,-0.1000679018063067,-0.10380985599267269,-0.06137923933711039,-0.07388829636815022,-0.0313036792973321,-0.0704672463209767,-0.08095376578733295,-0.06736615399089681,-0.07447627146274118,0.26754363692467376,-0.0047619777683888375,1.0,0.02546361939489448,-0.0913150311472463,-0.056826373716215905,-0.15491868762702418,0.047898897420545775,0.031556194742530075,-0.12106050737288371,-0.2000557969072339,-0.14945397500863267,-0.05682637371621592,-0.13658968748002875,-0.15491868762702446,-0.07490138147898248,-0.1206436164882902,-0.09131503114724639,-0.1365160134772179,-0.10006790180630647,-0.04989894426695216,-0.0900681779226917,-0.10380985599267271,-0.04695047071217683,-0.06665433550297858,-0.12603116480402854,0.26754363692467376,0.24889671678873823,,,,,,,,,-0.09006817792269169,-0.09006817792269145,-0.09006817792269142,0.06704852092804833,-0.09006817792269142,-0.10380985599267266,-0.1038098559926725,-0.10380985599267241,-0.10380985599267241
calculated_host_listings_count_shared_rooms,0.00909379917012364,,-0.06536544083737993,0.013416298930767328,0.002854676425817665,,-0.04858913916678521,-0.05584023517106933,-0.0442927402147651,0.013025437442796745,-0.06894588400322922,0.06449058533474235,0.01700313344248054,-0.05380276664033815,0.016835447748513574,0.0141438236859346,-0.09371101985272777,-0.09074721315449964,0.01448873288502295,-0.09644242207921376,,0.08834617102678925,0.1014314109092811,0.10124138209513377,0.0797561460285087,0.005331182377693745,-0.02982789938208148,-0.027013657356388637,0.10152775621202666,-0.024310806734316338,-0.02736473143566603,-0.0765629836849785,-0.11380423211713278,-0.0848184514533645,-0.14555174210011204,-0.07666258648036804,-0.07419856632994076,-0.045645051720521496,-0.07041679469804707,0.08808435084445543,-0.022034056812724797,0.02546361939489448,1.0,-0.025833830133646905,-0.0852140088598735,-0.26846284284134636,-0.0650546848377806,-0.1900494504948698,-0.017653263608345682,-0.10636320810244355,0.03819867157746929,-0.08521400885987358,-0.17383453333885343,-0.26846284284134575,0.005331182377693676,-0.013550093941416222,-0.025833830133646877,-0.07975614602850857,-0.027364731435665948,0.0012952660717284541,-0.07584688718920708,-0.07656298368497852,-0.07051483403249374,-0.07726209728569593,-0.18116085515450941,0.0880843508444554,0.12531509161241133,,,,,,,,,-0.07584688718920708,-0.07584688718920725,-0.07584688718920726,0.36528398971011056,-0.07584688718920726,-0.07656298368497852,-0.0765629836849789,-0.0765629836849786,-0.0765629836849786
reviews_per_month,0.06136522208457624,,0.03850629692737735,-0.06355095303806556,-0.057042946188436056,,0.06892655728466021,-0.028530965905824213,0.018624125028928667,-0.09333013493465747,-0.08992742920539468,-0.0026912744763708525,-0.3418629048530535,-0.08034991775538707,-0.35151748017623563,-0.3256397336139648,0.04783277378561039,0.09283423054467732,-0.34575280613166093,0.05767970087179394,,0.048654358363270575,0.07802332348169297,0.08966654523025311,0.026011748694844558,0.660953330789805,0.8762274490380574,0.7102100435754627,0.08758104522956942,0.789235316096204,0.5574136086933891,0.3664434452437341,0.10360076095751515,0.10289496091469284,0.1409646490200856,0.05155861453048252,0.08478411247178315,0.05948925263637166,0.1506919890323836,-0.10975780547335298,-0.08668168332082614,-0.0913150311472463,-0.025833830133646905,1.0,-0.030504996722198533,0.031280739643798516,-0.04316412137356162,-0.02882238285228948,0.6198206898613643,0.050016566649345486,0.015429796538559706,-0.030504996722198533,0.04349504413949925,0.031280739643797836,0.660953330789804,0.6091471998405164,0.9999999999999983,-0.026011748694844426,0.5574136086933894,0.5357841188242922,-0.01867148944501443,0.3664434452437342,-0.010633896873597788,0.03930261860769477,0.054208742829002766,-0.10975780547335294,-0.175605480208937,,,,,,,,,-0.018671489445014438,-0.0186714894450144,-0.018671489445014487,-0.1024567264282686,-0.018671489445014487,0.3664434452437342,0.36644344524373473,0.3664434452437341,0.3664434452437341
price_clean,-0.01216809127702509,,-0.0034377769083671675,0.039241636480192944,0.025813868656667537,,0.038886556674854994,-0.0540371212215849,0.47868351084838306,0.46855248176548586,0.4686586437492979,0.45076305520112214,-0.13028504203098296,-0.02512272051700347,-0.13124799724685654,-0.12735070306431498,-0.0328427964737298,0.005865325125758891,-0.13070589725659906,-0.018391258572770193,,0.07907254872457326,0.05736463978565951,0.036344185622029325,0.030375732054546013,-0.044369757836334206,-0.01617671699483793,0.004026915692172428,0.03502210964576458,-0.028090499950786784,-0.08741934695440635,0.39541450136038125,0.07405780188720393,0.060044204206327514,0.054842191872460505,0.03824180888606525,0.04617573632366877,0.059171647011891225,0.053544273118687216,-0.026231166431853414,-0.0022058137323501185,-0.056826373716215905,-0.0852140088598735,-0.030504996722198533,1.0,0.7686198632928343,0.5875627213672978,0.4480334305988809,0.017572536976998513,0.4363831010792194,0.4241937189558748,0.9999999999999944,0.6286373346164239,0.7686198632928348,-0.04436975783633382,0.015472061711578285,-0.0305049967221986,-0.03037573205454602,-0.0874193469544066,-0.06481319228434199,0.5805921338078655,0.39541450136038125,0.3200997345905227,0.3701501727280054,0.2914685201208235,-0.026231166431853407,-0.04428767470118462,,,,,,,,,0.5805921338078655,0.5805921338078666,0.5805921338078638,-0.0863346788822315,0.5805921338078638,0.3954145013603813,0.39541450136037953,0.39541450136038114,0.39541450136038114
log_price,0.01579327126154478,,0.007418265116738996,0.04819478093164807,0.04120180067893098,,0.07632116364670448,-0.09507998475525963,0.6192949695808383,0.5372544051926742,0.6008274593967213,0.5274690130631804,-0.20859818720914813,-0.019310523579975685,-0.21058858888641316,-0.20441772559230745,-0.011887413738132402,0.03356133839333652,-0.2113804865373497,0.0043332867199160595,,0.04925111599230613,0.02040688066670396,-0.004573140585343487,-0.006238043680825391,-0.03318500756398242,0.049088315128001075,0.07165176511588031,-0.00670918787406811,0.016683238956016984,-0.04373852664764996,0.45789023888748037,0.12210198419522833,0.09599476709514002,0.12799733782519046,0.060042361482983544,0.07592326699167434,0.09530702459787156,0.08921646812487201,-0.04302181452610088,0.026763444958346847,-0.15491868762702418,-0.26846284284134636,0.031280739643798516,0.7686198632928343,1.0,0.3876236934198466,0.48498672749233745,0.07533062778027651,0.652589460267186,0.5475479260894568,0.768619863292831,0.9476889981996343,1.0000000000000036,-0.03318500756398253,0.0727341417988601,0.03128073964379854,0.006238043680825456,-0.04373852664765003,-0.04986126697434915,0.516781717561512,0.45789023888748026,0.2507172388017171,0.2953539284256844,0.4160162103786573,-0.04302181452610087,-0.1203148426830323,,,,,,,,,0.516781717561512,0.5167817175615109,0.5167817175615098,-0.22222673730802753,0.5167817175615098,0.45789023888748026,0.45789023888748076,0.45789023888748037,0.45789023888748037
price_per_accommodates,-0.05696374167976442,,0.028494437888875825,-0.005409459829225833,-0.015390970828701053,,0.009185841293576946,-0.041038025070968875,-0.16021250299380885,-0.0031738364875893896,-0.09155758617626128,-0.10296437173928506,-0.02295035915534247,-0.022157981823910836,-0.02206862817788161,-0.022636078387451044,-0.04772492239029763,0.003879647684287313,-0.024760954379064264,-0.03244790035011325,,0.08650890797655923,0.07509037125727057,0.06580340972397955,0.02510106509532135,-0.03623692124568038,-0.03202277401216557,-0.006857717373736906,0.06508886992810115,-0.044974250750249065,-0.10026037881155497,0.0852771644423501,0.04123569631755479,0.039995920520591186,0.024783652386161332,0.012295672267243339,0.022466391886196656,0.06145069845881919,0.026316478640365692,-0.011745091902765379,-0.018551469361224534,0.047898897420545775,-0.0650546848377806,-0.04316412137356162,0.5875627213672978,0.3876236934198466,1.0,0.7061718836712136,-0.03911057252624312,-0.19600716593406287,-0.12683778648276214,0.5875627213672994,0.2934711545571203,0.38762369341984637,-0.03623692124568046,-0.04130639431667178,-0.0431641213735619,-0.02510106509532132,-0.10026037881155522,-0.049570493749144344,0.30965228841370196,0.0852771644423501,0.5208254984829154,0.48222351837680316,0.1427179848899855,-0.01174509190276537,0.017458155127457672,,,,,,,,,0.30965228841370196,0.3096522884137014,0.3096522884137007,-0.03957318244524481,0.3096522884137007,0.08527716444235009,0.08527716444235003,0.08527716444235015,0.08527716444235015
log_price_per_accommodates,-0.040251207562008014,,0.007116470949573939,-0.026763999232593046,-0.03255385158891622,,0.05236255250204689,-0.11388626467173008,-0.3096947026792834,-0.012462567762350309,-0.1686937968236313,-0.22099249950764274,-0.06024143363437994,-0.04535878728497721,-0.05946897737669376,-0.06129991968275937,-0.08276631507906082,-0.024740247325150334,-0.06555082147558708,-0.06457836866976527,,0.04648388760464092,0.03763127689521938,0.028984391773355055,-0.008690963808335096,-0.032322190606249517,-0.007863500222537866,0.03670784493617199,0.027658907135681494,-0.03442992945016045,-0.09318488085054552,0.14593540383316186,0.08657597629230195,0.0788411810535198,0.1175920272946478,0.027722254299334215,0.04886609342328519,0.10962765935486675,0.05159925738243426,-0.026095864183559667,-0.014959781901004842,0.031556194742530075,-0.1900494504948698,-0.02882238285228948,0.4480334305988809,0.48498672749233745,0.7061718836712136,1.0,-0.015778089409213342,-0.3461379406370546,-0.2558180256330235,0.44803343059888284,0.42572369825583045,0.48498672749233745,-0.032322190606249336,-0.021350290690639352,-0.028822382852289483,0.008690963808335032,-0.09318488085054587,-0.05387728983566405,0.2874519591863399,0.1459354038331619,0.4711579073052002,0.4090843954392011,0.18380842502892936,-0.02609586418355963,-0.010251936910902633,,,,,,,,,0.2874519591863399,0.2874519591863395,0.2874519591863395,-0.08514884984033509,0.2874519591863395,0.1459354038331619,0.1459354038331618,0.14593540383316206,0.14593540383316206
log_reviews,-0.5450851977690354,,-0.16032936129823322,-0.07803557088625203,-0.07276521489176666,,0.10191274761016293,-0.056154272646479424,0.06940328581390541,-0.06321398017298885,-0.04154709259114082,0.07920190506752466,-0.3718998891985861,0.005840258363169802,-0.38566129761661966,-0.35894985802352025,0.24429274925926975,0.2774707984222748,-0.3775575782787587,0.25466564402150776,,-0.08647380609905211,-0.04845282316518842,-0.03576300681785167,-0.09844399002213006,0.706306561488626,0.586545086008885,0.4800747364771868,-0.037745432265123544,0.6273433963346563,0.6556776011611273,0.49042705679218623,0.1329860185712214,0.14185726237638452,0.17058765221539585,0.11052206195942857,0.138761228786289,0.08854895560527289,0.1830141900384115,-0.1327220112532238,-0.10340086581733117,-0.12106050737288371,-0.017653263608345682,0.6198206898613643,0.017572536976998513,0.07533062778027651,-0.03911057252624312,-0.015778089409213342,1.0,0.08418685074127329,0.09170741490636987,0.017572536976998274,0.06947781984681915,0.07533062778027842,0.7063065614886267,0.9958071417762561,0.6198206898613651,0.09844399002212752,0.655677601161129,0.4475064071248323,0.0800503240462221,0.49042705679218634,0.06805691816110804,0.1054426836528716,0.16405690770646478,-0.1327220112532238,-0.14111538946432592,,,,,,,,,0.0800503240462221,0.08005032404622164,0.08005032404622214,-0.14053622762409665,0.08005032404622214,0.4904270567921861,0.49042705679218684,0.4904270567921862,0.4904270567921862
log_accommodates,0.0541938616492461,,-0.004002534109601799,0.07941788894919834,0.07709956029827575,,0.02743526735824021,-0.01695451340404989,0.9337650530085236,0.5872075929066961,0.7947701117299776,0.7569480203845952,-0.13974835721576997,0.025601646000093972,-0.1458703161677497,-0.13730183099695936,0.056151616366781634,0.054255006062749404,-0.14296617574632614,0.05727222943044101,,0.008195051181752226,-0.012830675533888504,-0.029571963141553838,-0.003980621992733222,-0.010366171331856149,0.05301697833613781,0.04114656249000522,-0.030522190336402643,0.043986117203926436,0.020824119961217854,0.3647802395106258,0.05057034212424861,0.036215345946720164,0.03592710001908158,0.04066884260381074,0.03582397605511823,0.007898785055789002,0.04670396968750393,-0.017904734209033803,0.04744323885766052,-0.2000557969072339,-0.10636320810244355,0.050016566649345486,0.4363831010792194,0.652589460267186,-0.19600716593406287,-0.3461379406370546,0.08418685074127329,1.0,0.8086234212751426,0.43638310107922057,0.6478176669165908,0.6525894602671858,-0.010366171331856097,0.08557590549734773,0.050016566649345215,0.0039806219927334815,0.02082411996121784,-0.011048378301098182,0.30534462186731115,0.36478023951062566,-0.13925677107152,-0.03747978852151216,0.2868462593941455,-0.01790473420903381,-0.12431549638066444,,,,,,,,,0.30534462186731115,0.3053446218673108,0.30534462186731054,-0.1643206071161574,0.30534462186731054,0.36478023951062566,0.36478023951062516,0.36478023951062527,0.36478023951062527
log_beds,0.006404564195790324,,-0.009516881734431491,0.07189015976118569,0.07016514705074905,,0.020952004539387264,0.04207402632772985,0.8342547407045919,0.5843486629746416,0.7801519299770805,0.9452148690912866,-0.13671079539949366,0.010532921491411948,-0.1384127209619524,-0.13181348063625872,0.03946361102829197,0.03430555651182423,-0.1347290374789824,0.04019164782165323,,0.05433106437666034,0.029308225107445598,0.010232902919088682,0.028118595389263024,-0.006600152364202203,0.02616821237633645,0.009975628970415958,0.009137434804467139,0.02466663484188409,0.023007711498246073,0.3479906586244188,0.03092683959082831,0.02001845226679773,0.01742858559223308,0.03551605470782972,0.02009150109157175,0.00390904056637678,0.03876040447590155,-0.01398186734787482,0.021386718315713305,-0.14945397500863267,0.03819867157746929,0.015429796538559706,0.4241937189558748,0.5475479260894568,-0.12683778648276214,-0.2558180256330235,0.09170741490636987,0.8086234212751426,1.0,0.4241937189558746,0.5532936738122902,0.547547926089455,-0.006600152364202268,0.0930956830407195,0.015429796538559686,-0.028118595389263062,0.02300771149824607,-0.016030105841075348,0.27645560117982854,0.3479906586244188,-0.10867618279939378,-0.07370494598560032,0.21699174037399904,-0.01398186734787482,-0.06808159338302142,,,,,,,,,0.27645560117982854,0.276455601179828,0.2764556011798286,-0.06226031634807676,0.2764556011798286,0.3479906586244188,0.3479906586244186,0.347990658624418,0.347990658624418
price_zscore,-0.012168091277024293,,-0.0034377769083670656,0.03924163648019299,0.025813868656667596,,0.03888655667485491,-0.05403712122158493,0.4786835108483845,0.4685524817654851,0.4686586437492988,0.4507630552011213,-0.13028504203098254,-0.025122720517003483,-0.13124799724685732,-0.12735070306431526,-0.03284279647372953,0.005865325125759158,-0.1307058972565992,-0.018391258572770307,,0.07907254872457299,0.05736463978565977,0.03634418562202938,0.03037573205454606,-0.044369757836333845,-0.016176716994837886,0.004026915692172542,0.03502210964576428,-0.028090499950786833,-0.08741934695440753,0.39541450136038087,0.07405780188720411,0.06004420420632775,0.05484219187246071,0.03824180888606536,0.04617573632366887,0.059171647011891385,0.053544273118687154,-0.02623116643185368,-0.002205813732350032,-0.05682637371621592,-0.08521400885987358,-0.030504996722198533,0.9999999999999944,0.768619863292831,0.5875627213672994,0.44803343059888284,0.017572536976998274,0.43638310107922057,0.4241937189558746,1.0,0.6286373346164256,0.7686198632928339,-0.0443697578363345,0.015472061711577978,-0.03050499672219852,-0.030375732054546082,-0.08741934695440698,-0.06481319228434201,0.580592133807867,0.39541450136038087,0.3200997345905233,0.3701501727280055,0.29146852012082275,-0.0262311664318537,-0.04428767470118446,,,,,,,,,0.580592133807867,0.5805921338078671,0.5805921338078653,-0.08633467888223119,0.5805921338078653,0.395414501360381,0.39541450136038037,0.395414501360381,0.395414501360381
price_percentile,0.052054334115304954,,0.010869776840789441,0.051331012328040264,0.04619694199486329,,0.07525593893293187,-0.09852669738009377,0.6050743182216268,0.5224689923166602,0.6003747562434215,0.5111116790624372,-0.22004019455920004,-0.026917771164465126,-0.22213843281707416,-0.21399846177674695,-0.01990604980620827,0.023277719596365886,-0.22182595962702037,-0.0057232209058740895,,0.05704890091487478,0.02550129864200548,-0.0005758328275621902,-0.0065630219767908995,-0.042667213849608004,0.05537583749736114,0.07675057451828421,-0.0027907342733626784,0.017535914250297064,-0.04560142240491065,0.4225337173204416,0.11419013770223349,0.08866467265510053,0.12265173523712818,0.05100079784375725,0.06857480229041518,0.08730487928098617,0.08814643326610817,-0.023241531244000642,0.03280723616699614,-0.13658968748002875,-0.17383453333885343,0.04349504413949925,0.6286373346164239,0.9476889981996343,0.2934711545571203,0.42572369825583045,0.06947781984681915,0.6478176669165908,0.5532936738122902,0.6286373346164256,1.0,0.9476889981996305,-0.04266721384960815,0.06812520229995737,0.04349504413949926,0.006563021976790967,-0.045601422404910254,-0.04827177696904526,0.45496066920715655,0.42253371732044154,0.209893720680592,0.2506006311835075,0.39045359353001696,-0.023241531244000635,-0.10449841002754656,,,,,,,,,0.45496066920715655,0.45496066920715844,0.45496066920715794,-0.16601728141973182,0.45496066920715794,0.4225337173204418,0.4225337173204417,0.4225337173204421,0.4225337173204421
log_price_zscore,0.015793271261541935,,0.007418265116738106,0.048194780931648494,0.041201800678931234,,0.07632116364670478,-0.09507998475525985,0.619294969580838,0.5372544051926719,0.6008274593967188,0.5274690130631777,-0.20859818720914822,-0.019310523579975515,-0.21058858888641363,-0.20441772559230745,-0.011887413738130934,0.03356133839333799,-0.2113804865373502,0.004333286719917208,,0.049251115992306076,0.020406880666703573,-0.004573140585343761,-0.0062380436808256575,-0.0331850075639812,0.04908831512800154,0.07165176511588003,-0.0067091878740683205,0.01668323895601832,-0.04373852664764908,0.4578902388874792,0.12210198419522833,0.09599476709513982,0.12799733782519107,0.06004236148298423,0.07592326699167495,0.09530702459787205,0.08921646812487216,-0.043021814526100426,0.026763444958347236,-0.15491868762702446,-0.26846284284134575,0.031280739643797836,0.7686198632928348,1.0000000000000036,0.38762369341984637,0.48498672749233745,0.07533062778027842,0.6525894602671858,0.547547926089455,0.7686198632928339,0.9476889981996305,1.0,-0.03318500756398142,0.07273414179886203,0.03128073964379779,0.006238043680825681,-0.04373852664764902,-0.0498612669743482,0.5167817175615117,0.4578902388874792,0.2507172388017175,0.2953539284256849,0.4160162103786562,-0.043021814526100426,-0.12031484268303208,,,,,,,,,0.5167817175615117,0.5167817175615114,0.51678171756151,-0.2222267373080279,0.51678171756151,0.4578902388874793,0.4578902388874811,0.4578902388874815,0.4578902388874815
reviews_zscore,-0.4213093750645248,,-0.14124875777185344,-0.0691365147713029,-0.06382510919520884,,0.06781021274642146,-0.02227094616899961,-0.021352590832554245,-0.1045383930338247,-0.11205546916700353,-0.010040908510646802,-0.22766080124622243,-0.019596028851896402,-0.23495969256282148,-0.22081059587440371,0.17821563828265213,0.19853604863708282,-0.2309727587800441,0.18564363214917642,,-0.01627702040187503,0.010442035521820435,0.02617396126814017,-0.017134158926446437,1.0000000000000033,0.6435786208463976,0.4698311002612417,0.025062457266048003,0.7262364732018008,0.4800768821840567,0.29591760959725516,0.06659856353048567,0.07792266957322815,0.09521964519564416,0.055888538726532246,0.06554301424690347,0.05680099219865966,0.10547466266735935,-0.10860746030505602,-0.09318835872407047,-0.07490138147898248,0.005331182377693676,0.660953330789804,-0.04436975783633382,-0.03318500756398253,-0.03623692124568046,-0.032322190606249336,0.7063065614886267,-0.010366171331856097,-0.006600152364202268,-0.0443697578363345,-0.04266721384960815,-0.03318500756398142,1.0,0.7048784507014633,0.6609533307897997,0.01713415892644433,0.4800768821840564,0.4647132924181924,-0.01788447631440619,0.2959176095972552,0.008418635274637539,0.03587626757572547,0.05021436098011013,-0.10860746030505601,-0.1226846166398325,,,,,,,,,-0.01788447631440618,-0.017884476314406296,-0.017884476314405824,-0.06583014306683953,-0.017884476314405824,0.29591760959725505,0.29591760959725544,0.2959176095972554,0.2959176095972554
reviews_percentile,-0.5452974142757645,,-0.15919615976472243,-0.0815271388691867,-0.07627876319715311,,0.10036874643767801,-0.05686109176468382,0.07065149479241262,-0.0626484748684368,-0.041454712788409113,0.07982204220666084,-0.368025896955174,0.00024357828749929552,-0.381357069800712,-0.35489249173538023,0.24532321477371596,0.2771349989630354,-0.37347102736615345,0.255316961694592,,-0.07670419437837418,-0.03911719496396259,-0.027294819255368474,-0.09174055369450955,0.7048784507014647,0.5862017487987815,0.4779722071916799,-0.029317096706676336,0.6340930136656183,0.650484063830482,0.48783755003169205,0.1305677023215,0.13987373982044113,0.16845325909824435,0.10764502661775181,0.13430824980596742,0.08551641860443715,0.18046611958751022,-0.13863951362992652,-0.11007248491108546,-0.1206436164882902,-0.013550093941416222,0.6091471998405164,0.015472061711578285,0.0727341417988601,-0.04130639431667178,-0.021350290690639352,0.9958071417762561,0.08557590549734773,0.0930956830407195,0.015472061711577978,0.06812520229995737,0.07273414179886203,0.7048784507014633,1.0,0.6091471998405132,0.09174055369450715,0.6504840638304811,0.45297017012359,0.07380590468192098,0.48783755003169216,0.06182740606501077,0.1000877409073182,0.15707967911820936,-0.13863951362992646,-0.1468989834955682,,,,,,,,,0.07380590468192098,0.07380590468192083,0.07380590468192139,-0.13400408173508274,0.07380590468192139,0.487837550031692,0.487837550031693,0.4878375500316927,0.4878375500316927
reviews_per_month_zscore,0.06136522208457619,,0.03850629692737705,-0.06355095303806586,-0.057042946188436035,,0.06892655728465993,-0.02853096590582415,0.01862412502892864,-0.09333013493465749,-0.08992742920539501,-0.0026912744763708464,-0.34186290485305315,-0.080349917755387,-0.3515174801762348,-0.3256397336139641,0.047832773785610475,0.09283423054467692,-0.345752806131661,0.05767970087179438,,0.04865435836327044,0.07802332348169308,0.08966654523025283,0.026011748694844475,0.6609533307898037,0.8762274490380509,0.7102100435754597,0.08758104522956923,0.7892353160962005,0.5574136086933855,0.3664434452437349,0.10360076095751469,0.10289496091469266,0.1409646490200856,0.05155861453048237,0.08478411247178322,0.05948925263637164,0.15069198903238265,-0.10975780547335293,-0.08668168332082575,-0.09131503114724639,-0.025833830133646877,0.9999999999999983,-0.0305049967221986,0.03128073964379854,-0.0431641213735619,-0.028822382852289483,0.6198206898613651,0.050016566649345215,0.015429796538559686,-0.03050499672219852,0.04349504413949926,0.03128073964379779,0.6609533307897997,0.6091471998405132,1.0,-0.026011748694844367,0.5574136086933872,0.5357841188242921,-0.018671489445014372,0.36644344524373496,-0.010633896873597741,0.03930261860769482,0.05420874282900303,-0.1097578054733529,-0.17560548020893663,,,,,,,,,-0.018671489445014382,-0.018671489445014403,-0.018671489445014497,-0.10245672642826864,-0.018671489445014497,0.36644344524373496,0.366443445243735,0.3664434452437362,0.3664434452437362
occupancy_rate,-0.08405371169284348,,-0.0938960070439378,-0.048419066131751634,-0.04094211449451362,,0.02973008410259524,-0.03246073619428251,-0.030779805796301525,-0.026703543197601477,0.023249590960978082,-0.04546089496266086,-0.06415423532433809,-0.14667602371490648,-0.07172909379983866,-0.06454544217743784,-0.06517453198847577,-0.09266386674792243,-0.07034844386032059,-0.06631088579478991,,-0.4362893328785014,-0.5453378939635193,-0.6027153054999871,-0.9999999999999993,0.017134158926444387,-0.014364871070939892,-0.0234034824903007,-0.6129701748681445,0.008044857572490181,-0.007760869065538297,0.017017205905008763,0.07581160184817191,0.06451033196791793,0.04913175194541078,0.07363010334678845,0.05771037827802551,0.04115039134823426,0.08860567441585958,-0.1253570330295276,-0.08312246808758043,-0.1365160134772179,-0.07975614602850857,-0.026011748694844426,-0.03037573205454602,0.006238043680825456,-0.02510106509532132,0.008690963808335032,0.09844399002212752,0.0039806219927334815,-0.028118595389263062,-0.030375732054546082,0.006563021976790967,0.006238043680825681,0.01713415892644433,0.09174055369450715,-0.026011748694844367,1.0,-0.007760869065538417,0.01615217669160583,0.6231967270460947,0.01701720590500877,0.6838731899182867,0.6770333330429423,0.7573295082617576,-0.12535703302952764,-0.12266363356343944,,,,,,,,,0.6231967270460947,0.6231967270460923,0.6231967270460926,-0.2149840731996964,0.6231967270460926,0.017017205905008756,0.017017205905008864,0.017017205905008787,0.017017205905008787
occupancy_rate_booked,-0.14824740940038592,,-0.02350898745362068,-0.062327151815407565,-0.06113346130385683,,0.06005548116953733,-0.07462461539338601,0.0024783993878018935,-0.11039665519031289,-0.08869020688375741,0.006255088749860299,-0.22136700766932776,-0.007269473137748262,-0.24230208007066514,-0.2240121857339781,0.1546057446139224,0.168350210178697,-0.23475905774860847,0.16261439375204864,,-0.09103080609156768,-0.030820914769564143,0.004552427804633334,0.00776086906553778,0.4800768821840568,0.6493180166458417,0.5324499032237707,0.005124530526120909,0.5891257985267622,1.0000000000000016,0.6491417183676863,0.10846472142797728,0.10844236065063488,0.10703895766222661,0.06510830418267914,0.09537103759040608,0.045398342489434584,0.12365801712140378,-0.09019308120815858,-0.06323941296630307,-0.10006790180630647,-0.027364731435665948,0.5574136086933894,-0.0874193469544066,-0.04373852664765003,-0.10026037881155522,-0.09318488085054587,0.655677601161129,0.02082411996121784,0.02300771149824607,-0.08741934695440698,-0.045601422404910254,-0.04373852664764902,0.4800768821840564,0.6504840638304811,0.5574136086933872,-0.007760869065538417,1.0,0.6904470848308186,-0.030839747737534555,0.6491417183676864,-0.017025176101693757,0.0154949467351246,0.07957084581729551,-0.09019308120815861,-0.11322694982111879,,,,,,,,,-0.03083974773753454,-0.030839747737534652,-0.03083974773753415,-0.1244168987061375,-0.03083974773753415,0.6491417183676865,0.6491417183676884,0.6491417183676881,0.6491417183676881
occupancy_is_capped,-0.09295317724912433,,-0.010011201618625483,-0.049181117179862066,-0.04421070654153029,,0.06370033383263471,-0.01747783870396221,-0.02697469623672037,-0.0995308083827467,-0.09263337811807792,-0.026677279696779847,-0.08999950250967514,-0.022740580647792462,-0.11332078981214713,-0.10545995194891185,0.07553228077599818,0.09163515858617283,-0.10916898871199966,0.08179049414141103,,-0.028430903045425827,-0.00574623249970408,0.009422679588022424,-0.016152176691606266,0.4647132924181954,0.6212439369581909,0.46315253836609155,0.009207889606770209,0.5833979419594831,0.6904470848308163,0.41819885392577066,0.06559818989573128,0.064388711129727,0.07231594638191151,0.026969234684821805,0.0466665846743953,0.03007299225802879,0.08442190343773794,-0.08317383908069918,-0.07276606693271066,-0.04989894426695216,0.0012952660717284541,0.5357841188242922,-0.06481319228434199,-0.04986126697434915,-0.049570493749144344,-0.05387728983566405,0.4475064071248323,-0.011048378301098182,-0.016030105841075348,-0.06481319228434201,-0.04827177696904526,-0.0498612669743482,0.4647132924181924,0.45297017012359,0.5357841188242921,0.01615217669160583,0.6904470848308186,1.0,-0.027737807442896112,0.41819885392577066,-0.009006643052909562,0.024505142759156627,0.03922037941446305,-0.0831738390806992,-0.10470443699571895,,,,,,,,,-0.0277378074428961,-0.027737807442895984,-0.02773780744289586,-0.0608900856257382,-0.02773780744289586,0.4181988539257706,0.4181988539257691,0.41819885392577055,0.41819885392577055
est_annual_revenue,-0.027641223230646494,,-0.05106881222054135,-0.023159568279090596,-0.029149445401701092,,0.012963257759411588,-0.045276073487078086,0.30596144637920863,0.3336010578063435,0.3357442578557969,0.2674866870577569,-0.16470258893719134,-0.12885462068146836,-0.16581152324565215,-0.1598644373938565,-0.07075515363151433,-0.05684769478198802,-0.1651386648136689,-0.05727141165150505,,-0.16064416625444278,-0.2357058593490102,-0.2866866068512813,-0.6231967270460956,-0.017884476314405994,0.004327594216537242,0.03343298083628313,-0.2943383156392086,-0.0019956286654096633,-0.030839747737534458,0.2659624104533322,0.08966284885497296,0.0708009783511653,0.07331362139896859,0.07056913321739294,0.07058040536057375,0.06235657681904882,0.08338424403218693,-0.0856980983448158,-0.05553610731612224,-0.0900681779226917,-0.07584688718920708,-0.01867148944501443,0.5805921338078655,0.516781717561512,0.30965228841370196,0.2874519591863399,0.0800503240462221,0.30534462186731115,0.27645560117982854,0.580592133807867,0.45496066920715655,0.5167817175615117,-0.01788447631440619,0.07380590468192098,-0.018671489445014372,0.6231967270460947,-0.030839747737534555,-0.027737807442896112,1.0,0.26596241045333213,0.727696447362198,0.7604683294107769,0.687477055814844,-0.0856980983448158,-0.1030332698416305,,,,,,,,,1.0,1.000000000000003,1.0000000000000058,-0.13878529138828885,1.0000000000000058,0.26596241045333224,0.2659624104533341,0.2659624104533324,0.2659624104533324
est_annual_revenue_booked,-0.0852649526330132,,-0.017218029092438795,-0.0025266064294251146,-0.01545792650516717,,0.08163004474948106,-0.09277090904673595,0.3882803168710318,0.2766836094413206,0.3150489342798372,0.3624548498213907,-0.2689789788012112,-0.008959386412006923,-0.2781120593337866,-0.26055640426667365,0.09102037663591422,0.13608021689941888,-0.2717153833716898,0.10761077954893937,,-0.04275832076857083,-0.024152022457241813,-0.019161258714964498,-0.01701720590500873,0.29591760959725427,0.4672557533260896,0.4109089423869231,-0.019778031545715235,0.39696113636026453,0.6491417183676856,1.0,0.11478073310744945,0.10269236545701907,0.11375130354313888,0.061336414276766775,0.08001434918841457,0.06212406258696274,0.10929547856262585,-0.07126627377990814,-0.03691448748596388,-0.10380985599267271,-0.07656298368497852,0.3664434452437342,0.39541450136038125,0.45789023888748026,0.0852771644423501,0.1459354038331619,0.49042705679218634,0.36478023951062566,0.3479906586244188,0.39541450136038087,0.42253371732044154,0.4578902388874792,0.2959176095972552,0.48783755003169216,0.36644344524373496,0.01701720590500877,0.6491417183676864,0.41819885392577066,0.26596241045333213,1.0,0.07409055025398238,0.12198052987334958,0.24012477429971502,-0.07126627377990813,-0.10516106180143495,,,,,,,,,0.2659624104533322,0.2659624104533337,0.2659624104533319,-0.11200264019043059,0.2659624104533319,1.0,0.9999999999999991,0.9999999999999991,0.9999999999999991
revenue_per_accommodates,-0.05640797549092115,,-0.033239952460767,-0.05949216395497925,-0.06144590397888601,,0.01596494399274892,-0.05701952400929263,-0.13674738059446434,-0.01321295653224046,-0.0713867830375409,-0.10503420781792226,-0.11790832220519737,-0.14495626508346157,-0.11800795508746817,-0.11282421435698065,-0.10166215247620008,-0.07509077913592581,-0.11860891915798945,-0.08238657903296576,,-0.18074382171152067,-0.24470415095285591,-0.2848240877592617,-0.6838731899182897,0.008418635274637461,0.01116536572036334,0.04935933592504657,-0.29414685098956417,0.0024291215244724843,-0.017025176101693476,0.07409055025398238,0.08011993305716313,0.07159341552787564,0.07070977049765147,0.052194694478886576,0.05553259385028218,0.07832338125552611,0.07491562621644834,-0.09386541196777065,-0.0765212154351568,-0.04695047071217683,-0.07051483403249374,-0.010633896873597788,0.3200997345905227,0.2507172388017171,0.5208254984829154,0.4711579073052002,0.06805691816110804,-0.13925677107152,-0.10867618279939378,0.3200997345905233,0.209893720680592,0.2507172388017175,0.008418635274637539,0.06182740606501077,-0.010633896873597741,0.6838731899182867,-0.017025176101693757,-0.009006643052909562,0.727696447362198,0.07409055025398238,1.0,0.9306859455135001,0.6190425622946161,-0.09386541196777062,-0.08799852540871489,,,,,,,,,0.7276964473621979,0.7276964473621976,0.7276964473621965,-0.14824000988678873,0.7276964473621965,0.07409055025398247,0.07409055025398267,0.07409055025398274,0.07409055025398274
revenue_per_bedroom,-0.05043897317268587,,-0.0363207269037439,-0.05312589119410023,-0.05619859886714901,,0.02930050571329694,-0.07495919261962919,-0.06554590088504218,-0.023885868573749355,-0.10785689766147749,-0.07398608651467596,-0.14969836962127409,-0.1386363208296729,-0.1490283249501954,-0.14420879695674005,-0.08312037311905165,-0.053651640469873814,-0.15054915387796558,-0.0630371660726866,,-0.18257149969891548,-0.24325395366567157,-0.28358713160582344,-0.6770333330429429,0.03587626757572554,0.05384573050784716,0.08618734072313755,-0.29242184265809507,0.04314581677142407,0.01549494673512472,0.12198052987334958,0.08070792385392998,0.07349043714424332,0.07152285106978176,0.04735985022114968,0.059526840657698206,0.07568659017047626,0.07687356590996136,-0.09855791429497111,-0.07485174309008097,-0.06665433550297858,-0.07726209728569593,0.03930261860769477,0.3701501727280054,0.2953539284256844,0.48222351837680316,0.4090843954392011,0.1054426836528716,-0.03747978852151216,-0.07370494598560032,0.3701501727280055,0.2506006311835075,0.2953539284256849,0.03587626757572547,0.1000877409073182,0.03930261860769482,0.6770333330429423,0.0154949467351246,0.024505142759156627,0.7604683294107769,0.12198052987334958,0.9306859455135001,1.0,0.635643608089655,-0.09855791429497111,-0.1112948647276634,,,,,,,,,0.7604683294107769,0.7604683294107779,0.7604683294107777,-0.15036950335786045,0.7604683294107777,0.12198052987334963,0.12198052987334963,0.1219805298733497,0.1219805298733497
log_est_revenue,-0.05113036864812962,,-0.06646414277598955,-0.040266114426758585,-0.04338121999351287,,0.04087085052130914,-0.06405750158617855,0.24467234366721044,0.18954770761635933,0.24770246043609498,0.19962085128487583,-0.19495165127973935,-0.12644228832118168,-0.1991872925183175,-0.18837133907005538,-0.017865445551792408,-0.012952277919237387,-0.19645227091377832,-0.007791725335618412,,-0.33829350871426855,-0.40735788115160393,-0.43957315551461607,-0.7573295082617568,0.05021436098011018,0.07864079322341265,0.10276598826261657,-0.4483021011660386,0.06182838560627109,0.07957084581729565,0.24012477429971502,0.13717491004244461,0.11347930100127984,0.12584836482760617,0.10800846495875724,0.10310362041275091,0.07436127724694887,0.12637800256438203,-0.10750993102547698,-0.06403554047963611,-0.12603116480402854,-0.18116085515450941,0.054208742829002766,0.2914685201208235,0.4160162103786573,0.1427179848899855,0.18380842502892936,0.16405690770646478,0.2868462593941455,0.21699174037399904,0.29146852012082275,0.39045359353001696,0.4160162103786562,0.05021436098011013,0.15707967911820936,0.05420874282900303,0.7573295082617576,0.07957084581729551,0.03922037941446305,0.687477055814844,0.24012477429971502,0.6190425622946161,0.635643608089655,1.0,-0.10750993102547698,-0.13289484816799943,,,,,,,,,0.687477055814844,0.6874770558148459,0.6874770558148451,-0.5104900914106878,0.6874770558148451,0.24012477429971504,0.2401247742997152,0.24012477429971515,0.24012477429971515
host_listings_in_city,0.08932196260958333,,-0.039008920098072615,0.7954929395958081,0.760858709238706,,-0.0021670357044982175,-0.01806609241859972,-0.0116337770716588,0.017373711290084734,-0.02054151395991944,-0.00878594610239836,0.015173646986006943,0.24335319834387414,0.019855749369423217,0.018631965034963133,0.08228420874360584,0.1536850344157504,0.01917640079861985,0.09118876427892388,,-0.03589081138475776,-0.021483804540649534,-0.009150458725842624,0.12535703302952844,-0.10860746030505647,-0.06205898506283756,-0.08436467137491878,-0.007205756332770185,-0.07348159051950245,-0.09019308120815803,-0.07126627377990813,-0.14589575763592144,-0.12287248597732595,-0.10757730383635629,-0.13956480728427814,-0.1819528008891541,-0.05850661211627222,-0.17418226781646973,1.0,0.956706943184749,0.26754363692467376,0.0880843508444554,-0.10975780547335294,-0.026231166431853407,-0.04302181452610087,-0.01174509190276537,-0.02609586418355963,-0.1327220112532238,-0.01790473420903381,-0.01398186734787482,-0.0262311664318537,-0.023241531244000635,-0.043021814526100426,-0.10860746030505601,-0.13863951362992646,-0.1097578054733529,-0.12535703302952764,-0.09019308120815861,-0.0831738390806992,-0.0856980983448158,-0.07126627377990813,-0.09386541196777062,-0.09855791429497111,-0.10750993102547698,1.0,0.4551575176660436,,,,,,,,,-0.0856980983448158,-0.08569809834481552,-0.08569809834481555,0.027601161596315555,-0.08569809834481555,-0.0712662737799081,-0.07126627377990845,-0.07126627377990816,-0.07126627377990816
host_is_professional,0.014682886826774225,,0.014888364130112625,0.2382742125097813,0.20321620422809727,,-0.0007736872676748557,0.0065069224364398244,-0.07278819660918993,-0.037954577974459475,-0.06327922614497705,-0.03759383944049558,0.03723338795785972,0.16564528189607977,0.03558321743465716,0.03635883871526151,0.023704339131543985,0.09219932234878334,0.037671573640414166,0.03662720228742932,,0.02633851949162864,0.04012752079946792,0.05349161796022545,0.12266363356343962,-0.1226846166398326,-0.10489112837111285,-0.1470429363386628,0.05582015428678686,-0.10997150164417406,-0.11322694982111885,-0.10516106180143495,-0.1662685500161392,-0.1463014983092023,-0.12878542777094923,-0.14192564942371844,-0.14453888326452816,-0.09338883078667005,-0.18793684356392865,0.4551575176660436,0.3905462772892106,0.24889671678873823,0.12531509161241133,-0.175605480208937,-0.04428767470118462,-0.1203148426830323,0.017458155127457672,-0.010251936910902633,-0.14111538946432592,-0.12431549638066444,-0.06808159338302142,-0.04428767470118446,-0.10449841002754656,-0.12031484268303208,-0.1226846166398325,-0.1468989834955682,-0.17560548020893663,-0.12266363356343944,-0.11322694982111879,-0.10470443699571895,-0.1030332698416305,-0.10516106180143495,-0.08799852540871489,-0.1112948647276634,-0.13289484816799943,0.4551575176660436,1.0,,,,,,,,,-0.10303326984163055,-0.10303326984163046,-0.10303326984163066,0.0655496664254793,-0.10303326984163066,-0.10516106180143488,-0.10516106180143502,-0.1051610618014348,-0.1051610618014348
pct_professional_hosts,,,,,,,,,,,,,,,,,,,,,,,,,,,,,,,,,,,,,,,,,,,,,,,,,,,,,,,,,,,,,,,,,,,,,,,,,,,,,,,,,,,,
pct_large_operators,,,,,,,,,,,,,,,,,,,,,,,,,,,,,,,,,,,,,,,,,,,,,,,,,,,,,,,,,,,,,,,,,,,,,,,,,,,,,,,,,,,,
median_host_listings,,,,,,,,,,,,,,,,,,,,,,,,,,,,,,,,,,,,,,,,,,,,,,,,,,,,,,,,,,,,,,,,,,,,,,,,,,,,,,,,,,,,
gini_host_concentration,,,,,,,,,,,,,,,,,,,,,,,,,,,,,,,,,,,,,,,,,,,,,,,,,,,,,,,,,,,,,,,,,,,,,,,,,,,,,,,,,,,,
market_professionalization_score,,,,,,,,,,,,,,,,,,,,,,,,,,,,,,,,,,,,,,,,,,,,,,,,,,,,,,,,,,,,,,,,,,,,,,,,,,,,,,,,,,,,
purchase_price,,,,,,,,,,,,,,,,,,,,,,,,,,,,,,,,,,,,,,,,,,,,,,,,,,,,,,,,,,,,,,,,,,,,,,,,,,,,,,,,,,,,
monthly_payment,,,,,,,,,,,,,,,,,,,,,,,,,,,,,,,,,,,,,,,,,,,,,,,,,,,,,,,,,,,,,,,,,,,,,,,,,,,,,,,,,,,,
zori_rent,,,,,,,,,,,,,,,,,,,,,,,,,,,,,,,,,,,,,,,,,,,,,,,,,,,,,,,,,,,,,,,,,,,,,,,,,,,,,,,,,,,,
annual_cash_flow,-0.027641223230646494,,-0.05106881222054135,-0.023159568279090596,-0.029149445401701092,,0.012963257759411585,-0.045276073487078086,0.30596144637920863,0.3336010578063435,0.3357442578557969,0.2674866870577569,-0.16470258893719134,-0.12885462068146836,-0.16581152324565215,-0.1598644373938565,-0.07075515363151433,-0.05684769478198802,-0.1651386648136689,-0.05727141165150505,,-0.16064416625444278,-0.2357058593490102,-0.2866866068512813,-0.6231967270460956,-0.017884476314405984,0.004327594216537248,0.03343298083628313,-0.2943383156392086,-0.0019956286654096633,-0.030839747737534458,0.2659624104533322,0.08966284885497296,0.0708009783511653,0.07331362139896858,0.07056913321739297,0.07058040536057375,0.0623565768190488,0.08338424403218693,-0.0856980983448158,-0.05553610731612224,-0.09006817792269169,-0.07584688718920708,-0.018671489445014438,0.5805921338078655,0.516781717561512,0.30965228841370196,0.2874519591863399,0.0800503240462221,0.30534462186731115,0.27645560117982854,0.580592133807867,0.45496066920715655,0.5167817175615117,-0.01788447631440618,0.07380590468192098,-0.018671489445014382,0.6231967270460947,-0.03083974773753454,-0.0277378074428961,1.0,0.2659624104533322,0.7276964473621979,0.7604683294107769,0.687477055814844,-0.0856980983448158,-0.10303326984163055,,,,,,,,,1.0,1.000000000000003,1.0000000000000058,-0.13878529138828882,1.0000000000000058,0.26596241045333224,0.2659624104533341,0.2659624104533324,0.2659624104533324
cash_on_cash_roi,-0.02764122323064598,,-0.05106881222054099,-0.023159568279090513,-0.029149445401701102,,0.012963257759411593,-0.045276073487078246,0.3059614463792084,0.33360105780634447,0.3357442578557974,0.26748668705775747,-0.16470258893719086,-0.12885462068146852,-0.16581152324565254,-0.15986443739385642,-0.07075515363151427,-0.05684769478198805,-0.16513866481366826,-0.057271411651505004,,-0.1606441662544423,-0.2357058593490097,-0.28668660685128117,-0.6231967270460935,-0.01788447631440617,0.004327594216537282,0.033432980836283106,-0.2943383156392073,-0.0019956286654096915,-0.030839747737534614,0.2659624104533337,0.08966284885497312,0.07080097835116538,0.0733136213989687,0.07056913321739292,0.07058040536057375,0.06235657681904898,0.08338424403218707,-0.08569809834481552,-0.055536107316121915,-0.09006817792269145,-0.07584688718920725,-0.0186714894450144,0.5805921338078666,0.5167817175615109,0.3096522884137014,0.2874519591863395,0.08005032404622164,0.3053446218673108,0.276455601179828,0.5805921338078671,0.45496066920715844,0.5167817175615114,-0.017884476314406296,0.07380590468192083,-0.018671489445014403,0.6231967270460923,-0.030839747737534652,-0.027737807442895984,1.000000000000003,0.2659624104533337,0.7276964473621976,0.7604683294107779,0.6874770558148459,-0.08569809834481552,-0.10303326984163046,,,,,,,,,1.000000000000003,1.0,1.0000000000000013,-0.13878529138828838,1.0000000000000013,0.2659624104533337,0.26596241045333197,0.26596241045333247,0.26596241045333247
cap_rate,-0.02764122323064703,,-0.05106881222054129,-0.023159568279090503,-0.029149445401701037,,0.012963257759411605,-0.04527607348707808,0.30596144637920775,0.3336010578063438,0.3357442578557973,0.26748668705775785,-0.16470258893719072,-0.1288546206814685,-0.16581152324565301,-0.15986443739385667,-0.07075515363151452,-0.056847694781988596,-0.1651386648136688,-0.057271411651504824,,-0.16064416625444258,-0.2357058593490096,-0.2866866068512815,-0.6231967270460927,-0.01788447631440579,0.004327594216537346,0.03343298083628308,-0.2943383156392076,-0.0019956286654095315,-0.030839747737534312,0.2659624104533319,0.08966284885497315,0.0708009783511655,0.0733136213989686,0.07056913321739283,0.07058040536057407,0.062356576819049,0.08338424403218678,-0.08569809834481555,-0.05553610731612208,-0.09006817792269142,-0.07584688718920726,-0.018671489445014487,0.5805921338078638,0.5167817175615098,0.3096522884137007,0.2874519591863395,0.08005032404622214,0.30534462186731054,0.2764556011798286,0.5805921338078653,0.45496066920715794,0.51678171756151,-0.017884476314405824,0.07380590468192139,-0.018671489445014497,0.6231967270460926,-0.03083974773753415,-0.02773780744289586,1.0000000000000058,0.2659624104533319,0.7276964473621965,0.7604683294107777,0.6874770558148451,-0.08569809834481555,-0.10303326984163066,,,,,,,,,1.0000000000000058,1.0000000000000013,1.0,-0.138785291388288,1.0,0.265962410453332,0.26596241045333224,0.2659624104533317,0.2659624104533317
price_to_rent_ratio,0.05096783674632529,,0.010949753199835984,0.0019974549481220714,0.0031190346390259243,,-0.07635362330864162,0.04856796169287328,-0.10795376448627346,-0.0251219270644412,-0.08167709815203023,-0.0580608660358032,0.11437864714840044,0.018566813869975624,0.11730940333390716,0.10900943937110197,-0.03893342058223355,-0.04471784964789732,0.11366048235804521,-0.04265982660432073,,0.252064656964451,0.22453364009641597,0.20491476151121116,0.21498407319969629,-0.06583014306683956,-0.08840533770188162,-0.08900805585674165,0.20583953985076017,-0.0777167476085131,-0.12441689870613773,-0.11200264019043059,-0.11602443739623376,-0.10755006209969735,-0.11653019127852657,-0.09243053659471341,-0.1079608064003606,-0.06406342375024243,-0.09353663469255823,0.027601161596315555,-0.018861363553736292,0.06704852092804833,0.36528398971011056,-0.1024567264282686,-0.0863346788822315,-0.22222673730802753,-0.03957318244524481,-0.08514884984033509,-0.14053622762409665,-0.1643206071161574,-0.06226031634807676,-0.08633467888223119,-0.16601728141973182,-0.2222267373080279,-0.06583014306683953,-0.13400408173508274,-0.10245672642826864,-0.2149840731996964,-0.1244168987061375,-0.0608900856257382,-0.13878529138828885,-0.11200264019043059,-0.14824000988678873,-0.15036950335786045,-0.5104900914106878,0.027601161596315555,0.0655496664254793,,,,,,,,,-0.13878529138828882,-0.13878529138828838,-0.138785291388288,1.0,-0.138785291388288,-0.11200264019043059,-0.11200264019043081,-0.11200264019043094,-0.11200264019043094
revenue_yield,-0.02764122323064703,,-0.05106881222054129,-0.023159568279090503,-0.029149445401701037,,0.012963257759411605,-0.04527607348707808,0.30596144637920775,0.3336010578063438,0.3357442578557973,0.26748668705775785,-0.16470258893719072,-0.1288546206814685,-0.16581152324565301,-0.15986443739385667,-0.07075515363151452,-0.056847694781988596,-0.1651386648136688,-0.057271411651504824,,-0.16064416625444258,-0.2357058593490096,-0.2866866068512815,-0.6231967270460927,-0.01788447631440579,0.004327594216537346,0.03343298083628308,-0.2943383156392076,-0.0019956286654095315,-0.030839747737534312,0.2659624104533319,0.08966284885497315,0.0708009783511655,0.0733136213989686,0.07056913321739283,0.07058040536057407,0.062356576819049,0.08338424403218678,-0.08569809834481555,-0.05553610731612208,-0.09006817792269142,-0.07584688718920726,-0.018671489445014487,0.5805921338078638,0.5167817175615098,0.3096522884137007,0.2874519591863395,0.08005032404622214,0.30534462186731054,0.2764556011798286,0.5805921338078653,0.45496066920715794,0.51678171756151,-0.017884476314405824,0.07380590468192139,-0.018671489445014497,0.6231967270460926,-0.03083974773753415,-0.02773780744289586,1.0000000000000058,0.2659624104533319,0.7276964473621965,0.7604683294107777,0.6874770558148451,-0.08569809834481555,-0.10303326984163066,,,,,,,,,1.0000000000000058,1.0000000000000013,1.0,-0.138785291388288,1.0,0.265962410453332,0.26596241045333224,0.2659624104533317,0.2659624104533317
annual_cash_flow_booked,-0.08526495263301295,,-0.01721802909243867,-0.0025266064294251025,-0.01545792650516717,,0.08163004474948106,-0.09277090904673588,0.3882803168710318,0.2766836094413206,0.3150489342798372,0.3624548498213908,-0.26897897880121113,-0.00895938641200698,-0.2781120593337866,-0.26055640426667365,0.09102037663591425,0.13608021689941888,-0.27171538337169,0.10761077954893927,,-0.04275832076857087,-0.024152022457241778,-0.019161258714964494,-0.017017205905008718,0.2959176095972543,0.46725575332608976,0.4109089423869232,-0.019778031545715235,0.3969611363602646,0.6491417183676857,1.0,0.1147807331074494,0.1026923654570191,0.11375130354313888,0.06133641427676676,0.08001434918841455,0.06212406258696272,0.10929547856262585,-0.0712662737799081,-0.036914487485963876,-0.10380985599267266,-0.07656298368497852,0.3664434452437342,0.3954145013603813,0.45789023888748026,0.08527716444235009,0.1459354038331619,0.4904270567921861,0.36478023951062566,0.3479906586244188,0.395414501360381,0.4225337173204418,0.4578902388874793,0.29591760959725505,0.487837550031692,0.36644344524373496,0.017017205905008756,0.6491417183676865,0.4181988539257706,0.26596241045333224,1.0,0.07409055025398247,0.12198052987334963,0.24012477429971504,-0.0712662737799081,-0.10516106180143488,,,,,,,,,0.26596241045333224,0.2659624104533337,0.265962410453332,-0.11200264019043059,0.265962410453332,1.0,0.9999999999999991,0.9999999999999992,0.9999999999999992
cash_on_cash_roi_booked,-0.08526495263301408,,-0.017218029092438834,-0.0025266064294249247,-0.0154579265051671,,0.0816300447494814,-0.09277090904673581,0.38828031687103237,0.2766836094413207,0.31504893427983743,0.3624548498213907,-0.26897897880121324,-0.008959386412006711,-0.2781120593337866,-0.2605564042666757,0.09102037663591431,0.13608021689941935,-0.2717153833716902,0.10761077954893972,,-0.04275832076857099,-0.02415202245724196,-0.019161258714964623,-0.017017205905008846,0.2959176095972534,0.46725575332608854,0.4109089423869232,-0.019778031545715353,0.3969611363602619,0.6491417183676866,0.9999999999999991,0.11478073310744953,0.10269236545701906,0.11375130354313852,0.06133641427676669,0.08001434918841462,0.06212406258696282,0.1092954785626256,-0.07126627377990845,-0.03691448748596369,-0.1038098559926725,-0.0765629836849789,0.36644344524373473,0.39541450136037953,0.45789023888748076,0.08527716444235003,0.1459354038331618,0.49042705679218684,0.36478023951062516,0.3479906586244186,0.39541450136038037,0.4225337173204417,0.4578902388874811,0.29591760959725544,0.487837550031693,0.366443445243735,0.017017205905008864,0.6491417183676884,0.4181988539257691,0.2659624104533341,0.9999999999999991,0.07409055025398267,0.12198052987334963,0.2401247742997152,-0.07126627377990845,-0.10516106180143502,,,,,,,,,0.2659624104533341,0.26596241045333197,0.26596241045333224,-0.11200264019043081,0.26596241045333224,0.9999999999999991,1.0,1.0,1.0
cap_rate_booked,-0.08526495263301309,,-0.017218029092438553,-0.0025266064294249433,-0.015457926505167018,,0.08163004474948118,-0.09277090904673617,0.3882803168710322,0.2766836094413208,0.31504893427983816,0.3624548498213903,-0.2689789788012119,-0.008959386412006784,-0.27811205933378697,-0.26055640426667426,0.09102037663591374,0.13608021689941793,-0.27171538337169027,0.10761077954893924,,-0.04275832076857087,-0.0241520224572419,-0.019161258714964626,-0.017017205905008773,0.2959176095972542,0.4672557533260893,0.41090894238692327,-0.019778031545715336,0.39696113636026287,0.649141718367689,0.9999999999999991,0.11478073310744968,0.10269236545701908,0.11375130354313884,0.061336414276766796,0.0800143491884148,0.06212406258696244,0.109295478562626,-0.07126627377990816,-0.03691448748596352,-0.10380985599267241,-0.0765629836849786,0.3664434452437341,0.39541450136038114,0.45789023888748037,0.08527716444235015,0.14593540383316206,0.4904270567921862,0.36478023951062527,0.347990658624418,0.395414501360381,0.4225337173204421,0.4578902388874815,0.2959176095972554,0.4878375500316927,0.3664434452437362,0.017017205905008787,0.6491417183676881,0.41819885392577055,0.2659624104533324,0.9999999999999991,0.07409055025398274,0.1219805298733497,0.24012477429971515,-0.07126627377990816,-0.1051610618014348,,,,,,,,,0.2659624104533324,0.26596241045333247,0.2659624104533317,-0.11200264019043094,0.2659624104533317,0.9999999999999992,1.0,1.0,1.0
revenue_yield_booked,-0.08526495263301309,,-0.017218029092438553,-0.0025266064294249433,-0.015457926505167018,,0.08163004474948118,-0.09277090904673617,0.3882803168710322,0.2766836094413208,0.31504893427983816,0.3624548498213903,-0.2689789788012119,-0.008959386412006784,-0.27811205933378697,-0.26055640426667426,0.09102037663591374,0.13608021689941793,-0.27171538337169027,0.10761077954893924,,-0.04275832076857087,-0.0241520224572419,-0.019161258714964626,-0.017017205905008773,0.2959176095972542,0.4672557533260893,0.41090894238692327,-0.019778031545715336,0.39696113636026287,0.649141718367689,0.9999999999999991,0.11478073310744968,0.10269236545701908,0.11375130354313884,0.061336414276766796,0.0800143491884148,0.06212406258696244,0.109295478562626,-0.07126627377990816,-0.03691448748596352,-0.10380985599267241,-0.0765629836849786,0.3664434452437341,0.39541450136038114,0.45789023888748037,0.08527716444235015,0.14593540383316206,0.4904270567921862,0.36478023951062527,0.347990658624418,0.395414501360381,0.4225337173204421,0.4578902388874815,0.2959176095972554,0.4878375500316927,0.3664434452437362,0.017017205905008787,0.6491417183676881,0.41819885392577055,0.2659624104533324,0.9999999999999991,0.07409055025398274,0.1219805298733497,0.24012477429971515,-0.07126627377990816,-0.1051610618014348,,,,,,,,,0.2659624104533324,0.26596241045333247,0.2659624104533317,-0.11200264019043094,0.2659624104533317,0.9999999999999992,1.0,1.0,1.0
