,id,scrape_id,host_id,host_listings_count,host_total_listings_count,neighbourhood_cleansed,neighbourhood_group_cleansed,latitude,longitude,accommodates,bathrooms,bedrooms,beds,minimum_nights,maximum_nights,minimum_minimum_nights,maximum_minimum_nights,minimum_maximum_nights,maximum_maximum_nights,minimum_nights_avg_ntm,maximum_nights_avg_ntm,calendar_updated,availability_30,availability_60,availability_90,availability_365,number_of_reviews,number_of_reviews_ltm,number_of_reviews_l30d,availability_eoy,number_of_reviews_ly,estimated_occupancy_l365d,estimated_revenue_l365d,review_scores_rating,review_scores_accuracy,review_scores_cleanliness,review_scores_checkin,review_scores_communication,review_scores_location,review_scores_value,license,calculated_host_listings_count,calculated_host_listings_count_entire_homes,calculated_host_listings_count_private_rooms,calculated_host_listings_count_shared_rooms,reviews_per_month,price_clean,log_price,price_per_accommodates,log_price_per_accommodates,log_reviews,log_accommodates,log_beds,price_zscore,price_percentile,log_price_zscore,reviews_zscore,reviews_percentile,reviews_per_month_zscore,occupancy_rate,occupancy_rate_booked,occupancy_is_capped,est_annual_revenue,est_annual_revenue_booked,revenue_per_accommodates,revenue_per_bedroom,log_est_revenue,host_listings_in_city,host_is_professional,pct_professional_hosts,pct_large_operators,median_host_listings,gini_host_concentration,market_professionalization_score,purchase_price,monthly_payment,zori_rent,annual_cash_flow,cash_on_cash_roi,cap_rate,price_to_rent_ratio,revenue_yield,annual_cash_flow_booked,cash_on_cash_roi_booked,cap_rate_booked,revenue_yield_booked
id,1.0,,0.36596265308998166,0.04148499278356568,0.03668568997887676,-0.046291734225926195,,-0.054522202629542015,-0.023493873360069032,0.16651452429029304,0.2108163982934125,0.19096257192025987,0.15224428246912255,0.013923424668368984,-0.129722554336241,0.023299284642349812,0.01992495696427861,-0.2702512991363806,-0.2561224828836388,0.023861918941342875,-0.26370058725070267,,-0.004106898643231673,-0.010374139573750336,-0.021725971620069794,0.0620787983231591,-0.4861596004442648,-0.1260546314178204,-0.030949471241597967,0.01623666493129292,-0.23003039414083384,-0.1609860799729282,0.012359240357798859,0.03076615298532915,-0.03457321788845963,0.010796384176835157,-0.06673339627112322,-0.004909499889803012,-0.02640768331435378,0.028789219182597074,,-0.06529755264798914,-0.06930783423075434,0.061575447744589756,0.012965440515494697,-0.11186870718227412,0.1367288241200129,0.16987873583045682,0.04249556302300007,0.03387765663015055,-0.6756992435163335,0.14170908752505917,0.12460298940239221,0.13672882412001247,0.15565860274817356,0.1698787358304448,-0.486159600444266,-0.6743252323799623,-0.11186870718227526,-0.06207879832315711,-0.16098607997292816,-0.08442857191585154,0.08333971500139069,0.012359240357798859,-0.004860325203727355,-0.021549433823495535,0.04267483641721654,-0.06529755264798914,0.036937106209912675,,,,,,,,,0.08333971500139047,0.08333971500139098,0.08333971500139116,-0.016239292319155395,0.08333971500139116,0.01235924035779759,0.012359240357798689,0.012359240357799409,0.012359240357799409
scrape_id,,,,,,,,,,,,,,,,,,,,,,,,,,,,,,,,,,,,,,,,,,,,,,,,,,,,,,,,,,,,,,,,,,,,,,,,,,,,,,,,,,,,,,
host_id,0.36596265308998166,,1.0,-0.014503561497427514,-0.013636399359434484,-0.07063926238139029,,-0.08156911194860197,-0.018469005548791176,0.12001097635378476,0.11696647300357323,0.08873117916542943,0.11038940101148968,-0.05295601362735539,-0.04668817072838527,-0.04741556298438089,-0.05673970099540353,-0.12739522002146306,-0.08677777184485304,-0.05781179734659778,-0.11202379916635219,,0.06370404774729566,0.0619504684541552,0.06196460484911149,0.09553417685142207,-0.23923188135444945,-0.06057428373352625,-0.032102450905007664,0.08613539848132185,-0.09235397022502628,-0.0780829970796513,0.00023373514761244397,-0.0014054425082201762,-0.038607556445466325,0.016970903730533612,-0.02976766213877688,-0.008893268764510928,-0.02352431890199963,-0.03664345627874489,,0.031960550744436295,0.024529161599799863,0.11100168844960301,0.02214114888062567,-0.05802427229186022,0.10692720792003821,0.174985231425386,0.0192064484196072,0.025385305226801835,-0.2604640991214299,0.1359598998453949,0.11568274584519944,0.10692720792003818,0.19617120992700765,0.17498523142538158,-0.23923188135444978,-0.2653741663439585,-0.05802427229186055,-0.09553417685142106,-0.07808299707965138,-0.043401650739903506,0.04968016303389983,0.00023373514761244397,-0.00911201721188806,-0.01788279075963441,0.029160236817527337,0.031960550744436295,0.07620195980783574,,,,,,,,,0.04968016303389965,0.04968016303389989,0.04968016303389994,-0.014460920928443833,0.04968016303389994,0.00023373514761212833,0.0002337351476124775,0.00023373514761281712,0.00023373514761281712
host_listings_count,0.04148499278356568,,-0.014503561497427514,1.0,0.9927375041344271,-0.04542981991394671,,-0.024673492443087676,0.05099509703421354,0.09468980520536693,0.08578006951642903,0.08949310234858343,0.07691535558487626,-0.02219990107262865,0.2157564883383365,-0.010935105941996662,-0.002242521543065851,0.05571654573130074,0.06652303106483315,-0.012988554389837852,0.05698244974400622,,0.0010477686520481081,-0.004381222959791451,-0.0034032314278917967,0.08738302135443242,-0.09417506390952098,-0.07366495699453474,-0.06898927796080723,0.020883830642663703,-0.07366870778282136,-0.08742186092098715,-0.03891967296513781,-0.08792332054634733,-0.08681083324321422,-0.07366581155312435,-0.0669886488773158,-0.14101910964352787,-0.08880392267504085,-0.1255394246624998,,0.27889831180140534,0.28104265123354233,-0.03865193039243493,-0.013718038858882694,-0.11202934578257719,0.016779984819897176,0.064006022425033,-0.04092196590117537,-0.06101461109316663,-0.06609902941380613,0.11817215746336461,0.1144018001296286,0.016779984819897197,0.07870360468584908,0.06400602242503255,-0.09417506390952088,-0.08755783721788873,-0.11202934578257691,-0.08738302135443247,-0.08742186092098735,-0.05533056857308838,-0.053198782815672765,-0.03891967296513781,-0.08597934550892371,-0.08335858304393123,-0.09204402986889215,0.27889831180140534,0.20014978017983595,,,,,,,,,-0.0531987828156728,-0.05319878281567263,-0.05319878281567265,0.000713935117698601,-0.05319878281567265,-0.038919672965137854,-0.038919672965137826,-0.03891967296513768,-0.03891967296513768
host_total_listings_count,0.03668568997887676,,-0.013636399359434484,0.9927375041344271,1.0,-0.048176649658704766,,-0.025373193679329883,0.04282457659129123,0.07802385656552219,0.06768566799007433,0.07466520917880125,0.06647501349511666,-0.01598994636633414,0.21766290095458612,-0.008138274152630905,-0.0010648772305517937,0.07998129430121337,0.08837166867795031,-0.010555456693188725,0.08112128602365111,,-0.01076417001374308,-0.01617213552769291,-0.015720365761298784,0.0664004339712568,-0.08390040399777862,-0.0675408204874741,-0.06313906877593792,0.005898728720509115,-0.06676848516140006,-0.07822285021727342,-0.03762143971293072,-0.07637357723868336,-0.07683793473834255,-0.06989568769682014,-0.05023151856407589,-0.1268098683245914,-0.08103648067900458,-0.10704783790357358,,0.20729016638943945,0.20948844000101452,-0.037796095706953504,-0.011993224208583302,-0.10108159208300083,0.010886901409838582,0.04829426376481255,-0.03970901769620662,-0.06046730500282609,-0.05914591955281217,0.09981825725215691,0.0999176612509963,0.010886901409838555,0.05906258786743149,0.04829426376481191,-0.08390040399777893,-0.07881232766446454,-0.10108159208300091,-0.0664004339712568,-0.07822285021727324,-0.04959963274752764,-0.04902962030173547,-0.03762143971293072,-0.07606261883326129,-0.07497108915137904,-0.08291075127794358,0.20729016638943945,0.17062448771804964,,,,,,,,,-0.04902962030173549,-0.049029620301735494,-0.04902962030173526,0.0005628183258423975,-0.04902962030173526,-0.03762143971293076,-0.037621439712930665,-0.03762143971293063,-0.03762143971293063
neighbourhood_cleansed,-0.046291734225926195,,-0.07063926238139029,-0.04542981991394671,-0.048176649658704766,1.0,,0.7031833041588078,-0.0025870786848378965,-0.10345644130368276,-0.08056272017837389,-0.11373835676493756,-0.13335062091147934,0.05111767840470226,-0.04157793417604228,0.047722839214337884,0.05786744974036954,-0.025842265451149173,-0.03854273140834253,0.055467284097535104,-0.028993186467270057,,0.006928431680952931,0.01936959810166911,0.01504303233400503,-0.04939240520109461,0.07323736243280193,0.030911390414277717,0.030602002386018602,-0.014558182045980781,0.038808380887876866,0.04370579483238069,0.02418019946742134,0.004741338474340653,0.005850176232577153,0.03595036583181637,0.001333680666685541,0.014180899671534282,0.008499088019938723,-0.0066686371750093,,0.02441934692321805,0.02080669846722024,0.050425117433576486,0.0294673182556049,0.05738616315108221,-0.04825171566582153,-0.025528895508741004,0.03575975467974912,0.09467017127609156,0.03891821733945141,-0.10523942414990294,-0.12888612206325134,-0.04825171566582158,-0.010472774799458528,-0.025528895508740036,0.07323736243280211,0.05188245999257871,0.057386163151082276,0.04939240520109428,0.0437057948323806,0.060624414974080915,0.004071519759744041,0.02418019946742134,0.05282984536343562,0.04363664021611355,0.008157049774351537,0.02441934692321805,0.01752597098890693,,,,,,,,,0.00407151975974409,0.004071519759744031,0.004071519759743987,0.009716272996246271,0.004071519759743987,0.024180199467421375,0.024180199467421355,0.024180199467421167,0.024180199467421167
neighbourhood_group_cleansed,,,,,,,,,,,,,,,,,,,,,,,,,,,,,,,,,,,,,,,,,,,,,,,,,,,,,,,,,,,,,,,,,,,,,,,,,,,,,,,,,,,,,,
latitude,-0.054522202629542015,,-0.08156911194860197,-0.024673492443087676,-0.025373193679329883,0.7031833041588078,,1.0,-0.19403358027463186,-0.11160439404892955,-0.08097227904201895,-0.11115259250859919,-0.14014541702295316,0.04300271681074097,-0.026245424966953264,0.038431826556682536,0.04244137884534343,-0.010911217678532812,-0.018861360686671793,0.04477628608887474,-0.013097113738074359,,0.04255063699889553,0.054037924861043536,0.05403110074489853,-0.008335421387528468,0.05961903018329724,0.023290462828656048,0.029409647223318233,0.03117615679673109,0.03311281474417689,0.02801339573952228,0.02001069438595774,0.006929110565994279,0.013577452411498723,0.03163982947473589,0.01350546574530019,0.016590186324751895,-0.0008174726764940438,-0.002585851183369256,,0.029538325986134397,0.025519004864687875,0.055708869141048126,0.042791928570890904,0.035850056799364864,-0.028700266712617488,-0.031675402041971654,0.055568813853232125,0.100383658548962,0.0417435894478233,-0.11406003016187163,-0.146733702896423,-0.02870026671261746,-0.02400003127266989,-0.0316754020419706,0.05961903018329726,0.05102105757707319,0.035850056799364934,0.008335421387528316,0.028013395739522228,0.04130857459727027,-0.01568235190844403,0.02001069438595774,0.03125678592490625,0.024571017678679207,-0.020995502695654252,0.029538325986134397,0.02339131311671676,,,,,,,,,-0.015682351908443984,-0.015682351908444036,-0.015682351908444067,0.022347967528288697,-0.015682351908444067,0.020010694385957813,0.020010694385957706,0.02001069438595763,0.02001069438595763
longitude,-0.023493873360069032,,-0.018469005548791176,0.05099509703421354,0.04282457659129123,-0.0025870786848378965,,-0.19403358027463186,1.0,0.0470476625548564,0.045962169680632235,0.040440153963406535,0.04085745148099132,-0.016034788170457247,0.03426275792165757,-0.010489608685317519,0.0034525045495374536,-0.03472160096297048,-0.0259991677925837,-0.009392385138961812,-0.027769025353235992,,-0.01919794226923924,-0.016007830588927106,-0.0104890805805268,0.03002589934130449,0.001159644797715309,-0.05076899128444724,-0.04642511822170579,0.009977844744645564,-0.03707212598063052,-0.05970512503526792,-0.03296443331162028,-0.02707382299764484,-0.035598116203996645,-0.011015762031913966,-0.03670257849430065,-0.05528309827123009,0.08749043781293607,-0.04671853937368773,,0.0955473897393902,0.0956694728648136,-0.0002847776210918874,-0.03548877132888806,-0.054719659227304845,0.02509943645400011,0.08818658991473716,0.009430530931775392,0.0507969122753182,-0.014813881224024886,0.0593175264171056,0.06790191523134,0.025099436454000215,0.09249556494199625,0.08818658991473768,0.001159644797715296,-0.013731355704895037,-0.054719659227304915,-0.030025899341304625,-0.059705125035268,-0.025047496217145786,0.02970883934743978,-0.03296443331162028,0.030331487521640246,0.012473360444086411,0.030707624176763607,0.0955473897393902,0.030622343349060995,,,,,,,,,0.02970883934743981,0.02970883934743986,0.029708839347439807,-0.04207400703430889,0.029708839347439807,-0.032964433311620266,-0.03296443331162026,-0.03296443331162029,-0.03296443331162029
accommodates,0.16651452429029304,,0.12001097635378476,0.09468980520536693,0.07802385656552219,-0.10345644130368276,,-0.11160439404892955,0.0470476625548564,1.0,0.7693682779656346,0.8153663767815166,0.8270063685700811,-0.06689920547636101,0.03730584813384707,-0.061054006807168194,-0.038019026075972316,-0.05173565992679002,-0.030912529873542913,-0.05657227892791648,-0.04283390578824071,,-0.00023268597464251958,-0.020784759060558655,-0.01925207373051195,0.17082755595343796,-0.16716367357655196,-0.0541292054858219,-0.062421855520190306,0.06435401021000442,-0.05970379768166755,-0.04972767017474909,0.3621799476877713,0.02015491640597036,-0.024354142897991874,-0.021907118137810763,-0.001138416814258577,-0.011801487462774417,-0.0668307257834934,-0.030001494990687546,,0.14007771262331056,0.149720625663891,-0.14686377355379324,-0.04161121487739417,-0.1135945081681467,0.5217385539364673,0.697195075176759,-0.13480757935128995,-0.23611146611788836,-0.11442903005699154,0.9377000566649261,0.8293484880074107,0.5217385539364674,0.6622763274689406,0.6971950751767575,-0.16716367357655254,-0.13807651532090043,-0.11359450816814685,-0.17082755595343768,-0.049727670174748974,-0.08111752891259136,0.30323850466767993,0.3621799476877713,-0.16962719195451992,-0.10973921553952042,0.25654876310139924,0.14007771262331056,0.14531599515343224,,,,,,,,,0.30323850466767993,0.30323850466767915,0.30323850466767965,-0.10077920054482437,0.30323850466767965,0.3621799476877713,0.362179947687772,0.362179947687773,0.362179947687773
bathrooms,0.2108163982934125,,0.11696647300357323,0.08578006951642903,0.06768566799007433,-0.08056272017837389,,-0.08097227904201895,0.045962169680632235,0.7693682779656346,1.0,0.870968303696764,0.7824352469911333,-0.0306678517248085,0.021896964997079212,-0.024008629464419205,-0.013577641742665169,-0.10979474722234935,-0.08870268071041897,-0.023497593620558217,-0.09960891581691807,,-0.010246030071817205,-0.04113718403459465,-0.05193660248772298,0.14302547292329518,-0.21884994973159824,-0.11975557298252779,-0.11067135325667089,0.02071148334197702,-0.12771554096892557,-0.12346254658545205,0.2421410783130242,0.049460258822378665,0.01348633057903257,0.02216542442199597,-0.0014424451845793523,-0.013581130276049229,-0.03954599753128028,0.009584578698343288,,0.1441546656735939,0.15013808487084485,-0.10970372482007192,0.014076672537316363,-0.1707827447630824,0.6878176320191313,0.652492614584597,0.04848877461297105,0.0028749584257438147,-0.21733966509475164,0.6922574047580294,0.6780729427308735,0.6878176320191317,0.5759493285409641,0.6524926145845947,-0.2188499497315977,-0.22812500919279857,-0.1707827447630834,-0.14302547292329576,-0.12346254658545207,-0.10413808856644773,0.31630701350537416,0.2421410783130242,-0.08335790020915863,-0.08770282084941074,0.23813450617643817,0.1441546656735939,0.16532547414426155,,,,,,,,,0.316307013505374,0.31630701350537427,0.31630701350537443,-0.07400627187005025,0.31630701350537443,0.2421410783130241,0.24214107831302467,0.24214107831302492,0.24214107831302492
bedrooms,0.19096257192025987,,0.08873117916542943,0.08949310234858343,0.07466520917880125,-0.11373835676493756,,-0.11115259250859919,0.040440153963406535,0.8153663767815166,0.870968303696764,1.0,0.8541379067569953,-0.011903707266971288,0.012227064275237887,-0.005163230338440166,0.014325753215784743,-0.07359802051506342,-0.06556987216526011,-0.0008793639818763964,-0.07006309679168464,,-0.02655884062840106,-0.050924631017506015,-0.055175539726532205,0.11856982759968832,-0.21562192542185699,-0.11366226303744047,-0.10953910681344362,0.014656831405492326,-0.12067526615676422,-0.10509906102584306,0.26246292524869075,0.028474170594462545,-0.026402733839947526,-0.021390628466408972,0.013473580489658092,-0.01294635249141757,-0.07948343076220066,-0.023126422494552917,,0.08862715463258636,0.09711403053651513,-0.127726364181702,-0.0370490509790345,-0.18141426301831828,0.7035328953060562,0.6517541397317089,0.019773891084901234,-0.07280516644792605,-0.20547054745803855,0.7573201892582637,0.7457082933464083,0.7035328953060566,0.5795768123496601,0.6517541397317084,-0.21562192542185687,-0.21709286341397374,-0.18141426301831842,-0.11856982759968834,-0.1050990610258432,-0.10599371819202008,0.316104353583656,0.26246292524869075,-0.1041025637093255,-0.1178938607853454,0.25131497623318694,0.08862715463258636,0.11370136979543376,,,,,,,,,0.3161043535836559,0.31610435358365624,0.31610435358365646,-0.08885056461273973,0.31610435358365646,0.2624629252486907,0.26246292524869064,0.26246292524869036,0.26246292524869036
beds,0.15224428246912255,,0.11038940101148968,0.07691535558487626,0.06647501349511666,-0.13335062091147934,,-0.14014541702295316,0.04085745148099132,0.8270063685700811,0.7824352469911333,0.8541379067569953,1.0,-0.05375150707987645,0.018361495658265548,-0.047260868850386696,-0.03923603508480059,-0.03632824031038099,-0.01206425287879038,-0.04612840027656154,-0.02402561032532235,,-0.012241233018368245,-0.03298786095230363,-0.03543753832062745,0.1345648458001842,-0.14532530570675997,-0.06461368646339764,-0.0675938822349242,0.03065887512218681,-0.06712951928757878,-0.06362829124478227,0.3147152149066491,0.035823051661254476,-0.013429873830680773,-0.00014657462803268378,-0.0036901468768561307,0.0003586635069818735,-0.041041375229884006,-0.011792151010923149,,0.07928361217738704,0.08519108470489171,-0.12979916924589485,0.0029842586233941888,-0.10147827184098397,0.6513870877104648,0.6164195867358336,-0.014208195679071098,-0.11009457871467265,-0.11477409041287479,0.7472782546066947,0.9023602771039275,0.6513870877104649,0.5436736525253776,0.6164195867358323,-0.14532530570675986,-0.12854830528769015,-0.10147827184098437,-0.13456484580018463,-0.063628291244782,-0.07532432571908926,0.2633630860966645,0.3147152149066491,-0.1246959952060115,-0.10222329415360015,0.2162157361992241,0.07928361217738704,0.10638212358157478,,,,,,,,,0.2633630860966643,0.263363086096665,0.2633630860966647,-0.0808517119675755,0.2633630860966647,0.31471521490664944,0.31471521490664983,0.31471521490664994,0.31471521490664994
minimum_nights,0.013923424668368984,,-0.05295601362735539,-0.02219990107262865,-0.01598994636633414,0.05111767840470226,,0.04300271681074097,-0.016034788170457247,-0.06689920547636101,-0.0306678517248085,-0.011903707266971288,-0.05375150707987645,1.0,0.024530334749614427,0.9636378787720064,0.9463362402301767,-0.020299806832539527,-0.03822303343293688,0.973839653435149,-0.028222294239536656,,-0.06565020906629594,-0.0787955731249163,-0.07757748862690102,0.0027439541936834853,-0.08469380784626762,-0.16224009318907578,-0.14244036220947098,-0.027989827961471356,-0.16056905209037026,-0.05309762322217368,-0.0445582661004648,-0.03690415387471163,-0.04734045193402853,-0.027972467208596377,0.02016323389306012,-0.03157030615041107,0.023633796138473516,-0.0339260462662403,,-0.06130405274783791,-0.05848811010391069,-0.03858369892290264,-0.019994393445008706,-0.13235495146045245,-0.04467842907243736,-0.08319892286878729,-0.020215595316124973,-0.017594500073010434,-0.17997913672670343,-0.06914131651407494,-0.05688900605509841,-0.04467842907243733,-0.0953239299157341,-0.08319892286878769,-0.08469380784626827,-0.16302999528454454,-0.13235495146045226,-0.002743954193683506,-0.05309762322217379,0.0060016583617334635,-0.017146357727813907,-0.0445582661004648,-0.01523840994337171,-0.03610465693965528,-0.0640117026660119,-0.06130405274783791,-0.0556042981065297,,,,,,,,,-0.0171463577278139,-0.01714635772781387,-0.017146357727813897,0.1286246167945274,-0.017146357727813897,-0.044558266100464816,-0.044558266100464816,-0.044558266100464795,-0.044558266100464795
maximum_nights,-0.129722554336241,,-0.04668817072838527,0.2157564883383365,0.21766290095458612,-0.04157793417604228,,-0.026245424966953264,0.03426275792165757,0.03730584813384707,0.021896964997079212,0.012227064275237887,0.018361495658265548,0.024530334749614427,1.0,0.03208933153082121,0.030306751300646816,0.38642613082091426,0.44458456168479704,0.03191988919233328,0.40507507981271623,,0.006555806161701972,0.0057367817424627664,0.0040591753952843816,0.1212692875136235,0.03877326313781643,-0.019573072130636776,-0.029099636881182184,0.07179310227997487,-0.0008527713904859937,-0.022111101001016133,-0.015178229351111855,-0.09677383413828551,-0.06884022370101908,-0.08320653094141475,-0.06412707275277577,-0.07924908746170505,-0.04941559907053223,-0.1021525475129083,,0.05786750684810281,0.057946617081651774,0.004191033662064063,-0.0401110540711061,-0.04050471821922093,0.001956565326948358,0.04161723236969895,-0.03248585108980698,-0.008260454001263764,0.08232272190143584,0.06311871060424884,0.036729137169618224,0.0019565653269484513,0.04534957864753083,0.04161723236970097,0.03877326313781647,0.06685739691465167,-0.04050471821922096,-0.12126928751362427,-0.022111101001016292,0.004281320861784494,-0.08510010127755417,-0.015178229351111855,-0.10990620952131422,-0.1018383718414323,-0.07470061299218086,0.05786750684810281,0.09413881276484676,,,,,,,,,-0.08510010127755407,-0.0851001012775541,-0.08510010127755431,-0.009488293551125142,-0.08510010127755431,-0.015178229351111683,-0.015178229351111829,-0.015178229351111934,-0.015178229351111934
minimum_minimum_nights,0.023299284642349812,,-0.04741556298438089,-0.010935105941996662,-0.008138274152630905,0.047722839214337884,,0.038431826556682536,-0.010489608685317519,-0.061054006807168194,-0.024008629464419205,-0.005163230338440166,-0.047260868850386696,0.9636378787720064,0.03208933153082121,1.0,0.9435457199475316,-0.028201718773206305,-0.04545946958331199,0.9791424457289335,-0.03607168821216576,,-0.0539795654688517,-0.07062879805716901,-0.07160728329617953,0.007514414530910882,-0.0812576749851562,-0.15955105125888597,-0.14242293058471361,-0.02541609089882887,-0.15790616598853327,-0.08506301395608296,-0.06478111863230245,-0.05102352527259757,-0.0637769544252997,-0.04537626555169486,0.0021096950738096606,-0.044586968462367024,0.000894578694808342,-0.050612486499436525,,-0.05474128977179937,-0.05215337149844646,-0.03540878537151305,-0.018919705664831893,-0.126807196995636,-0.04207587983645854,-0.08028895812191618,-0.02074733604663969,-0.02078690840184695,-0.1868695539824259,-0.0643172907534217,-0.05092739622425789,-0.04207587983645868,-0.09314763997614317,-0.08028895812191664,-0.08125767498515671,-0.16688682158053442,-0.12680719699563622,-0.007514414530910843,-0.08506301395608304,-0.01991707461277725,-0.018235989183687525,-0.06478111863230245,-0.019245317958144895,-0.03867235158878934,-0.0703175247090897,-0.05474128977179937,-0.042739235163419646,,,,,,,,,-0.018235989183687545,-0.018235989183687448,-0.01823598918368749,0.13389752466121868,-0.01823598918368749,-0.06478111863230249,-0.06478111863230239,-0.06478111863230238,-0.06478111863230238
maximum_minimum_nights,0.01992495696427861,,-0.05673970099540353,-0.002242521543065851,-0.0010648772305517937,0.05786744974036954,,0.04244137884534343,0.0034525045495374536,-0.038019026075972316,-0.013577641742665169,0.014325753215784743,-0.03923603508480059,0.9463362402301767,0.030306751300646816,0.9435457199475316,1.0,-0.019538286699890686,-0.0365129090859248,0.978037211611254,-0.026853605476582477,,-0.07772850094719606,-0.09150189398382119,-0.0898720783747785,-0.0024379799495602367,-0.09485086837673985,-0.16668440479534705,-0.15043290070109344,-0.03503637886451577,-0.1655436284077968,-0.07529181967719387,-0.04351706838006701,-0.03830228431800075,-0.049550539866958725,-0.03007445895750639,0.0074800647823177364,-0.04385810562361661,0.009841204449262774,-0.040951190809661184,,-0.04188718564828667,-0.0389067294318816,-0.04103970685986405,-0.023707452733331986,-0.14114593950221777,-0.03636846760950729,-0.06503119303763688,-0.022122945612172,-0.017807477087421034,-0.19038550092366618,-0.03990492303227238,-0.039188052431014114,-0.03636846760950732,-0.0762330432174374,-0.0650311930376373,-0.09485086837674035,-0.17419852540288203,-0.14114593950221854,0.002437979949560233,-0.07529181967719405,-0.0030465507137646046,-0.016458500342181104,-0.04351706838006701,-0.021249286793123077,-0.04142156494113932,-0.059509739892873934,-0.04188718564828667,-0.022650644679008635,,,,,,,,,-0.016458500342181128,-0.016458500342181118,-0.016458500342181052,0.12080833991891549,-0.016458500342181052,-0.04351706838006704,-0.04351706838006703,-0.04351706838006701,-0.04351706838006701
minimum_maximum_nights,-0.2702512991363806,,-0.12739522002146306,0.05571654573130074,0.07998129430121337,-0.025842265451149173,,-0.010911217678532812,-0.03472160096297048,-0.05173565992679002,-0.10979474722234935,-0.07359802051506342,-0.03632824031038099,-0.020299806832539527,0.38642613082091426,-0.028201718773206305,-0.019538286699890686,1.0,0.9285279995000192,-0.02527071647599731,0.9802817408193333,,-0.10398328559098285,-0.09030712927613631,-0.0745704114108097,-0.011048220818731176,0.25403117282988563,0.19575310040063923,0.14432985810778884,-0.027125653228809617,0.21991529864165177,0.23239496317064148,0.12214465810971926,0.048741498395038586,0.053632118842424754,0.0589060136709494,0.07894123540824684,0.05887772332805813,0.012184862925771863,0.08445119438944548,,-0.15331913699494498,-0.1457153033444498,-0.1003923318191087,-0.09866911132279615,0.18584640985476927,-0.07481798484997121,-0.06536974019348023,-0.06287704229758621,-0.058497642877769526,0.33840698557480814,-0.023620137431868596,-0.01683168700216244,-0.07481798484997124,-0.07477757729932936,-0.06536974019347713,0.25403117282988685,0.3381294106371767,0.18584640985476972,0.011048220818730638,0.23239496317064182,0.09231851178997481,-0.05220634467664659,0.12214465810971926,-0.032134088914149574,-0.021302564268222097,-0.0007537303452172035,-0.15331913699494498,-0.0893298608480959,,,,,,,,,-0.05220634467664645,-0.052206344676646754,-0.05220634467664679,-0.058214854935773226,-0.05220634467664679,0.12214465810971957,0.12214465810971956,0.12214465810971917,0.12214465810971917
maximum_maximum_nights,-0.2561224828836388,,-0.08677777184485304,0.06652303106483315,0.08837166867795031,-0.03854273140834253,,-0.018861360686671793,-0.0259991677925837,-0.030912529873542913,-0.08870268071041897,-0.06556987216526011,-0.01206425287879038,-0.03822303343293688,0.44458456168479704,-0.04545946958331199,-0.0365129090859248,0.9285279995000192,1.0,-0.04357043775674814,0.9685599521424373,,-0.054098374177747106,-0.05003577540072433,-0.03867195744481848,0.007633050342934309,0.25647263869543063,0.20957968872287364,0.15750502574323821,-0.0009034123490969351,0.23152140434653296,0.2246108729432773,0.12487268236609043,0.019320748517941477,0.029624981122826657,0.030577661542573235,0.045348992262713765,0.019486908724344564,0.003375721895500171,0.05052134095162736,,-0.16315376053029887,-0.16106240725511564,-0.021537890904404985,-0.05201928692586767,0.1937255549716295,-0.04826413508178601,-0.023623189204841286,-0.045950080865650916,-0.030166522673225206,0.3341963966410237,-0.008476823883105788,0.007486265747470416,-0.04826413508178589,-0.03051068285957004,-0.023623189204838187,0.25647263869543097,0.3303091320763708,0.19372555497162938,-0.007633050342934748,0.22461087294327708,0.10411442826391425,-0.05212711413996072,0.12487268236609043,-0.03251155182347238,-0.01725932658298103,-0.00020189835322967066,-0.16315376053029887,-0.03422369125141224,,,,,,,,,-0.05212711413996064,-0.052127114139960774,-0.052127114139960753,-0.06066574405446846,-0.052127114139960753,0.12487268236609068,0.12487268236609073,0.12487268236609043,0.12487268236609043
minimum_nights_avg_ntm,0.023861918941342875,,-0.05781179734659778,-0.012988554389837852,-0.010555456693188725,0.055467284097535104,,0.04477628608887474,-0.009392385138961812,-0.05657227892791648,-0.023497593620558217,-0.0008793639818763964,-0.04612840027656154,0.973839653435149,0.03191988919233328,0.9791424457289335,0.978037211611254,-0.02527071647599731,-0.04357043775674814,1.0,-0.03343466332838544,,-0.07095927330357542,-0.08538576349029971,-0.08413229745132274,0.004176016569625729,-0.09176301961680855,-0.1672418960293138,-0.14945846962796652,-0.028663340651875008,-0.16647763279872133,-0.07446706458895264,-0.0531781637313149,-0.04343696071790272,-0.05480961472728487,-0.03718017405419068,0.007397333372871153,-0.046211025042951305,0.00887029994226415,-0.043371430166205434,,-0.05764778082132191,-0.05465087807048992,-0.04121465773954394,-0.02162850937517329,-0.14057354044150233,-0.041500094456007615,-0.07677382281695294,-0.02228601702103168,-0.020607946206318402,-0.19511551081279932,-0.058233274654684954,-0.048053526138261284,-0.04150009445600773,-0.0890330837258077,-0.07677382281695361,-0.0917630196168086,-0.1771268553740876,-0.14057354044150241,-0.004176016569625645,-0.07446706458895239,-0.006406423059487544,-0.017344999477882997,-0.0531781637313149,-0.019351924174524075,-0.03970422459832923,-0.06204030215858819,-0.05764778082132191,-0.04058916971809768,,,,,,,,,-0.017344999477883,-0.017344999477883035,-0.01734499947788297,0.12516489350476723,-0.01734499947788297,-0.05317816373131496,-0.05317816373131492,-0.05317816373131494,-0.05317816373131494
maximum_nights_avg_ntm,-0.26370058725070267,,-0.11202379916635219,0.05698244974400622,0.08112128602365111,-0.028993186467270057,,-0.013097113738074359,-0.027769025353235992,-0.04283390578824071,-0.09960891581691807,-0.07006309679168464,-0.02402561032532235,-0.028222294239536656,0.40507507981271623,-0.03607168821216576,-0.026853605476582477,0.9802817408193333,0.9685599521424373,-0.03343466332838544,1.0,,-0.08701956268247606,-0.07910555536866545,-0.0650336533948099,-0.012014501578643214,0.25278273806138407,0.19972212853246496,0.1444163080228306,-0.023301883647123326,0.22490218439838905,0.22749955600258168,0.12297532487712097,0.04080797368869269,0.04829431658623171,0.050675645951833534,0.07064022703272582,0.04886250223217401,0.011418015332474324,0.07497271979641225,,-0.15897559659137808,-0.15493052707385843,-0.04581557995981604,-0.09305173993631073,0.19000750813749073,-0.06038560821374634,-0.045885551288970636,-0.05591878766573391,-0.047397870513114865,0.333050462103675,-0.018368333622306072,-0.004851920994785603,-0.06038560821374612,-0.05701424639751847,-0.04588555128896735,0.25278273806138485,0.3330517127695174,0.19000750813749098,0.01201450157864265,0.22749955600258215,0.09494285520581365,-0.04746895308303131,0.12297532487712097,-0.027937481684115504,-0.01512252927033897,0.00701978587420084,-0.15897559659137808,-0.06947299503362239,,,,,,,,,-0.04746895308303121,-0.047468953083031444,-0.047468953083031416,-0.06059750802988357,-0.047468953083031416,0.1229753248771213,0.12297532487712128,0.12297532487712073,0.12297532487712073
calendar_updated,,,,,,,,,,,,,,,,,,,,,,,,,,,,,,,,,,,,,,,,,,,,,,,,,,,,,,,,,,,,,,,,,,,,,,,,,,,,,,,,,,,,,,
availability_30,-0.004106898643231673,,0.06370404774729566,0.0010477686520481081,-0.01076417001374308,0.006928431680952931,,0.04255063699889553,-0.01919794226923924,-0.00023268597464251958,-0.010246030071817205,-0.02655884062840106,-0.012241233018368245,-0.06565020906629594,0.006555806161701972,-0.0539795654688517,-0.07772850094719606,-0.10398328559098285,-0.054098374177747106,-0.07095927330357542,-0.08701956268247606,,1.0,0.9293749420410715,0.8584255955918233,0.40878229568059976,0.0016971291877584992,0.002199977908639499,0.03072478006352514,0.6425113517680702,-0.017458779747236117,-0.05922107546435015,-0.09224722332089551,-0.09623862337209078,-0.07041825295293933,-0.03690749203715982,-0.08981866956589425,-0.1042365205862867,-0.06330316101184158,-0.09146920225435455,,0.09693890886600842,0.08686573485805492,0.13797097889121424,0.08800591177470261,0.009012017436299525,0.031955266807666846,0.035901518874524994,0.1052187631514355,0.08500520759439052,0.0015703006538185487,-0.009897189180071002,-0.032984975061279245,0.03195526680766683,0.06182645315922204,0.03590151887452542,0.0016971291877584701,0.011987999626367804,0.009012017436299542,-0.4087822956805983,-0.05922107546435025,-0.06150610239495243,-0.13536402162002908,-0.09224722332089551,-0.10511391522591217,-0.09808872118961766,-0.3135556722477519,0.09693890886600842,0.10758752763070956,,,,,,,,,-0.1353640216200291,-0.1353640216200293,-0.1353640216200291,0.2308932546227511,-0.1353640216200291,-0.09224722332089566,-0.09224722332089577,-0.09224722332089567,-0.09224722332089567
availability_60,-0.010374139573750336,,0.0619504684541552,-0.004381222959791451,-0.01617213552769291,0.01936959810166911,,0.054037924861043536,-0.016007830588927106,-0.020784759060558655,-0.04113718403459465,-0.050924631017506015,-0.03298786095230363,-0.0787955731249163,0.0057367817424627664,-0.07062879805716901,-0.09150189398382119,-0.09030712927613631,-0.05003577540072433,-0.08538576349029971,-0.07910555536866545,,0.9293749420410715,1.0,0.9651670821908365,0.4822216647387916,0.037514879887330245,0.053062653660806085,0.0713320821844715,0.7425952954502343,0.029647716192445505,-0.006812195861969968,-0.08200012601844021,-0.09861599715885686,-0.07434155047216266,-0.036572808328353724,-0.08382585366187469,-0.09805429724216935,-0.0768947349154744,-0.09918222196900257,,0.10135564228671111,0.0916251416103223,0.13456178719722467,0.07669543104528448,0.05801629941602279,0.002780404222208765,-0.0043744156262952,0.08736213309866815,0.06762705831938934,0.039107263138063744,-0.03069786104394299,-0.05330225095131802,0.0027804042222087768,0.022663351518756057,-0.004374415626294599,0.03751487988733041,0.05164794504224271,0.058016299416022786,-0.4822216647387911,-0.006812195861970033,-0.03427214044235035,-0.19930358416959892,-0.08200012601844021,-0.1537370092206423,-0.1487394177720944,-0.3806736822967911,0.10135564228671111,0.10324863786603844,,,,,,,,,-0.19930358416959892,-0.19930358416959942,-0.19930358416959923,0.22197456750116606,-0.19930358416959923,-0.08200012601844014,-0.08200012601844028,-0.08200012601844049,-0.08200012601844049
availability_90,-0.021725971620069794,,0.06196460484911149,-0.0034032314278917967,-0.015720365761298784,0.01504303233400503,,0.05403110074489853,-0.0104890805805268,-0.01925207373051195,-0.05193660248772298,-0.055175539726532205,-0.03543753832062745,-0.07757748862690102,0.0040591753952843816,-0.07160728329617953,-0.0898720783747785,-0.0745704114108097,-0.03867195744481848,-0.08413229745132274,-0.0650336533948099,,0.8584255955918233,0.9651670821908365,1.0,0.5463047129443215,0.06312281585136535,0.08448112307049299,0.09808472904278306,0.8204808329647416,0.05978841820130038,0.03766486775976031,-0.06177101674127147,-0.09028025824667674,-0.060748256221379505,-0.02496800548374811,-0.07067038571365324,-0.09395903253045503,-0.07559170778051318,-0.08939896872834055,,0.10310054495829199,0.09423365263704352,0.12187064163322904,0.0730666598401275,0.08358741864862473,-0.012069922512219427,-0.01961096232002153,0.07018400130308734,0.050205127745429186,0.06578671977629351,-0.027010619082971442,-0.05174413312873531,-0.012069922512219437,0.009387682417730152,-0.019610962320020804,0.06312281585136557,0.07800707478640587,0.08358741864862454,-0.5463047129443213,0.037664867759760336,-0.015136083824223835,-0.2504247600589363,-0.06177101674127147,-0.19932443735263058,-0.19610536585719612,-0.415959607177674,0.10310054495829199,0.10465805228429098,,,,,,,,,-0.25042476005893627,-0.25042476005893716,-0.2504247600589366,0.20814382390045477,-0.2504247600589366,-0.06177101674127137,-0.061771016741271445,-0.0617710167412716,-0.0617710167412716
availability_365,0.0620787983231591,,0.09553417685142207,0.08738302135443242,0.0664004339712568,-0.04939240520109461,,-0.008335421387528468,0.03002589934130449,0.17082755595343796,0.14302547292329518,0.11856982759968832,0.1345648458001842,0.0027439541936834853,0.1212692875136235,0.007514414530910882,-0.0024379799495602367,-0.011048220818731176,0.007633050342934309,0.004176016569625729,-0.012014501578643214,,0.40878229568059976,0.4822216647387916,0.5463047129443215,1.0,-0.017443104594773134,0.08521163322680257,0.10041761475675645,0.8247523059863177,0.04103575089758504,0.07873172882634037,0.07903756134890082,-0.09670137655223916,-0.07304128209959453,-0.0336217062257141,-0.08590929497612604,-0.09679549771343386,-0.10061456800795311,-0.12563426713555254,,0.21576321669706475,0.217144857797409,-0.03712372834586118,0.0521719792983908,0.03679288369060448,0.07705890903029482,0.15321629221365413,-0.0009787608368911072,-0.005678418474222584,-0.005063128889472958,0.17960378225973803,0.15285413683829221,0.07705890903029479,0.1822383049563204,0.15321629221365318,-0.01744310459477321,-0.013349234462206129,0.03679288369060446,-1.0000000000000029,0.07873172882634039,0.01798415051577939,-0.46850315163673073,0.07903756134890082,-0.6011761544548321,-0.5909490331836061,-0.7103472016485016,0.21576321669706475,0.19767420531516916,,,,,,,,,-0.4685031516367308,-0.4685031516367326,-0.4685031516367317,0.23043064424405252,-0.4685031516367317,0.07903756134890079,0.07903756134890065,0.07903756134890089,0.07903756134890089
number_of_reviews,-0.4861596004442648,,-0.23923188135444945,-0.09417506390952098,-0.08390040399777862,0.07323736243280193,,0.05961903018329724,0.001159644797715309,-0.16716367357655196,-0.21884994973159824,-0.21562192542185699,-0.14532530570675997,-0.08469380784626762,0.03877326313781643,-0.0812576749851562,-0.09485086837673985,0.25403117282988563,0.25647263869543063,-0.09176301961680855,0.25278273806138407,,0.0016971291877584992,0.037514879887330245,0.06312281585136535,-0.017443104594773134,1.0,0.6308565312631795,0.47893454125419144,0.034972879798257056,0.6889144302787238,0.5600162912027152,0.20334716961854632,0.030925655825267698,0.06410863536127044,0.04131378099655848,0.07103838091103626,0.06271486716631397,0.043617329123520406,0.08143012988555845,,-0.09538336066096437,-0.0934942418554758,-0.027509444369062188,0.008246170303674579,0.7529507846192296,-0.1514763176029964,-0.2150233252113185,-0.07418740411040603,-0.0777884646722365,0.7300018177183518,-0.16067822029254422,-0.14740272184971734,-0.15147631760299635,-0.22799957132686594,-0.21502332521131207,0.9999999999999988,0.7939286454600931,0.7529507846192339,0.017443104594772114,0.5600162912027142,0.42760002970719796,-0.09932073307099616,0.20334716961854632,-0.02618142392012496,0.004620521992718062,-0.06514298397809579,-0.09538336066096437,-0.07026706714724042,,,,,,,,,-0.09932073307099593,-0.09932073307099572,-0.09932073307099612,-0.02007540110014274,-0.09932073307099612,0.20334716961854707,0.2033471696185463,0.2033471696185467,0.2033471696185467
number_of_reviews_ltm,-0.1260546314178204,,-0.06057428373352625,-0.07366495699453474,-0.0675408204874741,0.030911390414277717,,0.023290462828656048,-0.05076899128444724,-0.0541292054858219,-0.11975557298252779,-0.11366226303744047,-0.06461368646339764,-0.16224009318907578,-0.019573072130636776,-0.15955105125888597,-0.16668440479534705,0.19575310040063923,0.20957968872287364,-0.1672418960293138,0.19972212853246496,,0.002199977908639499,0.053062653660806085,0.08448112307049299,0.08521163322680257,0.6308565312631795,1.0,0.7787321843289987,0.10497337821750267,0.917339834423215,0.8489563370143611,0.49592839268482525,0.08716932948833485,0.08049461870205801,0.08199630228844988,0.05243286050945979,0.07556460382557689,0.0275038070497681,0.1249559802765539,,-0.0857782373513108,-0.08308042668898265,-0.038656879308106906,-0.0020195502066154103,0.8536333267704265,-0.09777553885431894,-0.11040913210256897,-0.06531072245238961,-0.06033424414003358,0.5696261910708512,-0.053167740084718106,-0.06596704090889467,-0.09777553885431879,-0.11392694586120501,-0.11040913210256746,0.6308565312631809,0.5915265730511674,0.8536333267704264,-0.08521163322680252,0.8489563370143651,0.6898815786114261,-0.09201720354453169,0.49592839268482525,-0.049799852436588334,-0.02419955461599888,-0.04299797801141332,-0.0857782373513108,-0.02525931705367613,,,,,,,,,-0.09201720354453172,-0.09201720354453172,-0.0920172035445317,-0.050221737532830504,-0.0920172035445317,0.4959283926848252,0.4959283926848262,0.49592839268482575,0.49592839268482575
number_of_reviews_l30d,-0.030949471241597967,,-0.032102450905007664,-0.06898927796080723,-0.06313906877593792,0.030602002386018602,,0.029409647223318233,-0.04642511822170579,-0.062421855520190306,-0.11067135325667089,-0.10953910681344362,-0.0675938822349242,-0.14244036220947098,-0.029099636881182184,-0.14242293058471361,-0.15043290070109344,0.14432985810778884,0.15750502574323821,-0.14945846962796652,0.1444163080228306,,0.03072478006352514,0.0713320821844715,0.09808472904278306,0.10041761475675645,0.47893454125419144,0.7787321843289987,1.0,0.1125918084704993,0.6255805205492552,0.6723658156892449,0.377590997883463,0.08663742967971913,0.07149579678135164,0.07499324519503228,0.05058329155289393,0.07083067238241456,0.04733303597596238,0.12835785101324268,,-0.10450693148637388,-0.10228776661198259,-0.03220058108144691,0.008765009664535188,0.7060985192392168,-0.09052381893712186,-0.11399735131762595,-0.05830314136010142,-0.04280622087161391,0.41896544734655905,-0.06979399943038106,-0.0760884782671169,-0.09052381893712219,-0.12151721595299447,-0.11399735131762537,0.4789345412541911,0.4256454513843998,0.7060985192392167,-0.10041761475675655,0.6723658156892433,0.519616878822288,-0.09266391842765564,0.377590997883463,-0.054405179601953034,-0.03667477850813428,-0.035809970575431234,-0.10450693148637388,-0.04603935789653956,,,,,,,,,-0.09266391842765567,-0.0926639184276557,-0.0926639184276555,-0.0576722085081801,-0.0926639184276555,0.37759099788346334,0.37759099788346373,0.3775909978834635,0.3775909978834635
availability_eoy,0.01623666493129292,,0.08613539848132185,0.020883830642663703,0.005898728720509115,-0.014558182045980781,,0.03117615679673109,0.009977844744645564,0.06435401021000442,0.02071148334197702,0.014656831405492326,0.03065887512218681,-0.027989827961471356,0.07179310227997487,-0.02541609089882887,-0.03503637886451577,-0.027125653228809617,-0.0009034123490969351,-0.028663340651875008,-0.023301883647123326,,0.6425113517680702,0.7425952954502343,0.8204808329647416,0.8247523059863177,0.034972879798257056,0.10497337821750267,0.1125918084704993,1.0,0.07060742138079483,0.09173873757190076,0.014679403447450862,-0.08757986586851071,-0.05943440338163788,-0.025833965627826576,-0.07065836436211673,-0.09244848068524243,-0.08353673808536952,-0.10057492794117634,,0.13255438052298998,0.1294736546945404,0.03180950759901145,0.0703409714226232,0.07733474057916595,0.015427788660236605,0.05963140584711567,0.03403948615511035,0.021091351554636508,0.04159093486674439,0.07316045866138018,0.03277115944176152,0.015427788660236606,0.0953690757335931,0.05963140584711565,0.03497287979825712,0.04726524764005546,0.07733474057916614,-0.8247523059863172,0.09173873757190072,0.01000535143189175,-0.3989243535976934,0.014679403447450862,-0.43665264300700596,-0.4261480871148252,-0.5639584808590021,0.13255438052298998,0.14571344842764825,,,,,,,,,-0.39892435359769335,-0.39892435359769346,-0.3989243535976926,0.20644625149507748,-0.3989243535976926,0.014679403447450879,0.01467940344745089,0.014679403447450893,0.014679403447450893
number_of_reviews_ly,-0.23003039414083384,,-0.09235397022502628,-0.07366870778282136,-0.06676848516140006,0.038808380887876866,,0.03311281474417689,-0.03707212598063052,-0.05970379768166755,-0.12771554096892557,-0.12067526615676422,-0.06712951928757878,-0.16056905209037026,-0.0008527713904859937,-0.15790616598853327,-0.1655436284077968,0.21991529864165177,0.23152140434653296,-0.16647763279872133,0.22490218439838905,,-0.017458779747236117,0.029647716192445505,0.05978841820130038,0.04103575089758504,0.6889144302787238,0.917339834423215,0.6255805205492552,0.07060742138079483,1.0,0.7919493911951646,0.43363176247483415,0.08145760911590835,0.08006385359914778,0.07781317248218123,0.056735625053541114,0.07544636007771822,0.0213869320204709,0.11040834189262626,,-0.06886677602991902,-0.06604376185817544,-0.042330492249902305,0.0012206634111318801,0.832024411223638,-0.10411384195150399,-0.11229158681978178,-0.07267445367514028,-0.07327882124712982,0.6355996719100578,-0.04857216519516268,-0.059263309658934574,-0.10411384195150446,-0.112394561283105,-0.11229158681977879,0.6889144302787226,0.670047085965188,0.8320244112236382,-0.041035750897585224,0.7919493911951654,0.6194008205197042,-0.08170945369700724,0.43363176247483415,-0.03359808908166547,-0.003956315412406539,-0.031371237214287286,-0.06886677602991902,-0.03365789306763019,,,,,,,,,-0.08170945369700727,-0.08170945369700751,-0.08170945369700734,-0.05217546355517046,-0.08170945369700734,0.43363176247483465,0.4336317624748336,0.43363176247483354,0.43363176247483354
estimated_occupancy_l365d,-0.1609860799729282,,-0.0780829970796513,-0.08742186092098715,-0.07822285021727342,0.04370579483238069,,0.02801339573952228,-0.05970512503526792,-0.04972767017474909,-0.12346254658545205,-0.10509906102584306,-0.06362829124478227,-0.05309762322217368,-0.022111101001016133,-0.08506301395608296,-0.07529181967719387,0.23239496317064148,0.2246108729432773,-0.07446706458895264,0.22749955600258168,,-0.05922107546435015,-0.006812195861969968,0.03766486775976031,0.07873172882634037,0.5600162912027152,0.8489563370143611,0.6723658156892449,0.09173873757190076,0.7919493911951646,1.0,0.6099565033356362,0.1006243225904947,0.09180745469103127,0.08886830252872642,0.06962342821807281,0.09424259565255087,0.033449763770706784,0.13757666404290125,,-0.09770168354434863,-0.09302810560722367,-0.06777807084749175,-0.009068008338767754,0.7307379731788107,-0.11803350554980759,-0.14373752529085165,-0.10539327528227518,-0.11096428499907028,0.5891175789412443,-0.04542108062253167,-0.05593659255658093,-0.11803350554980742,-0.15127094936544253,-0.1437375252908499,0.5600162912027168,0.5978412223304204,0.7307379731788144,-0.07873172882634039,0.9999999999999974,0.6297320120616943,-0.09983501815166675,0.6099565033356362,-0.06261494188011979,-0.03883764659152146,-0.029115593496340013,-0.09770168354434863,-0.049421260495721465,,,,,,,,,-0.0998350181516667,-0.09983501815166683,-0.09983501815166662,-0.07255831190189344,-0.09983501815166662,0.6099565033356362,0.6099565033356362,0.6099565033356369,0.6099565033356369
estimated_revenue_l365d,0.012359240357798859,,0.00023373514761244397,-0.03891967296513781,-0.03762143971293072,0.02418019946742134,,0.02001069438595774,-0.03296443331162028,0.3621799476877713,0.2421410783130242,0.26246292524869075,0.3147152149066491,-0.0445582661004648,-0.015178229351111855,-0.06478111863230245,-0.04351706838006701,0.12214465810971926,0.12487268236609043,-0.0531781637313149,0.12297532487712097,,-0.09224722332089551,-0.08200012601844021,-0.06177101674127147,0.07903756134890082,0.20334716961854632,0.49592839268482525,0.377590997883463,0.014679403447450862,0.43363176247483415,0.6099565033356362,1.0,0.11720727195476643,0.09111063029921002,0.10038372039207158,0.05708225052096372,0.07875800882670661,0.0482531433538302,0.10076430189826405,,-0.010715211125204058,-0.006448201349346532,-0.08568321531941438,-0.039172552415110556,0.3821919592624736,0.2871808430862221,0.3789429411966612,0.07062880515100525,0.11327075521348741,0.31812470801182297,0.3090851536340223,0.2991227410478591,0.2871808430862216,0.33351594843532667,0.3789429411966606,0.2033471696185467,0.29829942182647085,0.3821919592624736,-0.07903756134890101,0.609956503335636,0.3244912583815033,0.15953031639300957,1.0,0.025660122424269297,0.06884689341923045,0.1783893380676642,-0.010715211125204058,0.02677356594957588,,,,,,,,,0.15953031639300957,0.15953031639300944,0.1595303163930096,-0.08675581987768682,0.1595303163930096,1.0000000000000002,1.0000000000000027,1.0,1.0
review_scores_rating,0.03076615298532915,,-0.0014054425082201762,-0.08792332054634733,-0.07637357723868336,0.004741338474340653,,0.006929110565994279,-0.02707382299764484,0.02015491640597036,0.049460258822378665,0.028474170594462545,0.035823051661254476,-0.03690415387471163,-0.09677383413828551,-0.05102352527259757,-0.03830228431800075,0.048741498395038586,0.019320748517941477,-0.04343696071790272,0.04080797368869269,,-0.09623862337209078,-0.09861599715885686,-0.09028025824667674,-0.09670137655223916,0.030925655825267698,0.08716932948833485,0.08663742967971913,-0.08757986586851071,0.08145760911590835,0.1006243225904947,0.11720727195476643,1.0,0.8218359667863786,0.6877393842836439,0.5597751619728141,0.7443196205356132,0.5738328858659633,0.7797429768695842,,-0.14080758414362976,-0.1349125652528347,-0.09789184987151787,-0.04342513427683481,0.0841375723777615,0.07244460212344232,0.0972359993853192,0.03662463981157787,0.08361240722705553,0.05851499267005892,0.013726228644715403,0.029256158733651977,0.07244460212344231,0.08987029748313737,0.09723599938531902,0.030925655825267878,0.053294608709341905,0.08413757237776148,0.0967013765522391,0.10062432259049463,0.0563620350909452,0.08621678996336185,0.11720727195476642,0.07080683299454865,0.06740802342274921,0.15672846484146294,-0.14080758414362976,-0.1658737702967381,,,,,,,,,0.08621678996336189,0.08621678996336185,0.08621678996336173,-0.07089798929355953,0.08621678996336173,0.11720727195476642,0.1172072719547663,0.11720727195476639,0.11720727195476639
review_scores_accuracy,-0.03457321788845963,,-0.038607556445466325,-0.08681083324321422,-0.07683793473834255,0.005850176232577153,,0.013577452411498723,-0.035598116203996645,-0.024354142897991874,0.01348633057903257,-0.026402733839947526,-0.013429873830680773,-0.04734045193402853,-0.06884022370101908,-0.0637769544252997,-0.049550539866958725,0.053632118842424754,0.029624981122826657,-0.05480961472728487,0.04829431658623171,,-0.07041825295293933,-0.07434155047216266,-0.060748256221379505,-0.07304128209959453,0.06410863536127044,0.08049461870205801,0.07149579678135164,-0.05943440338163788,0.08006385359914778,0.09180745469103127,0.09111063029921002,0.8218359667863786,1.0,0.6975871102756475,0.40713337728178883,0.553994259544938,0.47932597656844944,0.7715353544282768,,-0.09540367314716362,-0.09197054217359571,-0.05424615950250962,-0.038721381463900126,0.08341212202878752,0.04445437208144308,0.045729683341209235,0.05044826125082051,0.07671422298841246,0.10230046734642655,-0.03222573143165282,-0.019804977124061665,0.04445437208144307,0.039621584391899375,0.04572968334120935,0.06410863536127073,0.09580702060192493,0.08341212202878731,0.0730412820995946,0.091807454691031,0.052836256781416686,0.0550913415556311,0.0911106302992099,0.05929270012179019,0.06341665508644433,0.09913470744924086,-0.09540367314716362,-0.14871798908460096,,,,,,,,,0.05509134155563119,0.05509134155563114,0.05509134155563112,-0.038850258058508134,0.05509134155563112,0.0911106302992099,0.09111063029921002,0.0911106302992099,0.0911106302992099
review_scores_cleanliness,0.010796384176835157,,0.016970903730533612,-0.07366581155312435,-0.06989568769682014,0.03595036583181637,,0.03163982947473589,-0.011015762031913966,-0.021907118137810763,0.02216542442199597,-0.021390628466408972,-0.00014657462803268378,-0.027972467208596377,-0.08320653094141475,-0.04537626555169486,-0.03007445895750639,0.0589060136709494,0.030577661542573235,-0.03718017405419068,0.050675645951833534,,-0.03690749203715982,-0.036572808328353724,-0.02496800548374811,-0.0336217062257141,0.04131378099655848,0.08199630228844988,0.07499324519503228,-0.025833965627826576,0.07781317248218123,0.08886830252872642,0.10038372039207158,0.6877393842836439,0.6975871102756475,1.0,0.3579368167307622,0.41443739099416055,0.34267160633066135,0.6930681271687694,,-0.03733780212589013,-0.03181497632826408,-0.0964325552771674,-0.03191011993705407,0.0831133066550413,0.07044315151149175,0.10002472484403674,0.07692580633031156,0.13487746136380513,0.06832391539637231,-0.022643070809136016,-0.005714326590441297,0.0704431515114916,0.0881265494974668,0.10002472484403667,0.04131378099655869,0.07064136353406253,0.0831133066550414,0.033621706225714025,0.08886830252872643,0.053014991088047296,0.0337776054450967,0.10038372039207148,0.05168685421467777,0.04930993288172038,0.09060962780983689,-0.03733780212589013,-0.13688044677693603,,,,,,,,,0.03377760544509672,0.03377760544509682,0.03377760544509673,-0.06563518834887482,0.03377760544509673,0.10038372039207155,0.10038372039207144,0.1003837203920716,0.1003837203920716
review_scores_checkin,-0.06673339627112322,,-0.02976766213877688,-0.0669886488773158,-0.05023151856407589,0.001333680666685541,,0.01350546574530019,-0.03670257849430065,-0.001138416814258577,-0.0014424451845793523,0.013473580489658092,-0.0036901468768561307,0.02016323389306012,-0.06412707275277577,0.0021096950738096606,0.0074800647823177364,0.07894123540824684,0.045348992262713765,0.007397333372871153,0.07064022703272582,,-0.08981866956589425,-0.08382585366187469,-0.07067038571365324,-0.08590929497612604,0.07103838091103626,0.05243286050945979,0.05058329155289393,-0.07065836436211673,0.056735625053541114,0.06962342821807281,0.05708225052096372,0.5597751619728141,0.40713337728178883,0.3579368167307622,1.0,0.4900640764882473,0.40143416249770236,0.44448395003415303,,-0.14321940851012563,-0.13950762148716855,-0.06131004940308856,-0.01696000215787984,0.07251858893848621,0.023406433141624165,0.023907772043381993,0.01115803494977006,0.014076375941954673,0.06926567243051687,-0.00047249426122570817,0.0009513191154006403,0.02340643314162416,0.018063723855807977,0.02390777204338191,0.07103838091103667,0.0771686988695549,0.07251858893848624,0.08590929497612637,0.0696234282180729,0.04068319079644549,0.060543803557753115,0.05708225052096364,0.050852863969565974,0.04613059133307317,0.08241561762338143,-0.14321940851012563,-0.143511474348568,,,,,,,,,0.06054380355775307,0.06054380355775312,0.060543803557753025,-0.017816909059159225,0.060543803557753025,0.057082250520963614,0.057082250520963565,0.057082250520963586,0.057082250520963586
review_scores_communication,-0.004909499889803012,,-0.008893268764510928,-0.14101910964352787,-0.1268098683245914,0.014180899671534282,,0.016590186324751895,-0.05528309827123009,-0.011801487462774417,-0.013581130276049229,-0.01294635249141757,0.0003586635069818735,-0.03157030615041107,-0.07924908746170505,-0.044586968462367024,-0.04385810562361661,0.05887772332805813,0.019486908724344564,-0.046211025042951305,0.04886250223217401,,-0.1042365205862867,-0.09805429724216935,-0.09395903253045503,-0.09679549771343386,0.06271486716631397,0.07556460382557689,0.07083067238241456,-0.09244848068524243,0.07544636007771822,0.09424259565255087,0.07875800882670661,0.7443196205356132,0.553994259544938,0.41443739099416055,0.4900640764882473,1.0,0.4145394399904466,0.5377903940084889,,-0.1305052276592971,-0.12568446264785124,-0.07923899015089937,-0.02376707808224769,0.08425387003974051,0.018327799675041483,0.014138264820618413,-0.006077130050570838,0.005786414806920131,0.08774651813068303,-0.004136615776998462,0.0030842733314969846,0.01832779967504149,0.0016592058589592995,0.014138264820618257,0.06271486716631404,0.08549213493213999,0.08425387003974037,0.0967954977134338,0.0942425956525509,0.0516246159804204,0.0633124800780621,0.07875800882670664,0.051263233136525026,0.06098911100089576,0.09745429609893656,-0.1305052276592971,-0.16725503302202016,,,,,,,,,0.06331248007806208,0.06331248007806205,0.06331248007806192,-0.024428356486954003,0.06331248007806192,0.07875800882670662,0.07875800882670653,0.07875800882670655,0.07875800882670655
review_scores_location,-0.02640768331435378,,-0.02352431890199963,-0.08880392267504085,-0.08103648067900458,0.008499088019938723,,-0.0008174726764940438,0.08749043781293607,-0.0668307257834934,-0.03954599753128028,-0.07948343076220066,-0.041041375229884006,0.023633796138473516,-0.04941559907053223,0.000894578694808342,0.009841204449262774,0.012184862925771863,0.003375721895500171,0.00887029994226415,0.011418015332474324,,-0.06330316101184158,-0.0768947349154744,-0.07559170778051318,-0.10061456800795311,0.043617329123520406,0.0275038070497681,0.04733303597596238,-0.08353673808536952,0.0213869320204709,0.033449763770706784,0.0482531433538302,0.5738328858659633,0.47932597656844944,0.34267160633066135,0.40143416249770236,0.4145394399904466,1.0,0.4700225804558564,,-0.1103255325500661,-0.10851071656792981,-0.02836623396844839,-0.001368581599144694,0.02782463176080011,0.050776015903662514,0.041991543043036254,0.09783545238367178,0.16394349440323966,0.008192428086637945,-0.08972160027119654,-0.06350662803087163,0.05077601590366251,0.020173768449545906,0.04199154304303605,0.043617329123520496,0.016627593761093913,0.02782463176080011,0.10061456800795338,0.033449763770706846,0.03828124161200146,0.09085703796011388,0.048253143353830276,0.118609806969179,0.12113752836210563,0.13806996100060273,-0.1103255325500661,-0.14608059759675904,,,,,,,,,0.09085703796011385,0.09085703796011399,0.09085703796011393,-0.04683378820303977,0.09085703796011393,0.04825314335383021,0.0482531433538301,0.048253143353830276,0.048253143353830276
review_scores_value,0.028789219182597074,,-0.03664345627874489,-0.1255394246624998,-0.10704783790357358,-0.0066686371750093,,-0.002585851183369256,-0.04671853937368773,-0.030001494990687546,0.009584578698343288,-0.023126422494552917,-0.011792151010923149,-0.0339260462662403,-0.1021525475129083,-0.050612486499436525,-0.040951190809661184,0.08445119438944548,0.05052134095162736,-0.043371430166205434,0.07497271979641225,,-0.09146920225435455,-0.09918222196900257,-0.08939896872834055,-0.12563426713555254,0.08143012988555845,0.1249559802765539,0.12835785101324268,-0.10057492794117634,0.11040834189262626,0.13757666404290125,0.10076430189826405,0.7797429768695842,0.7715353544282768,0.6930681271687694,0.44448395003415303,0.5377903940084889,0.4700225804558564,1.0,,-0.2364001350246474,-0.23362317117732953,-0.04091473881184472,-0.023848943981279548,0.13761751840006925,0.006915776976546688,-0.014120585079605856,0.017764269093692362,0.011643520984648801,0.09780078053463698,-0.04786412109488052,-0.02513353732052301,0.006915776976546652,-0.025442421395698498,-0.014120585079606032,0.08143012988555894,0.09532845359699489,0.13761751840006908,0.1256342671355526,0.13757666404290117,0.08074009588977688,0.07002024794896669,0.10076430189826395,0.07118338599984966,0.06846945252058217,0.0989382700873349,-0.2364001350246474,-0.23581447195589672,,,,,,,,,0.0700202479489667,0.07002024794896672,0.07002024794896655,-0.009463095044787385,0.07002024794896655,0.10076430189826398,0.10076430189826403,0.10076430189826396,0.10076430189826396
license,,,,,,,,,,,,,,,,,,,,,,,,,,,,,,,,,,,,,,,,,,,,,,,,,,,,,,,,,,,,,,,,,,,,,,,,,,,,,,,,,,,,,,
calculated_host_listings_count,-0.06529755264798914,,0.031960550744436295,0.27889831180140534,0.20729016638943945,0.02441934692321805,,0.029538325986134397,0.0955473897393902,0.14007771262331056,0.1441546656735939,0.08862715463258636,0.07928361217738704,-0.06130405274783791,0.05786750684810281,-0.05474128977179937,-0.04188718564828667,-0.15331913699494498,-0.16315376053029887,-0.05764778082132191,-0.15897559659137808,,0.09693890886600842,0.10135564228671111,0.10310054495829199,0.21576321669706475,-0.09538336066096437,-0.0857782373513108,-0.10450693148637388,0.13255438052298998,-0.06886677602991902,-0.09770168354434863,-0.010715211125204058,-0.14080758414362976,-0.09540367314716362,-0.03733780212589013,-0.14321940851012563,-0.1305052276592971,-0.1103255325500661,-0.2364001350246474,,1.0,0.9977871599324079,0.008390534410688912,-0.009443156647699517,-0.13537269794300555,0.06516720445114545,0.16451756209953125,-0.015139646110581072,0.0017032174042748483,-0.0017079072842507033,0.17973461056932702,0.13369334205088082,0.06516720445114522,0.2057337138610773,0.16451756209953242,-0.0953833606609651,-0.022774413913216524,-0.1353726979430056,-0.21576321669706455,-0.09770168354434877,-0.07714726648404822,-0.053823843567858604,-0.010715211125204061,-0.11631837749923529,-0.09153949487313001,-0.12256149758956733,1.0,0.3629490049591125,,,,,,,,,-0.053823843567858666,-0.05382384356785866,-0.05382384356785867,0.01002256116594257,-0.05382384356785867,-0.010715211125203836,-0.010715211125204037,-0.010715211125203992,-0.010715211125203992
calculated_host_listings_count_entire_homes,-0.06930783423075434,,0.024529161599799863,0.28104265123354233,0.20948844000101452,0.02080669846722024,,0.025519004864687875,0.0956694728648136,0.149720625663891,0.15013808487084485,0.09711403053651513,0.08519108470489171,-0.05848811010391069,0.057946617081651774,-0.05215337149844646,-0.0389067294318816,-0.1457153033444498,-0.16106240725511564,-0.05465087807048992,-0.15493052707385843,,0.08686573485805492,0.0916251416103223,0.09423365263704352,0.217144857797409,-0.0934942418554758,-0.08308042668898265,-0.10228776661198259,0.1294736546945404,-0.06604376185817544,-0.09302810560722367,-0.006448201349346532,-0.1349125652528347,-0.09197054217359571,-0.03181497632826408,-0.13950762148716855,-0.12568446264785124,-0.10851071656792981,-0.23362317117732953,,0.9977871599324079,1.0,-0.057338528813220026,-0.026654657711028495,-0.13420552349301407,0.06910760799661608,0.17439514762329522,-0.016417342549980188,0.0012326797903981074,0.0050556031252384556,0.1934039878343142,0.14241483484141534,0.069107607996616,0.2153413110203023,0.17439514762329586,-0.09349424185547593,-0.01703492757817952,-0.13420552349301412,-0.21714485779740825,-0.09302810560722384,-0.07640401829762607,-0.05100132370117672,-0.006448201349346532,-0.11827087976381417,-0.09102347564495115,-0.11545237452525532,0.9977871599324076,0.34888182928667266,,,,,,,,,-0.05100132370117679,-0.051001323701176944,-0.05100132370117684,0.003719613681470513,-0.05100132370117684,-0.006448201349346296,-0.006448201349346534,-0.006448201349346407,-0.006448201349346407
calculated_host_listings_count_private_rooms,0.061575447744589756,,0.11100168844960301,-0.03865193039243493,-0.037796095706953504,0.050425117433576486,,0.055708869141048126,-0.0002847776210918874,-0.14686377355379324,-0.10970372482007192,-0.127726364181702,-0.12979916924589485,-0.03858369892290264,0.004191033662064063,-0.03540878537151305,-0.04103970685986405,-0.1003923318191087,-0.021537890904404985,-0.04121465773954394,-0.04581557995981604,,0.13797097889121424,0.13456178719722467,0.12187064163322904,-0.03712372834586118,-0.027509444369062188,-0.038656879308106906,-0.03220058108144691,0.03180950759901145,-0.042330492249902305,-0.06777807084749175,-0.08568321531941438,-0.09789184987151787,-0.05424615950250962,-0.0964325552771674,-0.06131004940308856,-0.07923899015089937,-0.02836623396844839,-0.04091473881184472,,0.008390534410688912,-0.057338528813220026,1.0,0.11564389760276646,-0.015002564894502477,-0.08262085282652973,-0.20306673780637913,0.031871922122910075,0.017748648749205627,-0.1040949737705459,-0.2066653307598865,-0.1865196108794246,-0.08262085282652946,-0.2012570552658419,-0.2030667378063793,-0.027509444369062427,-0.08782865075307966,-0.015002564894502532,0.03712372834586133,-0.06777807084749167,-0.0098854808877991,-0.05436003599425575,-0.08568321531941438,0.052473930058679875,-0.0013082458328354887,-0.132673994244045,0.00839053441068891,0.19547485957425478,,,,,,,,,-0.05436003599425578,-0.05436003599425573,-0.05436003599425584,0.12457140821011588,-0.05436003599425584,-0.08568321531941452,-0.08568321531941465,-0.08568321531941453,-0.08568321531941453
calculated_host_listings_count_shared_rooms,0.012965440515494697,,0.02214114888062567,-0.013718038858882694,-0.011993224208583302,0.0294673182556049,,0.042791928570890904,-0.03548877132888806,-0.04161121487739417,0.014076672537316363,-0.0370490509790345,0.0029842586233941888,-0.019994393445008706,-0.0401110540711061,-0.018919705664831893,-0.023707452733331986,-0.09866911132279615,-0.05201928692586767,-0.02162850937517329,-0.09305173993631073,,0.08800591177470261,0.07669543104528448,0.0730666598401275,0.0521719792983908,0.008246170303674579,-0.0020195502066154103,0.008765009664535188,0.0703409714226232,0.0012206634111318801,-0.009068008338767754,-0.039172552415110556,-0.04342513427683481,-0.038721381463900126,-0.03191011993705407,-0.01696000215787984,-0.02376707808224769,-0.001368581599144694,-0.023848943981279548,,-0.009443156647699517,-0.026654657711028495,0.11564389760276646,1.0,-0.015693775226319265,-0.030863708674207246,-0.09929964631334832,-0.010865714211434169,-0.03008204371653498,-0.008550058382194524,-0.06922764676148666,-0.024324940283943056,-0.030863708674207332,-0.08472008185412329,-0.09929964631334881,0.008246170303674548,-0.00577197060202395,-0.015693775226319248,-0.052171979298390646,-0.009068008338767749,0.006117157710817326,-0.028522052082026503,-0.03917255241511056,-0.02073148094677872,-0.029350752186955056,-0.10515960594398029,-0.00944315664769952,0.07526259439388842,,,,,,,,,-0.028522052082026513,-0.02852205208202654,-0.02852205208202652,0.06774402097349058,-0.02852205208202652,-0.039172552415110584,-0.03917255241511049,-0.03917255241511054,-0.03917255241511054
reviews_per_month,-0.11186870718227412,,-0.05802427229186022,-0.11202934578257719,-0.10108159208300083,0.05738616315108221,,0.035850056799364864,-0.054719659227304845,-0.1135945081681467,-0.1707827447630824,-0.18141426301831828,-0.10147827184098397,-0.13235495146045245,-0.04050471821922093,-0.126807196995636,-0.14114593950221777,0.18584640985476927,0.1937255549716295,-0.14057354044150233,0.19000750813749073,,0.009012017436299525,0.05801629941602279,0.08358741864862473,0.03679288369060448,0.7529507846192296,0.8536333267704265,0.7060985192392168,0.07733474057916595,0.832024411223638,0.7307379731788107,0.3821919592624736,0.0841375723777615,0.08341212202878752,0.0831133066550413,0.07251858893848621,0.08425387003974051,0.02782463176080011,0.13761751840006925,,-0.13537269794300555,-0.13420552349301407,-0.015002564894502477,-0.015693775226319265,1.0,-0.13145112221729327,-0.14211645737752576,-0.057147492823976624,-0.04176344758157108,0.6816584408648741,-0.11535732295892832,-0.10700503894610683,-0.1314511222172935,-0.1565718935128824,-0.14211645737752635,0.7529507846192359,0.6999972376089655,1.0000000000000007,-0.03679288369060425,0.7307379731788136,0.5500980297640098,-0.09374780284441062,0.3821919592624737,-0.03872251513882654,-0.00964977550947345,-0.05993428484604537,-0.13537269794300555,-0.07903638934600646,,,,,,,,,-0.09374780284441067,-0.09374780284441063,-0.09374780284441053,-0.03717662021154611,-0.09374780284441053,0.38219195926247346,0.3821919592624751,0.3821919592624738,0.3821919592624738
price_clean,0.1367288241200129,,0.10692720792003821,0.016779984819897176,0.010886901409838582,-0.04825171566582153,,-0.028700266712617488,0.02509943645400011,0.5217385539364673,0.6878176320191313,0.7035328953060562,0.6513870877104648,-0.04467842907243736,0.001956565326948358,-0.04207587983645854,-0.03636846760950729,-0.07481798484997121,-0.04826413508178601,-0.041500094456007615,-0.06038560821374634,,0.031955266807666846,0.002780404222208765,-0.012069922512219427,0.07705890903029482,-0.1514763176029964,-0.09777553885431894,-0.09052381893712186,0.015427788660236605,-0.10411384195150399,-0.11803350554980759,0.2871808430862221,0.07244460212344232,0.04445437208144308,0.07044315151149175,0.023406433141624165,0.018327799675041483,0.050776015903662514,0.006915776976546688,,0.06516720445114545,0.06910760799661608,-0.08262085282652973,-0.030863708674207246,-0.13145112221729327,1.0,0.738861694571714,0.5488272583902877,0.4160695839954275,-0.16971854828564792,0.44054187980294346,0.4481566545120342,0.9999999999999993,0.561745132436032,0.7388616945717145,-0.15147631760299632,-0.16913878356943415,-0.1314511222172935,-0.07705890903029489,-0.11803350554980772,-0.07041006015800354,0.520291490673285,0.28718084308622205,0.21592359530478367,0.23204700407039702,0.318401937412562,0.06516720445114543,0.09383117518265152,,,,,,,,,0.5202914906732848,0.5202914906732845,0.5202914906732843,-0.08134009385901976,0.5202914906732843,0.2871808430862219,0.2871808430862219,0.2871808430862218,0.2871808430862218
log_price,0.16987873583045682,,0.174985231425386,0.064006022425033,0.04829426376481255,-0.025528895508741004,,-0.031675402041971654,0.08818658991473716,0.697195075176759,0.652492614584597,0.6517541397317089,0.6164195867358336,-0.08319892286878729,0.04161723236969895,-0.08028895812191618,-0.06503119303763688,-0.06536974019348023,-0.023623189204841286,-0.07677382281695294,-0.045885551288970636,,0.035901518874524994,-0.0043744156262952,-0.01961096232002153,0.15321629221365413,-0.2150233252113185,-0.11040913210256897,-0.11399735131762595,0.05963140584711567,-0.11229158681978178,-0.14373752529085165,0.3789429411966612,0.0972359993853192,0.045729683341209235,0.10002472484403674,0.023907772043381993,0.014138264820618413,0.041991543043036254,-0.014120585079605856,,0.16451756209953125,0.17439514762329522,-0.20306673780637913,-0.09929964631334832,-0.14211645737752576,0.738861694571714,1.0,0.399395447460476,0.46489338766170585,-0.18544348371684244,0.6778159876055423,0.6138770353476686,0.7388616945717154,0.9479331739914039,0.9999999999999998,-0.21502332521131778,-0.19743661467908244,-0.14211645737752632,-0.15321629221365457,-0.14373752529085182,-0.09626677916152586,0.4846977669845024,0.3789429411966611,0.17248976288802462,0.19913185749526524,0.41672149891589366,0.16451756209953125,0.11485251545149269,,,,,,,,,0.4846977669845022,0.4846977669845012,0.4846977669845013,-0.1849963668109612,0.4846977669845013,0.3789429411966614,0.37894294119666183,0.37894294119666067,0.37894294119666067
price_per_accommodates,0.04249556302300007,,0.0192064484196072,-0.04092196590117537,-0.03970901769620662,0.03575975467974912,,0.055568813853232125,0.009430530931775392,-0.13480757935128995,0.04848877461297105,0.019773891084901234,-0.014208195679071098,-0.020215595316124973,-0.03248585108980698,-0.02074733604663969,-0.022122945612172,-0.06287704229758621,-0.045950080865650916,-0.02228601702103168,-0.05591878766573391,,0.1052187631514355,0.08736213309866815,0.07018400130308734,-0.0009787608368911072,-0.07418740411040603,-0.06531072245238961,-0.05830314136010142,0.03403948615511035,-0.07267445367514028,-0.10539327528227518,0.07062880515100525,0.03662463981157787,0.05044826125082051,0.07692580633031156,0.01115803494977006,-0.006077130050570838,0.09783545238367178,0.017764269093692362,,-0.015139646110581072,-0.016417342549980188,0.031871922122910075,-0.010865714211434169,-0.057147492823976624,0.5488272583902877,0.399395447460476,1.0,0.7544484615052112,-0.12253765776660307,-0.20160662444770816,-0.1226945350064067,0.5488272583902871,0.28638920441303095,0.3993954474604769,-0.07418740411040613,-0.11178208870752522,-0.057147492823976784,0.000978760836891131,-0.10539327528227542,-0.021184034303339025,0.32898246304874024,0.07062880515100527,0.5353398681864029,0.47463713362855164,0.23291355923424398,-0.015139646110581061,-0.011116693613332795,,,,,,,,,0.3289824630487401,0.328982463048741,0.32898246304874007,-0.05815394746398979,0.32898246304874007,0.0706288051510053,0.07062880515100532,0.07062880515100524,0.07062880515100524
log_price_per_accommodates,0.03387765663015055,,0.025385305226801835,-0.06101461109316663,-0.06046730500282609,0.09467017127609156,,0.100383658548962,0.0507969122753182,-0.23611146611788836,0.0028749584257438147,-0.07280516644792605,-0.11009457871467265,-0.017594500073010434,-0.008260454001263764,-0.02078690840184695,-0.017807477087421034,-0.058497642877769526,-0.030166522673225206,-0.020607946206318402,-0.047397870513114865,,0.08500520759439052,0.06762705831938934,0.050205127745429186,-0.005678418474222584,-0.0777884646722365,-0.06033424414003358,-0.04280622087161391,0.021091351554636508,-0.07327882124712982,-0.11096428499907028,0.11327075521348741,0.08361240722705553,0.07671422298841246,0.13487746136380513,0.014076375941954673,0.005786414806920131,0.16394349440323966,0.011643520984648801,,0.0017032174042748483,0.0012326797903981074,0.017748648749205627,-0.03008204371653498,-0.04176344758157108,0.4160695839954275,0.46489338766170585,0.7544484615052112,1.0,-0.12080435933536532,-0.33583737049752066,-0.21410598770708691,0.41606958399542876,0.3876179087897478,0.464893387661707,-0.07778846467223642,-0.11009205018284088,-0.041763447581571175,0.005678418474222699,-0.1109642849990711,-0.016569815914910586,0.3175743595812854,0.11327075521348744,0.48831777192967396,0.4215174514696358,0.2519895560287739,0.0017032174042748273,-0.005160538703610394,,,,,,,,,0.3175743595812853,0.31757435958128566,0.3175743595812852,-0.10416270808265621,0.3175743595812852,0.11327075521348731,0.11327075521348759,0.11327075521348742,0.11327075521348742
log_reviews,-0.6756992435163335,,-0.2604640991214299,-0.06609902941380613,-0.05914591955281217,0.03891821733945141,,0.0417435894478233,-0.014813881224024886,-0.11442903005699154,-0.21733966509475164,-0.20547054745803855,-0.11477409041287479,-0.17997913672670343,0.08232272190143584,-0.1868695539824259,-0.19038550092366618,0.33840698557480814,0.3341963966410237,-0.19511551081279932,0.333050462103675,,0.0015703006538185487,0.039107263138063744,0.06578671977629351,-0.005063128889472958,0.7300018177183518,0.5696261910708512,0.41896544734655905,0.04159093486674439,0.6355996719100578,0.5891175789412443,0.31812470801182297,0.05851499267005892,0.10230046734642655,0.06832391539637231,0.06926567243051687,0.08774651813068303,0.008192428086637945,0.09780078053463698,,-0.0017079072842507033,0.0050556031252384556,-0.1040949737705459,-0.008550058382194524,0.6816584408648741,-0.16971854828564792,-0.18544348371684244,-0.12253765776660307,-0.12080435933536532,1.0,-0.09438280708332898,-0.08892287498611984,-0.16971854828564756,-0.17336447118067422,-0.18544348371683397,0.7300018177183519,0.9776513115801787,0.681658440864875,0.005063128889471656,0.589117578941244,0.2992836527925463,-0.13385131926598035,0.318124708011823,-0.05814401859380972,-0.011205093557957234,-0.06989467161861211,-0.0017079072842507291,-0.08212506905843789,,,,,,,,,-0.13385131926598018,-0.13385131926598054,-0.13385131926598048,-0.028332089754562678,-0.13385131926598048,0.31812470801182385,0.31812470801182335,0.31812470801182213,0.31812470801182213
log_accommodates,0.14170908752505917,,0.1359598998453949,0.11817215746336461,0.09981825725215691,-0.10523942414990294,,-0.11406003016187163,0.0593175264171056,0.9377000566649261,0.6922574047580294,0.7573201892582637,0.7472782546066947,-0.06914131651407494,0.06311871060424884,-0.0643172907534217,-0.03990492303227238,-0.023620137431868596,-0.008476823883105788,-0.058233274654684954,-0.018368333622306072,,-0.009897189180071002,-0.03069786104394299,-0.027010619082971442,0.17960378225973803,-0.16067822029254422,-0.053167740084718106,-0.06979399943038106,0.07316045866138018,-0.04857216519516268,-0.04542108062253167,0.3090851536340223,0.013726228644715403,-0.03222573143165282,-0.022643070809136016,-0.00047249426122570817,-0.004136615776998462,-0.08972160027119654,-0.04786412109488052,,0.17973461056932702,0.1934039878343142,-0.2066653307598865,-0.06922764676148666,-0.11535732295892832,0.44054187980294346,0.6778159876055423,-0.20160662444770816,-0.33583737049752066,-0.09438280708332898,1.0,0.8309617386730329,0.4405418798029444,0.6865949367388661,0.6778159876055417,-0.1606782202925448,-0.11871561829803434,-0.11535732295892849,-0.17960378225973744,-0.045421080622531855,-0.08050752378245295,0.2519360864076368,0.3090851536340223,-0.22200417341489492,-0.13242594740791422,0.23531518869625898,0.179734610569327,0.1346947013543085,,,,,,,,,0.25193608640763676,0.25193608640763654,0.2519360864076363,-0.11075691031235123,0.2519360864076363,0.3090851536340222,0.3090851536340225,0.3090851536340217,0.3090851536340217
log_beds,0.12460298940239221,,0.11568274584519944,0.1144018001296286,0.0999176612509963,-0.12888612206325134,,-0.146733702896423,0.06790191523134,0.8293484880074107,0.6780729427308735,0.7457082933464083,0.9023602771039275,-0.05688900605509841,0.036729137169618224,-0.05092739622425789,-0.039188052431014114,-0.01683168700216244,0.007486265747470416,-0.048053526138261284,-0.004851920994785603,,-0.032984975061279245,-0.05330225095131802,-0.05174413312873531,0.15285413683829221,-0.14740272184971734,-0.06596704090889467,-0.0760884782671169,0.03277115944176152,-0.059263309658934574,-0.05593659255658093,0.2991227410478591,0.029256158733651977,-0.019804977124061665,-0.005714326590441297,0.0009513191154006403,0.0030842733314969846,-0.06350662803087163,-0.02513353732052301,,0.13369334205088082,0.14241483484141534,-0.1865196108794246,-0.024324940283943056,-0.10700503894610683,0.4481566545120342,0.6138770353476686,-0.1226945350064067,-0.21410598770708691,-0.08892287498611984,0.8309617386730329,1.0,0.448156654512035,0.5990292821518611,0.6138770353476681,-0.14740272184971687,-0.10965994013722392,-0.10700503894610715,-0.15285413683829244,-0.05593659255658078,-0.08162223437428025,0.21345963366203108,0.2991227410478591,-0.1722126605572143,-0.13748265270819648,0.206085688683733,0.13369334205088085,0.10164094320424655,,,,,,,,,0.21345963366203102,0.21345963366203113,0.21345963366203116,-0.09672142833065621,0.21345963366203116,0.2991227410478588,0.29912274104785946,0.29912274104785896,0.29912274104785896
price_zscore,0.13672882412001247,,0.10692720792003818,0.016779984819897197,0.010886901409838555,-0.04825171566582158,,-0.02870026671261746,0.025099436454000215,0.5217385539364674,0.6878176320191317,0.7035328953060566,0.6513870877104649,-0.04467842907243733,0.0019565653269484513,-0.04207587983645868,-0.03636846760950732,-0.07481798484997124,-0.04826413508178589,-0.04150009445600773,-0.06038560821374612,,0.03195526680766683,0.0027804042222087768,-0.012069922512219437,0.07705890903029479,-0.15147631760299635,-0.09777553885431879,-0.09052381893712219,0.015427788660236606,-0.10411384195150446,-0.11803350554980742,0.2871808430862216,0.07244460212344231,0.04445437208144307,0.0704431515114916,0.02340643314162416,0.01832779967504149,0.05077601590366251,0.006915776976546652,,0.06516720445114522,0.069107607996616,-0.08262085282652946,-0.030863708674207332,-0.1314511222172935,0.9999999999999993,0.7388616945717154,0.5488272583902871,0.41606958399542876,-0.16971854828564756,0.4405418798029444,0.448156654512035,1.0,0.5617451324360344,0.7388616945717156,-0.1514763176029959,-0.1691387835694338,-0.13145112221729346,-0.07705890903029489,-0.11803350554980754,-0.07041006015800363,0.5202914906732841,0.28718084308622166,0.21592359530478394,0.23204700407039727,0.3184019374125614,0.06516720445114524,0.09383117518265173,,,,,,,,,0.5202914906732841,0.5202914906732848,0.5202914906732834,-0.08134009385901977,0.5202914906732834,0.2871808430862216,0.28718084308622205,0.28718084308622216,0.28718084308622216
price_percentile,0.15565860274817356,,0.19617120992700765,0.07870360468584908,0.05906258786743149,-0.010472774799458528,,-0.02400003127266989,0.09249556494199625,0.6622763274689406,0.5759493285409641,0.5795768123496601,0.5436736525253776,-0.0953239299157341,0.04534957864753083,-0.09314763997614317,-0.0762330432174374,-0.07477757729932936,-0.03051068285957004,-0.0890330837258077,-0.05701424639751847,,0.06182645315922204,0.022663351518756057,0.009387682417730152,0.1822383049563204,-0.22799957132686594,-0.11392694586120501,-0.12151721595299447,0.0953690757335931,-0.112394561283105,-0.15127094936544253,0.33351594843532667,0.08987029748313737,0.039621584391899375,0.0881265494974668,0.018063723855807977,0.0016592058589592995,0.020173768449545906,-0.025442421395698498,,0.2057337138610773,0.2153413110203023,-0.2012570552658419,-0.08472008185412329,-0.1565718935128824,0.561745132436032,0.9479331739914039,0.28638920441303095,0.3876179087897478,-0.17336447118067422,0.6865949367388661,0.5990292821518611,0.5617451324360344,1.0,0.9479331739914026,-0.2279995713268658,-0.19065664579013822,-0.15657189351288273,-0.18223830495632093,-0.15127094936544264,-0.09882273311679796,0.36132148355518423,0.3335159484353268,0.10128305555655706,0.12673874284665176,0.36526865595151464,0.2057337138610773,0.14092059031917106,,,,,,,,,0.3613214835551842,0.3613214835551851,0.3613214835551841,-0.15759872588242302,0.3613214835551841,0.33351594843532656,0.3335159484353269,0.33351594843532695,0.33351594843532695
log_price_zscore,0.1698787358304448,,0.17498523142538158,0.06400602242503255,0.04829426376481191,-0.025528895508740036,,-0.0316754020419706,0.08818658991473768,0.6971950751767575,0.6524926145845947,0.6517541397317084,0.6164195867358323,-0.08319892286878769,0.04161723236970097,-0.08028895812191664,-0.0650311930376373,-0.06536974019347713,-0.023623189204838187,-0.07677382281695361,-0.04588555128896735,,0.03590151887452542,-0.004374415626294599,-0.019610962320020804,0.15321629221365318,-0.21502332521131207,-0.11040913210256746,-0.11399735131762537,0.05963140584711565,-0.11229158681977879,-0.1437375252908499,0.3789429411966606,0.09723599938531902,0.04572968334120935,0.10002472484403667,0.02390777204338191,0.014138264820618257,0.04199154304303605,-0.014120585079606032,,0.16451756209953242,0.17439514762329586,-0.2030667378063793,-0.09929964631334881,-0.14211645737752635,0.7388616945717145,0.9999999999999998,0.3993954474604769,0.464893387661707,-0.18544348371683397,0.6778159876055417,0.6138770353476681,0.7388616945717156,0.9479331739914026,1.0,-0.21502332521131146,-0.19743661467907414,-0.1421164573775268,-0.15321629221365388,-0.1437375252908498,-0.096266779161525,0.484697766984501,0.3789429411966606,0.17248976288802514,0.1991318574952651,0.4167214989158942,0.16451756209953236,0.11485251545149251,,,,,,,,,0.484697766984501,0.4846977669845013,0.4846977669845027,-0.1849963668109614,0.4846977669845027,0.3789429411966605,0.378942941196662,0.3789429411966607,0.3789429411966607
reviews_zscore,-0.486159600444266,,-0.23923188135444978,-0.09417506390952088,-0.08390040399777893,0.07323736243280211,,0.05961903018329726,0.001159644797715296,-0.16716367357655254,-0.2188499497315977,-0.21562192542185687,-0.14532530570675986,-0.08469380784626827,0.03877326313781647,-0.08125767498515671,-0.09485086837674035,0.25403117282988685,0.25647263869543097,-0.0917630196168086,0.25278273806138485,,0.0016971291877584701,0.03751487988733041,0.06312281585136557,-0.01744310459477321,0.9999999999999988,0.6308565312631809,0.4789345412541911,0.03497287979825712,0.6889144302787226,0.5600162912027168,0.2033471696185467,0.030925655825267878,0.06410863536127073,0.04131378099655869,0.07103838091103667,0.06271486716631404,0.043617329123520496,0.08143012988555894,,-0.0953833606609651,-0.09349424185547593,-0.027509444369062427,0.008246170303674548,0.7529507846192359,-0.15147631760299632,-0.21502332521131778,-0.07418740411040613,-0.07778846467223642,0.7300018177183519,-0.1606782202925448,-0.14740272184971687,-0.1514763176029959,-0.2279995713268658,-0.21502332521131146,1.0,0.7939286454600943,0.7529507846192371,0.017443104594772132,0.5600162912027157,0.4276000297072003,-0.09932073307099594,0.20334716961854665,-0.026181423920125225,0.004620521992718044,-0.06514298397809579,-0.09538336066096507,-0.07026706714724032,,,,,,,,,-0.0993207330709956,-0.0993207330709959,-0.09932073307099587,-0.020075401100142557,-0.09932073307099587,0.20334716961854704,0.2033471696185467,0.20334716961854613,0.20334716961854613
reviews_percentile,-0.6743252323799623,,-0.2653741663439585,-0.08755783721788873,-0.07881232766446454,0.05188245999257871,,0.05102105757707319,-0.013731355704895037,-0.13807651532090043,-0.22812500919279857,-0.21709286341397374,-0.12854830528769015,-0.16302999528454454,0.06685739691465167,-0.16688682158053442,-0.17419852540288203,0.3381294106371767,0.3303091320763708,-0.1771268553740876,0.3330517127695174,,0.011987999626367804,0.05164794504224271,0.07800707478640587,-0.013349234462206129,0.7939286454600931,0.5915265730511674,0.4256454513843998,0.04726524764005546,0.670047085965188,0.5978412223304204,0.29829942182647085,0.053294608709341905,0.09580702060192493,0.07064136353406253,0.0771686988695549,0.08549213493213999,0.016627593761093913,0.09532845359699489,,-0.022774413913216524,-0.01703492757817952,-0.08782865075307966,-0.00577197060202395,0.6999972376089655,-0.16913878356943415,-0.19743661467908244,-0.11178208870752522,-0.11009205018284088,0.9776513115801787,-0.11871561829803434,-0.10965994013722392,-0.1691387835694338,-0.19065664579013822,-0.19743661467907414,0.7939286454600943,1.0,0.6999972376089669,0.013349234462204795,0.5978412223304223,0.3208512835065215,-0.1260991858114207,0.29829942182647085,-0.046961213635049334,-0.005216440576330084,-0.06779072464418348,-0.022774413913216492,-0.08969242263544802,,,,,,,,,-0.12609918581142043,-0.12609918581142116,-0.12609918581142118,-0.031126907005808512,-0.12609918581142118,0.2982994218264715,0.29829942182647057,0.29829942182646907,0.29829942182646907
reviews_per_month_zscore,-0.11186870718227526,,-0.05802427229186055,-0.11202934578257691,-0.10108159208300091,0.057386163151082276,,0.035850056799364934,-0.054719659227304915,-0.11359450816814685,-0.1707827447630834,-0.18141426301831842,-0.10147827184098437,-0.13235495146045226,-0.04050471821922096,-0.12680719699563622,-0.14114593950221854,0.18584640985476972,0.19372555497162938,-0.14057354044150241,0.19000750813749098,,0.009012017436299542,0.058016299416022786,0.08358741864862454,0.03679288369060446,0.7529507846192339,0.8536333267704264,0.7060985192392167,0.07733474057916614,0.8320244112236382,0.7307379731788144,0.3821919592624736,0.08413757237776148,0.08341212202878731,0.0831133066550414,0.07251858893848624,0.08425387003974037,0.02782463176080011,0.13761751840006908,,-0.1353726979430056,-0.13420552349301412,-0.015002564894502532,-0.015693775226319248,1.0000000000000007,-0.1314511222172935,-0.14211645737752632,-0.057147492823976784,-0.041763447581571175,0.681658440864875,-0.11535732295892849,-0.10700503894610715,-0.13145112221729346,-0.15657189351288273,-0.1421164573775268,0.7529507846192371,0.6999972376089669,1.0,-0.0367928836906042,0.7307379731788143,0.5500980297640098,-0.09374780284441064,0.3821919592624736,-0.03872251513882655,-0.009649775509473482,-0.05993428484604547,-0.1353726979430056,-0.0790363893460065,,,,,,,,,-0.09374780284441077,-0.09374780284441088,-0.09374780284441078,-0.03717662021154613,-0.09374780284441078,0.38219195926247357,0.3821919592624741,0.3821919592624747,0.3821919592624747
occupancy_rate,-0.06207879832315711,,-0.09553417685142106,-0.08738302135443247,-0.0664004339712568,0.04939240520109428,,0.008335421387528316,-0.030025899341304625,-0.17082755595343768,-0.14302547292329576,-0.11856982759968834,-0.13456484580018463,-0.002743954193683506,-0.12126928751362427,-0.007514414530910843,0.002437979949560233,0.011048220818730638,-0.007633050342934748,-0.004176016569625645,0.01201450157864265,,-0.4087822956805983,-0.4822216647387911,-0.5463047129443213,-1.0000000000000029,0.017443104594772114,-0.08521163322680252,-0.10041761475675655,-0.8247523059863172,-0.041035750897585224,-0.07873172882634039,-0.07903756134890101,0.0967013765522391,0.0730412820995946,0.033621706225714025,0.08590929497612637,0.0967954977134338,0.10061456800795338,0.1256342671355526,,-0.21576321669706455,-0.21714485779740825,0.03712372834586133,-0.052171979298390646,-0.03679288369060425,-0.07705890903029489,-0.15321629221365457,0.000978760836891131,0.005678418474222699,0.005063128889471656,-0.17960378225973744,-0.15285413683829244,-0.07705890903029489,-0.18223830495632093,-0.15321629221365388,0.017443104594772132,0.013349234462204795,-0.0367928836906042,1.0,-0.07873172882634032,-0.01798415051577938,0.4685031516367303,-0.07903756134890098,0.6011761544548302,0.5909490331836067,0.7103472016485018,-0.21576321669706455,-0.1976742053151688,,,,,,,,,0.4685031516367303,0.46850315163673156,0.46850315163673073,-0.2304306442440529,0.46850315163673073,-0.07903756134890093,-0.07903756134890079,-0.0790375613489009,-0.0790375613489009
occupancy_rate_booked,-0.16098607997292816,,-0.07808299707965138,-0.08742186092098735,-0.07822285021727324,0.0437057948323806,,0.028013395739522228,-0.059705125035268,-0.049727670174748974,-0.12346254658545207,-0.1050990610258432,-0.063628291244782,-0.05309762322217379,-0.022111101001016292,-0.08506301395608304,-0.07529181967719405,0.23239496317064182,0.22461087294327708,-0.07446706458895239,0.22749955600258215,,-0.05922107546435025,-0.006812195861970033,0.037664867759760336,0.07873172882634039,0.5600162912027142,0.8489563370143651,0.6723658156892433,0.09173873757190072,0.7919493911951654,0.9999999999999974,0.609956503335636,0.10062432259049463,0.091807454691031,0.08886830252872643,0.0696234282180729,0.0942425956525509,0.033449763770706846,0.13757666404290117,,-0.09770168354434877,-0.09302810560722384,-0.06777807084749167,-0.009068008338767749,0.7307379731788136,-0.11803350554980772,-0.14373752529085182,-0.10539327528227542,-0.1109642849990711,0.589117578941244,-0.045421080622531855,-0.05593659255658078,-0.11803350554980754,-0.15127094936544264,-0.1437375252908498,0.5600162912027157,0.5978412223304223,0.7307379731788143,-0.07873172882634032,1.0,0.6297320120616927,-0.09983501815166675,0.609956503335636,-0.06261494188011978,-0.03883764659152142,-0.029115593496339836,-0.0977016835443488,-0.04942126049572154,,,,,,,,,-0.09983501815166672,-0.09983501815166682,-0.09983501815166687,-0.07255831190189369,-0.09983501815166687,0.609956503335636,0.6099565033356387,0.6099565033356361,0.6099565033356361
occupancy_is_capped,-0.08442857191585154,,-0.043401650739903506,-0.05533056857308838,-0.04959963274752764,0.060624414974080915,,0.04130857459727027,-0.025047496217145786,-0.08111752891259136,-0.10413808856644773,-0.10599371819202008,-0.07532432571908926,0.0060016583617334635,0.004281320861784494,-0.01991707461277725,-0.0030465507137646046,0.09231851178997481,0.10411442826391425,-0.006406423059487544,0.09494285520581365,,-0.06150610239495243,-0.03427214044235035,-0.015136083824223835,0.01798415051577939,0.42760002970719796,0.6898815786114261,0.519616878822288,0.01000535143189175,0.6194008205197042,0.6297320120616943,0.3244912583815033,0.0563620350909452,0.052836256781416686,0.053014991088047296,0.04068319079644549,0.0516246159804204,0.03828124161200146,0.08074009588977688,,-0.07714726648404822,-0.07640401829762607,-0.0098854808877991,0.006117157710817326,0.5500980297640098,-0.07041006015800354,-0.09626677916152586,-0.021184034303339025,-0.016569815914910586,0.2992836527925463,-0.08050752378245295,-0.08162223437428025,-0.07041006015800363,-0.09882273311679796,-0.096266779161525,0.4276000297072003,0.3208512835065215,0.5500980297640098,-0.01798415051577938,0.6297320120616927,1.0,-0.04824424511096877,0.3244912583815033,-0.011138845567704586,0.0031390254208522005,-0.011716675567355362,-0.07714726648404822,-0.0031877407014212896,,,,,,,,,-0.04824424511096878,-0.04824424511096896,-0.04824424511096895,-0.0227093830722683,-0.04824424511096895,0.3244912583815035,0.3244912583815038,0.32449125838150333,0.32449125838150333
est_annual_revenue,0.08333971500139069,,0.04968016303389983,-0.053198782815672765,-0.04902962030173547,0.004071519759744041,,-0.01568235190844403,0.02970883934743978,0.30323850466767993,0.31630701350537416,0.316104353583656,0.2633630860966645,-0.017146357727813907,-0.08510010127755417,-0.018235989183687525,-0.016458500342181104,-0.05220634467664659,-0.05212711413996072,-0.017344999477882997,-0.04746895308303131,,-0.13536402162002908,-0.19930358416959892,-0.2504247600589363,-0.46850315163673073,-0.09932073307099616,-0.09201720354453169,-0.09266391842765564,-0.3989243535976934,-0.08170945369700724,-0.09983501815166675,0.15953031639300957,0.08621678996336185,0.0550913415556311,0.0337776054450967,0.060543803557753115,0.0633124800780621,0.09085703796011388,0.07002024794896669,,-0.053823843567858604,-0.05100132370117672,-0.05436003599425575,-0.028522052082026503,-0.09374780284441062,0.520291490673285,0.4846977669845024,0.32898246304874024,0.3175743595812854,-0.13385131926598035,0.2519360864076368,0.21345963366203108,0.5202914906732841,0.36132148355518423,0.484697766984501,-0.09932073307099594,-0.1260991858114207,-0.09374780284441064,0.4685031516367303,-0.09983501815166675,-0.04824424511096877,1.0,0.15953031639300957,0.6694848896884206,0.6750906558820574,0.6106496404059014,-0.05382384356785859,-0.010100624036413885,,,,,,,,,0.9999999999999998,1.0000000000000024,1.0000000000000002,-0.12693319124904529,1.0000000000000002,0.1595303163930096,0.1595303163930096,0.15953031639300985,0.15953031639300985
est_annual_revenue_booked,0.012359240357798859,,0.00023373514761244397,-0.03891967296513781,-0.03762143971293072,0.02418019946742134,,0.02001069438595774,-0.03296443331162028,0.3621799476877713,0.2421410783130242,0.26246292524869075,0.3147152149066491,-0.0445582661004648,-0.015178229351111855,-0.06478111863230245,-0.04351706838006701,0.12214465810971926,0.12487268236609043,-0.0531781637313149,0.12297532487712097,,-0.09224722332089551,-0.08200012601844021,-0.06177101674127147,0.07903756134890082,0.20334716961854632,0.49592839268482525,0.377590997883463,0.014679403447450862,0.43363176247483415,0.6099565033356362,1.0,0.11720727195476642,0.0911106302992099,0.10038372039207148,0.05708225052096364,0.07875800882670664,0.048253143353830276,0.10076430189826395,,-0.010715211125204061,-0.006448201349346532,-0.08568321531941438,-0.03917255241511056,0.3821919592624737,0.28718084308622205,0.3789429411966611,0.07062880515100527,0.11327075521348744,0.318124708011823,0.3090851536340223,0.2991227410478591,0.28718084308622166,0.3335159484353268,0.3789429411966606,0.20334716961854665,0.29829942182647085,0.3821919592624736,-0.07903756134890098,0.609956503335636,0.3244912583815033,0.15953031639300957,1.0,0.025660122424269297,0.06884689341923045,0.1783893380676642,-0.010715211125204058,0.02677356594957588,,,,,,,,,0.15953031639300957,0.15953031639300944,0.1595303163930096,-0.08675581987768682,0.1595303163930096,1.0000000000000002,1.0000000000000027,1.0,1.0
revenue_per_accommodates,-0.004860325203727355,,-0.00911201721188806,-0.08597934550892371,-0.07606261883326129,0.05282984536343562,,0.03125678592490625,0.030331487521640246,-0.16962719195451992,-0.08335790020915863,-0.1041025637093255,-0.1246959952060115,-0.01523840994337171,-0.10990620952131422,-0.019245317958144895,-0.021249286793123077,-0.032134088914149574,-0.03251155182347238,-0.019351924174524075,-0.027937481684115504,,-0.10511391522591217,-0.1537370092206423,-0.19932443735263058,-0.6011761544548321,-0.02618142392012496,-0.049799852436588334,-0.054405179601953034,-0.43665264300700596,-0.03359808908166547,-0.06261494188011979,0.025660122424269297,0.07080683299454865,0.05929270012179019,0.05168685421467777,0.050852863969565974,0.051263233136525026,0.118609806969179,0.07118338599984966,,-0.11631837749923529,-0.11827087976381417,0.052473930058679875,-0.02073148094677872,-0.03872251513882654,0.21592359530478367,0.17248976288802462,0.5353398681864029,0.48831777192967396,-0.05814401859380972,-0.22200417341489492,-0.1722126605572143,0.21592359530478394,0.10128305555655706,0.17248976288802514,-0.026181423920125225,-0.046961213635049334,-0.03872251513882655,0.6011761544548302,-0.06261494188011978,-0.011138845567704586,0.6694848896884206,0.025660122424269297,1.0,0.9390841638941516,0.553021414621158,-0.11631837749923529,-0.0859402940221643,,,,,,,,,0.6694848896884206,0.6694848896884198,0.6694848896884189,-0.14123782442984192,0.6694848896884189,0.025660122424269297,0.0256601224242693,0.025660122424269294,0.025660122424269294
revenue_per_bedroom,-0.021549433823495535,,-0.01788279075963441,-0.08335858304393123,-0.07497108915137904,0.04363664021611355,,0.024571017678679207,0.012473360444086411,-0.10973921553952042,-0.08770282084941074,-0.1178938607853454,-0.10222329415360015,-0.03610465693965528,-0.1018383718414323,-0.03867235158878934,-0.04142156494113932,-0.021302564268222097,-0.01725932658298103,-0.03970422459832923,-0.01512252927033897,,-0.09808872118961766,-0.1487394177720944,-0.19610536585719612,-0.5909490331836061,0.004620521992718062,-0.02419955461599888,-0.03667477850813428,-0.4261480871148252,-0.003956315412406539,-0.03883764659152146,0.06884689341923045,0.06740802342274921,0.06341665508644433,0.04930993288172038,0.04613059133307317,0.06098911100089576,0.12113752836210563,0.06846945252058217,,-0.09153949487313001,-0.09102347564495115,-0.0013082458328354887,-0.029350752186955056,-0.00964977550947345,0.23204700407039702,0.19913185749526524,0.47463713362855164,0.4215174514696358,-0.011205093557957234,-0.13242594740791422,-0.13748265270819648,0.23204700407039727,0.12673874284665176,0.1991318574952651,0.004620521992718044,-0.005216440576330084,-0.009649775509473482,0.5909490331836067,-0.03883764659152142,0.0031390254208522005,0.6750906558820574,0.06884689341923045,0.9390841638941516,1.0,0.5618173632419998,-0.09153949487313001,-0.08905191436690264,,,,,,,,,0.6750906558820569,0.6750906558820574,0.6750906558820579,-0.16093304964981026,0.6750906558820579,0.06884689341923049,0.06884689341923055,0.06884689341923045,0.06884689341923045
log_est_revenue,0.04267483641721654,,0.029160236817527337,-0.09204402986889215,-0.08291075127794358,0.008157049774351537,,-0.020995502695654252,0.030707624176763607,0.25654876310139924,0.23813450617643817,0.25131497623318694,0.2162157361992241,-0.0640117026660119,-0.07470061299218086,-0.0703175247090897,-0.059509739892873934,-0.0007537303452172035,-0.00020189835322967066,-0.06204030215858819,0.00701978587420084,,-0.3135556722477519,-0.3806736822967911,-0.415959607177674,-0.7103472016485016,-0.06514298397809579,-0.04299797801141332,-0.035809970575431234,-0.5639584808590021,-0.031371237214287286,-0.029115593496340013,0.1783893380676642,0.15672846484146294,0.09913470744924086,0.09060962780983689,0.08241561762338143,0.09745429609893656,0.13806996100060273,0.0989382700873349,,-0.12256149758956733,-0.11545237452525532,-0.132673994244045,-0.10515960594398029,-0.05993428484604537,0.318401937412562,0.41672149891589366,0.23291355923424398,0.2519895560287739,-0.06989467161861211,0.23531518869625898,0.206085688683733,0.3184019374125614,0.36526865595151464,0.4167214989158942,-0.06514298397809579,-0.06779072464418348,-0.05993428484604547,0.7103472016485018,-0.029115593496339836,-0.011716675567355362,0.6106496404059014,0.1783893380676642,0.553021414621158,0.5618173632419998,1.0,-0.1225614975895673,-0.09351442572666507,,,,,,,,,0.6106496404059012,0.6106496404059016,0.6106496404059001,-0.5387477528777019,0.6106496404059001,0.17838933806766416,0.17838933806766397,0.17838933806766397,0.17838933806766397
host_listings_in_city,-0.06529755264798914,,0.031960550744436295,0.27889831180140534,0.20729016638943945,0.02441934692321805,,0.029538325986134397,0.0955473897393902,0.14007771262331056,0.1441546656735939,0.08862715463258636,0.07928361217738704,-0.06130405274783791,0.05786750684810281,-0.05474128977179937,-0.04188718564828667,-0.15331913699494498,-0.16315376053029887,-0.05764778082132191,-0.15897559659137808,,0.09693890886600842,0.10135564228671111,0.10310054495829199,0.21576321669706475,-0.09538336066096437,-0.0857782373513108,-0.10450693148637388,0.13255438052298998,-0.06886677602991902,-0.09770168354434863,-0.010715211125204058,-0.14080758414362976,-0.09540367314716362,-0.03733780212589013,-0.14321940851012563,-0.1305052276592971,-0.1103255325500661,-0.2364001350246474,,1.0,0.9977871599324076,0.00839053441068891,-0.00944315664769952,-0.13537269794300555,0.06516720445114543,0.16451756209953125,-0.015139646110581061,0.0017032174042748273,-0.0017079072842507291,0.179734610569327,0.13369334205088085,0.06516720445114524,0.2057337138610773,0.16451756209953236,-0.09538336066096507,-0.022774413913216492,-0.1353726979430056,-0.21576321669706455,-0.0977016835443488,-0.07714726648404822,-0.05382384356785859,-0.010715211125204058,-0.11631837749923529,-0.09153949487313001,-0.1225614975895673,1.0,0.3629490049591125,,,,,,,,,-0.053823843567858666,-0.05382384356785866,-0.05382384356785867,0.01002256116594257,-0.05382384356785867,-0.010715211125203836,-0.010715211125204037,-0.010715211125203992,-0.010715211125203992
host_is_professional,0.036937106209912675,,0.07620195980783574,0.20014978017983595,0.17062448771804964,0.01752597098890693,,0.02339131311671676,0.030622343349060995,0.14531599515343224,0.16532547414426155,0.11370136979543376,0.10638212358157478,-0.0556042981065297,0.09413881276484676,-0.042739235163419646,-0.022650644679008635,-0.0893298608480959,-0.03422369125141224,-0.04058916971809768,-0.06947299503362239,,0.10758752763070956,0.10324863786603844,0.10465805228429098,0.19767420531516916,-0.07026706714724042,-0.02525931705367613,-0.04603935789653956,0.14571344842764825,-0.03365789306763019,-0.049421260495721465,0.02677356594957588,-0.1658737702967381,-0.14871798908460096,-0.13688044677693603,-0.143511474348568,-0.16725503302202016,-0.14608059759675904,-0.23581447195589672,,0.3629490049591125,0.34888182928667266,0.19547485957425478,0.07526259439388842,-0.07903638934600646,0.09383117518265152,0.11485251545149269,-0.011116693613332795,-0.005160538703610394,-0.08212506905843789,0.1346947013543085,0.10164094320424655,0.09383117518265173,0.14092059031917106,0.11485251545149251,-0.07026706714724032,-0.08969242263544802,-0.0790363893460065,-0.1976742053151688,-0.04942126049572154,-0.0031877407014212896,-0.010100624036413885,0.02677356594957588,-0.0859402940221643,-0.08905191436690264,-0.09351442572666507,0.3629490049591125,1.0,,,,,,,,,-0.010100624036413946,-0.010100624036413887,-0.010100624036413885,0.032455700072088,-0.010100624036413885,0.026773565949576,0.026773565949575938,0.02677356594957596,0.02677356594957596
pct_professional_hosts,,,,,,,,,,,,,,,,,,,,,,,,,,,,,,,,,,,,,,,,,,,,,,,,,,,,,,,,,,,,,,,,,,,,,,,,,,,,,,,,,,,,,,
pct_large_operators,,,,,,,,,,,,,,,,,,,,,,,,,,,,,,,,,,,,,,,,,,,,,,,,,,,,,,,,,,,,,,,,,,,,,,,,,,,,,,,,,,,,,,
median_host_listings,,,,,,,,,,,,,,,,,,,,,,,,,,,,,,,,,,,,,,,,,,,,,,,,,,,,,,,,,,,,,,,,,,,,,,,,,,,,,,,,,,,,,,
gini_host_concentration,,,,,,,,,,,,,,,,,,,,,,,,,,,,,,,,,,,,,,,,,,,,,,,,,,,,,,,,,,,,,,,,,,,,,,,,,,,,,,,,,,,,,,
market_professionalization_score,,,,,,,,,,,,,,,,,,,,,,,,,,,,,,,,,,,,,,,,,,,,,,,,,,,,,,,,,,,,,,,,,,,,,,,,,,,,,,,,,,,,,,
purchase_price,,,,,,,,,,,,,,,,,,,,,,,,,,,,,,,,,,,,,,,,,,,,,,,,,,,,,,,,,,,,,,,,,,,,,,,,,,,,,,,,,,,,,,
monthly_payment,,,,,,,,,,,,,,,,,,,,,,,,,,,,,,,,,,,,,,,,,,,,,,,,,,,,,,,,,,,,,,,,,,,,,,,,,,,,,,,,,,,,,,
zori_rent,,,,,,,,,,,,,,,,,,,,,,,,,,,,,,,,,,,,,,,,,,,,,,,,,,,,,,,,,,,,,,,,,,,,,,,,,,,,,,,,,,,,,,
annual_cash_flow,0.08333971500139047,,0.04968016303389965,-0.0531987828156728,-0.04902962030173549,0.00407151975974409,,-0.015682351908443984,0.02970883934743981,0.30323850466767993,0.316307013505374,0.3161043535836559,0.2633630860966643,-0.0171463577278139,-0.08510010127755407,-0.018235989183687545,-0.016458500342181128,-0.05220634467664645,-0.05212711413996064,-0.017344999477883,-0.04746895308303121,,-0.1353640216200291,-0.19930358416959892,-0.25042476005893627,-0.4685031516367308,-0.09932073307099593,-0.09201720354453172,-0.09266391842765567,-0.39892435359769335,-0.08170945369700727,-0.0998350181516667,0.15953031639300957,0.08621678996336189,0.05509134155563119,0.03377760544509672,0.06054380355775307,0.06331248007806208,0.09085703796011385,0.0700202479489667,,-0.053823843567858666,-0.05100132370117679,-0.05436003599425578,-0.028522052082026513,-0.09374780284441067,0.5202914906732848,0.4846977669845022,0.3289824630487401,0.3175743595812853,-0.13385131926598018,0.25193608640763676,0.21345963366203102,0.5202914906732841,0.3613214835551842,0.484697766984501,-0.0993207330709956,-0.12609918581142043,-0.09374780284441077,0.4685031516367303,-0.09983501815166672,-0.04824424511096878,0.9999999999999998,0.15953031639300957,0.6694848896884206,0.6750906558820569,0.6106496404059012,-0.053823843567858666,-0.010100624036413946,,,,,,,,,1.0,1.0000000000000024,1.0000000000000002,-0.12693319124904523,1.0000000000000002,0.15953031639300955,0.15953031639300946,0.15953031639300977,0.15953031639300977
cash_on_cash_roi,0.08333971500139098,,0.04968016303389989,-0.05319878281567263,-0.049029620301735494,0.004071519759744031,,-0.015682351908444036,0.02970883934743986,0.30323850466767915,0.31630701350537427,0.31610435358365624,0.263363086096665,-0.01714635772781387,-0.0851001012775541,-0.018235989183687448,-0.016458500342181118,-0.052206344676646754,-0.052127114139960774,-0.017344999477883035,-0.047468953083031444,,-0.1353640216200293,-0.19930358416959942,-0.25042476005893716,-0.4685031516367326,-0.09932073307099572,-0.09201720354453172,-0.0926639184276557,-0.39892435359769346,-0.08170945369700751,-0.09983501815166683,0.15953031639300944,0.08621678996336185,0.05509134155563114,0.03377760544509682,0.06054380355775312,0.06331248007806205,0.09085703796011399,0.07002024794896672,,-0.05382384356785866,-0.051001323701176944,-0.05436003599425573,-0.02852205208202654,-0.09374780284441063,0.5202914906732845,0.4846977669845012,0.328982463048741,0.31757435958128566,-0.13385131926598054,0.25193608640763654,0.21345963366203113,0.5202914906732848,0.3613214835551851,0.4846977669845013,-0.0993207330709959,-0.12609918581142116,-0.09374780284441088,0.46850315163673156,-0.09983501815166682,-0.04824424511096896,1.0000000000000024,0.15953031639300944,0.6694848896884198,0.6750906558820574,0.6106496404059016,-0.05382384356785866,-0.010100624036413887,,,,,,,,,1.0000000000000024,1.0,0.9999999999999996,-0.12693319124904484,0.9999999999999996,0.15953031639300946,0.15953031639300974,0.15953031639300982,0.15953031639300982
cap_rate,0.08333971500139116,,0.04968016303389994,-0.05319878281567265,-0.04902962030173526,0.004071519759743987,,-0.015682351908444067,0.029708839347439807,0.30323850466767965,0.31630701350537443,0.31610435358365646,0.2633630860966647,-0.017146357727813897,-0.08510010127755431,-0.01823598918368749,-0.016458500342181052,-0.05220634467664679,-0.052127114139960753,-0.01734499947788297,-0.047468953083031416,,-0.1353640216200291,-0.19930358416959923,-0.2504247600589366,-0.4685031516367317,-0.09932073307099612,-0.0920172035445317,-0.0926639184276555,-0.3989243535976926,-0.08170945369700734,-0.09983501815166662,0.1595303163930096,0.08621678996336173,0.05509134155563112,0.03377760544509673,0.060543803557753025,0.06331248007806192,0.09085703796011393,0.07002024794896655,,-0.05382384356785867,-0.05100132370117684,-0.05436003599425584,-0.02852205208202652,-0.09374780284441053,0.5202914906732843,0.4846977669845013,0.32898246304874007,0.3175743595812852,-0.13385131926598048,0.2519360864076363,0.21345963366203116,0.5202914906732834,0.3613214835551841,0.4846977669845027,-0.09932073307099587,-0.12609918581142118,-0.09374780284441078,0.46850315163673073,-0.09983501815166687,-0.04824424511096895,1.0000000000000002,0.1595303163930096,0.6694848896884189,0.6750906558820579,0.6106496404059001,-0.05382384356785867,-0.010100624036413885,,,,,,,,,1.0000000000000002,0.9999999999999996,1.0,-0.12693319124904534,1.0,0.15953031639300946,0.1595303163930097,0.15953031639300966,0.15953031639300966
price_to_rent_ratio,-0.016239292319155395,,-0.014460920928443833,0.000713935117698601,0.0005628183258423975,0.009716272996246271,,0.022347967528288697,-0.04207400703430889,-0.10077920054482437,-0.07400627187005025,-0.08885056461273973,-0.0808517119675755,0.1286246167945274,-0.009488293551125142,0.13389752466121868,0.12080833991891549,-0.058214854935773226,-0.06066574405446846,0.12516489350476723,-0.06059750802988357,,0.2308932546227511,0.22197456750116606,0.20814382390045477,0.23043064424405252,-0.02007540110014274,-0.050221737532830504,-0.0576722085081801,0.20644625149507748,-0.05217546355517046,-0.07255831190189344,-0.08675581987768682,-0.07089798929355953,-0.038850258058508134,-0.06563518834887482,-0.017816909059159225,-0.024428356486954003,-0.04683378820303977,-0.009463095044787385,,0.01002256116594257,0.003719613681470513,0.12457140821011588,0.06774402097349058,-0.03717662021154611,-0.08134009385901976,-0.1849963668109612,-0.05815394746398979,-0.10416270808265621,-0.028332089754562678,-0.11075691031235123,-0.09672142833065621,-0.08134009385901977,-0.15759872588242302,-0.1849963668109614,-0.020075401100142557,-0.031126907005808512,-0.03717662021154613,-0.2304306442440529,-0.07255831190189369,-0.0227093830722683,-0.12693319124904529,-0.08675581987768682,-0.14123782442984192,-0.16093304964981026,-0.5387477528777019,0.01002256116594257,0.032455700072088,,,,,,,,,-0.12693319124904523,-0.12693319124904484,-0.12693319124904534,1.0,-0.12693319124904534,-0.08675581987768675,-0.08675581987768652,-0.08675581987768681,-0.08675581987768681
revenue_yield,0.08333971500139116,,0.04968016303389994,-0.05319878281567265,-0.04902962030173526,0.004071519759743987,,-0.015682351908444067,0.029708839347439807,0.30323850466767965,0.31630701350537443,0.31610435358365646,0.2633630860966647,-0.017146357727813897,-0.08510010127755431,-0.01823598918368749,-0.016458500342181052,-0.05220634467664679,-0.052127114139960753,-0.01734499947788297,-0.047468953083031416,,-0.1353640216200291,-0.19930358416959923,-0.2504247600589366,-0.4685031516367317,-0.09932073307099612,-0.0920172035445317,-0.0926639184276555,-0.3989243535976926,-0.08170945369700734,-0.09983501815166662,0.1595303163930096,0.08621678996336173,0.05509134155563112,0.03377760544509673,0.060543803557753025,0.06331248007806192,0.09085703796011393,0.07002024794896655,,-0.05382384356785867,-0.05100132370117684,-0.05436003599425584,-0.02852205208202652,-0.09374780284441053,0.5202914906732843,0.4846977669845013,0.32898246304874007,0.3175743595812852,-0.13385131926598048,0.2519360864076363,0.21345963366203116,0.5202914906732834,0.3613214835551841,0.4846977669845027,-0.09932073307099587,-0.12609918581142118,-0.09374780284441078,0.46850315163673073,-0.09983501815166687,-0.04824424511096895,1.0000000000000002,0.1595303163930096,0.6694848896884189,0.6750906558820579,0.6106496404059001,-0.05382384356785867,-0.010100624036413885,,,,,,,,,1.0000000000000002,0.9999999999999996,1.0,-0.12693319124904534,1.0,0.15953031639300946,0.1595303163930097,0.15953031639300966,0.15953031639300966
annual_cash_flow_booked,0.01235924035779759,,0.00023373514761212833,-0.038919672965137854,-0.03762143971293076,0.024180199467421375,,0.020010694385957813,-0.032964433311620266,0.3621799476877713,0.2421410783130241,0.2624629252486907,0.31471521490664944,-0.044558266100464816,-0.015178229351111683,-0.06478111863230249,-0.04351706838006704,0.12214465810971957,0.12487268236609068,-0.05317816373131496,0.1229753248771213,,-0.09224722332089566,-0.08200012601844014,-0.06177101674127137,0.07903756134890079,0.20334716961854707,0.4959283926848252,0.37759099788346334,0.014679403447450879,0.43363176247483465,0.6099565033356362,1.0000000000000002,0.11720727195476642,0.0911106302992099,0.10038372039207155,0.057082250520963614,0.07875800882670662,0.04825314335383021,0.10076430189826398,,-0.010715211125203836,-0.006448201349346296,-0.08568321531941452,-0.039172552415110584,0.38219195926247346,0.2871808430862219,0.3789429411966614,0.0706288051510053,0.11327075521348731,0.31812470801182385,0.3090851536340222,0.2991227410478588,0.2871808430862216,0.33351594843532656,0.3789429411966605,0.20334716961854704,0.2982994218264715,0.38219195926247357,-0.07903756134890093,0.609956503335636,0.3244912583815035,0.1595303163930096,1.0000000000000002,0.025660122424269297,0.06884689341923049,0.17838933806766416,-0.010715211125203836,0.026773565949576,,,,,,,,,0.15953031639300955,0.15953031639300946,0.15953031639300946,-0.08675581987768675,0.15953031639300946,1.0,1.0000000000000029,1.0,1.0
cash_on_cash_roi_booked,0.012359240357798689,,0.0002337351476124775,-0.038919672965137826,-0.037621439712930665,0.024180199467421355,,0.020010694385957706,-0.03296443331162026,0.362179947687772,0.24214107831302467,0.26246292524869064,0.31471521490664983,-0.044558266100464816,-0.015178229351111829,-0.06478111863230239,-0.04351706838006703,0.12214465810971956,0.12487268236609073,-0.05317816373131492,0.12297532487712128,,-0.09224722332089577,-0.08200012601844028,-0.061771016741271445,0.07903756134890065,0.2033471696185463,0.4959283926848262,0.37759099788346373,0.01467940344745089,0.4336317624748336,0.6099565033356362,1.0000000000000027,0.1172072719547663,0.09111063029921002,0.10038372039207144,0.057082250520963565,0.07875800882670653,0.0482531433538301,0.10076430189826403,,-0.010715211125204037,-0.006448201349346534,-0.08568321531941465,-0.03917255241511049,0.3821919592624751,0.2871808430862219,0.37894294119666183,0.07062880515100532,0.11327075521348759,0.31812470801182335,0.3090851536340225,0.29912274104785946,0.28718084308622205,0.3335159484353269,0.378942941196662,0.2033471696185467,0.29829942182647057,0.3821919592624741,-0.07903756134890079,0.6099565033356387,0.3244912583815038,0.1595303163930096,1.0000000000000027,0.0256601224242693,0.06884689341923055,0.17838933806766397,-0.010715211125204037,0.026773565949575938,,,,,,,,,0.15953031639300946,0.15953031639300974,0.1595303163930097,-0.08675581987768652,0.1595303163930097,1.0000000000000029,1.0,1.0000000000000007,1.0000000000000007
cap_rate_booked,0.012359240357799409,,0.00023373514761281712,-0.03891967296513768,-0.03762143971293063,0.024180199467421167,,0.02001069438595763,-0.03296443331162029,0.362179947687773,0.24214107831302492,0.26246292524869036,0.31471521490664994,-0.044558266100464795,-0.015178229351111934,-0.06478111863230238,-0.04351706838006701,0.12214465810971917,0.12487268236609043,-0.05317816373131494,0.12297532487712073,,-0.09224722332089567,-0.08200012601844049,-0.0617710167412716,0.07903756134890089,0.2033471696185467,0.49592839268482575,0.3775909978834635,0.014679403447450893,0.43363176247483354,0.6099565033356369,1.0,0.11720727195476639,0.0911106302992099,0.1003837203920716,0.057082250520963586,0.07875800882670655,0.048253143353830276,0.10076430189826396,,-0.010715211125203992,-0.006448201349346407,-0.08568321531941453,-0.03917255241511054,0.3821919592624738,0.2871808430862218,0.37894294119666067,0.07062880515100524,0.11327075521348742,0.31812470801182213,0.3090851536340217,0.29912274104785896,0.28718084308622216,0.33351594843532695,0.3789429411966607,0.20334716961854613,0.29829942182646907,0.3821919592624747,-0.0790375613489009,0.6099565033356361,0.32449125838150333,0.15953031639300985,1.0,0.025660122424269294,0.06884689341923045,0.17838933806766397,-0.010715211125203992,0.02677356594957596,,,,,,,,,0.15953031639300977,0.15953031639300982,0.15953031639300966,-0.08675581987768681,0.15953031639300966,1.0,1.0000000000000007,1.0,1.0
revenue_yield_booked,0.012359240357799409,,0.00023373514761281712,-0.03891967296513768,-0.03762143971293063,0.024180199467421167,,0.02001069438595763,-0.03296443331162029,0.362179947687773,0.24214107831302492,0.26246292524869036,0.31471521490664994,-0.044558266100464795,-0.015178229351111934,-0.06478111863230238,-0.04351706838006701,0.12214465810971917,0.12487268236609043,-0.05317816373131494,0.12297532487712073,,-0.09224722332089567,-0.08200012601844049,-0.0617710167412716,0.07903756134890089,0.2033471696185467,0.49592839268482575,0.3775909978834635,0.014679403447450893,0.43363176247483354,0.6099565033356369,1.0,0.11720727195476639,0.0911106302992099,0.1003837203920716,0.057082250520963586,0.07875800882670655,0.048253143353830276,0.10076430189826396,,-0.010715211125203992,-0.006448201349346407,-0.08568321531941453,-0.03917255241511054,0.3821919592624738,0.2871808430862218,0.37894294119666067,0.07062880515100524,0.11327075521348742,0.31812470801182213,0.3090851536340217,0.29912274104785896,0.28718084308622216,0.33351594843532695,0.3789429411966607,0.20334716961854613,0.29829942182646907,0.3821919592624747,-0.0790375613489009,0.6099565033356361,0.32449125838150333,0.15953031639300985,1.0,0.025660122424269294,0.06884689341923045,0.17838933806766397,-0.010715211125203992,0.02677356594957596,,,,,,,,,0.15953031639300977,0.15953031639300982,0.15953031639300966,-0.08675581987768681,0.15953031639300966,1.0,1.0000000000000007,1.0,1.0
