,id,scrape_id,host_id,host_listings_count,host_total_listings_count,neighbourhood_group_cleansed,latitude,longitude,accommodates,bathrooms,bedrooms,beds,minimum_nights,maximum_nights,minimum_minimum_nights,maximum_minimum_nights,minimum_maximum_nights,maximum_maximum_nights,minimum_nights_avg_ntm,maximum_nights_avg_ntm,calendar_updated,availability_30,availability_60,availability_90,availability_365,number_of_reviews,number_of_reviews_ltm,number_of_reviews_l30d,availability_eoy,number_of_reviews_ly,estimated_occupancy_l365d,estimated_revenue_l365d,review_scores_rating,review_scores_accuracy,review_scores_cleanliness,review_scores_checkin,review_scores_communication,review_scores_location,review_scores_value,license,calculated_host_listings_count,calculated_host_listings_count_entire_homes,calculated_host_listings_count_private_rooms,calculated_host_listings_count_shared_rooms,reviews_per_month,price_clean,log_price,price_per_accommodates,log_price_per_accommodates,log_reviews,log_accommodates,log_beds,price_zscore,price_percentile,log_price_zscore,reviews_zscore,reviews_percentile,reviews_per_month_zscore,occupancy_rate,occupancy_rate_booked,occupancy_is_capped,est_annual_revenue,est_annual_revenue_booked,revenue_per_accommodates,revenue_per_bedroom,log_est_revenue,host_listings_in_city,host_is_professional,pct_professional_hosts,pct_large_operators,median_host_listings,gini_host_concentration,market_professionalization_score,purchase_price,monthly_payment,zori_rent,annual_cash_flow,cash_on_cash_roi,cap_rate,price_to_rent_ratio,revenue_yield,annual_cash_flow_booked,cash_on_cash_roi_booked,cap_rate_booked,revenue_yield_booked
id,1.0,,0.31282334175395143,0.09142644625865215,0.06735201306380999,,0.1507749951706293,-0.024035310136887138,-0.09353265889163709,0.001984628120739429,-0.040745701010313044,-0.10255173251597237,0.07644942540850748,-0.432980133882067,0.06808813065149211,0.0768197163597237,-0.4877994431203526,-0.49254510591738415,0.07748410184438136,-0.49317163749664245,,0.035762540716392094,0.02728546236847425,0.02726095264207661,0.03110770567067893,-0.5322524585300573,-0.21134644943496178,-0.07004192746123819,0.026466623334745785,-0.3661044458172147,-0.22283411189020755,-0.22187727427237822,-0.09647897629874792,-0.08196042091700023,-0.12736496533123223,-0.09094331740186473,-0.062409210226577284,-0.17009981531200816,-0.06142879266746187,,0.07521638950463361,0.011946731894165206,0.11512517339920351,,-0.03339933634866104,-0.09395973365687221,-0.15357483083222448,-0.02206196343809706,-0.030747536784151795,-0.6571790650159176,-0.10803937994521991,-0.12328161995629533,-0.0939597336568728,-0.1796426507817899,-0.15357483083222032,-0.5322524585300575,-0.6647507895757117,-0.03339933634866107,-0.031107705670680545,-0.22283411189020788,-0.08610196348344354,-0.05971833959739349,-0.22187727427237822,-0.013539566595669426,-0.06879229160153547,-0.11564073012139148,0.07521638950463361,-0.00567861270693036,,,,,,,,,-0.059718339597393935,-0.05971833959739358,-0.05971833959739301,0.09995651735932372,-0.05971833959739301,-0.2218772742723769,-0.22187727427237883,-0.22187727427237827,-0.22187727427237827
scrape_id,,,,,,,,,,,,,,,,,,,,,,,,,,,,,,,,,,,,,,,,,,,,,,,,,,,,,,,,,,,,,,,,,,,,,,,,,,,,,,,,,,,,,
host_id,0.31282334175395143,,1.0,-0.030957171528593695,-0.050973626938216166,,0.12532444503928206,0.029881197233470165,-0.0364684383088923,0.016766742940078554,-0.010100461577922493,-0.026721086735113905,0.06395706904174364,-0.29655447304745725,0.069656924491097,0.06265560255163694,-0.22819873856847053,-0.24354229195003263,0.0633064739712281,-0.2428671617232242,,0.03470784229714547,0.006791392095763277,-0.019315544017667927,0.02669859934794359,-0.24057551933715035,-0.09056255395457691,-0.06504809831486534,-0.02017561333687428,-0.18727927698227312,-0.09514950744638392,-0.09464623663325361,-0.12799594827759134,-0.12317171977930921,-0.11570788231693518,-0.1352211589020284,-0.10906272321626374,-0.12894110949124443,-0.11924304626381237,,-0.04704688072941505,-0.07934260281383722,0.0472598021460705,,-0.03859524247901495,-0.027742808564245366,-0.1001494202112578,-0.056790055977488735,-0.08113708944902523,-0.24727808800130244,-0.02562345906795001,-0.03765074012538262,-0.02774280856424546,-0.1096535513906863,-0.10014942021125658,-0.24057551933715068,-0.2472605141472911,-0.03859524247901498,-0.026698599347944215,-0.0951495074463841,-0.07820895409158275,-0.02522226427773061,-0.09464623663325361,-0.07826631005568925,-0.032199671188618016,-0.07476781944550955,-0.04704688072941505,-0.11811385145508785,,,,,,,,,-0.02522226427773075,-0.02522226427773062,-0.025222264277730604,0.11222127912225548,-0.025222264277730604,-0.09464623663325328,-0.09464623663325394,-0.0946462366332536,-0.0946462366332536
host_listings_count,0.09142644625865215,,-0.030957171528593695,1.0,0.9727946081121026,,-0.07092232774341972,0.12317636611344747,0.030623176006539566,-0.04571878048834209,0.03270454710746883,0.03607775394233188,0.021728621712556004,0.15989834351877466,0.017406062135399476,0.024300159966548898,0.15539046877048776,0.15079468460286302,0.021001081299880604,0.15131859114712456,,-0.0289223123244141,-0.0602118833089586,-0.08276239015277277,-0.08685625049660528,-0.0835043102179791,-0.11057770060844317,-0.09087744898981148,-0.07997510349893823,-0.09157004106336797,-0.08702709587184157,-0.08099238984923732,-0.32170602111373137,-0.2392326418296117,-0.3779056759691133,-0.31235333133285653,-0.4381903669404784,-0.28535481901178433,-0.3682958687770977,,0.010167525742303217,0.04983204892558267,-0.0644545279543455,,-0.11909646223933047,0.0209390166645847,0.06592393243114884,0.012955961779832471,-0.02101772856152034,-0.15272221844396563,0.05417718124008687,0.049936445815022656,0.02093901666458466,0.08741444670553589,0.06592393243114944,-0.08350431021797906,-0.15356341905192988,-0.11909646223933062,0.08685625049660513,-0.08702709587184174,-0.05202629207208384,0.000747557002147988,-0.08099238984923732,-0.01397545242210577,0.0027715319061741217,-0.026988401161927977,0.010167525742303217,0.11866160250004713,,,,,,,,,0.000747557002147948,0.0007475570021479919,0.0007475570021480455,-0.017910387325464055,0.0007475570021480455,-0.0809923898492372,-0.0809923898492374,-0.08099238984923732,-0.08099238984923732
host_total_listings_count,0.06735201306380999,,-0.050973626938216166,0.9727946081121026,1.0,,-0.07410948673316377,0.10914046274589939,0.052777463263671026,-0.042303948694079316,0.05569234129936874,0.048784207595788776,-0.002203456517530791,0.17509681579850442,-0.0036117521550975487,0.0029916943217901475,0.14465019527278486,0.14031494642198816,-0.002112825096993595,0.1407929860077094,,-0.003027959784629874,-0.02767701284690298,-0.04571537812570612,-0.04089945997754904,-0.07296113114585352,-0.09848916035920478,-0.07913346333246513,-0.043330928441554846,-0.07924016000493123,-0.10096365971013564,-0.08290352160640385,-0.23442043213331978,-0.20221108390073464,-0.3088871042791053,-0.2256943263950113,-0.3715019665855325,-0.2145772824527688,-0.25938454328041083,,0.0016704951960215433,0.0396781330377142,-0.06284910932233066,,-0.10498551394738871,0.02552023449609658,0.07224719176705155,0.011323869822912952,-0.02652676567762478,-0.127966126758123,0.07684374780149464,0.0642208522361058,0.025520234496096562,0.09513625941154707,0.072247191767052,-0.07296113114585354,-0.1293941964008967,-0.1049855139473887,0.04089945997754895,-0.10096365971013553,-0.04600765512589777,-0.007425378650784926,-0.08290352160640385,-0.03271644373611472,-0.021060755810206992,-0.038160144522476284,0.0016704951960215433,0.10016774557495646,,,,,,,,,-0.007425378650784936,-0.0074253786507849475,-0.007425378650784876,-0.013936899428384488,-0.007425378650784876,-0.08290352160640392,-0.0829035216064039,-0.0829035216064038,-0.0829035216064038
neighbourhood_group_cleansed,,,,,,,,,,,,,,,,,,,,,,,,,,,,,,,,,,,,,,,,,,,,,,,,,,,,,,,,,,,,,,,,,,,,,,,,,,,,,,,,,,,,,
latitude,0.1507749951706293,,0.12532444503928206,-0.07092232774341972,-0.07410948673316377,,1.0,-0.5338859190732759,-0.015700350924915223,0.0942770207379738,-0.006633186324767065,0.019948884140566173,0.11438086279105827,-0.13962260072942514,0.11998220016130726,0.1237905317182782,-0.1838496260793621,-0.1963957136674745,0.12178357453892359,-0.19595641288323096,,0.12692949392421546,0.14101151796485678,0.14311944478500163,0.11480826371820682,-0.15946213939674272,-0.1498177318356009,-0.12839620561763476,0.1422388065480572,-0.12878675591765726,-0.16406782436007838,-0.15044090334762236,0.01860604935546161,0.001984835106846061,0.05842124646884426,0.04818414343437111,0.09443183723362884,0.10995519921442946,0.03587194987034892,,0.2224799320084016,0.0921941647470599,0.24616939847263333,,-0.1641457336068047,-0.02446378070937994,-0.15701803246364598,-0.10104920148163049,-0.12422245184954607,-0.19020395542782004,-0.06702338711260053,0.010038812172142857,-0.024463780709379965,-0.2183517964416919,-0.15701803246364554,-0.1594621393967426,-0.18241048958464615,-0.1641457336068046,-0.11480826371820722,-0.16406782436007833,-0.10684694656488011,-0.0713808373434924,-0.15044090334762236,-0.0687961850944015,-0.07293202573842923,-0.07026866249517219,0.2224799320084016,0.01686710273149287,,,,,,,,,-0.07138083734349249,-0.07138083734349246,-0.07138083734349229,0.08526784196609102,-0.07138083734349229,-0.1504409033476221,-0.15044090334762228,-0.15044090334762233,-0.15044090334762233
longitude,-0.024035310136887138,,0.029881197233470165,0.12317636611344747,0.10914046274589939,,-0.5338859190732759,1.0,-0.08796180041582666,-0.21587188188336626,-0.20707344619317478,-0.18464026692465302,-0.13709953622020463,-0.0019559449590548146,-0.1366196070880366,-0.16363621906532283,0.002825831477445784,0.020296277316677287,-0.15333440992882913,0.019243568637872178,,0.07294973726841417,0.04112156270863204,0.0020068497556738098,-0.07982448092841725,0.03679923950979644,-0.02881791253418671,-0.035238272203784234,0.006394672898373172,-0.038365604990420146,-0.04512791284829216,-0.12417567493007246,-0.23084603014450217,-0.2208722938486824,-0.17914320461827077,-0.19395655931213948,-0.17033783424402846,-0.3230250752119235,-0.2204752288001075,,-0.10893876276441547,0.05837315477843409,-0.2923253582755196,,0.05534282257119152,-0.11306562569975644,-0.04152882488315818,0.006677927744933857,0.0006466105944521614,0.006102509633667644,-0.007077217909183815,-0.1691846002064176,-0.1130656256997567,0.01734881722231915,-0.04152882488315834,0.03679923950979635,-0.0043841087555656095,0.05534282257119151,0.07982448092841718,-0.045127912848292005,-0.032974273529757375,0.027306180970800342,-0.12417567493007246,0.04195879509519142,0.11710260962961777,-0.0208205479420447,-0.10893876276441547,0.01854590101425087,,,,,,,,,0.027306180970800308,0.027306180970800325,0.027306180970800367,0.044673998682318965,0.027306180970800367,-0.12417567493007257,-0.12417567493007237,-0.12417567493007244,-0.12417567493007244
accommodates,-0.09353265889163709,,-0.0364684383088923,0.030623176006539566,0.052777463263671026,,-0.015700350924915223,-0.08796180041582666,1.0,0.5262693417736658,0.8610295510046517,0.8395146719655153,-0.11800665523680788,0.05544139683152409,-0.11324995735644725,-0.1006504996412721,0.19246192734689194,0.1859691809833079,-0.11184882429918988,0.1865508684330382,,-0.018160279082142523,-0.03161806743959541,-0.02771313379653593,-0.017864037261059378,0.03350837110039694,0.08562167962358223,0.03969441376721006,-0.028683069788792332,0.04576702877182261,0.1132917005089727,0.47428015286364106,0.009004757946938169,-0.015544630605371744,0.019056457480552735,0.0186537530872124,0.02749565650849599,0.013178757440579055,0.0046970735175528395,,-0.046259601598331625,0.05724660979119789,-0.17799885398711407,,0.08885349308470313,0.6728799950977554,0.774290917936683,-0.2574519217201643,-0.3634616731717469,0.13100686431416544,0.9196433281419787,0.7805344360587518,0.6728799950977564,0.6986071794174321,0.7742909179366826,0.03350837110039697,0.13072231395311337,0.08885349308470303,0.017864037261059538,0.11329170050897276,0.021402742502718074,0.3793061557917306,0.47428015286364106,-0.1600015174015816,-0.026684527723377392,0.2324620716507222,-0.046259601598331625,-0.1407212648232382,,,,,,,,,0.37930615579173066,0.37930615579173077,0.3793061557917304,-0.16280889628972675,0.3793061557917304,0.4742801528636411,0.4742801528636407,0.47428015286364045,0.47428015286364045
bathrooms,0.001984628120739429,,0.016766742940078554,-0.04571878048834209,-0.042303948694079316,,0.0942770207379738,-0.21587188188336626,0.5262693417736658,1.0,0.5310903969988684,0.4877587127656049,-0.061070077944914355,-0.05622966686362585,-0.056822112755942886,-0.05713379061318308,0.15182702292281003,0.14073924767358625,-0.06465957694678154,0.14160044889142667,,0.007839216091199556,0.012542725142996931,0.02201360690263533,-0.026396005906145097,-0.029421433183146054,0.06462106117773762,0.06818353120497017,0.02115736528649621,0.0778285374405788,0.06232893068522262,0.25627156070753676,0.06788403293843477,0.05235013360321618,0.08737088656543866,0.051695814031260355,0.04482143999423578,0.12158014809894122,0.07891762260146473,,0.08302722209971694,-0.05421065220518344,0.23377499569929125,,0.02241414441465702,0.4790985677214733,0.39317158413971853,0.010604393697583415,0.013712181905700399,0.03610209030353228,0.3371140079847996,0.3808914255186054,0.47909856772147397,0.241342238255835,0.393171584139719,-0.029421433183146054,0.03889623761046706,0.022414144414657056,0.026396005906145065,0.06232893068522256,0.05530455345042441,0.36367626069025527,0.25627156070753676,0.025324884608455004,0.04659184813530101,0.20610413551561543,0.08302722209971694,-0.009502942202288235,,,,,,,,,0.36367626069025516,0.36367626069025566,0.3636762606902546,-0.09911732279088721,0.3636762606902546,0.2562715607075368,0.2562715607075365,0.25627156070753665,0.25627156070753665
bedrooms,-0.040745701010313044,,-0.010100461577922493,0.03270454710746883,0.05569234129936874,,-0.006633186324767065,-0.20707344619317478,0.8610295510046517,0.5310903969988684,1.0,0.847349376057672,-0.05232799259838374,0.052160415208842806,-0.05291593833108839,-0.030601588268465336,0.15844760267926628,0.14989145554663372,-0.04608012794766853,0.15069385803195035,,-0.10525238888519292,-0.13523525321711574,-0.11799425718332221,-0.05619195536329443,-0.06426520670438372,-0.016100986094090643,-0.029721395302297376,-0.11959375138319256,-0.026753033949762712,0.009038946011079674,0.37520698990732193,-0.016711180463415926,-0.060417955978269856,0.013631178899992673,-0.012203908584135191,0.004126448430860829,-0.006768803773841939,-0.018035985012143336,,-0.03128993151779489,0.0041996237094867155,-0.06381713244627951,,-0.027651348583023195,0.6166218505951436,0.6975547383282875,-0.15747146591528793,-0.20379223472052996,0.000703920781721912,0.7577589042858788,0.7809235931050841,0.6166218505951443,0.6306582898298262,0.6975547383282884,-0.0642652067043835,0.0028635235112519104,-0.02765134858302323,0.05619195536329442,0.009038946011079628,-0.030703961044304246,0.4044566625712526,0.37520698990732193,-0.07895987445401721,-0.036803569929363664,0.23944916413081532,-0.03128993151779489,-0.1391091351490147,,,,,,,,,0.4044566625712524,0.40445666257125257,0.4044566625712524,-0.13301311328365786,0.4044566625712524,0.3752069899073219,0.3752069899073212,0.37520698990732115,0.37520698990732115
beds,-0.10255173251597237,,-0.026721086735113905,0.03607775394233188,0.048784207595788776,,0.019948884140566173,-0.18464026692465302,0.8395146719655153,0.4877587127656049,0.847349376057672,1.0,-0.09665178118815516,0.04107484146561001,-0.09446499547479766,-0.06936382531386213,0.1895746663686223,0.18729593299638392,-0.08820826220490291,0.18755693031168325,,-0.079593658175381,-0.1012012884357354,-0.09753420218875265,-0.04033543474339806,0.044324501275980664,0.06766090793967085,0.04253213845127745,-0.09930130560113393,0.03237542770844624,0.09329481610368005,0.3995298686419257,-0.020568927529684387,-0.030116320950299074,0.01904078758622582,-0.011729502793590864,0.01661224870938173,-0.003113250859077356,-0.025466293428073453,,-0.10453141951613322,-0.05723028287171058,-0.09082436842787725,,0.0757964449031613,0.5973226077925219,0.6642092123234569,-0.16172206623734722,-0.21335176289181523,0.08175511308985861,0.7263671231571929,0.9584001459074486,0.597322607792523,0.5779635183769476,0.6642092123234572,0.0443245012759806,0.08065489318769203,0.07579644490316126,0.040335434743398006,0.09329481610368005,0.018294377119386182,0.4207197731111059,0.3995298686419257,-0.045685132027823844,0.02382193465223668,0.26483482198012626,-0.10453141951613322,-0.1825741549213179,,,,,,,,,0.4207197731111059,0.4207197731111057,0.4207197731111053,-0.14039235943817435,0.4207197731111053,0.3995298686419257,0.3995298686419259,0.3995298686419257,0.3995298686419257
minimum_nights,0.07644942540850748,,0.06395706904174364,0.021728621712556004,-0.002203456517530791,,0.11438086279105827,-0.13709953622020463,-0.11800665523680788,-0.061070077944914355,-0.05232799259838374,-0.09665178118815516,1.0,0.029571792378614507,0.9951736161456604,0.9358961350186532,-0.021317883767503897,-0.028290395768458668,0.9826545702733048,-0.027926242026432273,,-0.10737336871727601,-0.12485747536668583,-0.1291249757687544,-0.01512083381000987,-0.1233775192446935,-0.1774721721877883,-0.14578674482320397,-0.12773478867984642,-0.14213404050493852,-0.14664027551568012,-0.1744780705190259,-0.019755770274437475,-0.019976154900894043,-0.03960773889276282,-0.04840038716347458,-0.012988139943948953,-0.05998825173648602,-0.03979229404270265,,-0.07418708953365277,-0.13408042577444973,0.08940365391946055,,-0.22468265543581736,-0.10155088246944208,-0.16715360456601647,0.0866805176876126,0.12329470154063374,-0.2552981732971439,-0.1711672550943832,-0.09431628428043537,-0.10155088246944191,-0.18922918035788353,-0.16715360456601666,-0.12337751924469362,-0.2510168778279483,-0.2246826554358174,0.015120833810009802,-0.14664027551568032,-0.06989487478767994,-0.051537948074026924,-0.1744780705190259,0.05391998042378806,-0.028817070486574628,-0.031383178589905164,-0.07418708953365277,-0.015247256655825915,,,,,,,,,-0.051537948074026986,-0.05153794807402705,-0.051537948074027014,0.102761923447333,-0.051537948074027014,-0.17447807051902575,-0.17447807051902542,-0.17447807051902564,-0.17447807051902564
maximum_nights,-0.432980133882067,,-0.29655447304745725,0.15989834351877466,0.17509681579850442,,-0.13962260072942514,-0.0019559449590548146,0.05544139683152409,-0.05622966686362585,0.052160415208842806,0.04107484146561001,0.029571792378614507,1.0,0.03643956316022199,0.02543209615471849,0.6147590990684254,0.6523902847672186,0.028267786246520373,0.6512192249786402,,-0.10513845523974227,-0.10028144740979264,-0.0884211053019216,0.11568224063386151,0.1679422909503501,0.044002470294632584,0.0015153074233750419,-0.08809375043509428,0.0764879905979963,0.04261030312448061,0.015887926806376088,0.041423210753353985,0.01848564843538278,0.014952891890536495,0.028385105108526792,-0.020725796743550486,0.06342387105146179,-0.0022275630985108667,,-0.072085486546186,0.04338227324018254,-0.2013268439246294,,-0.03529984979273507,0.0042677968725930585,0.08345087760050232,-0.031340629966795486,-0.014082583921899471,0.27316569995232953,0.07333130483289668,0.05773774825474384,0.004267796872593204,0.1289076529741114,0.08345087760050048,0.16794229095034996,0.27314021379323966,-0.03529984979273496,-0.11568224063386076,0.042610303124480664,-0.038552609824227146,-0.0921903471130321,0.015887926806376088,-0.16825904707360195,-0.08352797611425715,-0.08377323845037939,-0.072085486546186,-0.008226524611601862,,,,,,,,,-0.09219034711303195,-0.09219034711303213,-0.0921903471130323,-0.01174065592410032,-0.0921903471130323,0.01588792680637535,0.01588792680637622,0.015887926806376008,0.015887926806376008
minimum_minimum_nights,0.06808813065149211,,0.069656924491097,0.017406062135399476,-0.0036117521550975487,,0.11998220016130726,-0.1366196070880366,-0.11324995735644725,-0.056822112755942886,-0.05291593833108839,-0.09446499547479766,0.9951736161456604,0.03643956316022199,1.0,0.9324091411197198,-0.01448954742965888,-0.02110620396776128,0.9790014973812217,-0.02075055608496841,,-0.0982718604700622,-0.12031475593917915,-0.12652511537099184,-0.00916014730501242,-0.11798245543495733,-0.17013891674053666,-0.14144512008376645,-0.12515157165565888,-0.13578095503872842,-0.1494429317017501,-0.17998308565722304,-0.02371148938317043,-0.0283859586994778,-0.045834598317674884,-0.04782363729590909,-0.015268110496962018,-0.06480474570344118,-0.03848755722708758,,-0.07551775753026087,-0.12800354738328976,0.07693157038124739,,-0.2108802612518614,-0.09789726274972202,-0.16435773267145842,0.07153254556354247,0.1071328684455932,-0.24569807472419072,-0.16367409488892226,-0.09235022333202518,-0.097897262749722,-0.1860843388295676,-0.16435773267145842,-0.11798245543495733,-0.24107179021142086,-0.21088026125186143,0.009160147305012373,-0.14944293170175,-0.07481915157425179,-0.051062440338225004,-0.17998308565722304,0.03713963663638097,-0.03253396519603278,-0.03924563834841065,-0.07551775753026087,-0.015215773680250157,,,,,,,,,-0.05106244033822501,-0.05106244033822503,-0.051062440338225004,0.1109995082147958,-0.051062440338225004,-0.179983085657223,-0.17998308565722299,-0.17998308565722285,-0.17998308565722285
maximum_minimum_nights,0.0768197163597237,,0.06265560255163694,0.024300159966548898,0.0029916943217901475,,0.1237905317182782,-0.16363621906532283,-0.1006504996412721,-0.05713379061318308,-0.030601588268465336,-0.06936382531386213,0.9358961350186532,0.02543209615471849,0.9324091411197198,1.0,-0.025289689894673485,-0.031738796412728254,0.9847060727377654,-0.031380775002672924,,-0.1099780917052601,-0.11426037617970539,-0.11398075532078661,-0.024241695119356373,-0.11762352889119697,-0.16589469834547757,-0.1333042565933733,-0.11324788737966884,-0.128302338319116,-0.13706344436295226,-0.1451471481135356,-0.00457673786676357,-0.003179143459282355,-0.022397732280419486,-0.034893308315380865,-0.006061590972554913,-0.039862843153824566,-0.027283455572814252,,-0.079619718959789,-0.13359357339029485,0.07884866361673454,,-0.19812476465888995,-0.08125541834157836,-0.12800308098488003,0.047330351703156116,0.07214491941739236,-0.23206365824927366,-0.14532877672618552,-0.060580913227864686,-0.08125541834157843,-0.14316555302940256,-0.1280030809848801,-0.11762352889119683,-0.22959222358146317,-0.19812476465888998,0.024241695119356307,-0.13706344436295226,-0.0695372111251419,-0.02528349433113204,-0.1451471481135356,0.04580189494204726,-0.01617962161775345,-0.00038391999459257804,-0.079619718959789,-0.03822658190583706,,,,,,,,,-0.02528349433113215,-0.02528349433113214,-0.02528349433113212,0.06824636075873958,-0.02528349433113212,-0.1451471481135356,-0.14514714811353566,-0.14514714811353566,-0.14514714811353566
minimum_maximum_nights,-0.4877994431203526,,-0.22819873856847053,0.15539046877048776,0.14465019527278486,,-0.1838496260793621,0.002825831477445784,0.19246192734689194,0.15182702292281003,0.15844760267926628,0.1895746663686223,-0.021317883767503897,0.6147590990684254,-0.01448954742965888,-0.025289689894673485,1.0,0.9690408694266391,-0.023943078152582488,0.9724084392778694,,-0.07751064342221924,-0.07822352069296412,-0.07431579475222387,0.011373366916161858,0.313111084929313,0.17812612049278648,0.10628988383419773,-0.074826603692738,0.267834246402351,0.2212264147816321,0.2233607511497205,0.012116391363864441,0.034870075807023976,0.01799095157910073,-0.036142084356889266,-0.10641121355600586,0.06604304957211754,-0.03429724978924404,,-0.05796813676130884,-0.033461882612920345,-0.04847428918947792,,0.07714424644414962,0.15248181885378828,0.19724454122880722,-0.05093951000699501,-0.04559398040539137,0.4328183798774849,0.17632639913726095,0.1741252659482212,0.1524818188537886,0.19661706726483585,0.19724454122880505,0.31311108492931294,0.43360013687824334,0.0771442464441495,-0.01137336691616096,0.22122641478163227,0.06800494132239036,0.05392519285549219,0.2233607511497205,-0.08808576940667211,0.009534333677159121,0.04687431162348407,-0.05796813676130884,0.017794456752294765,,,,,,,,,0.0539251928554924,0.053925192855492216,0.05392519285549189,-0.09227863499756003,0.05392519285549189,0.22336075114971946,0.22336075114972057,0.22336075114972032,0.22336075114972032
maximum_maximum_nights,-0.49254510591738415,,-0.24354229195003263,0.15079468460286302,0.14031494642198816,,-0.1963957136674745,0.020296277316677287,0.1859691809833079,0.14073924767358625,0.14989145554663372,0.18729593299638392,-0.028290395768458668,0.6523902847672186,-0.02110620396776128,-0.031738796412728254,0.9690408694266391,1.0,-0.030539118444357874,0.9998404413911629,,-0.10459959756610246,-0.0990427101679576,-0.0879219629971194,0.020856819830151505,0.31355675031489955,0.2085607430719163,0.12564026198922673,-0.08881273218642252,0.2829928842709014,0.22587985440157313,0.22378178652016317,0.016257996184890832,0.04065223911491714,0.018686657637527228,-0.036243022779857505,-0.10116287571121002,0.07099403154812897,-0.03510779629550086,,-0.05683087649420827,-0.024142932787313002,-0.061898743035360526,,0.10148994823176234,0.15011134247483257,0.20196206335724828,-0.0491139662820312,-0.03798910970379472,0.43988299777258977,0.17566869947240069,0.1754020266613016,0.15011134247483293,0.20599586655949395,0.20196206335724634,0.3135567503148999,0.44140712280934524,0.10148994823176237,-0.02085681983015075,0.22587985440157313,0.08025004780274986,0.046424672987750354,0.22378178652016317,-0.09737370764016025,0.007226870796008074,0.048415712337143105,-0.05683087649420827,0.021111536623749524,,,,,,,,,0.046424672987750604,0.046424672987750465,0.04642467298775009,-0.1020188326066796,0.04642467298775009,0.22378178652016223,0.22378178652016326,0.22378178652016298,0.22378178652016298
minimum_nights_avg_ntm,0.07748410184438136,,0.0633064739712281,0.021001081299880604,-0.002112825096993595,,0.12178357453892359,-0.15333440992882913,-0.11184882429918988,-0.06465957694678154,-0.04608012794766853,-0.08820826220490291,0.9826545702733048,0.028267786246520373,0.9790014973812217,0.9847060727377654,-0.023943078152582488,-0.030539118444357874,1.0,-0.030185421530885197,,-0.10978465809106396,-0.119945239955086,-0.12215766179776966,-0.017714657632933055,-0.12183886388446782,-0.17378849144619224,-0.14131498002414739,-0.1211095912566177,-0.1373636414719172,-0.14346820900200036,-0.16686152964562334,-0.012930427880435932,-0.010871392617553505,-0.03108109764440937,-0.04271200608463733,-0.009546465172599402,-0.04913091307904738,-0.03480834916915438,,-0.0790806183793417,-0.13554032045792425,0.08304654730216812,,-0.21722629144507702,-0.09719043564603981,-0.15472474470914926,0.06839255447693705,0.09954663725880333,-0.24652205018651857,-0.16152908424664247,-0.08185351280733864,-0.09719043564603969,-0.1732385420517653,-0.1547247447091493,-0.12183886388446787,-0.24313493324990784,-0.217226291445077,0.017714657632933,-0.14346820900200008,-0.07086164234738028,-0.04288998826627054,-0.16686152964562334,0.04950364047150257,-0.02585477816936622,-0.018491910077892307,-0.0790806183793417,-0.027919508871120824,,,,,,,,,-0.042889988266270565,-0.04288998826627056,-0.042889988266270454,0.08982758772573103,-0.042889988266270454,-0.1668615296456234,-0.1668615296456233,-0.1668615296456232,-0.1668615296456232
maximum_nights_avg_ntm,-0.49317163749664245,,-0.2428671617232242,0.15131859114712456,0.1407929860077094,,-0.19595641288323096,0.019243568637872178,0.1865508684330382,0.14160044889142667,0.15069385803195035,0.18755693031168325,-0.027926242026432273,0.6512192249786402,-0.02075055608496841,-0.031380775002672924,0.9724084392778694,0.9998404413911629,-0.030185421530885197,1.0,,-0.10324070182202302,-0.09800356507924063,-0.08706313252680595,0.021063950943015365,0.3134078538081117,0.20432706557989094,0.12231502239941215,-0.08796769689615991,0.2812931446913113,0.2248077666556522,0.22330414647281419,0.01583229065603396,0.040219486409732906,0.018497576952750054,-0.03648203620592083,-0.10175876896327217,0.07050834821958897,-0.03537748976956832,,-0.056407585548335124,-0.02407896366118648,-0.06124544505867715,,0.09789721632897351,0.15053325127765155,0.20209300841886288,-0.04905390512068798,-0.03819507458797393,0.43923538557342834,0.17584848547004525,0.17535905108376093,0.15053325127765188,0.2058589023572668,0.2020930084188607,0.313407853808112,0.44069249182434744,0.09789721632897344,-0.021063950943014553,0.22480776665565244,0.0781914281828181,0.04647075210233912,0.22330414647281419,-0.09756574258397649,0.006361540196959475,0.047970348589380436,-0.056407585548335124,0.021901427178580905,,,,,,,,,0.04647075210233926,0.046470752102339155,0.04647075210233886,-0.1016351326105452,0.04647075210233886,0.22330414647281352,0.2233041464728145,0.22330414647281419,0.22330414647281419
calendar_updated,,,,,,,,,,,,,,,,,,,,,,,,,,,,,,,,,,,,,,,,,,,,,,,,,,,,,,,,,,,,,,,,,,,,,,,,,,,,,,,,,,,,,
availability_30,0.035762540716392094,,0.03470784229714547,-0.0289223123244141,-0.003027959784629874,,0.12692949392421546,0.07294973726841417,-0.018160279082142523,0.007839216091199556,-0.10525238888519292,-0.079593658175381,-0.10737336871727601,-0.10513845523974227,-0.0982718604700622,-0.1099780917052601,-0.07751064342221924,-0.10459959756610246,-0.10978465809106396,-0.10324070182202302,,1.0,0.9300511989392416,0.8395165100951576,0.3301664242346671,-0.04673420348711914,0.0006470751959151226,0.00956291447632124,0.8457561880797393,-0.025270474303354228,-0.022420909324260347,-0.024508823611271578,-0.0763464784058446,-0.10112170025230001,-0.053153542951279796,-0.10492884778134516,-0.05494567326872,-0.008325798040095748,-0.034075509916206274,,0.1873678463428432,0.26415027100560323,-0.10219049035038136,,0.005735862021391757,0.01125269514845154,-0.010612892173385865,-0.013127765894322862,-0.07124002953060837,0.0012003828247893178,0.010644428343795647,-0.08747094278094272,0.011252695148451534,-0.025354420082952574,-0.010612892173385636,-0.04673420348711915,0.006233503372114826,0.005735862021391769,-0.3301664242346669,-0.022420909324260364,-0.057023407487427985,-0.21215708307986375,-0.024508823611271578,-0.2106636994148884,-0.1948633825378425,-0.3700941706432111,0.1873678463428432,0.09512110168445839,,,,,,,,,-0.21215708307986386,-0.2121570830798636,-0.2121570830798638,0.3641618667209958,-0.2121570830798638,-0.02450882361127146,-0.02450882361127157,-0.024508823611271553,-0.024508823611271553
availability_60,0.02728546236847425,,0.006791392095763277,-0.0602118833089586,-0.02767701284690298,,0.14101151796485678,0.04112156270863204,-0.03161806743959541,0.012542725142996931,-0.13523525321711574,-0.1012012884357354,-0.12485747536668583,-0.10028144740979264,-0.12031475593917915,-0.11426037617970539,-0.07822352069296412,-0.0990427101679576,-0.119945239955086,-0.09800356507924063,,0.9300511989392416,1.0,0.9578764039026527,0.4088406202860665,-0.007770257010953118,0.053122972599369093,0.06189738378497191,0.9621657027488144,0.01148151555759955,0.022211089518408524,-0.015399037642014361,-0.03029282801399685,-0.05709516272137318,-0.021614573516654342,-0.06303870140750141,-0.03167675400173876,0.03260161805318346,0.015052628791126378,,0.15762331492711582,0.21761880177000587,-0.07833775907656053,,0.05509954528390108,-0.00021006466020985417,-0.021610104074552525,-0.016389104414853393,-0.07626333075820672,0.033019870704546185,-0.00020097413874967254,-0.1028625141870119,-0.00021006466020988718,-0.03569205027422966,-0.02161010407455237,-0.007770257010953115,0.036027174159197,0.05509954528390106,-0.40884062028606727,0.022211089518408462,-0.00861900685083296,-0.25494885258904343,-0.015399037642014361,-0.24544087267565773,-0.23490366664217616,-0.40015346325609824,0.15762331492711582,0.0931082698256577,,,,,,,,,-0.25494885258904343,-0.25494885258904343,-0.25494885258904354,0.32376659583676365,-0.25494885258904354,-0.01539903764201421,-0.015399037642014328,-0.015399037642014318,-0.015399037642014318
availability_90,0.02726095264207661,,-0.019315544017667927,-0.08276239015277277,-0.04571537812570612,,0.14311944478500163,0.0020068497556738098,-0.02771313379653593,0.02201360690263533,-0.11799425718332221,-0.09753420218875265,-0.1291249757687544,-0.0884211053019216,-0.12652511537099184,-0.11398075532078661,-0.07431579475222387,-0.0879219629971194,-0.12215766179776966,-0.08706313252680595,,0.8395165100951576,0.9578764039026527,1.0,0.506119261826116,0.00611179700091824,0.055285748937754405,0.09162464265099408,0.9996251119643975,0.00942862210852749,0.012905213204316415,-0.028401937254565905,0.00748289689083795,-0.019499661109265445,-0.0042820472087812065,-0.024784324441704537,0.009823761372805427,0.05070592661628184,0.054915016232340345,,0.10805187425734637,0.1426813435123731,-0.04291782501297087,,0.06396269043529577,0.009822766870304856,-0.022991780588625273,-0.009701547660091176,-0.0721044425809331,0.020237687660051486,-0.004953049926623459,-0.09905711615007873,0.00982276687030488,-0.04294113689418998,-0.022991780588624996,0.006111797000918148,0.022138374223463063,0.06396269043529582,-0.5061192618261154,0.012905213204316392,0.00466783619933302,-0.30800317162109997,-0.028401937254565905,-0.3159096999502651,-0.29959934164586527,-0.4473221764164945,0.10805187425734637,0.08927166799183955,,,,,,,,,-0.3080031716210999,-0.3080031716210998,-0.3080031716210997,0.31212583459596405,-0.3080031716210997,-0.02840193725456576,-0.02840193725456583,-0.028401937254565822,-0.028401937254565822
availability_365,0.03110770567067893,,0.02669859934794359,-0.08685625049660528,-0.04089945997754904,,0.11480826371820682,-0.07982448092841725,-0.017864037261059378,-0.026396005906145097,-0.05619195536329443,-0.04033543474339806,-0.01512083381000987,0.11568224063386151,-0.00916014730501242,-0.024241695119356373,0.011373366916161858,0.020856819830151505,-0.017714657632933055,0.021063950943015365,,0.3301664242346671,0.4088406202860665,0.506119261826116,1.0,-0.0055780451626904455,0.003982544062853335,0.09909462121335538,0.495719495341366,-0.07701426098240448,-0.002197202918425642,-0.021999031207043815,0.06256354398239539,0.008224755113051188,-0.032534930587617916,0.002988492829224215,0.04982449919002083,0.08074971749655421,0.0842222401297606,,-0.02808761083821042,0.025226461506455147,-0.09225747912191708,,0.06621662521646837,0.00846834832308021,-0.0670180819008584,-0.07384052853698497,-0.1265759077184068,-0.003226882013794877,-0.020691928530242838,-0.040114646411158555,0.008468348323080153,-0.0957803469032865,-0.06701808190085819,-0.005578045162690451,-0.009055790952289759,0.06621662521646837,-1.0000000000000002,-0.0021972029184256824,0.026579327800573337,-0.7085094413600445,-0.021999031207043815,-0.8743714324175522,-0.8872936740656525,-0.8226803799415197,-0.02808761083821042,0.11048554896453107,,,,,,,,,-0.7085094413600445,-0.7085094413600439,-0.708509441360044,0.37134815030151147,-0.708509441360044,-0.021999031207043645,-0.021999031207043752,-0.021999031207043735,-0.021999031207043735
number_of_reviews,-0.5322524585300573,,-0.24057551933715035,-0.0835043102179791,-0.07296113114585352,,-0.15946213939674272,0.03679923950979644,0.03350837110039694,-0.029421433183146054,-0.06426520670438372,0.044324501275980664,-0.1233775192446935,0.1679422909503501,-0.11798245543495733,-0.11762352889119697,0.313111084929313,0.31355675031489955,-0.12183886388446782,0.3134078538081117,,-0.04673420348711914,-0.007770257010953118,0.00611179700091824,-0.0055780451626904455,1.0,0.6631225998233629,0.43651432487712205,0.004148919188991246,0.7611777748210543,0.5358478845645034,0.3908834977313099,0.13770491488547074,0.1499153336651977,0.12816350896126638,0.11027595819542468,0.1027928605756094,0.1612693680622926,0.14454885032870726,,-0.039050515678864625,0.0015432598778633403,-0.07262426973543917,,0.6494282691935571,-0.04061993512527235,0.008671997389953728,-0.07409387204706824,-0.07471010391576031,0.6940636895035657,0.053978292375196586,0.06869709772967202,-0.04061993512527237,0.04195334566295843,0.008671997389951348,1.0000000000000002,0.6724945615044379,0.6494282691935582,0.005578045162691244,0.5358478845645037,0.4830403512164014,-0.004903344543753712,0.3908834977313099,0.0007359383079038898,0.028944145021810017,0.05694414545115084,-0.039050515678864625,0.007238596531212268,,,,,,,,,-0.004903344543753516,-0.004903344543753592,-0.004903344543754009,-0.091462563313139,-0.004903344543754009,0.3908834977313095,0.39088349773131026,0.3908834977313102,0.3908834977313102
number_of_reviews_ltm,-0.21134644943496178,,-0.09056255395457691,-0.11057770060844317,-0.09848916035920478,,-0.1498177318356009,-0.02881791253418671,0.08562167962358223,0.06462106117773762,-0.016100986094090643,0.06766090793967085,-0.1774721721877883,0.044002470294632584,-0.17013891674053666,-0.16589469834547757,0.17812612049278648,0.2085607430719163,-0.17378849144619224,0.20432706557989094,,0.0006470751959151226,0.053122972599369093,0.055285748937754405,0.003982544062853335,0.6631225998233629,1.0,0.7046056364057098,0.053627307767644114,0.8151771764053523,0.8578175767352003,0.6724108744091829,0.1754956034524953,0.1753255420498077,0.17451713951215475,0.1273987223418734,0.13380411460654473,0.15818085473633503,0.17733297713210774,,-0.027591467728222702,0.006392960489311988,-0.060112930904020555,,0.8402823786481599,-0.03799111030186961,0.03785652634352032,-0.11281009129396977,-0.11688103649725075,0.6658913404969299,0.10859019246829088,0.07555323377839514,-0.03799111030186959,0.0784095208268489,0.03785652634351913,0.6631225998233622,0.6628158341244745,0.8402823786481602,-0.003982544062852924,0.8578175767351992,0.762056790611121,0.0031980596854987134,0.6724108744091829,-0.023337893308701563,0.002832402344716453,0.06979795305969003,-0.027591467728222702,-0.04117835958264591,,,,,,,,,0.0031980596854988114,0.0031980596854987485,0.003198059685498556,-0.11578940964919127,0.003198059685498556,0.6724108744091827,0.6724108744091825,0.6724108744091822,0.6724108744091822
number_of_reviews_l30d,-0.07004192746123819,,-0.06504809831486534,-0.09087744898981148,-0.07913346333246513,,-0.12839620561763476,-0.035238272203784234,0.03969441376721006,0.06818353120497017,-0.029721395302297376,0.04253213845127745,-0.14578674482320397,0.0015153074233750419,-0.14144512008376645,-0.1333042565933733,0.10628988383419773,0.12564026198922673,-0.14131498002414739,0.12231502239941215,,0.00956291447632124,0.06189738378497191,0.09162464265099408,0.09909462121335538,0.43651432487712205,0.7046056364057098,1.0,0.08847569091958012,0.5302267671129081,0.5802623330258218,0.4419225678572305,0.15040023613835934,0.15911410788874206,0.14330670928691613,0.11747201694706301,0.12969712128114153,0.12676716622884115,0.17268336879205007,,-0.03844153699731423,-0.03508781955720746,-0.010742015642125985,,0.7125999072820438,-0.04969889428586255,-0.016456437796479116,-0.08962103352768452,-0.10110181477161584,0.4450178609773739,0.040209396527295556,0.04570238045055355,-0.049698894285862515,-0.004668380536441826,-0.016456437796479192,0.436514324877122,0.43765320822991394,0.7125999072820444,-0.09909462121335527,0.5802623330258221,0.5288934370136609,-0.061382471723172086,0.4419225678572305,-0.0799127015241138,-0.05716105412994839,-0.0085677319882751,-0.03844153699731423,-0.005516837307095003,,,,,,,,,-0.061382471723171954,-0.061382471723172065,-0.061382471723172016,-0.11297496733482504,-0.061382471723172016,0.44192256785723066,0.44192256785723044,0.4419225678572305,0.4419225678572305
availability_eoy,0.026466623334745785,,-0.02017561333687428,-0.07997510349893823,-0.043330928441554846,,0.1422388065480572,0.006394672898373172,-0.028683069788792332,0.02115736528649621,-0.11959375138319256,-0.09930130560113393,-0.12773478867984642,-0.08809375043509428,-0.12515157165565888,-0.11324788737966884,-0.074826603692738,-0.08881273218642252,-0.1211095912566177,-0.08796769689615991,,0.8457561880797393,0.9621657027488144,0.9996251119643975,0.495719495341366,0.004148919188991246,0.053627307767644114,0.08847569091958012,1.0,0.008738591390263383,0.011398454969388863,-0.029054463629688825,0.00401952572916217,-0.02289037679118316,-0.005886212085951012,-0.02804419510939993,0.006633066573826533,0.04719911380458776,0.050713876641491684,,0.11265566162095338,0.1481702781416807,-0.04376679569000639,,0.06267983402975663,0.009419444167710858,-0.022256840055224436,-0.008368349360282567,-0.07042735145746885,0.01988865273606335,-0.0049446073112673645,-0.10026889223236023,0.009419444167710834,-0.04131142792750263,-0.022256840055224245,0.004148919188991181,0.022053236859930818,0.06267983402975669,-0.49571949534136656,0.011398454969388856,0.003217114789786805,-0.30145861531516177,-0.029054463629688825,-0.30648630974726937,-0.28974442033674835,-0.440951937071536,0.11265566162095338,0.08783784604993121,,,,,,,,,-0.3014586153151617,-0.3014586153151613,-0.30145861531516177,0.3116264932635377,-0.30145861531516177,-0.029054463629688644,-0.029054463629688818,-0.029054463629688772,-0.029054463629688772
number_of_reviews_ly,-0.3661044458172147,,-0.18727927698227312,-0.09157004106336797,-0.07924016000493123,,-0.12878675591765726,-0.038365604990420146,0.04576702877182261,0.0778285374405788,-0.026753033949762712,0.03237542770844624,-0.14213404050493852,0.0764879905979963,-0.13578095503872842,-0.128302338319116,0.267834246402351,0.2829928842709014,-0.1373636414719172,0.2812931446913113,,-0.025270474303354228,0.01148151555759955,0.00942862210852749,-0.07701426098240448,0.7611777748210543,0.8151771764053523,0.5302267671129081,0.008738591390263383,1.0,0.6847348304703241,0.5363462085743983,0.18067047988452603,0.19097477842527902,0.18259690776272844,0.1294870519270146,0.12480081928594686,0.16975359078884966,0.17543319295619245,,0.016650751723058715,0.025966086442663783,-0.013216722551316474,,0.6917098642768386,-0.027921261716608626,0.03782508944120455,-0.04594037824806274,-0.02859769161978843,0.68487596046201,0.05784631904877918,0.036143886111888075,-0.02792126171660838,0.06857067210097549,0.037825089441202615,0.7611777748210553,0.6845277003490239,0.6917098642768378,0.07701426098240517,0.6847348304703249,0.6300033925985834,0.05638245528701985,0.5363462085743983,0.055444277345261764,0.06820571379822751,0.13317969072992486,0.016650751723058715,0.0028264328378034267,,,,,,,,,0.05638245528701998,0.056382455287019885,0.05638245528701956,-0.13906288166270495,0.05638245528701956,0.5363462085743977,0.536346208574399,0.5363462085743982,0.5363462085743982
estimated_occupancy_l365d,-0.22283411189020755,,-0.09514950744638392,-0.08702709587184157,-0.10096365971013564,,-0.16406782436007838,-0.04512791284829216,0.1132917005089727,0.06232893068522262,0.009038946011079674,0.09329481610368005,-0.14664027551568012,0.04261030312448061,-0.1494429317017501,-0.13706344436295226,0.2212264147816321,0.22587985440157313,-0.14346820900200036,0.2248077666556522,,-0.022420909324260347,0.022211089518408524,0.012905213204316415,-0.002197202918425642,0.5358478845645034,0.8578175767352003,0.5802623330258218,0.011398454969388863,0.6847348304703241,1.0,0.8043845292071602,0.19005468850588247,0.19108145989159284,0.16712873467932418,0.13806257065157743,0.1378599595549109,0.1265677984773848,0.17897694098466665,,-0.010203551100352995,0.017499902204537843,-0.0473481555766315,,0.7211606663109852,-0.0514539306064773,0.04334503380706075,-0.15497369122361976,-0.163498007489812,0.7029966792297756,0.13505434362559662,0.0977804588027071,-0.051453930606477204,0.09502424781797071,0.043345033807059494,0.5358478845645037,0.7064528394433098,0.7211606663109854,0.002197202918426077,0.9999999999999992,0.6051161054633776,-0.011316160014829659,0.8043845292071602,-0.03999583708326576,-0.015499394039875379,0.06446997011839836,-0.010203551100352995,-0.019238749516138298,,,,,,,,,-0.011316160014829555,-0.011316160014829612,-0.01131616001482973,-0.12042647933277936,-0.01131616001482973,0.8043845292071602,0.8043845292071604,0.8043845292071603,0.8043845292071603
estimated_revenue_l365d,-0.22187727427237822,,-0.09464623663325361,-0.08099238984923732,-0.08290352160640385,,-0.15044090334762236,-0.12417567493007246,0.47428015286364106,0.25627156070753676,0.37520698990732193,0.3995298686419257,-0.1744780705190259,0.015887926806376088,-0.17998308565722304,-0.1451471481135356,0.2233607511497205,0.22378178652016317,-0.16686152964562334,0.22330414647281419,,-0.024508823611271578,-0.015399037642014361,-0.028401937254565905,-0.021999031207043815,0.3908834977313099,0.6724108744091829,0.4419225678572305,-0.029054463629688825,0.5363462085743983,0.8043845292071602,1.0,0.20968204254899322,0.20146302568697408,0.19289425868225193,0.16045602994410027,0.14812188520936004,0.14860519351140436,0.19370938713091737,,-0.008589097633592866,0.047564653139149975,-0.09222662046037182,,0.5449285035982625,0.24335075775236023,0.40269734033614213,-0.12623533218012836,-0.13482245998329995,0.5805434387846495,0.4440111415553891,0.3757099747768337,0.24335075775236076,0.4262065361088583,0.4026973403361412,0.3908834977313102,0.5911788245436881,0.5449285035982636,0.021999031207043683,0.8043845292071611,0.501543723677527,0.1659973318400024,1.0,-0.036565581264102,0.019784496306270872,0.17435409641486987,-0.008589097633592866,-0.10516959631746294,,,,,,,,,0.16599733184000248,0.1659973318400026,0.1659973318400023,-0.1471248058628578,0.1659973318400023,0.9999999999999997,1.0000000000000002,1.0000000000000009,1.0000000000000009
review_scores_rating,-0.09647897629874792,,-0.12799594827759134,-0.32170602111373137,-0.23442043213331978,,0.01860604935546161,-0.23084603014450217,0.009004757946938169,0.06788403293843477,-0.016711180463415926,-0.020568927529684387,-0.019755770274437475,0.041423210753353985,-0.02371148938317043,-0.00457673786676357,0.012116391363864441,0.016257996184890832,-0.012930427880435932,0.01583229065603396,,-0.0763464784058446,-0.03029282801399685,0.00748289689083795,0.06256354398239539,0.13770491488547074,0.1754956034524953,0.15040023613835934,0.00401952572916217,0.18067047988452603,0.19005468850588247,0.20968204254899322,1.0,0.8182026276800946,0.7195202575972595,0.7331047488457854,0.678303368300271,0.6197581464162434,0.9306519919109465,,0.02605219239827491,-0.05743389321715377,0.1544201047847461,,0.17033707918853197,-0.027166879173729154,-0.0029536896270255316,0.028516066303746326,0.10459273954286383,0.26169040285112466,-0.04369741902919611,-0.03511429981937122,-0.027166879173729244,0.010669517493891676,-0.0029536896270252492,0.13770491488547093,0.2639860996507916,0.1703370791885319,-0.06256354398239528,0.19005468850588225,0.11432776777984346,-0.05228741310133935,0.2096820425489933,0.027468474776714616,-0.0025033852410319577,0.090301438895961,0.02605219239827491,0.01561153689583244,,,,,,,,,-0.05228741310133939,-0.05228741310133945,-0.052287413101339615,-0.12057975382658971,-0.052287413101339615,0.209682042548993,0.20968204254899328,0.2096820425489933,0.2096820425489933
review_scores_accuracy,-0.08196042091700023,,-0.12317171977930921,-0.2392326418296117,-0.20221108390073464,,0.001984835106846061,-0.2208722938486824,-0.015544630605371744,0.05235013360321618,-0.060417955978269856,-0.030116320950299074,-0.019976154900894043,0.01848564843538278,-0.0283859586994778,-0.003179143459282355,0.034870075807023976,0.04065223911491714,-0.010871392617553505,0.040219486409732906,,-0.10112170025230001,-0.05709516272137318,-0.019499661109265445,0.008224755113051188,0.1499153336651977,0.1753255420498077,0.15911410788874206,-0.02289037679118316,0.19097477842527902,0.19108145989159284,0.20146302568697408,0.8182026276800946,1.0,0.6629821472647196,0.6417203899210346,0.5686186974286488,0.6039420059306411,0.7680047179033036,,0.024765545033156235,-0.046720190063873186,0.1324797905421759,,0.1766367233939874,-0.018383702321318852,0.004095437753496408,0.022530417930738428,0.09684761979346748,0.2558435182131669,-0.056928216614166784,-0.04994718831468322,-0.018383702321318866,0.024491019797346133,0.0040954377534967,0.14991533366519777,0.26176189527880384,0.1766367233939876,-0.00822475511305115,0.19108145989159298,0.11655512403676073,-0.028689067178758722,0.2014630256869741,0.0497484790905457,0.0405895128453228,0.09937987115768862,0.024765545033156235,0.044505656546844574,,,,,,,,,-0.028689067178758722,-0.02868906717875866,-0.02868906717875864,-0.13548167563713226,-0.02868906717875864,0.20146302568697408,0.20146302568697408,0.2014630256869741,0.2014630256869741
review_scores_cleanliness,-0.12736496533123223,,-0.11570788231693518,-0.3779056759691133,-0.3088871042791053,,0.05842124646884426,-0.17914320461827077,0.019056457480552735,0.08737088656543866,0.013631178899992673,0.01904078758622582,-0.03960773889276282,0.014952891890536495,-0.045834598317674884,-0.022397732280419486,0.01799095157910073,0.018686657637527228,-0.03108109764440937,0.018497576952750054,,-0.053153542951279796,-0.021614573516654342,-0.0042820472087812065,-0.032534930587617916,0.12816350896126638,0.17451713951215475,0.14330670928691613,-0.005886212085951012,0.18259690776272844,0.16712873467932418,0.19289425868225193,0.7195202575972595,0.6629821472647196,1.0,0.5650371835168098,0.5921192127831979,0.526508140674523,0.6764376914678587,,0.012496884423484796,-0.06445064814781033,0.1411261713517493,,0.16977084943479878,0.027079279389493106,0.06856547775954266,0.08026233188971302,0.13796363209009227,0.23768136327471268,-0.012995330510369663,0.003709905299826552,0.02707927938949312,0.0769159962762867,0.06856547775954307,0.12816350896126638,0.24443988179390508,0.16977084943479878,0.03253493058761799,0.16712873467932418,0.11614001971520069,0.05146115781683999,0.19289425868225196,0.1317287156598043,0.11997471160776793,0.23286604186220006,0.012496884423484796,-0.03935691573774065,,,,,,,,,0.05146115781684001,0.05146115781683991,0.05146115781683987,-0.20879860986603352,0.05146115781683987,0.19289425868225193,0.19289425868225205,0.19289425868225196,0.19289425868225196
review_scores_checkin,-0.09094331740186473,,-0.1352211589020284,-0.31235333133285653,-0.2256943263950113,,0.04818414343437111,-0.19395655931213948,0.0186537530872124,0.051695814031260355,-0.012203908584135191,-0.011729502793590864,-0.04840038716347458,0.028385105108526792,-0.04782363729590909,-0.034893308315380865,-0.036142084356889266,-0.036243022779857505,-0.04271200608463733,-0.03648203620592083,,-0.10492884778134516,-0.06303870140750141,-0.024784324441704537,0.002988492829224215,0.11027595819542468,0.1273987223418734,0.11747201694706301,-0.02804419510939993,0.1294870519270146,0.13806257065157743,0.16045602994410027,0.7331047488457854,0.6417203899210346,0.5650371835168098,1.0,0.7750179547180557,0.5376397751453575,0.7751361306229538,,-0.0006523205297985187,-0.060223373650733464,0.10818059394443558,,0.14586322500591448,-0.11335000240118208,-0.04979103984804661,-0.12011297189323863,0.024695585723250226,0.18141115107991806,-0.017897628564125117,-0.015249921753672464,-0.11335000240118219,-0.008820656835626009,-0.049791039848046365,0.11027595819542478,0.18533650153927753,0.14586322500591467,-0.002988492829224094,0.13806257065157748,0.09097374398242372,0.03331337036541979,0.16045602994410016,0.10424881153029295,0.11163983905405182,0.17529269587858679,-0.0006523205297985187,-0.03507988366911937,,,,,,,,,0.03331337036541981,0.033313370365419766,0.03331337036541973,-0.18249147554023223,0.03331337036541973,0.1604560299441001,0.1604560299441002,0.16045602994410027,0.16045602994410027
review_scores_communication,-0.062409210226577284,,-0.10906272321626374,-0.4381903669404784,-0.3715019665855325,,0.09443183723362884,-0.17033783424402846,0.02749565650849599,0.04482143999423578,0.004126448430860829,0.01661224870938173,-0.012988139943948953,-0.020725796743550486,-0.015268110496962018,-0.006061590972554913,-0.10641121355600586,-0.10116287571121002,-0.009546465172599402,-0.10175876896327217,,-0.05494567326872,-0.03167675400173876,0.009823761372805427,0.04982449919002083,0.1027928605756094,0.13380411460654473,0.12969712128114153,0.006633066573826533,0.12480081928594686,0.1378599595549109,0.14812188520936004,0.678303368300271,0.5686186974286488,0.5921192127831979,0.7750179547180557,1.0,0.4443477318099442,0.698390756798027,,-0.01794339554643547,-0.05688370687608609,0.06888999008519855,,0.16703772653699622,-0.12302318954278706,-0.08473945009570842,-0.18889694401558096,-0.07201633064766816,0.16138301423395207,-0.0007300981463044584,0.012794904440441532,-0.1230231895427869,-0.06482293357372906,-0.08473945009570823,0.10279286057560945,0.1684468180583375,0.16703772653699628,-0.049824499190020737,0.13785995955491095,0.0899859235700602,-0.035810108195639706,0.1481218852093599,-0.034399268124619006,-0.039514149103954135,0.03467809561643002,-0.01794339554643547,-0.06734667481909642,,,,,,,,,-0.035810108195639685,-0.03581010819563965,-0.035810108195639685,-0.03486116001267004,-0.035810108195639685,0.14812188520935995,0.14812188520936,0.1481218852093601,0.1481218852093601
review_scores_location,-0.17009981531200816,,-0.12894110949124443,-0.28535481901178433,-0.2145772824527688,,0.10995519921442946,-0.3230250752119235,0.013178757440579055,0.12158014809894122,-0.006768803773841939,-0.003113250859077356,-0.05998825173648602,0.06342387105146179,-0.06480474570344118,-0.039862843153824566,0.06604304957211754,0.07099403154812897,-0.04913091307904738,0.07050834821958897,,-0.008325798040095748,0.03260161805318346,0.05070592661628184,0.08074971749655421,0.1612693680622926,0.15818085473633503,0.12676716622884115,0.04719911380458776,0.16975359078884966,0.1265677984773848,0.14860519351140436,0.6197581464162434,0.6039420059306411,0.526508140674523,0.5376397751453575,0.4443477318099442,1.0,0.5837960790160737,,0.00772428706602471,-0.07684930850944299,0.15448642681503694,,0.13544315219360534,-0.017011814096599454,-0.012903130239654661,0.007640579690198689,0.06632158199373156,0.24634525872187368,-0.046178774736577145,-0.01341789525470154,-0.017011814096599444,-0.011880136715278232,-0.012903130239654134,0.16126936806229267,0.247289570619066,0.1354431521936052,-0.08074971749655427,0.12656779847738478,0.09624989420500314,-0.08024307571082022,0.14860519351140425,0.004862563495809648,-0.05004528422391375,0.021584536519657135,0.00772428706602471,-0.055950704916639844,,,,,,,,,-0.08024307571082019,-0.08024307571082005,-0.08024307571082022,-0.09237058965102192,-0.08024307571082022,0.14860519351140425,0.1486051935114044,0.14860519351140414,0.14860519351140414
review_scores_value,-0.06142879266746187,,-0.11924304626381237,-0.3682958687770977,-0.25938454328041083,,0.03587194987034892,-0.2204752288001075,0.0046970735175528395,0.07891762260146473,-0.018035985012143336,-0.025466293428073453,-0.03979229404270265,-0.0022275630985108667,-0.03848755722708758,-0.027283455572814252,-0.03429724978924404,-0.03510779629550086,-0.03480834916915438,-0.03537748976956832,,-0.034075509916206274,0.015052628791126378,0.054915016232340345,0.0842222401297606,0.14454885032870726,0.17733297713210774,0.17268336879205007,0.050713876641491684,0.17543319295619245,0.17897694098466665,0.19370938713091737,0.9306519919109465,0.7680047179033036,0.6764376914678587,0.7751361306229538,0.698390756798027,0.5837960790160737,1.0,,0.017336087592482934,-0.06305215483893739,0.14788266231246988,,0.19533276039956615,-0.02131703684610904,-0.020477536692815695,0.03378315692329945,0.08655195304182454,0.23642346228035224,-0.03929732166258916,-0.04585503124169459,-0.021317036846109035,-0.021865865025272022,-0.02047753669281556,0.14454885032870715,0.23842858762542266,0.19533276039956624,-0.08422224012976053,0.17897694098466685,0.11622229443630924,-0.032755507749606914,0.19370938713091737,0.027181058201985308,0.014029176302504942,0.07592949690971376,0.017336087592482934,-0.008953848189511235,,,,,,,,,-0.03275550774960697,-0.03275550774960697,-0.0327555077496069,-0.10995186014474574,-0.0327555077496069,0.19370938713091748,0.1937093871309173,0.19370938713091754,0.19370938713091754
license,,,,,,,,,,,,,,,,,,,,,,,,,,,,,,,,,,,,,,,,,,,,,,,,,,,,,,,,,,,,,,,,,,,,,,,,,,,,,,,,,,,,,
calculated_host_listings_count,0.07521638950463361,,-0.04704688072941505,0.010167525742303217,0.0016704951960215433,,0.2224799320084016,-0.10893876276441547,-0.046259601598331625,0.08302722209971694,-0.03128993151779489,-0.10453141951613322,-0.07418708953365277,-0.072085486546186,-0.07551775753026087,-0.079619718959789,-0.05796813676130884,-0.05683087649420827,-0.0790806183793417,-0.056407585548335124,,0.1873678463428432,0.15762331492711582,0.10805187425734637,-0.02808761083821042,-0.039050515678864625,-0.027591467728222702,-0.03844153699731423,0.11265566162095338,0.016650751723058715,-0.010203551100352995,-0.008589097633592866,0.02605219239827491,0.024765545033156235,0.012496884423484796,-0.0006523205297985187,-0.01794339554643547,0.00772428706602471,0.017336087592482934,,1.0,0.8351156199135904,0.4082859956025997,,-0.01567704591214884,0.0006272707320469019,-0.07956607246867758,-0.020785397182014338,-0.0069983742780240525,0.007450406106814472,-0.07051096178163778,-0.12844626514955246,0.000627270732046856,-0.12368631011782186,-0.07956607246867713,-0.03905051567886467,0.02149062672098063,-0.015677045912148867,0.02808761083821022,-0.010203551100352993,-0.056895841803113634,0.06532179148237195,-0.008589097633592854,0.08832128912276985,0.06360703111987613,0.009385516843432017,1.0,0.5147446240431631,,,,,,,,,0.06532179148237191,0.06532179148237206,0.06532179148237197,0.020733970906461837,0.06532179148237197,-0.008589097633592727,-0.008589097633592923,-0.00858909763359279,-0.00858909763359279
calculated_host_listings_count_entire_homes,0.011946731894165206,,-0.07934260281383722,0.04983204892558267,0.0396781330377142,,0.0921941647470599,0.05837315477843409,0.05724660979119789,-0.05421065220518344,0.0041996237094867155,-0.05723028287171058,-0.13408042577444973,0.04338227324018254,-0.12800354738328976,-0.13359357339029485,-0.033461882612920345,-0.024142932787313002,-0.13554032045792425,-0.02407896366118648,,0.26415027100560323,0.21761880177000587,0.1426813435123731,0.025226461506455147,0.0015432598778633403,0.006392960489311988,-0.03508781955720746,0.1481702781416807,0.025966086442663783,0.017499902204537843,0.047564653139149975,-0.05743389321715377,-0.046720190063873186,-0.06445064814781033,-0.060223373650733464,-0.05688370687608609,-0.07684930850944299,-0.06305215483893739,,0.8351156199135904,1.0,-0.16117168665173598,,0.02098989710088472,-0.01037500951054841,0.023435989339998336,-0.1493061421139372,-0.15921822181926434,0.0921099002340224,0.12384053589615977,-0.0622200468206273,-0.01037500951054842,0.042719835284442995,0.023435989339998832,0.0015432598778632454,0.09893359854833703,0.020989897100884735,-0.02522646150645543,0.01749990220453776,-0.042055470612917735,0.025594828540401075,0.04756465313915004,-0.05547811278634943,-0.019487186589995934,-0.0539450218376034,0.8351156199135904,0.40459240442881994,,,,,,,,,0.025594828540401075,0.02559482854040112,0.02559482854040114,0.0463415301798665,0.02559482854040114,0.04756465313915009,0.04756465313914997,0.04756465313914999,0.04756465313914999
calculated_host_listings_count_private_rooms,0.11512517339920351,,0.0472598021460705,-0.0644545279543455,-0.06284910932233066,,0.24616939847263333,-0.2923253582755196,-0.17799885398711407,0.23377499569929125,-0.06381713244627951,-0.09082436842787725,0.08940365391946055,-0.2013268439246294,0.07693157038124739,0.07884866361673454,-0.04847428918947792,-0.061898743035360526,0.08304654730216812,-0.06124544505867715,,-0.10219049035038136,-0.07833775907656053,-0.04291782501297087,-0.09225747912191708,-0.07262426973543917,-0.060112930904020555,-0.010742015642125985,-0.04376679569000639,-0.013216722551316474,-0.0473481555766315,-0.09222662046037182,0.1544201047847461,0.1324797905421759,0.1411261713517493,0.10818059394443558,0.06888999008519855,0.15448642681503694,0.14788266231246988,,0.4082859956025997,-0.16117168665173598,1.0,,-0.06826233822798453,0.017927555851840152,-0.17778600639338565,0.20562098688942748,0.24591637987958448,-0.1394900171833327,-0.33202317435155276,-0.12474501848753529,0.017927555851840124,-0.2865683113040007,-0.17778600639338557,-0.07262426973543903,-0.12562348802643936,-0.06826233822798448,0.09225747912191695,-0.047348155576631544,-0.03228926565194583,0.07324681774416815,-0.09222662046037182,0.24513092053674934,0.14225468010715503,0.09757539718760906,0.4082859956025997,0.25211356179920413,,,,,,,,,0.07324681774416812,0.07324681774416814,0.07324681774416819,-0.03568866011951919,0.07324681774416819,-0.09222662046037167,-0.09222662046037186,-0.09222662046037194,-0.09222662046037194
calculated_host_listings_count_shared_rooms,,,,,,,,,,,,,,,,,,,,,,,,,,,,,,,,,,,,,,,,,,,,,,,,,,,,,,,,,,,,,,,,,,,,,,,,,,,,,,,,,,,,,
reviews_per_month,-0.03339933634866104,,-0.03859524247901495,-0.11909646223933047,-0.10498551394738871,,-0.1641457336068047,0.05534282257119152,0.08885349308470313,0.02241414441465702,-0.027651348583023195,0.0757964449031613,-0.22468265543581736,-0.03529984979273507,-0.2108802612518614,-0.19812476465888995,0.07714424644414962,0.10148994823176234,-0.21722629144507702,0.09789721632897351,,0.005735862021391757,0.05509954528390108,0.06396269043529577,0.06621662521646837,0.6494282691935571,0.8402823786481599,0.7125999072820438,0.06267983402975663,0.6917098642768386,0.7211606663109852,0.5449285035982625,0.17033707918853197,0.1766367233939874,0.16977084943479878,0.14586322500591448,0.16703772653699622,0.13544315219360534,0.19533276039956615,,-0.01567704591214884,0.02098989710088472,-0.06826233822798453,,1.0,-0.057087584634138315,0.01285681125242861,-0.1701569982169362,-0.18216140257761987,0.6187737082751077,0.12965962219732882,0.08750045630084016,-0.057087584634138336,0.054089267033530015,0.012856811252428687,0.6494282691935577,0.599597302991482,0.9999999999999994,-0.06621662521646833,0.7211606663109843,0.6245080826185029,-0.04178090375615118,0.5449285035982625,-0.09524577750147564,-0.0464459271691939,0.011779702324779425,-0.015677045912148857,-0.07273528578730405,,,,,,,,,-0.04178090375615118,-0.04178090375615119,-0.04178090375615113,-0.0818960666193837,-0.04178090375615113,0.5449285035982625,0.5449285035982624,0.5449285035982626,0.5449285035982626
price_clean,-0.09395973365687221,,-0.027742808564245366,0.0209390166645847,0.02552023449609658,,-0.02446378070937994,-0.11306562569975644,0.6728799950977554,0.4790985677214733,0.6166218505951436,0.5973226077925219,-0.10155088246944208,0.0042677968725930585,-0.09789726274972202,-0.08125541834157836,0.15248181885378828,0.15011134247483257,-0.09719043564603981,0.15053325127765155,,0.01125269514845154,-0.00021006466020985417,0.009822766870304856,0.00846834832308021,-0.04061993512527235,-0.03799111030186961,-0.04969889428586255,0.009419444167710858,-0.027921261716608626,-0.0514539306064773,0.24335075775236023,-0.027166879173729154,-0.018383702321318852,0.027079279389493106,-0.11335000240118208,-0.12302318954278706,-0.017011814096599454,-0.02131703684610904,,0.0006272707320469019,-0.01037500951054841,0.017927555851840152,,-0.057087584634138315,1.0,0.8318941741038536,0.40769900170519024,0.26910988695277327,0.002286806259801862,0.554050521238002,0.5034506163564697,1.0,0.5945484359886453,0.8318941741038556,-0.04061993512527244,0.001901133509450939,-0.05708758463413838,-0.00846834832308034,-0.05145393060647733,-0.004491279374778827,0.3932315567589943,0.24335075775236023,0.012773470104190433,0.08939151686578957,0.2582674818065891,0.000627270732046923,-0.0853610547910588,,,,,,,,,0.3932315567589943,0.3932315567589943,0.39323155675899396,-0.1252937836485421,0.39323155675899396,0.2433507577523604,0.2433507577523602,0.2433507577523602,0.2433507577523602
log_price,-0.15357483083222448,,-0.1001494202112578,0.06592393243114884,0.07224719176705155,,-0.15701803246364598,-0.04152882488315818,0.774290917936683,0.39317158413971853,0.6975547383282875,0.6642092123234569,-0.16715360456601647,0.08345087760050232,-0.16435773267145842,-0.12800308098488003,0.19724454122880722,0.20196206335724828,-0.15472474470914926,0.20209300841886288,,-0.010612892173385865,-0.021610104074552525,-0.022991780588625273,-0.0670180819008584,0.008671997389953728,0.03785652634352032,-0.016456437796479116,-0.022256840055224436,0.03782508944120455,0.04334503380706075,0.40269734033614213,-0.0029536896270255316,0.004095437753496408,0.06856547775954266,-0.04979103984804661,-0.08473945009570842,-0.012903130239654661,-0.020477536692815695,,-0.07956607246867758,0.023435989339998336,-0.17778600639338565,,0.01285681125242861,0.8318941741038536,1.0,0.24921624566338776,0.18426339249329027,0.10327486251586346,0.7583472281258337,0.6132812496274315,0.8318941741038534,0.926210613540329,0.9999999999999992,0.0086719973899537,0.10626395721345161,0.012856811252428648,0.06701808190085833,0.04334503380706074,0.0376861596179953,0.4565361965629056,0.40269734033614213,0.06581256735010839,0.1901439586858832,0.34319941836186707,-0.07956607246867756,-0.16114851766219848,,,,,,,,,0.4565361965629057,0.45653619656290595,0.45653619656290534,-0.2129320124998665,0.45653619656290534,0.402697340336142,0.40269734033614174,0.4026973403361418,0.4026973403361418
price_per_accommodates,-0.02206196343809706,,-0.056790055977488735,0.012955961779832471,0.011323869822912952,,-0.10104920148163049,0.006677927744933857,-0.2574519217201643,0.010604393697583415,-0.15747146591528793,-0.16172206623734722,0.0866805176876126,-0.031340629966795486,0.07153254556354247,0.047330351703156116,-0.05093951000699501,-0.0491139662820312,0.06839255447693705,-0.04905390512068798,,-0.013127765894322862,-0.016389104414853393,-0.009701547660091176,-0.07384052853698497,-0.07409387204706824,-0.11281009129396977,-0.08962103352768452,-0.008368349360282567,-0.04594037824806274,-0.15497369122361976,-0.12623533218012836,0.028516066303746326,0.022530417930738428,0.08026233188971302,-0.12011297189323863,-0.18889694401558096,0.007640579690198689,0.03378315692329945,,-0.020785397182014338,-0.1493061421139372,0.20562098688942748,,-0.1701569982169362,0.40769900170519024,0.24921624566338776,1.0,0.9061157459611635,-0.1065207659938486,-0.3814944171621852,-0.20454806515069382,0.40769900170519047,0.10822013332746173,0.24921624566338788,-0.0740938720470683,-0.10851368653647472,-0.17015699821693644,0.073840528536985,-0.1549736912236198,-0.02172252218720197,0.08104609922804479,-0.1262353321801284,0.34573906532456816,0.2094339188823356,0.09027672472367922,-0.020785397182014356,-0.029881235246523738,,,,,,,,,0.08104609922804473,0.08104609922804479,0.08104609922804473,0.025549730489262512,0.08104609922804473,-0.1262353321801286,-0.12623533218012828,-0.1262353321801285,-0.1262353321801285
log_price_per_accommodates,-0.030747536784151795,,-0.08113708944902523,-0.02101772856152034,-0.02652676567762478,,-0.12422245184954607,0.0006466105944521614,-0.3634616731717469,0.013712181905700399,-0.20379223472052996,-0.21335176289181523,0.12329470154063374,-0.014082583921899471,0.1071328684455932,0.07214491941739236,-0.04559398040539137,-0.03798910970379472,0.09954663725880333,-0.03819507458797393,,-0.07124002953060837,-0.07626333075820672,-0.0721044425809331,-0.1265759077184068,-0.07471010391576031,-0.11688103649725075,-0.10110181477161584,-0.07042735145746885,-0.02859769161978843,-0.163498007489812,-0.13482245998329995,0.10459273954286383,0.09684761979346748,0.13796363209009227,0.024695585723250226,-0.07201633064766816,0.06632158199373156,0.08655195304182454,,-0.0069983742780240525,-0.15921822181926434,0.24591637987958448,,-0.18216140257761987,0.26910988695277327,0.18426339249329027,0.9061157459611635,1.0,-0.11254808544430889,-0.5009534733288002,-0.2691414829208437,0.2691098869527736,0.08313374333185834,0.18426339249329024,-0.07471010391576031,-0.11170808570237185,-0.1821614025776202,0.12657590771840688,-0.163498007489812,-0.012286174058982784,0.12564583285175412,-0.13482245998329995,0.41962082933416045,0.2818142225147575,0.10180600409317182,-0.0069983742780240785,0.0046864892269645264,,,,,,,,,0.12564583285175426,0.12564583285175435,0.12564583285175424,0.03495639048594403,0.12564583285175424,-0.13482245998330036,-0.13482245998330047,-0.13482245998330025,-0.13482245998330025
log_reviews,-0.6571790650159176,,-0.24727808800130244,-0.15272221844396563,-0.127966126758123,,-0.19020395542782004,0.006102509633667644,0.13100686431416544,0.03610209030353228,0.000703920781721912,0.08175511308985861,-0.2552981732971439,0.27316569995232953,-0.24569807472419072,-0.23206365824927366,0.4328183798774849,0.43988299777258977,-0.24652205018651857,0.43923538557342834,,0.0012003828247893178,0.033019870704546185,0.020237687660051486,-0.003226882013794877,0.6940636895035657,0.6658913404969299,0.4450178609773739,0.01988865273606335,0.68487596046201,0.7029966792297756,0.5805434387846495,0.26169040285112466,0.2558435182131669,0.23768136327471268,0.18141115107991806,0.16138301423395207,0.24634525872187368,0.23642346228035224,,0.007450406106814472,0.0921099002340224,-0.1394900171833327,,0.6187737082751077,0.002286806259801862,0.10327486251586346,-0.1065207659938486,-0.11254808544430889,1.0,0.16437366606687215,0.09444977332347033,0.002286806259802158,0.15256097942896654,0.1032748625158604,0.6940636895035653,0.9957952630343831,0.6187737082751084,0.0032268820137960827,0.7029966792297755,0.37379716225693443,0.024522901546211725,0.5805434387846494,-0.026590835726234233,0.031136278310627992,0.07877871981697834,0.007450406106814472,0.0103886843258569,,,,,,,,,0.024522901546212,0.024522901546211798,0.02452290154621132,-0.1245157492955362,0.02452290154621132,0.5805434387846482,0.5805434387846494,0.5805434387846493,0.5805434387846493
log_accommodates,-0.10803937994521991,,-0.02562345906795001,0.05417718124008687,0.07684374780149464,,-0.06702338711260053,-0.007077217909183815,0.9196433281419787,0.3371140079847996,0.7577589042858788,0.7263671231571929,-0.1711672550943832,0.07333130483289668,-0.16367409488892226,-0.14532877672618552,0.17632639913726095,0.17566869947240069,-0.16152908424664247,0.17584848547004525,,0.010644428343795647,-0.00020097413874967254,-0.004953049926623459,-0.020691928530242838,0.053978292375196586,0.10859019246829088,0.040209396527295556,-0.0049446073112673645,0.05784631904877918,0.13505434362559662,0.4440111415553891,-0.04369741902919611,-0.056928216614166784,-0.012995330510369663,-0.017897628564125117,-0.0007300981463044584,-0.046178774736577145,-0.03929732166258916,,-0.07051096178163778,0.12384053589615977,-0.33202317435155276,,0.12965962219732882,0.554050521238002,0.7583472281258337,-0.3814944171621852,-0.5009534733288002,0.16437366606687215,1.0,0.7185225352665245,0.5540505212380029,0.7604417250121696,0.7583472281258359,0.05397829237519655,0.16468956605141927,0.12965962219732874,0.020691928530242983,0.13505434362559662,0.036435613760901084,0.31867466622847274,0.44401114155538923,-0.2203440717913094,-0.020552674160793274,0.22150134643324537,-0.07051096178163775,-0.17404879125136807,,,,,,,,,0.3186746662284726,0.3186746662284725,0.3186746662284724,-0.2001063644266201,0.3186746662284724,0.4440111415553887,0.4440111415553888,0.4440111415553892,0.4440111415553892
log_beds,-0.12328161995629533,,-0.03765074012538262,0.049936445815022656,0.0642208522361058,,0.010038812172142857,-0.1691846002064176,0.7805344360587518,0.3808914255186054,0.7809235931050841,0.9584001459074486,-0.09431628428043537,0.05773774825474384,-0.09235022333202518,-0.060580913227864686,0.1741252659482212,0.1754020266613016,-0.08185351280733864,0.17535905108376093,,-0.08747094278094272,-0.1028625141870119,-0.09905711615007873,-0.040114646411158555,0.06869709772967202,0.07555323377839514,0.04570238045055355,-0.10026889223236023,0.036143886111888075,0.0977804588027071,0.3757099747768337,-0.03511429981937122,-0.04994718831468322,0.003709905299826552,-0.015249921753672464,0.012794904440441532,-0.01341789525470154,-0.04585503124169459,,-0.12844626514955246,-0.0622200468206273,-0.12474501848753529,,0.08750045630084016,0.5034506163564697,0.6132812496274315,-0.20454806515069382,-0.2691414829208437,0.09444977332347033,0.7185225352665245,1.0,0.5034506163564705,0.5722034023424758,0.6132812496274319,0.06869709772967193,0.09215112050062706,0.08750045630084023,0.04011464641115854,0.09778045880270715,0.02140216661088154,0.35954735948332595,0.3757099747768337,-0.061272537993680584,0.009241260071066962,0.24737940294589145,-0.12844626514955246,-0.2051860213861291,,,,,,,,,0.35954735948332583,0.3595473594833259,0.35954735948332567,-0.1381958645789402,0.35954735948332567,0.37570997477683377,0.37570997477683393,0.3757099747768339,0.3757099747768339
price_zscore,-0.0939597336568728,,-0.02774280856424546,0.02093901666458466,0.025520234496096562,,-0.024463780709379965,-0.1130656256997567,0.6728799950977564,0.47909856772147397,0.6166218505951443,0.597322607792523,-0.10155088246944191,0.004267796872593204,-0.097897262749722,-0.08125541834157843,0.1524818188537886,0.15011134247483293,-0.09719043564603969,0.15053325127765188,,0.011252695148451534,-0.00021006466020988718,0.00982276687030488,0.008468348323080153,-0.04061993512527237,-0.03799111030186959,-0.049698894285862515,0.009419444167710834,-0.02792126171660838,-0.051453930606477204,0.24335075775236076,-0.027166879173729244,-0.018383702321318866,0.02707927938949312,-0.11335000240118219,-0.1230231895427869,-0.017011814096599444,-0.021317036846109035,,0.000627270732046856,-0.01037500951054842,0.017927555851840124,,-0.057087584634138336,1.0,0.8318941741038534,0.40769900170519047,0.2691098869527736,0.002286806259802158,0.5540505212380029,0.5034506163564705,1.0,0.5945484359886452,0.8318941741038557,-0.04061993512527228,0.0019011335094512557,-0.057087584634138294,-0.008468348323080271,-0.051453930606477294,-0.004491279374778779,0.39323155675899507,0.2433507577523608,0.012773470104190488,0.08939151686578956,0.25826748180658865,0.0006272707320468376,-0.08536105479105886,,,,,,,,,0.3932315567589952,0.3932315567589947,0.3932315567589944,-0.12529378364854218,0.3932315567589944,0.24335075775236076,0.24335075775236065,0.24335075775236065,0.24335075775236065
price_percentile,-0.1796426507817899,,-0.1096535513906863,0.08741444670553589,0.09513625941154707,,-0.2183517964416919,0.01734881722231915,0.6986071794174321,0.241342238255835,0.6306582898298262,0.5779635183769476,-0.18922918035788353,0.1289076529741114,-0.1860843388295676,-0.14316555302940256,0.19661706726483585,0.20599586655949395,-0.1732385420517653,0.2058589023572668,,-0.025354420082952574,-0.03569205027422966,-0.04294113689418998,-0.0957803469032865,0.04195334566295843,0.0784095208268489,-0.004668380536441826,-0.04131142792750263,0.06857067210097549,0.09502424781797071,0.4262065361088583,0.010669517493891676,0.024491019797346133,0.0769159962762867,-0.008820656835626009,-0.06482293357372906,-0.011880136715278232,-0.021865865025272022,,-0.12368631011782186,0.042719835284442995,-0.2865683113040007,,0.054089267033530015,0.5945484359886453,0.926210613540329,0.10822013332746173,0.08313374333185834,0.15256097942896654,0.7604417250121696,0.5722034023424758,0.5945484359886452,1.0,0.9262106135403293,0.04195334566295847,0.15635960745040509,0.054089267033529995,0.09578034690328645,0.09502424781797071,0.06171826256022182,0.39535905736326865,0.4262065361088581,0.07358379466332882,0.21297963950871523,0.32881579071667766,-0.12368631011782191,-0.18668674104078117,,,,,,,,,0.39535905736326854,0.3953590573632688,0.39535905736326854,-0.21989260693925264,0.39535905736326854,0.4262065361088578,0.4262065361088582,0.4262065361088581,0.4262065361088581
log_price_zscore,-0.15357483083222032,,-0.10014942021125658,0.06592393243114944,0.072247191767052,,-0.15701803246364554,-0.04152882488315834,0.7742909179366826,0.393171584139719,0.6975547383282884,0.6642092123234572,-0.16715360456601666,0.08345087760050048,-0.16435773267145842,-0.1280030809848801,0.19724454122880505,0.20196206335724634,-0.1547247447091493,0.2020930084188607,,-0.010612892173385636,-0.02161010407455237,-0.022991780588624996,-0.06701808190085819,0.008671997389951348,0.03785652634351913,-0.016456437796479192,-0.022256840055224245,0.037825089441202615,0.043345033807059494,0.4026973403361412,-0.0029536896270252492,0.0040954377534967,0.06856547775954307,-0.049791039848046365,-0.08473945009570823,-0.012903130239654134,-0.02047753669281556,,-0.07956607246867713,0.023435989339998832,-0.17778600639338557,,0.012856811252428687,0.8318941741038556,0.9999999999999992,0.24921624566338788,0.18426339249329024,0.1032748625158604,0.7583472281258359,0.6132812496274319,0.8318941741038557,0.9262106135403293,1.0,0.008671997389951351,0.10626395721344849,0.012856811252428716,0.06701808190085815,0.04334503380705948,0.03768615961799478,0.4565361965629058,0.4026973403361412,0.06581256735010808,0.1901439586858831,0.3431994183618671,-0.07956607246867713,-0.16114851766219868,,,,,,,,,0.45653619656290606,0.4565361965629059,0.45653619656290606,-0.21293201249986657,0.45653619656290606,0.4026973403361413,0.4026973403361417,0.40269734033614174,0.40269734033614174
reviews_zscore,-0.5322524585300575,,-0.24057551933715068,-0.08350431021797906,-0.07296113114585354,,-0.1594621393967426,0.03679923950979635,0.03350837110039697,-0.029421433183146054,-0.0642652067043835,0.0443245012759806,-0.12337751924469362,0.16794229095034996,-0.11798245543495733,-0.11762352889119683,0.31311108492931294,0.3135567503148999,-0.12183886388446787,0.313407853808112,,-0.04673420348711915,-0.007770257010953115,0.006111797000918148,-0.005578045162690451,1.0000000000000002,0.6631225998233622,0.436514324877122,0.004148919188991181,0.7611777748210553,0.5358478845645037,0.3908834977313102,0.13770491488547093,0.14991533366519777,0.12816350896126638,0.11027595819542478,0.10279286057560945,0.16126936806229267,0.14454885032870715,,-0.03905051567886467,0.0015432598778632454,-0.07262426973543903,,0.6494282691935577,-0.04061993512527244,0.0086719973899537,-0.0740938720470683,-0.07471010391576031,0.6940636895035653,0.05397829237519655,0.06869709772967193,-0.04061993512527228,0.04195334566295847,0.008671997389951351,1.0,0.672494561504438,0.6494282691935584,0.0055780451626913025,0.5358478845645037,0.4830403512164007,-0.004903344543753613,0.3908834977313102,0.0007359383079039078,0.028944145021809975,0.05694414545115078,-0.03905051567886467,0.007238596531212222,,,,,,,,,-0.004903344543753453,-0.004903344543753635,-0.004903344543753992,-0.09146256331313886,-0.004903344543753992,0.39088349773130954,0.3908834977313104,0.3908834977313103,0.3908834977313103
reviews_percentile,-0.6647507895757117,,-0.2472605141472911,-0.15356341905192988,-0.1293941964008967,,-0.18241048958464615,-0.0043841087555656095,0.13072231395311337,0.03889623761046706,0.0028635235112519104,0.08065489318769203,-0.2510168778279483,0.27314021379323966,-0.24107179021142086,-0.22959222358146317,0.43360013687824334,0.44140712280934524,-0.24313493324990784,0.44069249182434744,,0.006233503372114826,0.036027174159197,0.022138374223463063,-0.009055790952289759,0.6724945615044379,0.6628158341244745,0.43765320822991394,0.022053236859930818,0.6845277003490239,0.7064528394433098,0.5911788245436881,0.2639860996507916,0.26176189527880384,0.24443988179390508,0.18533650153927753,0.1684468180583375,0.247289570619066,0.23842858762542266,,0.02149062672098063,0.09893359854833703,-0.12562348802643936,,0.599597302991482,0.001901133509450939,0.10626395721345161,-0.10851368653647472,-0.11170808570237185,0.9957952630343831,0.16468956605141927,0.09215112050062706,0.0019011335094512557,0.15635960745040509,0.10626395721344849,0.672494561504438,1.0,0.5995973029914828,0.009055790952290952,0.7064528394433096,0.3712008101425876,0.02813247478729194,0.5911788245436881,-0.026804468494077176,0.03687746220787033,0.08696697365678292,0.02149062672098064,0.01654486568478311,,,,,,,,,0.028132474787292257,0.0281324747872921,0.028132474787291587,-0.12895561232097458,0.028132474787291587,0.5911788245436873,0.5911788245436879,0.5911788245436883,0.5911788245436883
reviews_per_month_zscore,-0.03339933634866107,,-0.03859524247901498,-0.11909646223933062,-0.1049855139473887,,-0.1641457336068046,0.05534282257119151,0.08885349308470303,0.022414144414657056,-0.02765134858302323,0.07579644490316126,-0.2246826554358174,-0.03529984979273496,-0.21088026125186143,-0.19812476465888998,0.0771442464441495,0.10148994823176237,-0.217226291445077,0.09789721632897344,,0.005735862021391769,0.05509954528390106,0.06396269043529582,0.06621662521646837,0.6494282691935582,0.8402823786481602,0.7125999072820444,0.06267983402975669,0.6917098642768378,0.7211606663109854,0.5449285035982636,0.1703370791885319,0.1766367233939876,0.16977084943479878,0.14586322500591467,0.16703772653699628,0.1354431521936052,0.19533276039956624,,-0.015677045912148867,0.020989897100884735,-0.06826233822798448,,0.9999999999999994,-0.05708758463413838,0.012856811252428648,-0.17015699821693644,-0.1821614025776202,0.6187737082751084,0.12965962219732874,0.08750045630084023,-0.057087584634138294,0.054089267033529995,0.012856811252428716,0.6494282691935584,0.5995973029914828,1.0,-0.06621662521646832,0.7211606663109857,0.6245080826185034,-0.041780903756151164,0.5449285035982636,-0.09524577750147561,-0.046445927169193886,0.011779702324779309,-0.015677045912148878,-0.07273528578730414,,,,,,,,,-0.0417809037561512,-0.04178090375615118,-0.04178090375615114,-0.08189606661938365,-0.04178090375615114,0.5449285035982637,0.5449285035982632,0.544928503598264,0.544928503598264
occupancy_rate,-0.031107705670680545,,-0.026698599347944215,0.08685625049660513,0.04089945997754895,,-0.11480826371820722,0.07982448092841718,0.017864037261059538,0.026396005906145065,0.05619195536329442,0.040335434743398006,0.015120833810009802,-0.11568224063386076,0.009160147305012373,0.024241695119356307,-0.01137336691616096,-0.02085681983015075,0.017714657632933,-0.021063950943014553,,-0.3301664242346669,-0.40884062028606727,-0.5061192618261154,-1.0000000000000002,0.005578045162691244,-0.003982544062852924,-0.09909462121335527,-0.49571949534136656,0.07701426098240517,0.002197202918426077,0.021999031207043683,-0.06256354398239528,-0.00822475511305115,0.03253493058761799,-0.002988492829224094,-0.049824499190020737,-0.08074971749655427,-0.08422224012976053,,0.02808761083821022,-0.02522646150645543,0.09225747912191695,,-0.06621662521646833,-0.00846834832308034,0.06701808190085833,0.073840528536985,0.12657590771840688,0.0032268820137960827,0.020691928530242983,0.04011464641115854,-0.008468348323080271,0.09578034690328645,0.06701808190085815,0.0055780451626913025,0.009055790952290952,-0.06621662521646832,1.0,0.0021972029184261477,-0.02657932780057304,0.7085094413600448,0.021999031207043683,0.874371432417554,0.8872936740656537,0.8226803799415193,0.02808761083821022,-0.11048554896453112,,,,,,,,,0.7085094413600448,0.7085094413600441,0.7085094413600436,-0.37134815030151147,0.7085094413600436,0.021999031207043485,0.02199903120704362,0.021999031207043614,0.021999031207043614
occupancy_rate_booked,-0.22283411189020788,,-0.0951495074463841,-0.08702709587184174,-0.10096365971013553,,-0.16406782436007833,-0.045127912848292005,0.11329170050897276,0.06232893068522256,0.009038946011079628,0.09329481610368005,-0.14664027551568032,0.042610303124480664,-0.14944293170175,-0.13706344436295226,0.22122641478163227,0.22587985440157313,-0.14346820900200008,0.22480776665565244,,-0.022420909324260364,0.022211089518408462,0.012905213204316392,-0.0021972029184256824,0.5358478845645037,0.8578175767351992,0.5802623330258221,0.011398454969388856,0.6847348304703249,0.9999999999999992,0.8043845292071611,0.19005468850588225,0.19108145989159298,0.16712873467932418,0.13806257065157748,0.13785995955491095,0.12656779847738478,0.17897694098466685,,-0.010203551100352993,0.01749990220453776,-0.047348155576631544,,0.7211606663109843,-0.05145393060647733,0.04334503380706074,-0.1549736912236198,-0.163498007489812,0.7029966792297755,0.13505434362559662,0.09778045880270715,-0.051453930606477294,0.09502424781797071,0.04334503380705948,0.5358478845645037,0.7064528394433096,0.7211606663109857,0.0021972029184261477,1.0,0.6051161054633762,-0.01131616001482971,0.8043845292071611,-0.03999583708326593,-0.015499394039875445,0.06446997011839826,-0.010203551100352998,-0.019238749516138295,,,,,,,,,-0.011316160014829624,-0.011316160014829645,-0.011316160014829843,-0.12042647933277933,-0.011316160014829843,0.8043845292071603,0.8043845292071607,0.8043845292071596,0.8043845292071596
occupancy_is_capped,-0.08610196348344354,,-0.07820895409158275,-0.05202629207208384,-0.04600765512589777,,-0.10684694656488011,-0.032974273529757375,0.021402742502718074,0.05530455345042441,-0.030703961044304246,0.018294377119386182,-0.06989487478767994,-0.038552609824227146,-0.07481915157425179,-0.0695372111251419,0.06800494132239036,0.08025004780274986,-0.07086164234738028,0.0781914281828181,,-0.057023407487427985,-0.00861900685083296,0.00466783619933302,0.026579327800573337,0.4830403512164014,0.762056790611121,0.5288934370136609,0.003217114789786805,0.6300033925985834,0.6051161054633776,0.501543723677527,0.11432776777984346,0.11655512403676073,0.11614001971520069,0.09097374398242372,0.0899859235700602,0.09624989420500314,0.11622229443630924,,-0.056895841803113634,-0.042055470612917735,-0.03228926565194583,,0.6245080826185029,-0.004491279374778827,0.0376861596179953,-0.02172252218720197,-0.012286174058982784,0.37379716225693443,0.036435613760901084,0.02140216661088154,-0.004491279374778779,0.06171826256022182,0.03768615961799478,0.4830403512164007,0.3712008101425876,0.6245080826185034,-0.02657932780057304,0.6051161054633762,1.0,-0.0020269727229062446,0.501543723677527,-0.03121286083503708,-0.02354944848462699,0.033111459065001445,-0.05689584180311363,-0.03230474869547271,,,,,,,,,-0.002026972722906226,-0.002026972722906242,-0.0020269727229062988,-0.08594237265064607,-0.0020269727229062988,0.5015437236775272,0.5015437236775266,0.5015437236775266,0.5015437236775266
est_annual_revenue,-0.05971833959739349,,-0.02522226427773061,0.000747557002147988,-0.007425378650784926,,-0.0713808373434924,0.027306180970800342,0.3793061557917306,0.36367626069025527,0.4044566625712526,0.4207197731111059,-0.051537948074026924,-0.0921903471130321,-0.051062440338225004,-0.02528349433113204,0.05392519285549219,0.046424672987750354,-0.04288998826627054,0.04647075210233912,,-0.21215708307986375,-0.25494885258904343,-0.30800317162109997,-0.7085094413600445,-0.004903344543753712,0.0031980596854987134,-0.061382471723172086,-0.30145861531516177,0.05638245528701985,-0.011316160014829659,0.1659973318400024,-0.05228741310133935,-0.028689067178758722,0.05146115781683999,0.03331337036541979,-0.035810108195639706,-0.08024307571082022,-0.032755507749606914,,0.06532179148237195,0.025594828540401075,0.07324681774416815,,-0.04178090375615118,0.3932315567589943,0.4565361965629056,0.08104609922804479,0.12564583285175412,0.024522901546211725,0.31867466622847274,0.35954735948332595,0.39323155675899507,0.39535905736326865,0.4565361965629058,-0.004903344543753613,0.02813247478729194,-0.041780903756151164,0.7085094413600448,-0.01131616001482971,-0.0020269727229062446,1.0,0.16599733184000248,0.6340053860920457,0.7258535509243228,0.681495061764085,0.065321791482372,-0.08962120860179747,,,,,,,,,0.9999999999999998,1.0000000000000009,1.0000000000000002,-0.24779899476174164,1.0000000000000002,0.1659973318400023,0.16599733184000265,0.1659973318400023,0.1659973318400023
est_annual_revenue_booked,-0.22187727427237822,,-0.09464623663325361,-0.08099238984923732,-0.08290352160640385,,-0.15044090334762236,-0.12417567493007246,0.47428015286364106,0.25627156070753676,0.37520698990732193,0.3995298686419257,-0.1744780705190259,0.015887926806376088,-0.17998308565722304,-0.1451471481135356,0.2233607511497205,0.22378178652016317,-0.16686152964562334,0.22330414647281419,,-0.024508823611271578,-0.015399037642014361,-0.028401937254565905,-0.021999031207043815,0.3908834977313099,0.6724108744091829,0.4419225678572305,-0.029054463629688825,0.5363462085743983,0.8043845292071602,1.0,0.2096820425489933,0.2014630256869741,0.19289425868225196,0.16045602994410016,0.1481218852093599,0.14860519351140425,0.19370938713091737,,-0.008589097633592854,0.04756465313915004,-0.09222662046037182,,0.5449285035982625,0.24335075775236023,0.40269734033614213,-0.1262353321801284,-0.13482245998329995,0.5805434387846494,0.44401114155538923,0.3757099747768337,0.2433507577523608,0.4262065361088581,0.4026973403361412,0.3908834977313102,0.5911788245436881,0.5449285035982636,0.021999031207043683,0.8043845292071611,0.501543723677527,0.16599733184000248,1.0,-0.036565581264102,0.019784496306270872,0.17435409641486987,-0.008589097633592866,-0.10516959631746294,,,,,,,,,0.16599733184000248,0.1659973318400026,0.1659973318400023,-0.1471248058628578,0.1659973318400023,0.9999999999999997,1.0000000000000002,1.0000000000000009,1.0000000000000009
revenue_per_accommodates,-0.013539566595669426,,-0.07826631005568925,-0.01397545242210577,-0.03271644373611472,,-0.0687961850944015,0.04195879509519142,-0.1600015174015816,0.025324884608455004,-0.07895987445401721,-0.045685132027823844,0.05391998042378806,-0.16825904707360195,0.03713963663638097,0.04580189494204726,-0.08808576940667211,-0.09737370764016025,0.04950364047150257,-0.09756574258397649,,-0.2106636994148884,-0.24544087267565773,-0.3159096999502651,-0.8743714324175522,0.0007359383079038898,-0.023337893308701563,-0.0799127015241138,-0.30648630974726937,0.055444277345261764,-0.03999583708326576,-0.036565581264102,0.027468474776714616,0.0497484790905457,0.1317287156598043,0.10424881153029295,-0.034399268124619006,0.004862563495809648,0.027181058201985308,,0.08832128912276985,-0.05547811278634943,0.24513092053674934,,-0.09524577750147564,0.012773470104190433,0.06581256735010839,0.34573906532456816,0.41962082933416045,-0.026590835726234233,-0.2203440717913094,-0.061272537993680584,0.012773470104190488,0.07358379466332882,0.06581256735010808,0.0007359383079039078,-0.026804468494077176,-0.09524577750147561,0.874371432417554,-0.03999583708326593,-0.03121286083503708,0.6340053860920457,-0.036565581264102,1.0,0.8917104142481205,0.7098353343608147,0.08832128912276983,-0.02388653911102442,,,,,,,,,0.6340053860920457,0.6340053860920455,0.6340053860920457,-0.3143822799641501,0.6340053860920457,-0.036565581264102164,-0.036565581264101976,-0.03656558126410202,-0.03656558126410202
revenue_per_bedroom,-0.06879229160153547,,-0.032199671188618016,0.0027715319061741217,-0.021060755810206992,,-0.07293202573842923,0.11710260962961777,-0.026684527723377392,0.04659184813530101,-0.036803569929363664,0.02382193465223668,-0.028817070486574628,-0.08352797611425715,-0.03253396519603278,-0.01617962161775345,0.009534333677159121,0.007226870796008074,-0.02585477816936622,0.006361540196959475,,-0.1948633825378425,-0.23490366664217616,-0.29959934164586527,-0.8872936740656525,0.028944145021810017,0.002832402344716453,-0.05716105412994839,-0.28974442033674835,0.06820571379822751,-0.015499394039875379,0.019784496306270872,-0.0025033852410319577,0.0405895128453228,0.11997471160776793,0.11163983905405182,-0.039514149103954135,-0.05004528422391375,0.014029176302504942,,0.06360703111987613,-0.019487186589995934,0.14225468010715503,,-0.0464459271691939,0.08939151686578957,0.1901439586858832,0.2094339188823356,0.2818142225147575,0.031136278310627992,-0.020552674160793274,0.009241260071066962,0.08939151686578956,0.21297963950871523,0.1901439586858831,0.028944145021809975,0.03687746220787033,-0.046445927169193886,0.8872936740656537,-0.015499394039875445,-0.02354944848462699,0.7258535509243228,0.019784496306270872,0.8917104142481205,1.0,0.7549715301209818,0.06360703111987617,-0.08436481033771813,,,,,,,,,0.725853550924323,0.7258535509243229,0.7258535509243231,-0.3223807956114032,0.7258535509243231,0.019784496306270986,0.019784496306270945,0.01978449630627093,0.01978449630627093
log_est_revenue,-0.11564073012139148,,-0.07476781944550955,-0.026988401161927977,-0.038160144522476284,,-0.07026866249517219,-0.0208205479420447,0.2324620716507222,0.20610413551561543,0.23944916413081532,0.26483482198012626,-0.031383178589905164,-0.08377323845037939,-0.03924563834841065,-0.00038391999459257804,0.04687431162348407,0.048415712337143105,-0.018491910077892307,0.047970348589380436,,-0.3700941706432111,-0.40015346325609824,-0.4473221764164945,-0.8226803799415197,0.05694414545115084,0.06979795305969003,-0.0085677319882751,-0.440951937071536,0.13317969072992486,0.06446997011839836,0.17435409641486987,0.090301438895961,0.09937987115768862,0.23286604186220006,0.17529269587858679,0.03467809561643002,0.021584536519657135,0.07592949690971376,,0.009385516843432017,-0.0539450218376034,0.09757539718760906,,0.011779702324779425,0.2582674818065891,0.34319941836186707,0.09027672472367922,0.10180600409317182,0.07877871981697834,0.22150134643324537,0.24737940294589145,0.25826748180658865,0.32881579071667766,0.3431994183618671,0.05694414545115078,0.08696697365678292,0.011779702324779309,0.8226803799415193,0.06446997011839826,0.033111459065001445,0.681495061764085,0.17435409641486987,0.7098353343608147,0.7549715301209818,1.0,0.009385516843431987,-0.10741620641150677,,,,,,,,,0.6814950617640851,0.6814950617640847,0.6814950617640861,-0.7038369761918682,0.6814950617640861,0.17435409641486982,0.17435409641486982,0.17435409641486985,0.17435409641486985
host_listings_in_city,0.07521638950463361,,-0.04704688072941505,0.010167525742303217,0.0016704951960215433,,0.2224799320084016,-0.10893876276441547,-0.046259601598331625,0.08302722209971694,-0.03128993151779489,-0.10453141951613322,-0.07418708953365277,-0.072085486546186,-0.07551775753026087,-0.079619718959789,-0.05796813676130884,-0.05683087649420827,-0.0790806183793417,-0.056407585548335124,,0.1873678463428432,0.15762331492711582,0.10805187425734637,-0.02808761083821042,-0.039050515678864625,-0.027591467728222702,-0.03844153699731423,0.11265566162095338,0.016650751723058715,-0.010203551100352995,-0.008589097633592866,0.02605219239827491,0.024765545033156235,0.012496884423484796,-0.0006523205297985187,-0.01794339554643547,0.00772428706602471,0.017336087592482934,,1.0,0.8351156199135904,0.4082859956025997,,-0.015677045912148857,0.000627270732046923,-0.07956607246867756,-0.020785397182014356,-0.0069983742780240785,0.007450406106814472,-0.07051096178163775,-0.12844626514955246,0.0006272707320468376,-0.12368631011782191,-0.07956607246867713,-0.03905051567886467,0.02149062672098064,-0.015677045912148878,0.02808761083821022,-0.010203551100352998,-0.05689584180311363,0.065321791482372,-0.008589097633592866,0.08832128912276983,0.06360703111987617,0.009385516843431987,1.0,0.5147446240431631,,,,,,,,,0.06532179148237191,0.06532179148237206,0.06532179148237197,0.020733970906461837,0.06532179148237197,-0.008589097633592727,-0.008589097633592923,-0.00858909763359279,-0.00858909763359279
host_is_professional,-0.00567861270693036,,-0.11811385145508785,0.11866160250004713,0.10016774557495646,,0.01686710273149287,0.01854590101425087,-0.1407212648232382,-0.009502942202288235,-0.1391091351490147,-0.1825741549213179,-0.015247256655825915,-0.008226524611601862,-0.015215773680250157,-0.03822658190583706,0.017794456752294765,0.021111536623749524,-0.027919508871120824,0.021901427178580905,,0.09512110168445839,0.0931082698256577,0.08927166799183955,0.11048554896453107,0.007238596531212268,-0.04117835958264591,-0.005516837307095003,0.08783784604993121,0.0028264328378034267,-0.019238749516138298,-0.10516959631746294,0.01561153689583244,0.044505656546844574,-0.03935691573774065,-0.03507988366911937,-0.06734667481909642,-0.055950704916639844,-0.008953848189511235,,0.5147446240431631,0.40459240442881994,0.25211356179920413,,-0.07273528578730405,-0.0853610547910588,-0.16114851766219848,-0.029881235246523738,0.0046864892269645264,0.0103886843258569,-0.17404879125136807,-0.2051860213861291,-0.08536105479105886,-0.18668674104078117,-0.16114851766219868,0.007238596531212222,0.01654486568478311,-0.07273528578730414,-0.11048554896453112,-0.019238749516138295,-0.03230474869547271,-0.08962120860179747,-0.10516959631746294,-0.02388653911102442,-0.08436481033771813,-0.10741620641150677,0.5147446240431631,1.0,,,,,,,,,-0.08962120860179751,-0.08962120860179744,-0.08962120860179741,0.06395140427953896,-0.08962120860179741,-0.10516959631746282,-0.1051695963174629,-0.10516959631746273,-0.10516959631746273
pct_professional_hosts,,,,,,,,,,,,,,,,,,,,,,,,,,,,,,,,,,,,,,,,,,,,,,,,,,,,,,,,,,,,,,,,,,,,,,,,,,,,,,,,,,,,,
pct_large_operators,,,,,,,,,,,,,,,,,,,,,,,,,,,,,,,,,,,,,,,,,,,,,,,,,,,,,,,,,,,,,,,,,,,,,,,,,,,,,,,,,,,,,
median_host_listings,,,,,,,,,,,,,,,,,,,,,,,,,,,,,,,,,,,,,,,,,,,,,,,,,,,,,,,,,,,,,,,,,,,,,,,,,,,,,,,,,,,,,
gini_host_concentration,,,,,,,,,,,,,,,,,,,,,,,,,,,,,,,,,,,,,,,,,,,,,,,,,,,,,,,,,,,,,,,,,,,,,,,,,,,,,,,,,,,,,
market_professionalization_score,,,,,,,,,,,,,,,,,,,,,,,,,,,,,,,,,,,,,,,,,,,,,,,,,,,,,,,,,,,,,,,,,,,,,,,,,,,,,,,,,,,,,
purchase_price,,,,,,,,,,,,,,,,,,,,,,,,,,,,,,,,,,,,,,,,,,,,,,,,,,,,,,,,,,,,,,,,,,,,,,,,,,,,,,,,,,,,,
monthly_payment,,,,,,,,,,,,,,,,,,,,,,,,,,,,,,,,,,,,,,,,,,,,,,,,,,,,,,,,,,,,,,,,,,,,,,,,,,,,,,,,,,,,,
zori_rent,,,,,,,,,,,,,,,,,,,,,,,,,,,,,,,,,,,,,,,,,,,,,,,,,,,,,,,,,,,,,,,,,,,,,,,,,,,,,,,,,,,,,
annual_cash_flow,-0.059718339597393935,,-0.02522226427773075,0.000747557002147948,-0.007425378650784936,,-0.07138083734349249,0.027306180970800308,0.37930615579173066,0.36367626069025516,0.4044566625712524,0.4207197731111059,-0.051537948074026986,-0.09219034711303195,-0.05106244033822501,-0.02528349433113215,0.0539251928554924,0.046424672987750604,-0.042889988266270565,0.04647075210233926,,-0.21215708307986386,-0.25494885258904343,-0.3080031716210999,-0.7085094413600445,-0.004903344543753516,0.0031980596854988114,-0.061382471723171954,-0.3014586153151617,0.05638245528701998,-0.011316160014829555,0.16599733184000248,-0.05228741310133939,-0.028689067178758722,0.05146115781684001,0.03331337036541981,-0.035810108195639685,-0.08024307571082019,-0.03275550774960697,,0.06532179148237191,0.025594828540401075,0.07324681774416812,,-0.04178090375615118,0.3932315567589943,0.4565361965629057,0.08104609922804473,0.12564583285175426,0.024522901546212,0.3186746662284726,0.35954735948332583,0.3932315567589952,0.39535905736326854,0.45653619656290606,-0.004903344543753453,0.028132474787292257,-0.0417809037561512,0.7085094413600448,-0.011316160014829624,-0.002026972722906226,0.9999999999999998,0.16599733184000248,0.6340053860920457,0.725853550924323,0.6814950617640851,0.06532179148237191,-0.08962120860179751,,,,,,,,,1.0,1.000000000000001,1.0000000000000004,-0.24779899476174166,1.0000000000000004,0.1659973318400024,0.16599733184000265,0.16599733184000234,0.16599733184000234
cash_on_cash_roi,-0.05971833959739358,,-0.02522226427773062,0.0007475570021479919,-0.0074253786507849475,,-0.07138083734349246,0.027306180970800325,0.37930615579173077,0.36367626069025566,0.40445666257125257,0.4207197731111057,-0.05153794807402705,-0.09219034711303213,-0.05106244033822503,-0.02528349433113214,0.053925192855492216,0.046424672987750465,-0.04288998826627056,0.046470752102339155,,-0.2121570830798636,-0.25494885258904343,-0.3080031716210998,-0.7085094413600439,-0.004903344543753592,0.0031980596854987485,-0.061382471723172065,-0.3014586153151613,0.056382455287019885,-0.011316160014829612,0.1659973318400026,-0.05228741310133945,-0.02868906717875866,0.05146115781683991,0.033313370365419766,-0.03581010819563965,-0.08024307571082005,-0.03275550774960697,,0.06532179148237206,0.02559482854040112,0.07324681774416814,,-0.04178090375615119,0.3932315567589943,0.45653619656290595,0.08104609922804479,0.12564583285175435,0.024522901546211798,0.3186746662284725,0.3595473594833259,0.3932315567589947,0.3953590573632688,0.4565361965629059,-0.004903344543753635,0.0281324747872921,-0.04178090375615118,0.7085094413600441,-0.011316160014829645,-0.002026972722906242,1.0000000000000009,0.1659973318400026,0.6340053860920455,0.7258535509243229,0.6814950617640847,0.06532179148237206,-0.08962120860179744,,,,,,,,,1.000000000000001,1.0,1.0000000000000016,-0.24779899476174158,1.0000000000000016,0.1659973318400024,0.16599733184000243,0.1659973318400023,0.1659973318400023
cap_rate,-0.05971833959739301,,-0.025222264277730604,0.0007475570021480455,-0.007425378650784876,,-0.07138083734349229,0.027306180970800367,0.3793061557917304,0.3636762606902546,0.4044566625712524,0.4207197731111053,-0.051537948074027014,-0.0921903471130323,-0.051062440338225004,-0.02528349433113212,0.05392519285549189,0.04642467298775009,-0.042889988266270454,0.04647075210233886,,-0.2121570830798638,-0.25494885258904354,-0.3080031716210997,-0.708509441360044,-0.004903344543754009,0.003198059685498556,-0.061382471723172016,-0.30145861531516177,0.05638245528701956,-0.01131616001482973,0.1659973318400023,-0.052287413101339615,-0.02868906717875864,0.05146115781683987,0.03331337036541973,-0.035810108195639685,-0.08024307571082022,-0.0327555077496069,,0.06532179148237197,0.02559482854040114,0.07324681774416819,,-0.04178090375615113,0.39323155675899396,0.45653619656290534,0.08104609922804473,0.12564583285175424,0.02452290154621132,0.3186746662284724,0.35954735948332567,0.3932315567589944,0.39535905736326854,0.45653619656290606,-0.004903344543753992,0.028132474787291587,-0.04178090375615114,0.7085094413600436,-0.011316160014829843,-0.0020269727229062988,1.0000000000000002,0.1659973318400023,0.6340053860920457,0.7258535509243231,0.6814950617640861,0.06532179148237197,-0.08962120860179741,,,,,,,,,1.0000000000000004,1.0000000000000016,1.0,-0.24779899476174155,1.0,0.16599733184000218,0.1659973318400022,0.16599733184000234,0.16599733184000234
price_to_rent_ratio,0.09995651735932372,,0.11222127912225548,-0.017910387325464055,-0.013936899428384488,,0.08526784196609102,0.044673998682318965,-0.16280889628972675,-0.09911732279088721,-0.13301311328365786,-0.14039235943817435,0.102761923447333,-0.01174065592410032,0.1109995082147958,0.06824636075873958,-0.09227863499756003,-0.1020188326066796,0.08982758772573103,-0.1016351326105452,,0.3641618667209958,0.32376659583676365,0.31212583459596405,0.37134815030151147,-0.091462563313139,-0.11578940964919127,-0.11297496733482504,0.3116264932635377,-0.13906288166270495,-0.12042647933277936,-0.1471248058628578,-0.12057975382658971,-0.13548167563713226,-0.20879860986603352,-0.18249147554023223,-0.03486116001267004,-0.09237058965102192,-0.10995186014474574,,0.020733970906461837,0.0463415301798665,-0.03568866011951919,,-0.0818960666193837,-0.1252937836485421,-0.2129320124998665,0.025549730489262512,0.03495639048594403,-0.1245157492955362,-0.2001063644266201,-0.1381958645789402,-0.12529378364854218,-0.21989260693925264,-0.21293201249986657,-0.09146256331313886,-0.12895561232097458,-0.08189606661938365,-0.37134815030151147,-0.12042647933277933,-0.08594237265064607,-0.24779899476174164,-0.1471248058628578,-0.3143822799641501,-0.3223807956114032,-0.7038369761918682,0.020733970906461837,0.06395140427953896,,,,,,,,,-0.24779899476174166,-0.24779899476174158,-0.24779899476174155,1.0,-0.2477989947617416,-0.14712480586285778,-0.147124805862858,-0.14712480586285803,-0.14712480586285803
revenue_yield,-0.05971833959739301,,-0.025222264277730604,0.0007475570021480455,-0.007425378650784876,,-0.07138083734349229,0.027306180970800367,0.3793061557917304,0.3636762606902546,0.4044566625712524,0.4207197731111053,-0.051537948074027014,-0.0921903471130323,-0.051062440338225004,-0.02528349433113212,0.05392519285549189,0.04642467298775009,-0.042889988266270454,0.04647075210233886,,-0.2121570830798638,-0.25494885258904354,-0.3080031716210997,-0.708509441360044,-0.004903344543754009,0.003198059685498556,-0.061382471723172016,-0.30145861531516177,0.05638245528701956,-0.01131616001482973,0.1659973318400023,-0.052287413101339615,-0.02868906717875864,0.05146115781683987,0.03331337036541973,-0.035810108195639685,-0.08024307571082022,-0.0327555077496069,,0.06532179148237197,0.02559482854040114,0.07324681774416819,,-0.04178090375615113,0.39323155675899396,0.45653619656290534,0.08104609922804473,0.12564583285175424,0.02452290154621132,0.3186746662284724,0.35954735948332567,0.3932315567589944,0.39535905736326854,0.45653619656290606,-0.004903344543753992,0.028132474787291587,-0.04178090375615114,0.7085094413600436,-0.011316160014829843,-0.0020269727229062988,1.0000000000000002,0.1659973318400023,0.6340053860920457,0.7258535509243231,0.6814950617640861,0.06532179148237197,-0.08962120860179741,,,,,,,,,1.0000000000000004,1.0000000000000016,1.0,-0.2477989947617416,1.0,0.16599733184000218,0.1659973318400022,0.16599733184000234,0.16599733184000234
annual_cash_flow_booked,-0.2218772742723769,,-0.09464623663325328,-0.0809923898492372,-0.08290352160640392,,-0.1504409033476221,-0.12417567493007257,0.4742801528636411,0.2562715607075368,0.3752069899073219,0.3995298686419257,-0.17447807051902575,0.01588792680637535,-0.179983085657223,-0.1451471481135356,0.22336075114971946,0.22378178652016223,-0.1668615296456234,0.22330414647281352,,-0.02450882361127146,-0.01539903764201421,-0.02840193725456576,-0.021999031207043645,0.3908834977313095,0.6724108744091827,0.44192256785723066,-0.029054463629688644,0.5363462085743977,0.8043845292071602,0.9999999999999997,0.209682042548993,0.20146302568697408,0.19289425868225193,0.1604560299441001,0.14812188520935995,0.14860519351140425,0.19370938713091748,,-0.008589097633592727,0.04756465313915009,-0.09222662046037167,,0.5449285035982625,0.2433507577523604,0.402697340336142,-0.1262353321801286,-0.13482245998330036,0.5805434387846482,0.4440111415553887,0.37570997477683377,0.24335075775236076,0.4262065361088578,0.4026973403361413,0.39088349773130954,0.5911788245436873,0.5449285035982637,0.021999031207043485,0.8043845292071603,0.5015437236775272,0.1659973318400023,0.9999999999999997,-0.036565581264102164,0.019784496306270986,0.17435409641486982,-0.008589097633592727,-0.10516959631746282,,,,,,,,,0.1659973318400024,0.1659973318400024,0.16599733184000218,-0.14712480586285778,0.16599733184000218,1.0,1.0,1.0000000000000004,1.0000000000000004
cash_on_cash_roi_booked,-0.22187727427237883,,-0.09464623663325394,-0.0809923898492374,-0.0829035216064039,,-0.15044090334762228,-0.12417567493007237,0.4742801528636407,0.2562715607075365,0.3752069899073212,0.3995298686419259,-0.17447807051902542,0.01588792680637622,-0.17998308565722299,-0.14514714811353566,0.22336075114972057,0.22378178652016326,-0.1668615296456233,0.2233041464728145,,-0.02450882361127157,-0.015399037642014328,-0.02840193725456583,-0.021999031207043752,0.39088349773131026,0.6724108744091825,0.44192256785723044,-0.029054463629688818,0.536346208574399,0.8043845292071604,1.0000000000000002,0.20968204254899328,0.20146302568697408,0.19289425868225205,0.1604560299441002,0.14812188520936,0.1486051935114044,0.1937093871309173,,-0.008589097633592923,0.04756465313914997,-0.09222662046037186,,0.5449285035982624,0.2433507577523602,0.40269734033614174,-0.12623533218012828,-0.13482245998330047,0.5805434387846494,0.4440111415553888,0.37570997477683393,0.24335075775236065,0.4262065361088582,0.4026973403361417,0.3908834977313104,0.5911788245436879,0.5449285035982632,0.02199903120704362,0.8043845292071607,0.5015437236775266,0.16599733184000265,1.0000000000000002,-0.036565581264101976,0.019784496306270945,0.17435409641486982,-0.008589097633592923,-0.1051695963174629,,,,,,,,,0.16599733184000265,0.16599733184000243,0.1659973318400022,-0.147124805862858,0.1659973318400022,1.0,1.0,1.0000000000000009,1.0000000000000009
cap_rate_booked,-0.22187727427237827,,-0.0946462366332536,-0.08099238984923732,-0.0829035216064038,,-0.15044090334762233,-0.12417567493007244,0.47428015286364045,0.25627156070753665,0.37520698990732115,0.3995298686419257,-0.17447807051902564,0.015887926806376008,-0.17998308565722285,-0.14514714811353566,0.22336075114972032,0.22378178652016298,-0.1668615296456232,0.22330414647281419,,-0.024508823611271553,-0.015399037642014318,-0.028401937254565822,-0.021999031207043735,0.3908834977313102,0.6724108744091822,0.4419225678572305,-0.029054463629688772,0.5363462085743982,0.8043845292071603,1.0000000000000009,0.2096820425489933,0.2014630256869741,0.19289425868225196,0.16045602994410027,0.1481218852093601,0.14860519351140414,0.19370938713091754,,-0.00858909763359279,0.04756465313914999,-0.09222662046037194,,0.5449285035982626,0.2433507577523602,0.4026973403361418,-0.1262353321801285,-0.13482245998330025,0.5805434387846493,0.4440111415553892,0.3757099747768339,0.24335075775236065,0.4262065361088581,0.40269734033614174,0.3908834977313103,0.5911788245436883,0.544928503598264,0.021999031207043614,0.8043845292071596,0.5015437236775266,0.1659973318400023,1.0000000000000009,-0.03656558126410202,0.01978449630627093,0.17435409641486985,-0.00858909763359279,-0.10516959631746273,,,,,,,,,0.16599733184000234,0.1659973318400023,0.16599733184000234,-0.14712480586285803,0.16599733184000234,1.0000000000000004,1.0000000000000009,1.0,1.0
revenue_yield_booked,-0.22187727427237827,,-0.0946462366332536,-0.08099238984923732,-0.0829035216064038,,-0.15044090334762233,-0.12417567493007244,0.47428015286364045,0.25627156070753665,0.37520698990732115,0.3995298686419257,-0.17447807051902564,0.015887926806376008,-0.17998308565722285,-0.14514714811353566,0.22336075114972032,0.22378178652016298,-0.1668615296456232,0.22330414647281419,,-0.024508823611271553,-0.015399037642014318,-0.028401937254565822,-0.021999031207043735,0.3908834977313102,0.6724108744091822,0.4419225678572305,-0.029054463629688772,0.5363462085743982,0.8043845292071603,1.0000000000000009,0.2096820425489933,0.2014630256869741,0.19289425868225196,0.16045602994410027,0.1481218852093601,0.14860519351140414,0.19370938713091754,,-0.00858909763359279,0.04756465313914999,-0.09222662046037194,,0.5449285035982626,0.2433507577523602,0.4026973403361418,-0.1262353321801285,-0.13482245998330025,0.5805434387846493,0.4440111415553892,0.3757099747768339,0.24335075775236065,0.4262065361088581,0.40269734033614174,0.3908834977313103,0.5911788245436883,0.544928503598264,0.021999031207043614,0.8043845292071596,0.5015437236775266,0.1659973318400023,1.0000000000000009,-0.03656558126410202,0.01978449630627093,0.17435409641486985,-0.00858909763359279,-0.10516959631746273,,,,,,,,,0.16599733184000234,0.1659973318400023,0.16599733184000234,-0.14712480586285803,0.16599733184000234,1.0000000000000004,1.0000000000000009,1.0,1.0
